id,smiles,inchikey,category,activity
PT_0011,O=C1O[C@H]2[C@@H]3OC(=O)c4cc(O)c(O)c(O)c4-c4c(cc(O)c(O)c4O)C(=O)OC[C@H]2O[C@@H](OC(=O)c2cc(O)c(O)c(O)c2)[C@@H]3OC(=O)c2cc(O)c(O)c3c2[C@@H]2C1=CC(=O)[C@](O)(O3)C2(O)O,JQQBXPCJFAKSPG-SVYIMCMUSA-N,natural,1
PT_0024,O=C(/C=C/c1ccc(O)c2c1[C@H](C(=O)O[C@H](Cc1ccc(O)c(O)c1)C(=O)O)[C@@H](c1ccc(O)c(O)c1)O2)O[C@H](Cc1ccc(O)c(O)c1)C(=O)O,SNKFFCBZYFGCQN-VWUOOIFGSA-N,natural,1
PT_0040,C=CCSS(=O)OC,VDJGQEIUJRHMFO-UHFFFAOYSA-N,natural,1
PT_0041,O=C(O)c1ccc(O)c(O)c1,YQUVCSBJEUQKSH-UHFFFAOYSA-N,natural,1
PT_0042,COc1cc(C(=O)O)ccc1O,WKOLLVMJNQIZCI-UHFFFAOYSA-N,natural,1
PT_0043,O=C(O)c1ccc(O)cc1,FJKROLUGYXJWQN-UHFFFAOYSA-N,natural,1
PT_0044,COc1cc(/C=C/C(=O)O)ccc1O,KSEBMYQBYZTDHS-HWKANZROSA-N,natural,1
PT_0045,COc1cc(/C=C/C(=O)O)cc(OC)c1O,PCMORTLOPMLEFB-ONEGZZNKSA-N,natural,1
PT_0058,Cc1cc(O)c2c(c1)C(=O)c1cccc(O)c1C2=O,LQGUBLBATBMXHT-UHFFFAOYSA-N,natural,1
PT_0059,COc1c(O)cc2c(c1O)C(=O)c1c(cc(C)c(O)c1OC)C2=O,RNXZPKOEJUFJON-UHFFFAOYSA-N,natural,1
PT_0060,Cc1cc2c(c(O)c1O)C(=O)c1c(O)cc(O)cc1C2=O,LAOFTEMTSXNIIM-UHFFFAOYSA-N,natural,1
PT_0061,COc1cc2c(c(OC)c1OC)C(=O)c1c(cc(C)c(O)c1OC)C2=O,ZMDXTRSTKHTSCE-UHFFFAOYSA-N,natural,1
PT_0065,COc1cc2c(O[C@@H]3OC[C@@H](OC)[C@H](OC)[C@H]3O)c3c(c(-c4ccc5c(c4)OCO5)c2cc1OC)C(=O)OC3,FCOQWUOWHWHTJP-DZXBDMBVSA-N,natural,1
PT_0066,COc1cc2c(O[C@@H]3O[C@H](CO)[C@@H](O)[C@H](O)[C@H]3O)c3c(c(-c4ccc5c(c4)OCO5)c2cc1OC)C(=O)OC3,BJGIWVGXMRUMNA-WBYCZGBQSA-N,natural,1
PT_0069,C[C@H](NC(=O)CN)C(=O)N[C@@H](C)C(=O)NCC(=O)NCC(=O)N[C@@H](C)C(=O)N[C@@H](Cc1ccccc1)C(=O)O,MXFGZBCVGNNTPZ-JKQORVJESA-N,natural,1
PT_0117,COC(=S)NCc1ccc(O[C@@H]2O[C@@H](C)[C@H](OC(C)=O)[C@@H](O)[C@H]2O)cc1,HMXLIRAHSHWREJ-QOYUQHOESA-N,natural,1
PT_0118,CCOC(=O)NCc1ccc(OC2OC(C)C(OC(C)=O)C(O)C2O)cc1,VMTHKXYSTHHGCH-UHFFFAOYSA-N,natural,1
PT_0119,CCOC(=S)C=NCc1ccc(O[C@@H]2O[C@@H](C)[C@H](OC(C)=O)[C@@H](O)[C@H]2O)cc1,DRPKGNAZZMOSQF-BXOSFRQCSA-N,natural,1
PT_0121,CC(C)[C@@H]1CC[C@]2(C)CCCC(=O)[C@]2(C)C1,HDVXJTYHXDVWQO-SNPRPXQTSA-N,natural,1
PT_0122,CC1CCC=C2CCC3C(C3(C)C)C21C,MBIPADCEHSKJDQ-UHFFFAOYSA-N,natural,1
PT_0123,C=C1CC[C@@H](C(C)C)C[C@@]12CCC[C@]2(C)O,AEUBOEQPIBOTGP-ILXRZTDVSA-N,natural,1
PT_0124,C[C@@H]1CCCC2=CC(=O)[C@@H]3[C@@H](C3(C)C)[C@]21C,UGVIZCBJCSXBCJ-JWFUOXDNSA-N,natural,1
PT_0125,C=C(C)[C@@H]1CCC2=CCC[C@@H](C)[C@]2(C)C1,QEBNYNLSCGVZOH-NFAWXSAZSA-N,natural,1
PT_0126,C[C@H]1CC[C@@]2(O)C(C)(C)[C@@H]3CC[C@@]2(C)[C@H]1C3,GGHMUJBZYLPWFD-CUZKYEQNSA-N,natural,1
PT_0127,CC1=CCC2CC1C2(C)C,GRWFGVWFFZKLTI-UHFFFAOYSA-N,natural,1
PT_0128,CC1=C2C3C(CCC2(C)CCC1)C3(C)C,UPGLJTCDRBIZKP-UHFFFAOYSA-N,natural,1
PT_0129,O=C(/C=C/c1ccc(O)c(O)c1)Oc1ccc2c(c1)C(=O)OCC2,AUWTYPJGEGCHGD-QHHAFSJGSA-N,natural,1
PT_0132,COc1cc(OC)c(OC)cc1CC1=c2c(OC)c(OC)cc(OC)c2=CC1,YLFPRBIFCLAORK-UHFFFAOYSA-N,natural,1
PT_0133,COc1ccc([C@H]2CC[C@H]2c2ccc(OC)c(OC)c2OC)c(OC)c1OC,HGRIBGVZXCNQEQ-OKILXGFUSA-N,natural,1
PT_0134,NCCCC(=O)O,BTCSSZJGUNDROE-UHFFFAOYSA-N,natural,1
PT_0135,CC(C)=CCC/C(C)=C/CC/C(C)=C/CC/C=C(\C)CC/C=C(\C)CCC=C(C)C,YYGNTYWPHWGJRM-AAJYLUCBSA-N,natural,1
PT_0136,CCCCCCCCCCCC(=O)O,POULHZVOKOAJMA-UHFFFAOYSA-N,natural,1
PT_0137,CCCCCCCCCC(=O)[O-],GHVNFZFCNZKVNT-UHFFFAOYSA-M,natural,1
PT_0138,CCCCCCCCCCCCCCCCCC(=O)[O-],QIQXTHQIDYTFRH-UHFFFAOYSA-M,natural,1
PT_0139,C/C(=C\CO)CCC[C@H](C)CCC[C@H](C)CCCC(C)C,BOTWFXYSPFMFNR-PYDDKJGSSA-N,natural,1
PT_0140,O[C@@H]1CO[C@H]2[C@@H]1OC[C@@H]2O,KLDXJTOLSGUMSJ-JGWLITMVSA-N,natural,1
PT_0153,COc1ccc(-c2oc3cc(OC)c(OC)c(O)c3c(=O)c2OC)cc1OC,RIGYMJVFEJNCKD-UHFFFAOYSA-N,natural,1
PT_0155,O=c1c(O)c(-c2ccc(O)cc2)oc2cc(O)cc(O)c12,IYRMWMYZSQPJKC-UHFFFAOYSA-N,natural,1
PT_0156,O=c1c(O)c(-c2ccc(O)c(O)c2)oc2cc(O)cc(O)c12,REFJWTPEDVJJIY-UHFFFAOYSA-N,natural,1
PT_0166,O=C(/C=C/c1ccc(O)c(O)c1)O[C@@H]1C[C@](O)(C(=O)O)C[C@@H](O)[C@H]1O,CWVRJTMFETXNAD-JUHZACGLSA-N,natural,1
PT_0168,C[C@@H]1O[C@@H](O[C@H]2C(=O)c3c(O)cc(O)cc3O[C@@H]2c2ccc(O)c(O)c2)[C@H](O)[C@H](O)[C@H]1O,ZROGCCBNZBKLEL-MPRHSVQHSA-N,natural,1
PT_0170,COc1cc(O)c2c(=O)c3c(OC)c(O)ccc3oc2c1,WYOSCUWDVFHQFY-UHFFFAOYSA-N,natural,1
PT_0171,COc1cc(O)c2c(=O)c3c(O)c(O)ccc3oc2c1,BDBVOZGRVBXANN-UHFFFAOYSA-N,natural,1
PT_0212,C[C@@H]1CC[C@@]2(OC1)O[C@H]1C[C@H]3[C@@H]4CC=C5C[C@@H](O)[C@H](O)C[C@]5(C)[C@H]4CC[C@]3(C)[C@H]1[C@@H]2C,ORXKASWXOVPKDV-UBWBUNFISA-N,natural,1
PT_0213,C[C@@H]1CC[C@@]2(OC1)O[C@H]1C[C@H]3[C@@H]4CC[C@@]5(O)C[C@@H](O)[C@H](O)C[C@]5(C)[C@H]4CC[C@]3(C)[C@H]1[C@@H]2C,IWRHKMTUIIDCDO-FHSZOFNGSA-N,natural,1
PT_0214,CCCCC(CC)COC(=O)c1ccccc1C(=O)[O-],DJDSLBVSSOQSLW-UHFFFAOYSA-M,natural,1
PT_0215,O=C(O)c1ccccc1C(=O)O,XNGIFLGASWRNHJ-UHFFFAOYSA-N,natural,1
PT_0217,O=C(O)c1cccnc1,PVNIIMVLHYAWGP-UHFFFAOYSA-N,natural,1
PT_0218,Cc1ncc(C[n+]2csc(CCO)c2C)c(N)n1,JZRWCGZRTZMZEH-UHFFFAOYSA-N,natural,1
PT_0219,Cc1cc2nc3c(=O)[nH]c(=O)nc-3n(C[C@H](O)[C@H](O)[C@H](O)CO)c2cc1C,AUNGANRZJHBGPY-SCRDCRAPSA-N,natural,1
PT_0220,O=C1O[C@H]([C@@H](O)CO)C(O)=C1O,CIWBSHSKHKDKBQ-JLAZNSOCSA-N,natural,1
PT_0221,OC[C@H]1O[C@@H](OCCc2ccc(O)cc2)[C@H](O)[C@@H](O)[C@@H]1O,ILRCGYURZSFMEG-RKQHYHRCSA-N,natural,1
PT_0222,OC[C@H]1O[C@@H](OCc2ccccc2)[C@H](O)[C@@H](O)[C@@H]1O,GKHCBYYBLTXYEV-UJPOAAIJSA-N,natural,1
PT_0223,CCCCCCCCCCCCCCCCCCCCCC(=O)O,UKMSUNONTOPOIO-UHFFFAOYSA-N,natural,1
PT_0224,O=C(O)C1=N[C@H](C(=O)O)CC(/C=C/N2c3cc(O)c(O)cc3C[C@H]2C(=O)O)=C1,BBJUSJOGHYQDQX-WODDMCJRSA-N,natural,1
PT_0225,O=C(O)C1=N[C@@H](C(=O)O)CC(/C=C/N2c3cc(O)c(O[C@@H]4O[C@H](CO)[C@@H](O)[C@H](O)[C@H]4O)cc3C[C@H]2C(=O)O)=C1,CTMLKIKAUFEMLE-DLTLVQJYSA-N,natural,1
PT_0226,CC1=CC(=O)C(C(C)C)=CC1=O,KEQHJBNSCLWCAE-UHFFFAOYSA-N,natural,1
PT_0227,C/C=C1/[C@H](O[C@@H]2O[C@H](CO)[C@@H](O)[C@H](O)[C@H]2O)OC=C(C(=O)OC)[C@H]1CC(=O)OCCc1ccc(O)c(O)c1,RFWGABANNQMHMZ-ZCHJGGQASA-N,natural,1
PT_0228,O=c1ccc2cc(O[C@@H]3O[C@H](CO)[C@@H](O)[C@H](O)[C@H]3O)c(O)cc2o1,XHCADAYNFIFUHF-TVKJYDDYSA-N,natural,1
PT_0229,COc1cc2ccc(=O)oc2cc1O[C@@H]1O[C@H](CO)[C@@H](O)[C@H](O)[C@H]1O,SGTCGCCQZOUMJJ-YMILTQATSA-N,natural,1
PT_0230,CC1(C)CC[C@]2(C(=O)O)CC[C@]3(C)C(=CC[C@@H]4[C@@]5(C)CC[C@H](O)C(C)(C)[C@@H]5CC[C@]43C)[C@@H]2C1,MIJYXULNPSFWEK-GTOFXWBISA-N,natural,1
PT_0237,COc1ccc2cc3[n+](cc2c1OC)CCc1cc2c(cc1-3)OCO2,YBHILYKTIRIUTE-UHFFFAOYSA-N,natural,1
PT_0255,CO[C@H]1OC(OC(=O)c2cc(O)c(O)c(O)c2)[C@H](O)[C@@H](O)[C@@H]1O,KGHSLXLLBHRMML-PHSPRSPYSA-N,natural,1
PT_0256,O=C(O)C1=C[C@@H](OC(=O)c2cc(O)c(O)c(O)c2)[C@@H](O)[C@H](OC(=O)c2cc(O)c(O)c(O)c2)C1,GASRJYBPBZZTBO-IIDMSEBBSA-N,natural,1
PT_0257,COC(=O)c1cc(O)c(O)c(O)c1,FBSFWRHWHYMIOG-UHFFFAOYSA-N,natural,1
PT_0258,O=C(Oc1c(O)cc(C(=O)O[C@@H]2C[C@@](O)(C(=O)O)C[C@@H](OC(=O)c3cc(O)c(O)c(O)c3)[C@@H]2OC(=O)c2cc(O)c(O)c(O)c2)cc1O)c1cc(O)c(O)c(O)c1,OFTCZZCLDWTQNJ-JUUXLJTDSA-N,natural,1
PT_0259,O=C(O)c1cc(O)c(O)c(OC(=O)c2cc(O)c(O)c(O)c2)c1,COVFEVWNJUOYRL-UHFFFAOYSA-N,natural,1
PT_0260,O=C(C(=O)[C@@](O)(C(=O)c1cc(O)c(O)c(O)c1)[C@](O)(C(=O)c1cc(O)c(O)c(O)c1)[C@H](O)[C@H](O)CO)c1cc(O)c(O)c(O)c1,UHDJFCOJSFPKML-UOAHBSSISA-N,natural,1
PT_0261,O=C(O)C1(O)C[C@@H](O)C(O)(C(=O)c2cc(O)c(O)c(O)c2)[C@@](O)(C(=O)c2cc(O)c(O)c(O)c2)C1(C(=O)c1cc(O)c(O)c(O)c1)C(=O)c1cc(O)c(O)c(O)c1,QDHKEBBJQIJUGE-IJHVMRMNSA-N,natural,1
PT_0277,Cc1ccc(C(C)C)c(O)c1,MGSRCZKZVOBKFT-UHFFFAOYSA-N,natural,1
PT_0278,Cc1cc(O)c(C(C)C)cc1O,OQIOHYHRGZNZCW-UHFFFAOYSA-N,natural,1
PT_0279,CC(C)C1=CC(=O)C2(C)C(C1=O)C1(C)C(=O)C=C(C(C)C)C(=O)C21,FPRGRROJPRIHJP-UHFFFAOYSA-N,natural,1
PT_0328,CC1=C2C[C@H]3[C@@H](C[C@@H](O)[C@H]4C[C@@H](O)CC[C@@]43C)[C@@H]2CC[C@@H]1[C@@H](C)[C@@H]1[C@H](O)C[C@@H](C)CN1C,GRTDQRFJWHCECY-SAYBQXENSA-N,natural,1
PT_0329,CC1=C2C[C@H]3[C@@H](CC(=O)[C@H]4C[C@@H](O)CC[C@@]43C)[C@@H]2CC[C@@H]1[C@@H](C)[C@@H]1[C@H](O)C[C@@H](C)CN1C,RITHKXDOKOLLCZ-PXRUYVGHSA-N,natural,1
PT_0341,CC1OCc2c(ccc(O)c2O)C1=O,XMPDGGPOGJOFIJ-UHFFFAOYSA-N,natural,1
IPT_001,OCC1OC(Oc2cc3c(O)cc(O)cc3[o+]c2-c2cc(O)c(O)c(O)c2)C(OC2OCC(O)C(O)C2O)C(O)C1O,TWYYVOVDSNRIJM-UHFFFAOYSA-O,natural,0
IPT_002,OC[C@H]1O[C@@H](Oc2cc3c(O)cc(O)cc3[o+]c2-c2ccc(O)c(O)c2)[C@H](O[C@@H]2OC[C@@H](O)[C@H](O)[C@H]2O)[C@@H](O)[C@@H]1O.[Cl-],BWHXEGJOYVNGQH-XOBUMVIESA-N,natural,0
IPT_003,OCC1OC(Oc2cc3c(O)cc(O)cc3[o+]c2-c2ccc(O)c(O)c2)C(O)C(O)C1O.[Cl-],YTMNONATNXDQJF-UHFFFAOYSA-N,natural,0
IPT_005,O=c1cc(-c2ccc(O)c(O)c2)oc2cc(O[C@@H]3O[C@H](CO)[C@@H](O)[C@H](O)[C@H]3O)cc(O)c12,PEFNSGRTCBGNAN-QNDFHXLGSA-N,natural,0
IPT_006,O=C(O)[C@H]1O[C@@H](Oc2c(-c3ccc(O)c(O)c3)oc3cc(O)cc(O)c3c2=O)[C@H](O)[C@@H](O)[C@@H]1O,DUBCCGAQYVUYEU-ZUGPOPFOSA-N,natural,0
IPT_007,O=C(O[C@@H]1O[C@@H](Oc2c(-c3ccc(O)c(O)c3)oc3cc(O)cc(O)c3c2=O)[C@@H](O)[C@H](O)[C@@H]1O)c1cc(O)c(O)c(O)c1,QVIBLBOXANTNKJ-JKTXWULPSA-N,natural,0
IPT_008,C[C@@H]1O[C@@H](Oc2c(-c3ccc(O)c(O)c3)oc3cc(O)cc(O)c3c2=O)[C@H](O[C@@H]2O[C@H](COC(=O)/C=C/c3ccc(O)c(O)c3)[C@@H](O)[C@H](O)[C@H]2O)[C@H](O)[C@H]1O,YFERBGPVRSLDSL-GVZNLTFMSA-N,natural,0
IPT_009,C[C@@H]1O[C@@H](Oc2c(-c3ccc(O)c(O)c3)oc3cc(O)cc(O)c3c2=O)[C@H](O[C@@H]2O[C@H](COC(=O)/C=C/c3ccc(O)cc3)[C@@H](O)[C@H](O)[C@H]2O)[C@H](O)[C@H]1O,LSMKTLJKBSXMMR-WLKGHKDFSA-N,natural,0
IPT_012,O=c1c(O[C@H]2OC[C@@H](O)[C@@H](O)[C@@H]2O)c(-c2ccc(O)c(O)c2)oc2cc(O)cc(O)c12,PZZRDJXEMZMZFD-KRLKJCFRSA-N,natural,0
IPT_013,O=c1c(OC2OC[C@@H](O)[C@@H](O)[C@@H]2O)c(-c2ccc(O)cc2)oc2cc(O)cc(O)c12,RNVUDWOQYYWXBJ-NNEMTEQFSA-N,natural,0
IPT_014,O=C(/C=C/c1ccc(O)c(O)c1)c1ccc(O)cc1O,AYMYWHCQALZEGT-ORCRQEGFSA-N,natural,0
IPT_015,O=c1c(-c2ccc(O)cc2)coc2cc(O)cc(O)c12,TZBJGXHYKVUXJN-UHFFFAOYSA-N,natural,0
IPT_016,C[C@H]1[C@H](C)CC[C@]2(C(=O)O)CC[C@]3(C)C(=CC[C@@H]4[C@@]5(C)CC[C@H](O)C(C)(C)[C@@H]5CC[C@]43C)[C@H]12,WCGUUGGRBIKTOS-GPOJBZKASA-N,natural,0
IPT_017,N[C@@H](Cc1ccc(O)c(O)c1)C(=O)O,WTDRDQBEARUVNC-LURJTMIESA-N,natural,0
IPT_020,O=c1cc(-c2ccc(O)cc2)oc2cc(O)cc(O)c12,KZNIFHPLKGYRTM-UHFFFAOYSA-N,natural,0
IPT_021,O=c1c(OC2O[C@H](CO)[C@@H](O)[C@@H]2O)c(-c2ccc(O)cc2)oc2cc(O)cc(O)c12,POQICXMTUPVZMX-SGPCGWDZSA-N,natural,0
IPT_022,O=c1c(O[C@@H]2O[C@H](CO)[C@H](O)[C@H](O)[C@H]2O)c(-c2ccc(O)cc2)oc2cc(O)cc(O)c12,JPUKWEQWGBDDQB-DTGCRPNFSA-N,natural,0
IPT_023,O=c1c(OC2O[C@H](CO)[C@@H](O)[C@@H]2O)c(-c2ccc(O)c(O)c2)oc2cc(O)cc(O)c12,BDCDNTVZSILEOY-SGPCGWDZSA-N,natural,0
IPT_024,O=c1cc(-c2ccc(O)c(O)c2)oc2cc(O[C@@H]3O[C@H](CO[C@@H]4O[C@H](CO)[C@@H](O)[C@H](O)[C@H]4O)[C@@H](O)[C@H](O)[C@H]3O)cc(O)c12,LDTDRTSKWGQBAA-IPOZFMEPSA-N,natural,0
IPT_025,C[C@H]1CC[C@@H]2N(C1)C[C@H]1[C@@H]3C[C@H]4[C@@H](CC(=O)[C@H]5C[C@@H](O)CC[C@@]54C)[C@@H]3CC[C@@H]1[C@]2(C)O,IQDIERHFZVCNRZ-YUYPDVIUSA-N,natural,0
IPT_026,C[C@H]1CC[C@@H]2N(C1)C[C@H]1[C@@H]3C[C@H]4[C@@H](C[C@H](O)[C@H]5C[C@@H](O)CC[C@@]54C)[C@@H]3CC[C@@H]1[C@]2(C)O,IUKLSMSEHKDIIP-BZMYINFQSA-N,natural,0
IPT_027,CC1=C2C[C@H]3[C@@H](CC(=O)[C@H]4C[C@@H](O)CC[C@@]43C)[C@@H]2CC[C@]12O[C@@H]1C[C@H](C)CN[C@H]1[C@H]2C,KYELXPJVGNZIGC-GKFGJCLESA-N,natural,0
IPT_030,O=C(O)[C@H](O)Cc1ccc(O)c(O)c1,PAFLSMZLRSPALU-MRVPVSSYSA-N,natural,0
IPT_035,C[C@@H]1C[C@@H](O)[C@@H]([C@H](C)[C@H]2CCC3=C(C[C@H]4C3=CC(=O)[C@H]3C[C@@H](O)CC[C@@]34C)[C@H]2C)N(C)C1,IBEOCWMHXLQQTF-WQRLSCOYSA-N,natural,0
IPT_037,O=c1c(O[C@@H]2O[C@H](CO)[C@@H](O)[C@H](O)[C@H]2O)c(-c2ccc(O)cc2)oc2cc(O)cc(O)c12,JPUKWEQWGBDDQB-QSOFNFLRSA-N,natural,0
IPT_038,O=C(O[C@H]1[C@H](Oc2c(-c3ccc(O)cc3)oc3cc(O)cc(O)c3c2=O)O[C@H](CO)[C@@H](O)[C@@H]1O)c1cc(O)c(O)c(O)c1,UWIQWJHBYRTKAL-KQOASZHBSA-N,natural,0
ISD_041,C[C@@H](CSC(=O)C(C)(C)C)C(=O)N(CC(=O)O)C1CCCC1,XRKXJJYSKUIIEN-NSHDSACASA-N,synthetic,0
SD_008,CCCCc1nc(Cl)c(C(=O)N[C@@H](Cc2ccccc2)C(=O)OC)n1C,YSPAKWMWSFPXDS-AWEZNQCLSA-N,synthetic,1
SD_009,CCCCc1nc(Cl)c(C(=O)N[C@@H](Cc2cc3ccccc3[nH]2)C(=O)OC)n1C,DTAMTFWHWXFPBF-INIZCTEOSA-N,synthetic,1
SD_010,CCCCc1nc(Cl)c(C(=O)N[C@H](C(=O)O)[C@@H](C)CC)n1C,GTCDDBZIEKAAGW-ONGXEEELSA-N,synthetic,1
SD_011,CCCCc1nc(Cl)c(C(=O)N[C@@H](CCSC)C(=O)O)n1C,FKINCRVYAPJWGX-VIFPVBQESA-N,synthetic,1
SD_012,CCCCc1nc(Cl)c(C(=O)N[C@@H](Cc2ccccc2)C(=O)O)n1C,OUUUZZUBFNSEHN-ZDUSSCGKSA-N,synthetic,1
SD_013,CCCOC(=O)[C@H](CCc1ccccc1)N[C@@H](C)C(=O)N1N=C(C(C)(C)C)S[C@H]1C(=O)O,FWVLEESNKAYWAD-IEZWGBDMSA-N,synthetic,1
SD_014,C[C@H](N[C@@H](CCc1ccccc1)C(=O)O)C(=O)N1N=C(C(C)(C)C)S[C@H]1C(=O)O,APWZQGVRPRWXQK-NOLJZWGESA-N,synthetic,1
SD_061,COc1ccc(CC2C(=O)CCN2C(=O)C(C)CS)cc1,KBTIIJJXAKTFCW-UHFFFAOYSA-N,synthetic,1
SD_062,COc1ccc(CC2C(=NO)CCN2C(=O)C(C)CS)cc1,MLDDNCAPYNCRSS-UHFFFAOYSA-N,synthetic,1
SD_063,COc1ccc(CC2C(=NCCO)CCN2C(=O)C(C)CS)cc1,ROPWLEVZIMKXLG-UHFFFAOYSA-N,synthetic,1
SD_064,CCOC(=O)C(C)N=C1CCN(C(=O)C(C)CS)C1Cc1ccc(OC)cc1,PZWHURODFYXCPJ-UHFFFAOYSA-N,synthetic,1
SD_065,C[C@H](CS)C(=O)N1CCC[C@H]1C(=O)O,FAKRSMQSSFJEIM-RQJHMYQMSA-N,synthetic,1
SD_085,NCCCC[C@H](N[C@@H](CCc1ccccc1)C(=O)O)C(=O)N1CCC[C@H]1C(=O)O,RLAWWYSOJDYHDC-BZSNNMDCSA-N,synthetic,1
SD_086,CCOC(=O)[C@H](CCc1ccccc1)N[C@@H](C)C(=O)N1[C@H](C(=O)O)C[C@@H]2CCC[C@@H]21,HDACQVRGBOVJII-JBDAPHQKSA-N,synthetic,1
SD_087,CCOC(=O)[C@H](CCc1ccccc1)N[C@H]1CCc2ccccc2N(CC(=O)O)C1=O,XPCFTKFZXHTYIP-PMACEKPBSA-N,synthetic,1
SD_088,O=C1[C@@H]2C[C@@H](O)CN2C(=O)c2ccccc2N1Cc1cccc(Br)c1,TVLDNLINZRNKES-PBHICJAKSA-N,synthetic,1
SD_089,O=C1[C@@H]2C[C@@H](O)CN2C(=O)c2ccccc2N1Cc1ccc(Br)cc1,UTFPDQLPXOXPSM-PBHICJAKSA-N,synthetic,1
SD_090,COc1cc(CN2C(=O)[C@@H]3C[C@@H](O)CN3C(=O)c3ccccc32)cc(OC)c1OC,KWJXQSQVOWQQJY-PBHICJAKSA-N,synthetic,1
SD_091,O=C1[C@@H]2C[C@@H](O)CN2C(=O)c2ccccc2N1Cc1cc(Br)cs1,BEGAJSOBXUVZKP-ABAIWWIYSA-N,synthetic,1
SD_171,C[C@H](NC(CCc1ccccc1)C(=O)O)C(=O)N1C(=O)NC[C@H]1C(=O)O,VQRWTUVJWQDHMN-VLIRHVTKSA-N,synthetic,1
SD_172,CCCCCCCCC(N[C@H](C)C(=O)N1C(=O)N(C)C[C@H]1C(=O)O)C(=O)O,UERNDUXVRTZBPS-YIOYIWSBSA-N,synthetic,1
SD_173,CCCCCCCCC(N[C@@H](C)C(=O)N1C(=O)N(C)C[C@H]1C(=O)O)C(=O)O,UERNDUXVRTZBPS-HPNRGHHYSA-N,synthetic,1
SD_174,CCCCCCCCC(N[C@@H](CC)C(=O)N1C(=O)N(C)C[C@H]1C(=O)O)C(=O)O,PVTGPGODYMYICV-LWEDLAQUSA-N,synthetic,1
SD_175,C[C@H](NC(CCc1ccccc1)C(=O)O)C(=O)N1C(=O)N(C)C[C@H]1C(=O)O,VFAVNRVDTAPBNR-UFPXDFCQSA-N,synthetic,1
SD_176,CCCCN1C[C@@H](C(=O)O)N(C(=O)[C@H](C)NC(CCc2ccccc2)C(=O)O)C1=O,YXKNPBOMMAVIAP-NZEUDUFCSA-N,synthetic,1
SD_177,CC(C)CC(N[C@@H](C)C(=O)N1C(=O)N(Cc2ccccc2)C[C@H]1C(=O)O)C(=O)O,PFDASPRFUYLYPB-VFDRBLODSA-N,synthetic,1
SD_178,CC(C)CCC(N[C@@H](C)C(=O)N1C(=O)N(Cc2ccccc2)C[C@H]1C(=O)O)C(=O)O,FBHXDPZPVJNMKH-NZEUDUFCSA-N,synthetic,1
SD_179,CCCCCCCCC(N[C@@H](C)C(=O)N1C(=O)N(Cc2ccccc2)C[C@H]1C(=O)O)C(=O)O,CKNHXDLZEFXBNR-SPFPWHRZSA-N,synthetic,1
SD_180,CCCCCCCCC(N[C@@H](CC)C(=O)N1C(=O)N(Cc2ccccc2)C[C@H]1C(=O)O)C(=O)O,MMGCSVIXPMTZFM-YSTUSHMSSA-N,synthetic,1
SD_181,C[C@H](NC(Cc1ccccc1)C(=O)O)C(=O)N1C(=O)N(Cc2ccccc2)C[C@H]1C(=O)O,CKJXIEFPECQCPK-GZMMRYBBSA-N,synthetic,1
SD_182,C[C@@H](NC(CCc1ccccc1)C(=O)O)C(=O)N1C(=O)N(Cc2ccccc2)C[C@H]1C(=O)O,JUKHDGIMURKPAP-VBHUFULTSA-N,synthetic,1
SD_183,C[C@H](NC(CCc1ccccc1)C(=O)O)C(=O)N1C(=O)N(Cc2ccccc2)C[C@H]1C(=O)O,JUKHDGIMURKPAP-LIXNJBPUSA-N,synthetic,1
SD_184,CC[C@H](NC(CCc1ccccc1)C(=O)O)C(=O)N1C(=O)N(Cc2ccccc2)C[C@H]1C(=O)O,YSRVQAHAXCLQNP-YSTUSHMSSA-N,synthetic,1
SD_185,C[C@H](N[C@@H](CCc1ccccc1)C(=O)O)C(=O)N1CCC[C@H]1C(=O)O,LZFZMUMEGBBDTC-QEJZJMRPSA-N,synthetic,1
SD_186,CCCCCCCCC(N[C@@H](C)C(=O)N1C(=O)N(C)C[C@H]1C(=O)O)C(=O)OCC,ITHJRJBUTDRAMW-AQOJYXMDSA-N,synthetic,1
SD_187,CCOC(=O)C(CCc1ccccc1)N[C@@H](C)C(=O)N1C(=O)N(C)C[C@H]1C(=O)O,KLZWOWYOHUKJIG-VFDRBLODSA-N,synthetic,1
SD_188,CCOC(=O)C(CCc1ccccc1)N[C@H](C)C(=O)N1C(=O)N(C)C[C@H]1C(=O)O,KLZWOWYOHUKJIG-BXCKNWRKSA-N,synthetic,1
SD_189,CCCCCCCCC(N[C@@H](C)C(=O)N1C(=O)N(Cc2ccccc2)C[C@@]1(C)C(=O)O)C(=O)OCC,QIBQCWHSECQTRC-BRTNGCMZSA-N,synthetic,1
SD_190,CCOC(=O)C(CCc1ccccc1)N[C@@H](C)C(=O)N1C(=O)N(Cc2ccccc2)C[C@@]1(C)C(=O)O,XDFSSPLDOBRGPF-BBFIGBGXSA-N,synthetic,1
SD_191,CCOC(=O)[C@H](CCc1ccccc1)N[C@@H](C)C(=O)N1CC2(C[C@H]1C(=O)O)SCCS2,HRWCVUIFMSZDJS-SZMVWBNQSA-N,synthetic,1
SD_192,C[C@H](N[C@@H](CCc1ccccc1)C(=O)O)C(=O)N1CC2(C[C@H]1C(=O)O)SCCS2,FMMDBLMCSDRUPA-BPUTZDHNSA-N,synthetic,1
SD_193,C[C@H](N[C@H](CCc1ccccc1)C(=O)O)C(=O)N1CC2(C[C@H]1C(=O)O)SCCS2,FMMDBLMCSDRUPA-IMJJTQAJSA-N,synthetic,1
SD_194,NCCC[C@H](N[C@@H](CCc1ccccc1)C(=O)O)C(=O)N1CC2(C[C@H]1C(=O)O)SCCS2,XLDXYHRDTJBVEB-BZSNNMDCSA-N,synthetic,1
SD_195,CCOC(=O)[C@H](CCc1ccccc1)NCC(=O)N1CC2(C[C@H]1C(=O)O)SCCS2,FQISISIMLFMVEY-IRXDYDNUSA-N,synthetic,1
SD_196,CCOC(=O)[C@H](CCc1ccccc1)N[C@@H](C)C(=O)N1CCC[C@H]1C(=O)O,GBXSMTUPTTWBMN-XIRDDKMYSA-N,synthetic,1
SD_197,CCOC(=O)C(CCc1ccccc1)OC(C)C(=O)N1CCC[C@H]1C(=O)O,FOJRYJADYAOGSC-WIHSUSGWSA-N,synthetic,1
SD_198,CCOC(=O)C(CCc1ccccc1)OC(C)C(=O)N1CC2CCCCC2[C@H]1C(=O)O,KJGGXEGBIHOCTB-DFJPGDIZSA-N,synthetic,1
SD_199,CCOC(=O)C(CCc1ccccc1)OC(C)C(=O)N1CC2CCCCC2C[C@H]1C(=O)O,MPECDBDZHABNOE-IQVJOUTCSA-N,synthetic,1
SD_200,CCOC(=O)C(CCc1ccccc1)SC(C)C(=O)N1CCC[C@H]1C(=O)O,JFGSPCGBBXYKKA-WIHSUSGWSA-N,synthetic,1
SD_201,CCOC(=O)C(CCc1ccccc1)SC(C)C(=O)N1CSC[C@H]1C(=O)O,LPXVVEDQPNJYOF-SIWZUTFBSA-N,synthetic,1
SD_202,CCOC(=O)C(CCc1ccccc1)SC(C)C(=O)N1CC2CCCCC2[C@H]1C(=O)O,VLZZWEPWFKXZDG-DFJPGDIZSA-N,synthetic,1
SD_203,CCOC(=O)C(CCc1ccccc1)SC(C)C(=O)N1Cc2ccccc2C[C@H]1C(=O)O,FSCJXQKDXZLROY-LPBNZCGVSA-N,synthetic,1
SD_204,CC(OC(CCc1ccccc1)C(=O)O)C(=O)N1CCC[C@H]1C(=O)O,JFRPFZJSSBSVOO-BLZCZZARSA-N,synthetic,1
SD_205,CC(OC(CCc1ccccc1)C(=O)O)C(=O)N1Cc2ccccc2C[C@H]1C(=O)O,LQWNYMDUNAIMSA-YHDJDMAPSA-N,synthetic,1
SD_206,CC(SC(CCc1ccccc1)C(=O)O)C(=O)N1CCC[C@H]1C(=O)O,JVZOJVSKVSEJNC-BLZCZZARSA-N,synthetic,1
SD_207,CC(SC(CCc1ccccc1)C(=O)O)C(=O)N1CC2CCCCC2[C@H]1C(=O)O,PFTMAIADZAEIOG-BITBVIDPSA-N,synthetic,1
SD_208,CC(SC(CCc1ccccc1)C(=O)O)C(=O)NC1(C(=O)O)CCCC1,IRFLEJXVMMQAGR-UHFFFAOYSA-N,synthetic,1
SD_209,CC(S[C@@H](CCc1ccccc1)C(=O)O)C(=O)NC1(C=O)CCC(c2ccccc2)CC1,LESVLYGNJXROMX-FCCSPCGPSA-N,synthetic,1
SD_210,CCOCC(CCc1ccccc1)SOC(C)C(=O)N1C2CCCCC2C[C@H]1C(=O)O,YMMJWPHJWAMKSF-WTZHAPHZSA-N,synthetic,1
SD_211,CCOCC(CCc1ccccc1)S(=O)OC(C)C(=O)N1CCC[C@H]1C(=O)O,UNTJKVPEDMTDAL-WGJHYSAWSA-N,synthetic,1
SD_212,CCOC(=O)C(CCc1ccccc1)S(=O)(=O)C(C)C(=O)N1CCC[C@H]1C(=O)O,AJXNWOLLHVBCNI-WIHSUSGWSA-N,synthetic,1
SD_213,CCOC(=O)C(CCc1ccccc1)NC(C)C(=O)N1C(C(=O)O)c2ccccc2C[C@H]1C(=O)O,XUTWHCANXPTUTG-BGOWTXDTSA-N,synthetic,1
SD_214,CC(NC(CCc1ccccc1)C(=O)O)C(=O)N1C(C(=O)O)c2ccccc2C[C@H]1C(=O)O,SRLYSIJXJMTRAN-XAHBPJGFSA-N,synthetic,1
SD_215,CCOC(=O)C(CCc1ccccc1)NC(C)C(=O)N1CC2CCCCC2[C@H]1C(=O)O,AYECQRAXWBGXSZ-DFJPGDIZSA-N,synthetic,1
SD_216,CC(NC(CCc1ccccc1)C(=O)O)C(=O)N1CC2CCCCC2[C@H]1C(=O)O,OLMPXRUAQBIBRA-BITBVIDPSA-N,synthetic,1
SD_217,NCCCC[C@H](N[C@@H]1CCc2ccccc2N(CC(=O)O)C1=O)C(=O)O,AXTCRUUITQKBAV-KGLIPLIRSA-N,synthetic,1
SD_218,CCOC(=O)[C@H](CCCCN)N[C@@H]1CCc2ccccc2N(CC(=O)O)C1=O,BJPLYVULVZSLCO-CVEARBPZSA-N,synthetic,1
SD_219,O=C(O)CN1C(=O)[C@H](N[C@@H](CCCCNC(=O)OCc2ccccc2)C(=O)O)CCc2ccccc21,WKNDKOZNFFZORF-RTWAWAEBSA-N,synthetic,1
SD_220,CCOC(=O)[C@H](CCCCNC(=O)OCc1ccccc1)N[C@@H]1CCc2ccccc2N(CC(=O)O)C1=O,SGWDRFQPAPSOTL-PKTZIBPZSA-N,synthetic,1
SD_221,CC(C)(C)OC(=O)NCCCC[C@H](N[C@@H]1CCc2ccccc2N(CC(=O)O)C1=O)C(=O)O,SWAFCAYLJAGDHL-SJORKVTESA-N,synthetic,1
SD_222,CCOC(=O)[C@H](CCCCNCOc1ccccc1)N[C@@H]1CCc2ccccc2N(CC(=O)O)C1=O,XPUBRIORWWZECV-PKTZIBPZSA-N,synthetic,1
SD_223,O=C(O)CN1C(=O)[C@H](N[C@@H](COCc2ccccc2)C(=O)O)CCc2ccccc21,BSQTWZJZKHVTTN-MSOLQXFVSA-N,synthetic,1
SD_224,CCOC(=O)[C@H](COCc1ccccc1)N[C@@H]1CCc2ccccc2N(CC(=O)O)C1=O,YAVUFYQECTUCKD-UXHICEINSA-N,synthetic,1
SD_225,O=C(O)CN1C(=O)[C@H](N[C@@H](CSCc2ccccc2)C(=O)O)CCc2ccccc21,XCJANLVRPWZEHK-MSOLQXFVSA-N,synthetic,1
SD_226,CCOC(=O)[C@H](CSCc1ccccc1)N[C@@H]1CCc2ccccc2N(CC(=O)O)C1=O,AIMVOTANDHXULA-UXHICEINSA-N,synthetic,1
SD_227,O=C(O)CN1C(=O)[C@H](N[C@@H](CSCCc2ccccc2)C(=O)O)CCc2ccccc21,DHQXBKIHWXJRQL-MOPGFXCFSA-N,synthetic,1
SD_228,O=C(O)CN1C(=O)[C@H](N[C@@H](CSc2ccccc2)C(=O)O)CCc2ccccc21,ZXTSTZUERUGEPU-SJORKVTESA-N,synthetic,1
SD_229,CCOC(=O)[C@H](CSc1ccccc1)N[C@@H]1CCc2ccccc2N(CC(=O)O)C1=O,DGPRMEPFNWGGKJ-MOPGFXCFSA-N,synthetic,1
SD_230,O=C(O)CN1C(=O)[C@H](N[C@H](Cc2ccccc2)C(=O)O)CCc2ccccc21,VUCYCNRONPBINV-IAGOWNOFSA-N,synthetic,1
SD_231,CCOC(=O)[C@H](Cc1ccccc1)N[C@H]1CCc2ccccc2N(CC(=O)O)C1=O,QICHJVAYOFKCAC-OALUTQOASA-N,synthetic,1
SD_232,O=C(O)CN1C(=O)[C@H](N[C@@H](CC2=c3ccccc3=NC2)C(=O)O)CCc2ccccc21,ZGRWPIBEYNPMJC-MOPGFXCFSA-N,synthetic,1
SD_233,CCOC(=O)[C@@H](CC1=c2ccccc2=NC1)N[C@@H]1CCc2ccccc2N(CC(=O)O)C1=O,UHZFVGXJPUTNHL-NHCUHLMSSA-N,synthetic,1
SD_234,CC(C)C[C@H](N[C@@H]1CCc2ccccc2N(CC(=O)O)C1=O)C(=O)O,XXQDAAMXJXLXDD-KGLIPLIRSA-N,synthetic,1
SD_235,COC(=O)[C@@H](CC(C)C)N[C@H]1CCc2ccccc2N(CC(=O)O)C1=O,DIAKVMVEHAUODE-LSDHHAIUSA-N,synthetic,1
SD_236,CCCC[C@H](N[C@@H]1CCc2ccccc2N(CC(=O)O)C1=O)C(=O)O,OJBUNWORDYSDBG-KGLIPLIRSA-N,synthetic,1
SD_237,CCCC[C@@H](N[C@@H]1CCc2ccccc2N(CC(=O)O)C1=O)C(=O)OCC,CLYQVSLBVFEZBT-HZPDHXFCSA-N,synthetic,1
SD_238,CSCC[C@H](N[C@@H]1CCc2ccccc2N(CC(=O)O)C1=O)C(=O)O,AOIGNBXQHAONIJ-OLZOCXBDSA-N,synthetic,1
SD_239,CCOC(=O)[C@@H](CCSC)N[C@@H]1CCc2ccccc2N(CC(=O)O)C1=O,ZEFRGVLOSJHNPV-HUUCEWRRSA-N,synthetic,1
SD_240,CCC[C@H](N[C@@H]1CCc2ccccc2N(CC(=O)O)C1=O)C(=O)O,VVIRFPRKWLIIJA-OLZOCXBDSA-N,synthetic,1
SD_241,CCC[C@H](N[C@H]1CCc2ccccc2N(CC(=O)O)C1=O)C(=O)OCC,OGYIBHXBSVMHGN-GJZGRUSLSA-N,synthetic,1
SD_242,CC(CS)C(=O)NCC(=O)O,VXOCIBBWDLKODX-UHFFFAOYSA-N,synthetic,1
SD_243,CC(CS)C(=O)N(C)CC(=O)O,KHXJUBSGGXLCFM-UHFFFAOYSA-N,synthetic,1
SD_244,CCN(CC(=O)O)C(=O)C(C)CS,NEFQJOOROFDSGD-UHFFFAOYSA-N,synthetic,1
SD_245,CC(CS)C(=O)N(CC(=O)O)C(C)C,CXBHQULQNOOTII-UHFFFAOYSA-N,synthetic,1
SD_246,C.CC(=O)SCCC(=O)N(CC(=O)O)C(C)C,WJSICLSVALYGEC-UHFFFAOYSA-N,synthetic,1
SD_247,CC(CS)C(=O)N(CC(=O)O)C1CC1,OQXFHYHUXJEPQI-UHFFFAOYSA-N,synthetic,1
SD_248,CC(=O)SCC(C)C(=O)N(CC(=O)O)C1CC1,IUFNBYIQGPSJHJ-UHFFFAOYSA-N,synthetic,1
SD_249,CC(C(=O)O)N(C(=O)CCS)C1CC1,GOENAUONFPAZBX-UHFFFAOYSA-N,synthetic,1
SD_250,CC(=O)SCCC(=O)N(C1CC1)C(C)C(=O)O,FZXAXWFWGFLJIC-UHFFFAOYSA-N,synthetic,1
SD_251,CC(CS)C(=O)N(CC(=O)O)C1CCC1,HAHASCMUEWBAFT-UHFFFAOYSA-N,synthetic,1
SD_252,CC(=O)SCC(C)C(=O)N(CC(=O)O)C1CCC1,PBODOLPKDOKHOV-UHFFFAOYSA-N,synthetic,1
SD_253,CC(CS)C(=O)N(CC(=O)O)C1CCCC1,ALRGMGVUAWHELZ-UHFFFAOYSA-N,synthetic,1
SD_254,CC(=O)SCC(C)C(=O)N(CC(=O)O)C1CCCC1,UPEZQPMUYZATJA-UHFFFAOYSA-N,synthetic,1
SD_255,CC(CS)C(=O)N(CC(=O)O)C1CCCCC1,FGFHICIYRMWGIF-UHFFFAOYSA-N,synthetic,1
SD_256,CC(=O)SCC(C)C(=O)N(CC(=O)O)C1CCCCC1,DJTUXLGDNAMVJS-UHFFFAOYSA-N,synthetic,1
SD_257,CC(CS)C(=O)N(CC(=O)O)C1CCCCCC1,BDYGMDMPZALDDI-UHFFFAOYSA-N,synthetic,1
SD_258,CC(=O)SCC(C)C(=O)N(CC(=O)O)C1CCCCCC1,GWOKPYPGELGLLB-UHFFFAOYSA-N,synthetic,1
SD_259,CC(CS)C(=O)N(CC(=O)O)[C@@H]1C[C@H]2CC[C@@H]1C2,USAXCUHSDRCEKI-NVEZCULWSA-N,synthetic,1
SD_261,CC(=O)SCC(C)C(=O)N(CC(=O)O)C1CC2CC23CCC13,BGSKHHVRRAUKPB-UHFFFAOYSA-N,synthetic,1
SD_262,CC(CS)C(=O)N(CC[C@@H]1CC2CC(C1C)C2(C)C)CC(=O)O,YNTNUAUVNZTXCX-IOCOHYSWSA-N,synthetic,1
SD_263,CC(=O)SCC(C)C(=O)N(CCC1CC2CC(C1)C2(C)C)CC(=O)O,ZIIWVXPQVFNPJJ-UHFFFAOYSA-N,synthetic,1
SD_264,CC(CS)C(=O)N(CC(=O)O)C[C@H]1CC2CC(C1C)C2(C)C,AJDGOTYEQFIRKP-XHLRWWMNSA-N,synthetic,1
SD_265,CC(=O)SCC(C)C(=O)N(CC(=O)O)C[C@H]1CC2CC(C1C)C2(C)C,SLKDSLAWMQSCJY-GDNWTEEJSA-N,synthetic,1
SD_266,CC(=O)SCC(C)C(=O)N(CC(=O)O)[C@@H]1CCC2CC1C2(C)C,KXRIOZZBVJVHQC-VPGYJZJUSA-N,synthetic,1
SD_267,CC(CS)C(=O)N(CC(=O)O)C1Cc2ccccc2C1,KSVRHWYBXURNCF-UHFFFAOYSA-N,synthetic,1
SD_268,CC(=O)SCC(C)C(=O)N(CC(=O)O)C1Cc2ccccc2C1,XENJKTJZYMBEBZ-UHFFFAOYSA-N,synthetic,1
SD_269,COCCN(CC(=O)O)C(=O)C(C)CS,TZTHZQINDIJPGY-UHFFFAOYSA-N,synthetic,1
SD_270,CSCCCN(CC(=O)O)C(=O)C(C)CS,BRFHDYHPVSODIF-UHFFFAOYSA-N,synthetic,1
SD_271,CSCCCN(CC(=O)O)C(=O)C(C)CSC(C)=O,CULZBNYMCVLGBF-UHFFFAOYSA-N,synthetic,1
SD_272,CC(CS)C(=O)N(CCC1CCCO1)CC(=O)O,CITSYFVNXVVLPL-UHFFFAOYSA-N,synthetic,1
SD_273,CC(=O)SCC(C)C(=O)N(CCC1CCCO1)CC(=O)O,JJGOAVUFOUNTLF-UHFFFAOYSA-N,synthetic,1
SD_274,CC(CS)C(=O)N(CCc1ccco1)CC(=O)O,GKZRLQNLSYIUMB-UHFFFAOYSA-N,synthetic,1
SD_276,CC(CS)C(=O)N(CCc1cccs1)CC(=O)O,FWUJXVTVXVCWLQ-UHFFFAOYSA-N,synthetic,1
SD_277,CC(=O)SCC(C)C(=O)N(CCc1cccs1)CC(=O)O,OSWOLDPQZJTLPW-UHFFFAOYSA-N,synthetic,1
SD_278,CC(CS)C(=O)N(CC(=O)O)C1CCS(=O)(=O)C1,UVSVKNSUELWONQ-UHFFFAOYSA-N,synthetic,1
SD_279,CC(=O)SCC(C)C(=O)N(CC(=O)O)C1CCS(=O)(=O)C1,AJFQVKUJEYTCQF-UHFFFAOYSA-N,synthetic,1
SD_280,CCN1CCCC1CN(CC(=O)O)C(=O)C(C)CS,MBUNQOGWMVDDDM-UHFFFAOYSA-N,synthetic,1
SD_281,C=CCN(CC(=O)O)C(=O)C(C)CS,OZHXHHKPWBGXNA-UHFFFAOYSA-N,synthetic,1
SD_282,C=CCN(CC(=O)O)C(=O)C(C)CSC(C)=O,KSGDJHIHNLVWIO-UHFFFAOYSA-N,synthetic,1
SD_283,CC(CS)C(=O)N(CC(=O)O)c1ccccc1,KYSRQHDFTNPRNI-UHFFFAOYSA-N,synthetic,1
SD_284,CC(=O)SCC(C)C(=O)N(CC(=O)O)c1ccccc1,ZOLOJYDPQCQSLJ-UHFFFAOYSA-N,synthetic,1
SD_286,CC(=O)SCC(C)C(=O)N(CC(=O)O)c1ccccc1C,NXOWMKUZYDYGFZ-UHFFFAOYSA-N,synthetic,1
SD_287,C=C(C(C)CS)N(CC([O])=O)c1cccc(C)c1,KRBVEPZLJICFID-UHFFFAOYSA-N,synthetic,1
SD_288,CC(=O)SCC(C)C(=O)N(CC(=O)O)c1cccc(C)c1,KYLMCMYDQDSVTM-UHFFFAOYSA-N,synthetic,1
SD_289,C=C(C(C)CS)N(CC([O])=O)c1ccc(C)cc1,AQXMEVMYHNHRJA-UHFFFAOYSA-N,synthetic,1
SD_290,CC(=O)SCC(C)C(=O)N(CC(=O)O)c1ccc(C)cc1,SGBISVZAEWIZDT-UHFFFAOYSA-N,synthetic,1
SD_291,C=C(C(C)CS)N(CC([O])=O)c1cc(C)cc(C)c1,AXLSRWNJCJLBGC-UHFFFAOYSA-N,synthetic,1
SD_292,CC(=O)SCC(C)C(=O)N(CC(=O)O)c1cc(C)cc(C)c1,IGSRBHAOMLDLQK-UHFFFAOYSA-N,synthetic,1
SD_293,C=C(C(C)CS)N(CC([O])=O)c1ccc2c(c1)CCC2,DUZRYPPMYXFQCS-UHFFFAOYSA-N,synthetic,1
SD_294,CC(=O)SCC(C)C(=O)N(CC(=O)O)c1ccc2c(c1)CCC2,OMYMGFLPGNJKPU-UHFFFAOYSA-N,synthetic,1
SD_295,COc1cccc(N(CC(=O)O)C(=O)C(C)CSC(C)=O)c1,WNBTXZFHTRRRBT-UHFFFAOYSA-N,synthetic,1
SD_296,CSc1cccc(N(CC(=O)O)C(=O)C(C)CSC(C)=O)c1,UZMWMQIZJBDFQU-UHFFFAOYSA-N,synthetic,1
SD_297,CC(=O)SCC(C)C(=O)N(CC(=O)O)c1cccc(F)c1,HSEOJPROQPVZIC-UHFFFAOYSA-N,synthetic,1
SD_298,C=C(C(C)CS)N(CC([O])=O)c1ccc(F)cc1,PMDNRSJARFTVGH-UHFFFAOYSA-N,synthetic,1
SD_299,CC(=O)SCC(C)C(=O)N(CC(=O)O)c1ccc(F)cc1,OFXXBGPTOQAYRW-UHFFFAOYSA-N,synthetic,1
SD_300,C=C(C(C)CS)N(CC([O])=O)c1ccc(CCCC)cc1,HGXGSGUNJQVINN-UHFFFAOYSA-N,synthetic,1
SD_301,CCCCc1ccc(N(CC(=O)O)C(=O)C(C)CSC(C)=O)cc1,QRVPNSMLMPOHRT-UHFFFAOYSA-N,synthetic,1
SD_302,CC.CC(=O)SCC(C)C(=O)N(CC(=O)O)c1ccc(C(C)C)cc1,AWJRIAGDGSEDMH-UHFFFAOYSA-N,synthetic,1
SD_303,CC(CSC(=O)CC(C)(C)C)C(=O)N(CC(=O)O)C1CCCC1,NLBPJLBGGISTIW-UHFFFAOYSA-N,synthetic,1
SD_304,CC(CSC(=O)C(C)(C)C)C(=O)N(CC(=O)O)C1CCCC1,XRKXJJYSKUIIEN-UHFFFAOYSA-N,synthetic,1
SD_305,C[C@H](CSC(=O)C(C)(C)C)C(=O)N(CC(=O)O)C1CCCC1,XRKXJJYSKUIIEN-LLVKDONJSA-N,synthetic,1
SD_307,CC(S)C(=O)NCC(=O)O,YTGJWQPHMWSCST-UHFFFAOYSA-N,synthetic,1
SD_422,CC(C)c1cccc(C(C)C)c1O,OLBCVFGFOZPWHH-UHFFFAOYSA-N,synthetic,1
PT_0232,O=C(O)[C@H]1O[C@@H](Oc2cc3oc(-c4ccccc4)cc(=O)c3c(O)c2O)[C@H](O)[C@@H](O)[C@@H]1O,IKIIZLYTISPENI-ZFORQUDYSA-N,natural,1
PT_0175,COc1cc(/C=C/C(=O)O[C@H]2[C@H](O[C@@H]3O[C@@H](C)[C@H](O)[C@@H](O)[C@H]3O)[C@@H](O)[C@H](OCCc3ccc(O)c(O)c3)O[C@@H]2CO)ccc1O,ZMYQRHSOVRDQDL-CPPDSBOHSA-N,natural,1
PT_0176,COc1ccc(CCO[C@@H]2O[C@H](CO)[C@@H](OC(=O)/C=C/c3ccc(O)c(OC)c3)[C@H](O[C@@H]3O[C@@H](C)[C@H](O)[C@@H](O)[C@H]3O)[C@H]2O)cc1O,WLWAYPFRKDSFCL-CNMJWYMJSA-N,natural,1
PT_0179,O=C(/C=C/c1ccc(O)c2c1[C@H](C(=O)O)[C@@H](c1ccc(O)c(O)c1)O2)O[C@H](Cc1ccc(O)c(O)c1)C(=O)O,UJZQBMQZMKFSRV-RGKBJLTCSA-N,natural,1
PT_0200,C=C1CC[C@@H]2[C@](C)(CO)[C@H](O)CC[C@@]2(C)[C@@H]1/C=C/C1=CCOC1=O,XMJAJFVLHDIEHF-CRBRZBHVSA-N,natural,1
PT_0216,C=CCSS(=O)CC=C,JDLKFOPOAOFWQN-UHFFFAOYSA-N,natural,1
PT_0231,O=C(/C=C/c1ccc(O)c(O)c1)O[C@H](Cc1ccc(O)c(O)c1)C(=O)O,DOUMFZQKYFQNTF-WUTVXBCWSA-N,natural,1
PT_0245,O=c1c(O)c(-c2ccc(O)c(O)c2)oc2cc(O[C@@H]3O[C@H](CO)[C@@H](O)[C@H](O)[C@H]3O)c(O)c(O)c12,IDTDRZPBDLMCLB-HSOQPIRZSA-N,natural,1
PT_0246,O=C1C[C@@H](c2ccc(O)c(O)c2)Oc2c1ccc(O[C@@H]1O[C@H](CO)[C@@H](O)[C@H](O)[C@H]1O)c2O,DGGOLFCPSUVVHX-RTHJTPBESA-N,natural,1
PT_0247,O=C(/C=C/c1ccc(O)c(O)c1)c1ccc(O[C@@H]2O[C@H](CO)[C@@H](O)[C@H](O)[C@H]2O)c(O)c1O,XGEYXJDOVMEJNG-HTFDPZBKSA-N,natural,1
PT_0248,O=C(O)c1ccccc1O,YGSDEFSMJLZEOE-UHFFFAOYSA-N,natural,1
PT_0291,C[C@@H]1CC[C@@]2(OC1)O[C@H]1C[C@H]3[C@@H]4CC[C@H]5C[C@@H](O)CC[C@]5(C)[C@H]4CC[C@]3(C)[C@H]1[C@@H]2C,GMBQZIIUCVWOCD-MFRNJXNGSA-N,natural,1
PT_0292,C[C@H]1CC[C@@]2(OC1)O[C@H]1C[C@H]3[C@@H]4CC[C@H]5C[C@@H](O)CC[C@]5(C)[C@H]4CC[C@]3(C)[C@H]1[C@@H]2C,GMBQZIIUCVWOCD-PUHUBZITSA-N,natural,1
PT_0293,C[C@@H]1CC[C@@]2(OC1)O[C@H]1C[C@H]3[C@@H]4CC[C@H]5C[C@@H](O)CC[C@]5(C)[C@H]4CC(=O)[C@]3(C)[C@H]1[C@@H]2C,QOLRLLFJMZLYQJ-LOBDNJQFSA-N,natural,1
PT_0294,C[C@H]1CC[C@@]2(OC1)O[C@@]1(C)C[C@H]3[C@@H]4CC[C@H]5C[C@@H](O)CC[C@]5(C)[C@H]4CC(=O)[C@]3(C)[C@H]1[C@@H]2C,PSLDGUSFVAQHTC-NKLIXHLWSA-N,natural,1
PT_0295,C[C@@H]1CC[C@@]2(OC1)O[C@H]1C[C@H]3[C@@H]4CC[C@H]5C[C@@H](O)[C@H](O)C[C@]5(C)[C@H]4CC[C@]3(C)[C@H]1[C@@H]2C,FWCXELAAYFYCSR-RYKNUXCGSA-N,natural,1
PT_0296,C[C@@H]1CC[C@@]2(OC1)O[C@H]1C[C@H]3[C@@H]4CC=C5C[C@@H](O)CC[C@]5(C)[C@H]4CC[C@]3(C)[C@H]1[C@@H]2C,WQLVFSAGQJTQCK-VKROHFNGSA-N,natural,1
,O=C(Nc1ccccc1F)N[C@H]1N=C(c2ccccc2)c2ccccc2NC1=O,,,0
,CCCCCN1CCCN(Cc2cccc(NC(=O)c3ccc4ccccc4c3)c2)CC1.O=C(O)C(F)(F)F,,,0
,Cc1ccc(S(=O)(=O)NNC(=O)c2nnn(Nc3ccccc3)c2C)cc1,,,0
,COc1cc(OC)cc(C(P(=O)(O)O)S(=O)(=O)CC(=O)NO)c1,,,0
,COc1cc(/C=C/C(=O)N2CCc3ccccc3C2)ccc1OC(=O)N(C)C,,,0
,COc1ccc(NC(=S)N/N=C/c2ccc(C)cc2)cc1,,,0
,COc1cc(-c2c(C#N)c(=O)oc3cc(N)ccc23)cc(Br)c1OC,,,0
,N#CSCCOc1ccc(Oc2cccc(C(F)(F)F)c2)cc1,,,0
,CC(C)C[C@@H](CN(C)C)NC(=O)c1snnc1C1CC1,,,0
,CNC(=O)C(=O)CC[C@H](NC(=O)C1Cc2ccccc2C1)C(=O)Nc1cccn(CC(=O)NC2C3CC4CC(C3)CC2C4)c1=O,,,0
,C=C(Br)C(=O)Nc1cc(C(=O)Nc2cc(C(=O)Nc3cc(C(=O)Nc4cc(C(=O)NCCC(=N)N)n(C)c4)n(C)c3)n(C)c2)n(C)c1.Cl,,,0
,C=C(Br)C(=O)Nc1cc(C(=O)Nc2cc(C(=O)Nc3cc(C(=O)Nc4cc(C(=O)NCCC(=N)NO)n(C)c4)n(C)c3)n(C)c2)n(C)c1.Cl,,,0
,C=C(Cl)C(=O)Nc1cc(C(=O)Nc2cc(C(=O)Nc3cc(C(=O)Nc4cc(C(=O)NCCC(=N)N)n(C)c4)n(C)c3)n(C)c2)n(C)c1.Cl,,,0
,CC1(C)S[C@@H]2[C@H](NC(=O)C(N)c3ccc(O)cc3)C(=O)N2[C@H]1C(=O)O.O=C(O)CC(NP(=O)(O)CNC(=O)OCc1ccccc1)c1ccccc1,,,0
,COC(=O)CSCc1c(O)c(CSCC(=O)OC)c2c(c1O)C[C@@H](OC(=O)c1cc(O)c(O)c(O)c1)[C@@H](c1cc(O)c(O)c(O)c1)O2,,,0
,COc1cc(Cc2cnc(N)nc2N)cc(OC)c1OC(=O)C12CCC(C(=O)Oc3c(OC)cc(Cc4cnc(N)nc4N)cc3OC)(CC1)CC2,,,0
,O=C(CCc1ccc(O)cc1)OC[C@H]1O[C@@H](Oc2c(-c3ccc(O)c(O)c3)oc3cc(O)cc(O)c3c2=O)[C@H](OC(=O)CCc2ccc(O)cc2)[C@@H](O)[C@H]1O,,,0
,O=C(CCc1ccc(O)cc1)O[C@H]1[C@H](Oc2c(-c3ccc(O)c(O)c3)oc3cc(O)cc(O)c3c2=O)O[C@H](CO)[C@@H](O)[C@@H]1OC(=O)CCc1ccc(O)cc1,,,0
,O=C(CCc1ccc(O)cc1)O[C@H]1[C@H](Oc2cc(-c3oc4cc(O)cc(O)c4c(=O)c3O)ccc2O)O[C@H](CO)[C@@H](O)[C@@H]1OC(=O)CCc1ccc(O)cc1,,,0
,O=C(Cc1cc(=O)oc2cc(O)ccc12)NC(Cc1ccc(OP(=O)(O)O)cc1)C(=O)NCCCNC(=O)c1c2ccccc2nc2cc(O)cc(O)c12,,,0
,S=C=NCCN1CCSCC1,,,0
,CCCC(=O)C1=CCN(C)CC1,,,0
,ClCCNCCCl,,,0
,CCOP(O)OCC,,,0
,CCCCC[N+](C)(C)[BH2-]C#N,,,0
,CCOc1ccc(C=O)c(O)c1,,,0
,CN1CCCC1COc1ccncc1,,,0
,O=S(=O)(NC1CC1)c1ccccc1,,,0
,CCC(=O)C(=O)CC,,,0
,C#CCN(C)Cc1ccc(C#N)cc1,,,0
,Cc1c[nH]cc(O)c1=O,,,0
,C/C=C/c1cc(O)nc(O)n1,,,0
,C=C(CN)c1c[nH]cn1,,,0
,C[C@@H]1Cc2cc(C(N)=O)cnc2N1,,,0
,CC12CCC(CC1O)C2C(=O)O,,,0
,O=C1NC(=S)NC1=Cc1ccco1,,,0
,C/C(O)=C1\C(=O)NC(CC(C)C)C1=O,,,0
,NC1Cc2ccc(O)c(O)c2C1,,,0
,Cn1c2c(ccc1=O)C(C)(N)CCC2,,,0
,COc1cccc(CN)n1,,,0
,O=C(Nc1ccccc1)c1cn[nH]n1,,,0
,Cc1nsc2[nH]cc(C(=O)O)c(=O)c12,,,0
,OCc1cnn(CC(F)(F)F)c1,,,0
,O=C(O)c1cnn(-c2ccccn2)c1,,,0
,O=C1C=C(CO)C(=O)c2ccccc21,,,0
,O=C1CN(CC23CCC(CC2)C3)CCN1,,,0
,N#Cc1nc(-c2ccncc2)[nH]c1C#N,,,0
,Cc1cccc(Cc2nnn[nH]2)c1,,,0
,CC(C)(C)NC(=O)CSc1cnn[nH]1,,,0
,COc1cccc2c1CCC1(CN=CN1)C2,,,0
,c1c[nH]c(CN2CCOCC2)c1,,,0
,Cc1c(O)n2ccccc2nc1=O,,,0
,COc1ccc2c(c1)CC[C@@H](N)C2,,,0
,Cc1nc(CCN)c(C)o1,,,0
,CCc1nc(C)c[nH]1,,,0
,Cl.N#CCn1ccc(=N)cc1,,,0
,O=c1ccc(=O)c2ccccc2[nH]1,,,0
,Nc1ncc(Br)s1,,,0
,Nc1nccc(N2CCCCC2)n1,,,0
,CC(C)N(C)C(=O)C1CCCNC1,,,0
,CNc1cnc2c3c(ccnc13)C=C(OC)C2=O,,,0
,NC(=O)c1cc(-c2ccncc2Cl)c[nH]1,,,0
,c1ccc2c(CCc3nnn[nH]3)c[nH]c2c1,,,0
,CC(C)[C@@H](C(=O)O)N1Cc2ccccc2C1=O,,,0
,NCCOc1cccc2c(O)cccc12,,,0
,CCCCC1(C(C)C)C(=O)NC(=O)NC1=O,,,0
,NNC(=O)c1ccccc1-n1cccc1,,,0
,c1ccc(CNc2ncnc3[nH]cnc23)cc1,,,0
,CC[C@@H](C(=O)O)N1CCOc2ccccc2C1,,,0
,OCc1cccc(-n2cnc3cncnc32)c1,,,0
,CCOC(=O)[C@@H](O)Cc1cnc2ccccc2n1,,,0
,CCn1cc(S(=O)(=O)NCC2CCCCC2)cn1,,,0
,O=C(NC(O)C(=O)c1ccccc1)c1ccccn1,,,0
,O=C(O)c1nccn1Cc1ccco1,,,0
,Cc1c(C(=O)NCCc2ccsc2)cnn1C,,,0
,CCOc1ccc2nc(S(N)(=O)=O)sc2c1,,,0
,CCOc1ccc(Cc2nn[nH]n2)cc1,,,0
,Cc1cc(=O)oc(C)c1C(=O)NCc1ccco1,,,0
,Cc1ccc(NC(=O)CN2CCOCC2)cc1Cl,,,0
,CC(C)Nc1ncccc1C(=O)NCc1ccnn1C,,,0
,Cc1cccc(C)c1-n1c(=O)[nH]c2cccnc21,,,0
,CSc1nc(N)n2nc(C(C)(C)C)cc2n1,,,0
,NC1(c2ccccc2)C2=NCCCN2c2ccccc21,,,0
,Cn1c(=N)sc2cc(OC(F)(F)F)ccc21,,,0
,Cc1csc(NC(=O)C(F)(F)F)n1,,,0
,CN(C)C(=O)Nc1ccc(Br)cc1,,,0
,COc1cc2[nH]c3c(c(=O)c2cc1C)CSCC3,,,0
,Cc1n[nH]c(=O)c2cc(-c3ccccc3)[nH]c12,,,0
,COc1ccc2c(=O)c3c([nH]c2c1)CCC(F)(F)C3,,,0
,C[C@]12CCC3c4ccc(O)cc4CCC3C1C[C@@H](O)[C@@H]2O,,,0
,O=C(Cc1ccon1)Nc1cncc(Br)c1O,,,0
,C[C@@H](O)c1nc2cnc3[nH]ccc3c2n1C1CCOCC1,,,0
,O=C1CCN1c1cc(Cc2n[nH]c(=O)c3c2NCCC3)ccc1F,,,0
,O=C(NCC1(O)CCC(F)(F)CC1)c1cc(=O)c2cc(O)ccc2o1,,,0
,N#C/C(=C\c1c(N2CCCCCC2)nc2ccccn2c1=O)C(N)=O,,,0
,CNc1nc2sc3c(N4CCNCC4)nnnc3c2c2c1CCCC2,,,0
,Cc1cc(Br)c2[nH]nc(NC(=O)[C@@H]3COCCO3)c2c1,,,0
,NC(=O)C1CN(C(=O)Nc2cc(Cl)cc(Cl)c2)CCO1,,,0
,CNC(=O)c1ccc2cc1OCCOCCNc1ccn3ncc-2c3n1,,,0
,CNC(=O)NC(=O)c1cccc(NC(=O)C(C)Br)c1,,,0
,CC(C)(C)S(=O)(=O)c1cccc2nc(N)nc(N)c12,,,0
,COc1ccc2c3c([nH]c2c1)C(C)=NCC3.Cl.O.O,,,0
,CC(C)(C)NC(=O)NC(=O)NC(=O)c1ccccc1,,,0
,NC(N)=NC(=O)c1ccc2c(c1)C(O)c1cccc(Cl)c1-2,,,0
,CC1=Nc2c(O)nc(N)nc2OC1c1ccccc1,,,0
,COC1CCC2(CC1)Cc1ccc(O)cc1C21N=C(N)N(C)O1,,,0
,Nc1ccc2c3c1C(=O)OC3(O)c1ccccc1C2=O,,,0
,O=c1[nH]c(-c2ccc(F)c(F)c2)nc2cc(O)c(O)c(O)c12,,,0
,Cl.Nc1nc(N)c2ncn(-c3ccccc3)c2n1,,,0
,NC(N)=NC(=O)c1ccc2c(c1)C(=O)c1ccccc1-2,,,0
,O=C(NC1CCN(C(=O)c2cccnc2)CC1)NC12CC3CC(CC(C3)C1)C2,,,0
,COc1ccc(Cl)cc1C(=O)N1C[C@@H](NC(=O)N(C)C)[C@H](C(C)C)C1,,,0
,O=C1COC(c2ccc(NC(=O)c3cccc(Cl)c3)cc2)=NN1,,,0
,O=C(NC(=S)Nc1ccc(CN2CCOCC2)cc1)c1ccco1,,,0
,O=C(NCc1ccc2c(c1)OCO2)c1cc(-c2ccccc2)on1,,,0
,CNC(=O)/C=C1/COc2cc(OS(=O)(=O)c3ccc(Cl)s3)ccc21,,,0
,O=C(Cc1ccccc1)N1CCN(C2CCCCCC2)CC1.O=C(O)C(=O)O,,,0
,NC(=O)CSc1nnc(-c2ccco2)n1-c1ccc(F)cc1,,,0
,CCS(=O)(=O)c1ccc2c(c1)nc(C(C)(C)C)n2CC1CCN(C=O)CC1,,,0
,CCN1CCN(c2nc3ccc([N+](=O)[O-])cc3nc2C(=O)c2ccccc2)CC1,,,0
,CN(C(=O)c1ccc(NCC(=O)O)cc1)C1CCN(c2nnc(-c3ccnn3C)c3ccccc23)CC1,,,0
,C=CC(=O)N1CCC(Oc2nc(Nc3ccc(N4CCN(C)CC4)cc3OC)nc3[nH]ccc23)CC1,,,0
,COc1ccc(-n2nc(-c3nnn[nH]3)c3c2C(=O)N(c2ccc(-c4ccccc4CN4CC[C@@H](O)C4)cc2)CC3)cc1,,,0
,CC1CCC(C[C@H](NC(=O)c2ccco2)C(=O)N[C@H]2CC[C@@H](C)N(S(=O)(=O)c3ccccn3)CC2=O)CC1,,,0
,Cn1ccc(Nc2ncc3c(n2)-c2c(nn(C)c2Cc2cccc(-c4cnn(CC(=O)O)c4)c2)CC3)n1,,,0
,CC(=O)O[C@H]1C[C@@H](C)[C@]23OC(C)(C)[C@H](C[C@H](OC(=O)c4ccccc4)[C@]2(CO)[C@H]1OC(C)=O)[C@H]3OC(C)=O,,,0
,COC(=O)CS(=O)(=O)N1CCN(C(=O)c2ccc3cc(Oc4ccc(C(F)(F)F)cn4)ccc3n2)CC1,,,0
,COC(=O)COc1nc(Nc2ccc(C(=O)NC3CCN(C)CC3)cc2OC)ncc1C(F)(F)F,,,0
,COc1ccc(/C=N\NC(=O)c2ccc(Cn3cc(Br)c([N+](=O)[O-])n3)o2)c(OC)c1C,,,0
,COCCO[C@H]1CCN(c2ccc(C)nn2)[C@H]1Cc1cccnc1.O=C(O)C(F)(F)F.O=C(O)C(F)(F)F,,,0
,CC(C)CCn1c(=O)c(C2=NS(=O)(=O)c3cc(NS(N)(=O)=O)ccc3N2)c(O)c2cccnc21,,,0
,CC(C)C[C@@H]1NC(=O)[C@@H](NC(=O)OCc2ccccc2)Cc2cn(nn2)CCCNC(=O)CC[C@@H](C=O)NC1=O,,,0
,COc1cccc2c1C(=O)c1c(O)c3c(c(O)c1C2=O)CC(O)(C(=O)CO)CC3OC1CC(N(C)C)C(O)C(C)O1,,,0
,O=C(OCc1ccccc1)N1[C@H]2CC[C@H]1[C@H](Nc1ncnc3c1ncn3[C@@H]1O[C@H](CO)[C@@H](O)[C@H]1O)C2,,,0
,O=C(O)C[C@H]1CN2CCC[C@H]2C(=O)N[C@H](C(=O)O)CSSC[C@H](NC(=O)C23CC4CC(CC(C4)C2)C3)C(=O)N1,,,0
,O=c1[nH]c(N2CCC(n3ccnn3)CC2)nc(N[C@@H]2C[C@H](CO)[C@@H](O)[C@H]2O)c1-c1nc2ccccc2s1,,,0
,CO/N=C(/C(=O)N[C@@H]1C(=O)N2C(C(=O)OCOC(=O)C(C)(C)C)=C(C)CS[C@H]12)c1csc(N)n1,,,0
,CC1(CC(O)CO)C(=O)C(C2=NS(=O)(=O)c3cc(NS(C)(=O)=O)ccc3N2)=C(O)c2ccccc21,,,0
,CN1CCc2nc(C(=O)N[C@@H]3C[C@@H](C(=O)N(C)CO)CC[C@@H]3NC(=O)C(=O)Nc3ccc(Cl)cn3)sc2C1,,,0
,CN(C)CCN1C(=O)C(C2=NS(=O)(=O)c3cc(NS(C)(=O)=O)ccc3N2)=C(O)C2CCCC21,,,0
,CC(=O)N[C@H]1[C@@H](OCc2ccccc2)O[C@H](CO)[C@@H](O)[C@@H]1OCC(=O)N[C@H](CO)C(=O)N[C@H](CCC(=O)O)C(N)=O,,,0
,CC(=O)[C@]1(OCCCCCCNC(=O)[C@H](CCC(N)=O)NC(=O)[C@@H](C)N)O[C@@H](CO)[C@H](O)[C@@H](O)[C@H]1O,,,0
,CC(=O)[C@]1(OCCCCCCNC(=O)[C@H](CCC(N)=O)NC(=O)[C@H](C)N)O[C@@H](CO)[C@H](O)[C@@H](O)[C@H]1O,,,0
,CC(=S)NCCCC[C@H](NC(=O)[C@H](CC(=O)O)NC(=O)[C@@H](N)CO)C(=O)N[C@H](C(=O)O)[C@@H](C)O,,,0
,CCCCOC(=O)[C@@H](CCC(N)=O)NC(=O)[C@H](C)NC(=O)[C@@H](C)O[C@H]1[C@H](O)[C@@H](CO)OC(O)[C@@H]1NC(C)=O,,,0
,CCCCOC(=O)[C@@H](CCC(N)=O)NC(=O)[C@H](C)NC(=O)[C@@H](C)O[C@H]1[C@H](O)[C@@H](CO)O[C@H](O)[C@@H]1NC(C)=O,,,0
,CCCCOC(=O)[C@H](CCC(N)=O)NC(=O)[C@H](C)NC(=O)[C@@H](C)OC1C(O)C(CO)OC(O)C1NC(C)=O,,,0
,CCCOC(=O)[C@H](CCC(N)=O)NC(=O)[C@H](C)NC(=O)[C@@H](C)OC1C(O)C(CO)OC(O)C1NC(C)=O,,,0
,CCOC(=O)[C@@H](NC(=O)C(CO)(CO)NC(=O)CCCC(=O)O)[C@@H](C)O[C@@H]1O[C@@H](C)[C@@H](O)C(O)C1O,,,0
,CCOC(=O)[C@@H](NC(=O)[C@H](NC(=O)CCCC(=O)O)[C@@H](O)CO)[C@@H](C)O[C@@H]1O[C@@H](C)[C@@H](O)C(O)C1O,,,0
,NC(=O)c1c(NC(=O)C(=O)NCCCN2CCOCC2)sc2c1CCCC2,,,0
,CCn1c(SCC(=O)NNC(=S)NC)nc2ccccc2c1=O,,,0
,C[C@H](N)C(=O)NC1CC[C@@H]2CC[C@@H](C(=O)NCc3ccccc3)N2C1=O.Cl,,,0
,O=C(CNC(=O)Nc1ccc(Cl)cc1)N[C@H]1CCS(=O)(=O)C1,,,0
,C=CCOc1cc(F)c(/C=C(/C)C(=O)N[C@@H]2[C@H](O)[C@@H](O)[C@H]3OCO[C@H]3[C@@H]2O)cc1F,,,0
,NC(=O)c1nnn(-c2ccc(S(N)(=O)=O)cc2)c1-c1ccccn1,,,0
,COC(=O)C(NC(=O)CSc1nc(N)cc(O)n1)c1ccccc1,,,0
,CNC(=O)[C@H]1CN(Cc2cccnc2)C[C@@H]1NC(=O)c1cc(C)on1,,,0
,CCOC(=O)C1=C(Cn2cc(CO)nn2)N(C)C(=O)NC1c1ccccc1,,,0
,Cc1nc2c(nc1C)N(CCN(C(C)C)C(C)C)S(=O)(=O)N=C2N,,,0
,O=C(NCCNC(=O)c1cc2ccccc2[nH]1)C(=O)NCc1ccc2c(c1)OCO2,,,0
,COc1ccc2c(=O)n(C)nc(-c3ccc(CNS(N)(=O)=O)cc3)c2c1,,,0
,COc1ccc(-c2nnn(Cc3nc(N)nc(N4CCCCC4)n3)n2)cc1,,,0
,CS(=O)(=O)NCC(O)CO/N=C(\Cl)c1nc2ccccc2o1,,,0
,C#CCN(Cc1cn(-c2cc(NC(=S)NCC)ncn2)cn1)C(C)=O,,,0
,CC[C@H](C)[C@H](NC(=O)OC(C)(C)C)C(=O)N1C[C@@H](N)C[C@H]1C(=O)O,,,0
,O=C(NO)c1ncc(CS(=O)(=O)Cc2ccc(F)cc2)c(CO)c1O,,,0
,Cc1ccccc1CNc1ncnc2c1ncn2[C@@H]1O[C@H](CO)[C@@H](O)[C@H]1O,,,0
,Nc1nc(OCC2CC2)c2ncn(C3CC(O)C(CO)S3)c2n1,,,0
,CCNC(=O)C1CCCN(c2nc(OC)nc(N3CCCC(C(=O)NCC)C3)n2)C1,,,0
,CCOC(=O)[C@H]1O[C@@H]1C(=O)N[C@@H](CC(C)C)C(=O)Nc1c(F)cccc1F,,,0
,COc1ccc(CN2CCN(CC(=O)Nc3ccc4c(c3)OCC(=O)N4)CC2)cc1,,,0
,COc1ccc(CNC(=O)CN2C(=O)COc3ccc(S(=O)(=O)N4CCCC4)cc32)cc1,,,0
,Cc1cc2ncc(C(=O)NCC(C)(C)NCC(=O)N3CCC[C@H]3C#N)c(C)n2n1,,,0
,CCCN1C(=O)c2cc(C(=O)NC(C)C)nn2C[C@@]1(C)C(=O)NC1CCCC1,,,0
,CCOC(=O)c1c(S(=O)(=O)NCC(=O)Nc2cccc(F)c2)c(C)n(C)c1C,,,0
,CSCC[C@H](N)C(=O)N1CCC[C@H]1C(=O)Nc1ccccc1[N+](=O)[O-],,,0
,COc1cc(/C=N/NC(=O)CNC(=O)c2ccc3c(c2)OCCO3)ccc1O,,,0
,CNC(=O)[C@@H]1Cc2ccc(NS(=O)(=O)O)cc2CN1C(=O)CCOc1ccccc1,,,0
,COc1ccccc1/C=C/C(=O)NCC(=O)N/N=C/c1ccccc1[N+](=O)[O-],,,0
,Cc1ccc(/C=N/[C@@H]2C[C@@H]3C[C@H]([C@H]2C)C3(C)C)cc1,,,0
,CC(C)c1ccc(-c2nc3ccccc3[nH]2)cc1,,,0
,Cc1c(C(C)C)ccc(C(C)C)c1O,,,0
,C[n+]1c2ccccc2c(-c2ccccc2)c2ccccc21,,,0
,Fc1ccccc1Nc1ccnc2ccsc12,,,0
,O=C1c2ccc(Cl)cc2-c2nccc3cccc1c23,,,0
,CC1=C[C@H]2Cc3occc3C(C)(C)[C@H]2CC1,,,0
,Cc1ccc2c(c1)Oc1ccccc1N=C2,,,0
,CCCC12CCC(=O)C(C)=C1c1ccc(O)cc1C2,,,0
,CN1CC=CC[C@H](c2ccc(Cl)c(Cl)c2)C1,,,0
,O=c1cc(-c2ccccc2)sc2ccccc12,,,0
,Oc1c(Cl)c(Cl)cc(Cl)c1Cl,,,0
,FC(F)(F)c1ccc2[nH]c3ccccc3c2c1,,,0
,CC(C)(C)c1ccc(-c2ccncc2)cc1,,,0
,OC1(c2cc3ccccc3s2)CCCCC1,,,0
,Cn1c2c(c3ccccc31)CSc1ccccc1-2,,,0
,CC(C)c1ccc2sc3ccccc3c(=O)c2c1,,,0
,Fc1cccc2ncc(-c3ccsc3)cc12,,,0
,O=C1CCCCC1c1cccc2ccccc12,,,0
,Clc1ccc2oc3c(Cl)cccc3c2c1,,,0
,Clc1ccc(-c2ncc3ccccn23)c(Cl)c1,,,0
,Cc1ccc(/C=C2\CCc3ccccc3C2=O)cc1,,,0
,N#Cc1cc2ccc(F)cc2c2ccsc12,,,0
,Clc1c2nssc-2c(Cl)c1Cl,,,0
,CC1CN=C(Nc2cccc3ccccc23)S1,,,0
,Nc1ccc(/C=C/c2cccc3cccnc23)cc1,,,0
,Cc1cc(Cl)cc2[nH]c3c(c12)CC(N(C)C)CC3,,,0
,O=C1c2ccccc2C2CCC1c1ccccc12,,,0
,C[C@]12CC[C@@H]3C[C@H](CCO)CC[C@H]3[C@@H]1CC[C@@H]2C#N,,,0
,Cc1cccc(N2Cc3ccccc3OCC2=S)c1,,,0
,Cc1ccc(-c2csc(C)n2)c(C)c1,,,0
,Cc1nc2ccc3c(c2s1)CCCC3,,,0
,Cc1cccc2nc(-c3cccs3)[nH]c12,,,0
,CN1CCCCC1/C=C1\CCc2ccccc2C1=O,,,0
,FC(F)(F)C1=Nc2cccc3cccc(c23)N1,,,0
,Cl.FC(F)(F)c1ccc(C2CCNCC2)cc1,,,0
,C[C@H]1c2c(ccc(Cl)c2Cl)[C@H]2CNC[C@H]21,,,0
,Cc1cc(C)c2c(=O)c3ccccc3[nH]c2c1,,,0
,CC(=O)OC1CCC(C(C)(C)C)CC1,,,0
,CCc1nc2ccccc2c2cc[nH]c12,,,0
,Cc1ccc2[nH]c3ccc(C(F)(F)F)cc3c2c1,,,0
,N#CC(c1ccc(Cl)c(Cl)c1)C1CCCC1,,,0
,Oc1c(/C=C/c2ccccc2)ccc2ccccc12,,,0
,c1cc(-c2csc(-c3ccsc3)c2)cs1,,,0
,S=c1[nH]c2cccc(-c3ccccc3)c2s1,,,0
,CSc1cc(-c2ccc(F)cc2)cs1,,,0
,O=C1CCCCC/C1=C\c1cccc(Cl)c1,,,0
,[C-]#[N+]c1ccccc1/C=C/c1ccc(F)cc1,,,0
,CC(=O)C1(C)CC2=C(CCCC2(C)C)CC1C,,,0
,CC1(C)C2CC[C@@]1(C)CN(CC1CCCCC1)C2,,,0
,Cc1cc(C)c2c(=O)cc(-c3ccccc3)[nH]c2c1,,,0
,Cc1ccc2c(c1)C(O)(C(F)(F)F)c1ccccc1-2,,,0
,c1ccn2c(C3CCCCC3)ncc2c1,,,0
,C[C@]12CC[C@@H](c3ccc(O)cc3)C[C@H]1CC[C@@H]2O,,,0
,C#Cc1ccc(-c2ccccc2F)cc1,,,0
,O=C1c2scc(-c3ccccc3)c2-n2cccc21,,,0
,Cc1cc(O)ccc1[C@H]1CC[C@@]2(C)[C@H](CC[C@@H]2O)C1,,,0
,Cc1cc(C)n2c1C=C(c1cccc(Cl)c1)C2=O,,,0
,CC1(C)CCCC23C=C[C@](C)(CC[C@@]12C)OO3,,,0
,CN1CCCC1c1ccc(Cl)c(Cl)c1,,,0
,c1ccc(C2CSSC2)nc1,,,0
,Cc1ccnc2c(S)cccc12,,,0
,C1=C(c2ccccc2)CC2CCC1N2,,,0
,Clc1ccc2ccccc2c1,,,0
,O=Cc1csc2ccccc12,,,0
,COC1Sc2ccccc2S1,,,0
,Clc1ccc(C2=NCCC2)cc1,,,0
,Cc1cc(S)c2ccccc2n1,,,0
,O=Cc1cccc(Cl)c1Cl,,,0
,C=Cc1ccc(C)cc1,,,0
,S=c1oc(-c2cccs2)cc2ccccc12,,,0
,C1CC2=C(C1)C1=S(S2)SC2=C1CCC2,,,0
,CC1(C)C2CCC(C2)[C@@]1(C)c1ccccc1O,,,0
,Cc1cc(C)c2ccc(-c3ccccc3)nc2c1,,,0
,CC(C)=C1C/C=C(\C)CC/C=C(\C)CC1=O,,,0
,Cc1ccc(-c2coc3c(C)c(C)ccc23)cc1,,,0
,C=C1CC[C@@H]2[C@H]([C@H]3[C@@H](C)CC[C@@H]13)C2(C)C,,,0
,N#CC1=Cc2ccccc2Sc2ccccc21,,,0
,CC1=CC[C@@H](C(C)C)c2cc(C)c(O)cc21,,,0
,CC1=Nc2ccc3ccccc3c2C1(C)C,,,0
,Cc1nc(CN2CCN(Cc3c(C)cccc3C)CC2)n[nH]1,,,0
,O=C(Nc1ccccc1)Nn1cnc2ccccc2c1=O,,,0
,CCCC1Oc2ccc(Br)cc2C2(COC(N)=N2)C12COC2,,,0
,On1cc(C2CCNCC2)c(-c2c[nH]c(-c3ccccc3)n2)n1,,,0
,N[C@@H]1C[C@H]2CC[C@@H](C1)N2c1nc2c(cc1F)c(=O)c(C(=O)O)cn2C1CC1,,,0
,CCOC(=O)N1C2CCC1CC(O)(c1ccc(Cl)nc1)C2,,,0
,COc1cc(OC)c2c(c1)OC(Cc1ccccc1O)C2=O,,,0
,Cc1cccc(-c2ccc(C(=O)NCc3ccnc(C)n3)c(=O)[nH]2)c1,,,0
,Cc1ccncc1-c1cnc(NC2CCNCC2)c2[nH]c(=O)c(C)cc12,,,0
,O=C(c1sc(-c2cccc(F)c2)nc1O)N1CCCCO1,,,0
,Cc1ccc(S(=O)(=O)NC(=O)c2cc(C)n(CCCN3CCOCC3)c2C)cc1,,,0
,CCOc1ccccc1CN1CCN(Cc2cccc3nonc23)CC1CCO,,,0
,CCN(CC)CCNC(=O)c1ccc(-n2ccnc2)cc1.Cl.Cl,,,0
,COCCCOc1ccc(C(=O)N(Cc2cnn(C)c2)C(C)C)cn1,,,0
,CCC(=O)N1CCc2cc(S(=O)(=O)CCC(=O)NCc3ccc(OC)cc3)ccc21,,,0
,O=C(CN1CCCC[C@@H]1CCN1CCCC1=O)NCc1ccccc1F,,,0
,CCOc1ccc(S(=O)(=O)N(CC)CC(=O)N2CCCC2)cc1C,,,0
,CN(C)C(CNC(=O)c1cccc(S(=O)(=O)N(C)C)c1)c1ccccc1,,,0
,O=C(/C=C/c1ccccc1)NCCN1CCN(C(=O)/C=C/c2ccccc2)CC1,,,0
,O=C(CCc1ccccc1)c1ccccc1OCC(O)CN1CCOCC1,,,0
,CC(C)N1CN(c2ccccc2)C2(CCN(CCCC(=O)c3ccc(F)cc3)CC2)C1=O,,,0
,CCOc1ccc(N=C(S)N(C)N=C(S)Nc2ccc(OCC)cc2)cc1,,,0
,COc1cccc(NC(=O)CN(C)C(=O)c2ccc(OCc3ccccc3)c(OC)c2)c1,,,0
,COC1CN(Cc2ccc([C@H](C)NC(C)=O)cc2)Cc2ccc(OCC3CC3)cc21,,,0
,COc1ccccc1CN(C)CCC/C=C1\OC(=O)c2cc(OC)c(OC)cc21,,,0
,COP(=O)(OC)C(OC(=O)COc1ccc(Br)cc1)c1ccco1,,,0
,COCCCC1=C(C(=O)O)C(c2ccc3c(c2)OCO3)Oc2ccc(OC(C)C)cc21,,,0
,Cc1cccc(-c2nc(CCOc3ccc(CC4(C(=O)O)CCCO4)nc3)c(C)o2)c1,,,0
,CCOC(=O)c1cnn(-c2ccc(C(=O)N(Cc3ccc(F)cc3)C3CC3)cc2)c1C,,,0
,CCC(Oc1ccc(C(=O)/C=C/c2c[nH]c3ccccc23)cc1)C(=O)OC,,,0
,N=C(N)NCC1CC1,,,0
,CNCCCNC,,,0
,CCNC(CS)C(=O)O,,,0
,CC(O)COCC(C)O,,,0
,Cc1cnc(CCN)nc1,,,0
,C=CCC(N)C(=O)O,,,0
,CCN(CC)CCN,,,0
,CNc1ccc(C(N)=O)cn1,,,0
,NC(=O)Cc1ccccn1,,,0
,CC(C)(C)NCC(O)CO,,,0
,C#CCN(Cc1cnc2nc(N)nc(N)c2c1)c1ccc(C(=O)NC(CCC(=O)O)C(=O)O)cc1,,,0
,CCCC[C@H](NC(=O)[C@@H]1CCCN1C(=O)CNC(=O)[C@H](CCCCN)NC(=O)[C@H](Cc1cnc[nH]1)NC(=O)[C@H](CO)NC(=O)[C@H](CC(C)C)NC(=O)[C@H](CCCNC(=N)N)NC(=O)[C@@H]1CCCN1C(=O)[C@H](CCCNC(=N)N)NC(=O)[C@@H]1CCC(=O)N1)C(=O)N[C@H](Cc1cccc2ccccc12)C(=O)N1Cc2ccccc2C(C)(C)C1C(=O)O,,,0
,COc1ccc(OC)c(CN(C)c2nc3c(cnn3C)c(=O)[nH]2)c1,,,0
,O=C(NCCc1cccs1)[C@]12COC[C@H]1CN(Cc1ccccn1)C2.O=C(O)C(F)(F)F.O=C(O)C(F)(F)F,,,0
,CCCCN1CCC(CNC(=O)c2c3n(c4ccccc24)CCO3)CC1,,,0
,CS(=O)(=O)Oc1cccc(S(=O)(=O)c2ccccc2)n1,,,0
,CCN=C(NCC)SC1CC(=O)N(c2ccc(OC)cc2)C1=O,,,0
,O=C1C2CCCCC2C(=O)N1c1ccc(NC2CCCCC2)c([N+](=O)[O-])c1,,,0
,CCC[C@@H](CC/C(C)=C/C=C/CCCCC1CSC([C@@H]2C[C@@H]2C)=N1)OC,,,0
,Cc1cccc(C(=O)OCC(O)CNC(C)C)c1,,,0
,C#CCCCCCCCCCCC#C[C@@H](O)C#C,,,0
,C#CCN(C)C(C)CCCCCCCC,,,0
,C#CCN(C)C(C)CCCCCCCC.Cl,,,0
,C#CCN(C)C(C)CCCCCCCCCC,,,0
,C=C(C)C(=O)OCCCCCCCC(C)C,,,0
,C=CC(=O)OCCCCCCCC(C)C,,,0
,C=CCCCCCCCCC1OCCN1CC,,,0
,C=CCCCCCCCCC=O,,,0
,C=CCCCCCCCCc1n[nH]c(=S)o1,,,0
,C=CCCCCCCCCc1nc(S)n[nH]1,,,0
,C#CCCCOCCCc1c[nH]cn1,,,0
,C#CCN(C)CCCCCCO.Cl,,,0
,C#CCN(C)CCCNCc1ccoc1C,,,0
,C#CCOC/C(C)=C/CC/C(C)=C/CO,,,0
,C/C=C/C=C/C(=O)C[C@H](CCO)OC,,,0
,C=CC(OCC)(OCC)OCC,,,0
,C=CCCCCCC#CC#CCOCCO,,,0
,C=CCCCOCCCc1c[nH]cn1,,,0
,C=CCNC(CCCC)C(=O)OC,,,0
,C=CCOC(=O)COCCC(C)C,,,0
,C=CCCCCCCCCCCC/C=C/C(O)COC(C)=O,,,0
,CCCCCCCCCCCCCCC(O)CN1CCOCC1,,,0
,CCCCCCCCCCCCCCC[N+](C)(C)[BH2-]C#N,,,0
,CCCCCCCCCCCCCCNCC(OC)OC,,,0
,CCCCCCCCCCCCCCOC[C@@H](O)[C@H](C)N(C)C,,,0
,CCCCCCCCCCCCCC[N+]1(CCO)C=CN=C1,,,0
,CCCCCCCCCCCCSCC(C[N+](C)(C)C)OC,,,0
,CCSCCCN(CCCSCC)CCCSCC,,,0
,CC[N+](CC)(CC)CCCCCCCC[N+](CC)(CC)CC,,,0
,O=C(O)CCSCCCCCCCCCCCCF,,,0
,CC/C=C\C/C=C\C/C=C\CCCCCCCc1cc(O)cc(O)c1,,,0
,CCCCCCCCc1ccc(OCCCC(=O)C(F)(F)F)cc1,,,0
,CCCCC/C=C\C/C=C\C/C=C\C1(/C=C\CCCC(=O)O)CC1,,,0
,CCCCCCCCCCCCCCOc1ccc(C#N)cc1,,,0
,CCCCC/C=C\C/C=C\C=C\C=C\C(O)CCCCC,,,0
,CC(C)=CCC/C(C)=C/CC/C(C)=C/CSCCC(=O)CCl,,,0
,CCCCSP(=O)(SCCCC)SCCCC,,,0
,CCCCCCCCCCCCCCC1=NCCCC1,,,0
,CCCCCCCCCCCCCC[n+]1cccc2cc(O)ccc21,,,0
,CCCC/C=C\CCCCCCCCCCC(=O)C(F)(F)F,,,0
,O=C(O)[C@@H]1CCS(=O)(=O)N1,,,0
,O=C1NCC(C(=O)O)N1,,,0
,O[C@@H]1[C@H](O)CN2CCCCC2[C@H]1O,,,0
,C[C@@H]1CC[C@@H]2[C@@H](O)[C@@H](O)[C@@H](CO)N12,,,0
,OC1CNCCNC1,,,0
,C=C1CNCC(O)C1O,,,0
,OC[C@H]1O[C@@H]2OCC[C@@]1(O)[C@H]2O,,,0
,O=C(O)[C@H]1NCC[C@@H]1O,,,0
,CN1C[C@H](O)[C@@H](O)[C@@H]1CO,,,0
,O=C1CONC(=O)N1,,,0
,CCc1nc(COc2ccc(C(=O)NC[C@H]3CCO[C@@H]3C(C)(C)C)cc2)no1,,,0
,COc1ccc(/C=N/NC(=O)c2ccccc2O)cc1Cn1nnc2ccccc21,,,0
,N#Cc1nccnc1Sc1nnc(COc2ccc(Cl)cc2)o1,,,0
,COc1cc(Cn2cnc3c(Cl)nc(N)nc32)c(Br)c(OC)c1OC,,,0
,Cc1cccc(-c2nc(-c3cccc(C(=O)NCCN4CCCC4=O)c3)n[nH]2)c1,,,0
,CC(C)CN(NC(=O)c1cc(-c2ccccc2)no1)c1nc(C#N)ncc1Cl,,,0
,CC(C)n1cc(C(=O)c2cncc(NC(=O)c3ccc(C#N)nc3)c2)c2cncnc21,,,0
,COc1cc(C(=O)N[C@@H](CC(=O)O)c2ccccc2C)nn1-c1ccccc1F,,,0
,O=C(Nc1nc(NCc2ccccc2)nc2nc(-c3ccco3)nn12)c1ccccc1,,,0
,Cc1cccc(N2CCn3c2nc2c3c(=O)n(CCCc3ccccc3)c(=O)n2C)c1,,,0
,N[C@H]1CCN(c2cc3c(cc2F)c2nc[nH]c2c(=O)n3C2CC2)C1,,,0
,CNC(=O)c1sc2nc3ccc(OC)cc3cc2c1N,,,0
,O=C1c2ccc(O)cc2OC[C@@H]1Cc1ccc(O)c(O)c1,,,0
,NC(=O)c1cnc(N2CCCC2)c2c1[nH]c1ccc(F)cc12,,,0
,Cc1cc(C)c(Nc2nc(N)nc(N)n2)c(Br)c1,,,0
,O=C(Nc1ccc2[nH]c(=O)[nH]c2c1)[C@@H]1CC=CCC1,,,0
,Nc1nnc(C2CCN(C(=O)Nc3ccc(Cl)cc3)CC2)o1,,,0
,O=C1/C(=C/c2ccc3[nH]cnc3c2)Oc2cc(O)cc(O)c21,,,0
,NC(=O)c1cccc2c1O/C(=C\c1ccccc1O)C2=O,,,0
,Cc1ccsc1C1C(C#N)=C(N)Oc2[nH]nc(C)c21,,,0
,N#Cc1c(N)n(Cc2ccccc2)c2ncnc(N)c12,,,0
,CC(C)(C)C(=O)c1sc2[nH]c(=O)c(C(=O)O)cc2c1N,,,0
,NC(=Nc1ccccc1)Nc1nc(O)c2c(n1)CCCC2,,,0
,Nc1nc(N)c2nc(-c3ccc(O)cc3)c(-c3ccc(O)cc3)nc2n1,,,0
,Cc1cc(O)c2c(c1O)C(=O)c1cc(O)cc(O)c1C2=O,,,0
,O=C1Nc2ccccc2/C1=C1/Nc2ccc(O)cc2/C1=N\O,,,0
,O=C1Nc2ccccc2/C1=C/Nc1ccc2[nH]c(=O)[nH]c2c1,,,0
,O=C(NN=C1NCCCCN1)Nc1ccc(Cl)cc1,,,0
,CC(=O)N1N=C(c2ccc(O)cc2O)CC1c1ccc(O)c(O)c1,,,0
,Nc1nc(N2CCCCC2)c2c(n1)[nH]c1ccc(O)cc12,,,0
,CNc1nc(N)nc2c1ncn2[C@@H]1O[C@H](CSC)[C@@H](O)[C@H]1O,,,0
,Nc1ncnc2c1c(-c1ccccn1)nn2[C@@H]1O[C@H](CO)[C@@H](O)[C@H]1O,,,0
,Cc1cccc(Nc2nc(C(N)=O)n([C@@H]3O[C@H](CO)[C@@H](O)[C@H]3O)n2)c1,,,0
,Nc1ncnc2c1nc(CCc1ccccc1)n2[C@@H]1O[C@H](CO)[C@@H](O)[C@H]1O,,,0
,Cc1[nH]nc(O[C@@H]2O[C@H](CO)[C@@H](O)[C@H](O)[C@H]2O)c1Cc1ccccc1,,,0
,Nc1ccn(C2CCC(P(=O)(O)O)OC2CO)c(=O)n1,,,0
,Nc1ncnc2c1c([N+](=O)[O-])cn2[C@@H]1C=C(CO)[C@@H](O)[C@H]1O,,,0
,CN(CC(=O)Nc1ccc(S(N)(=O)=O)cc1Cl)C(=N)N,,,0
,C=CC[C@@H](O)[C@H]1OC(n2ccc(=O)c3c(N)ncnc32)[C@H](O)[C@@H]1O,,,0
,N[C@@]1(C(=O)O)C[C@H](NC(=O)c2ccc(O)cc2)[C@H]2[C@H](C(=O)O)[C@H]21,,,0
,CS(=O)(=O)O.CS(=O)(=O)O.Cc1ccc(-c2nc(C(=O)N=C(N)N)c(C)[nH]2)cc1,,,0
,CN(C)C1C(O)=C(C(N)=O)C(=O)[C@@]2(O)C(O)=C3C(=O)c4c(O)ccc(Cl)c4[C@](C)(O)C3CC12,,,0
,O=c1cc(-c2ccc(O)cc2)oc2cc(O[C@@H]3O[C@H](CO)[C@@H](O)[C@H](O)[C@@H]3O)c(O)c(O)c12,,,0
,CC1(C)CC(NC2NC=Nc3c2ncn3[C@@H]2O[C@H](CO)[C@@H](O)[C@H]2O)CC(C)(C)N1,,,0
,Cc1ncc2c(c1O)C(=O)C1=C(O)[C@]3(O)C(=O)C(C(N)=O)=C(O)[C@@H](N(C)C)[C@@H]3C[C@@H]1C2,,,0
,O=c1cc(-c2ccc(O)cc2)oc2cc(OC[C@@H]3O[C@H](O)[C@@H](O)[C@H](O)[C@H]3O)cc(O)c12,,,0
,CN(C)C1C(=O)C(C(N)=O)=C(O)C2(O)C(=O)C3=C(O)c4c(O)ccc(Cl)c4C(O)C3CC12,,,0
,C[C@@H]1c2cccc(O)c2C(=O)C2=C(O)[C@@]3(O)C(=O)C(C(N)=O)=C(O)[C@@H](N(C)C)[C@@H]3[C@@H](O)[C@@H]21,,,0
,CN(C)C1C(O)=C(C(N)=O)C(=O)C2(O)C(O)=C3C(=O)c4c(O)ccc(Cl)c4C(C)(O)C3CC12,,,0
,CN(C)[C@@H]1C(=O)C(C(N)=O)=C(O)[C@@]2(O)C(O)=C3C(=O)c4c(O)cccc4[C@](C)(O)C3C[C@@H]12,,,0
,Cc1ccc(C2CC(C)CCN2C(=O)NC2CCC(=O)N(C)C2)o1,,,0
,COc1ccc(C(=O)C#Cc2ccc(S(C)(=O)=O)cc2)cc1O,,,0
,Cc1nnc(SCC(=O)N2c3ccccc3CC2C)nc1O,,,0
,Cc1cc(C(F)(F)F)nn1Cc1ccc(C(=O)O)o1,,,0
,NC(=O)Cn1c(-c2ccc(C(F)(F)F)cc2)nc2cccnc21,,,0
,CC(C)OC1=NNC(=O)C1=Cc1c[nH]c2ccccc12,,,0
,O=C(NCc1ccccc1)c1c(O)c2cccc3c2n(c1=O)CCC3,,,0
,CC(=O)Nc1nc(-c2cccc([N+](=O)[O-])c2)cs1,,,0
,N#CN[C@H]1CCOc2ccc(-c3ncnc4[nH]ccc34)cc21,,,0
,COc1ccc(-c2cc(=O)n3ncc(-c4ccccn4)c3[nH]2)cc1,,,0
,O=C(O)c1cn2c3c(nc(O)c2n1)-c1ccc(F)cc1C3,,,0
,Fc1ccc(C2Cc3[nH]nc(-c4nnn[nH]4)c3C2)cc1F,,,0
,Cc1nc(N)nc(N)c1Oc1cccc(Cl)c1,,,0
,O=C(c1ccc[nH]1)N1CCC2(CC1)C(=O)Nc1ccccc12,,,0
,CNC1=NC(=O)[C@H]([C@H](C)c2c[nH]c3cccc(Cl)c23)O1,,,0
,Nc1cccc(-c2nnc(-c3cccnc3)[nH]2)c1,,,0
,O=C1/C(=C/c2ccc(O)cc2)Oc2cc(O)cc(O)c21,,,0
,CC1(C)CC2=NNC(=O)c3cc(F)cc4[nH]c(c2c34)C1O,,,0
,Cc1ccc(C(=N)NOC(=O)c2ccco2)cc1,,,0
,Cn1cc(C2=C(O)C(O)=CC(=O)C2=O)c2ccccc21,,,0
,Cc1ccc(C2c3[nH]c4ccccc4c3CCN2C(=O)C#Cc2ccccc2)cc1,,,0
,Cn1nc2c(c1-c1ccco1)C[C@@]1(C)[C@@H](CC[C@@H]3[C@@H]1CC[C@]1(C)[C@@H](O)CC[C@@H]31)C2,,,0
,O=C1c2ccccc2N(c2cccc(F)c2)C2c3[nH]c4ccc(O)cc4c3CCN12,,,0
,CC1=CC(=O)[C@@H]2[C@@]3(C)CCCC(C)(C)[C@@H]3[C@@H](O)C[C@]2(C)c2c1ccc(C)c2O,,,0
,C[C@H]1Cc2c([nH]c3cc(Cl)c(F)cc23)-c2c3cc(Cl)ccc3nc(=O)n21,,,0
,Fc1ccc2c(c1)C1C=CCC1C(c1cc3c(cc1Br)OCO3)N2,,,0
,Cc1[nH]c2ccc(Br)cc2c1/C=C1\Oc2cc(O)cc(O)c2C1=O,,,0
,N#Cc1cccc(C2=Nc3ccc(C#Cc4ccc(F)cc4F)cc3NC(=O)C2)c1,,,0
,COc1c2c(c(C)c3c1C(=O)OC3)O[C@@]1(C)CC[C@H]3C(C)(C)[C@@H](O)CC[C@]3(C)[C@H]1C2,,,0
,O=C1CCCC2=C1C(c1ccc(F)c(Br)c1)C1=C(O)CSCC1=N2,,,0
,CC(=O)O/N=C1C(=C2/C(=O)Nc3cc(Br)c(C)cc32)/Nc2ccccc2/1,,,0
,Cl.Oc1ccc2c3c1O[C@H]1c4nc5ccccc5cc4C[C@@]4(O)[C@@H](C2)N(CC(F)(F)F)CC[C@]314,,,0
,Nc1c2c(nc3c1C(c1cccc(Br)c1)n1c(=O)c4ccccc4c(=O)n1-3)CCCC2,,,0
,CC1(C)[C@H]2Cc3c(O)cccc3[C@]1(C)CCN2C(=O)C12CC3CC(CC(O)(C3)C1)C2,,,0
,CN1C(=O)C2(N=C1N)c1cc(-c3ccccc3)ccc1OC21CCc2ccccc2CC1,,,0
,O=C1c2ccccc2-c2nc3[nH]c(=O)[nH]c(=O)c3c(-c3ccc(F)c(Br)c3)c21,,,0
,Cc1cc2c(cc1Cl)SC(/N=C(/N)Nc1ccc(Cl)cc1)=NS2(=O)=O,,,0
,N[C@H]1Cn2c(nc3ccc(F)cc32)C[C@@H]1c1cc(F)c(F)cc1F.O=C(O)C(F)(F)F,,,0
,Cc1c2c(n3c1CCCN1CCC[C@@H](C1)Nc1cc-3ccc1C(N)=O)CC(C)(C)CC2=O,,,0
,O=C1Nc2c(Br)cccc2/C1=C1/Nc2cc(Br)ccc2C1=O,,,0
,CC[C@H](C(=O)OCc1ccccc1)[C@H](CO)Cc1cncn1C,,,0
,N#Cc1ccccc1OCCOCCNC1CCCC1,,,0
,CCC(CC)(CO)CN(C)C(=O)[C@H](C)n1ccnc1C,,,0
,OCCn1nccc1C1CCN(CCOc2ccccc2)CC1,,,0
,CCCN(CC1CC1)C(=O)CN1CCCC1c1cnn(C)c1,,,0
,O=C(CCOc1ccc(Cl)cc1)NCCCn1cccn1,,,0
,CCCCOC(=O)CCC(=O)OCCCC,,,0
,CCN1CCN(c2ccc(C(=O)NC(C)CCOC)cc2)CC1,,,0
,COc1ccc(CCNCc2ccco2)cc1OC,,,0
,CCCc1ccc(OCCNC(=O)c2nn(C)cc2Cl)cc1,,,0
,N#Cc1nc(-c2cccnc2)oc1N,,,0
,O=c1nc(NCc2ccccc2)s[nH]1,,,0
,CCCn1ncc(SC)c(O)c1=O,,,0
,c1cncc(-c2cc[nH]n2)c1,,,0
,O=C1CS/C(=N/N=C\c2ccco2)N1,,,0
,C[C@@H]1c2ccccc2CN1CC1=NCCN1,,,0
,CC1(C)C(C(=O)NO)C1(C)C,,,0
,CNc1cc(=O)n(C)nc1-c1ccccc1,,,0
,CC(=O)OCCc1sc(N)nc1C,,,0
,Cc1ccc(C2COCCN2)o1,,,0
,O=C(O)C1NCC12CCCCC2,,,0
,CC1=NNC(C)N=N1,,,0
,Oc1ccc(-n2cncn2)cc1,,,0
,CN[C@@H]1CCCC[C@H]1C(=O)O,,,0
,Oc1n[nH]c2ccccc12,,,0
,CC1(C)[C@@H]2C[C@@H](O)[C@@](C)(O)[C@H]1C2,,,0
,O=C(NO)C1CC2C=CC1C2,,,0
,C=CCn1cnnc1S,,,0
,CC1CCCC(N)=N1,,,0
,COc1cccc(O)c1O,,,0
,CC[C@]1(C(=O)O)C[C@H]1[C@H](N)C(=O)O.Cl,,,0
,O=C1CC[C@@H](C(=O)N/N=C/c2ccccc2)N1,,,0
,Cl.N/C(=N\O)NCCc1ccc(F)cc1,,,0
,C[C@H]1CN(c2ncnc3ccccc23)C[C@@H]1CS(N)(=O)=O,,,0
,C=CCNC(=S)NNC(=O)c1c(C)nc2sccn12,,,0
,COC(=O)[C@]1(c2cccc(OC)c2)C[C@H]1C(=O)NO,,,0
,CNS(=O)(=O)c1cc(OCC(N)=O)c(C)cc1Cl,,,0
,Nc1cccc(OCC(=O)N2CCOCC2)c1,,,0
,NC(=O)c1ccc(NC(=O)c2ncccn2)cc1,,,0
,Cc1cccc(S(=O)(=O)NCCC(N)=O)c1F,,,0
,CC[C@H](C)[C@@H](CO)NC(=O)[C@H]1O[C@@H](n2ccc(N)nc2=O)[C@H](O)[C@@H]1O,,,0
,CCCCCC#Cc1cn([C@@H]2O[C@H](CO)[C@@H](O)[C@H](O)[C@H]2O)c(=O)nc1N,,,0
,Cc1cn([C@H]2C[C@H](O)[C@](CO)(n3cc(C(C)O)nn3)O2)c(=O)[nH]c1=O,,,0
,NS(=O)(=O)c1ccc(CNC(=O)Cn2cc(F)c(=O)[nH]c2=O)cc1,,,0
,Nc1ncnc2c1ncn2[C@@H]1O[C@H](CCP(=O)(O)O)[C@@H](O)[C@H]1O,,,0
,OC[C@H]1O[C@H](OCc2cn(-c3ccncc3)nn2)[C@@H](O)[C@@H](O)[C@@H]1O,,,0
,C/C=C1/[C@H](O[C@@H]2O[C@H](CO)[C@@H](O)[C@H](O)[C@H]2O)OC=C(C(=O)O)[C@H]1CC(=O)O,,,0
,CC(C)=C[C@H]1O[C@@H](CO[C@@H]2O[C@H](CO)[C@@H](O)[C@H](O)[C@H]2O)[C@@H]2C(=O)O[C@@H]21,,,0
,O=c1ccn([C@@H]2O[C@H](COP(=O)(O)O)[C@@H](O)[C@]23CCO3)c(=O)[nH]1,,,0
,O=S(=O)(O)OC[C@H]1O[C@@H](n2cc(-c3ccccc3)nn2)[C@H](O)[C@@H](O)[C@@H]1O,,,0
,CC1(C)OC(C(N)=O)=C(C(N)=O)O1,,,0
,NC(CN1C=CC(=O)C(O)C1)C(=O)O,,,0
,OC[C@]1(c2ccc(O)cc2)NC[C@H](O)[C@H]1O,,,0
,NC1(C(=O)O)CC(C(=O)O)C(C(=O)O)C1,,,0
,O=C(O)C1=NO[C@H]2[C@@H]1CN[C@@H]2C(=O)O,,,0
,CNC1=N[C@@H]2[C@H](F)[C@H](O)[C@@H](CO)C[C@@H]2O1,,,0
,N[C@@H](CP(=O)(O)O)C(=O)O,,,0
,N[C@H](CP(=O)(O)O)C(=O)O,,,0
,CC(=O)NC=C1C(=O)NC(=O)NC1=O,,,0
,Cn1nnc(O)c1CC(N)C(=O)O,,,0
,O=c1[nH]cnc2c(CN(CCO)CCO)c[nH]c12,,,0
,CC1=N[C@H](CSCCC(N)C(=O)O)[C@@H](O)[C@H]1O,,,0
,Cl.N[C@@H](CO)C(=O)N[C@@]1(C(=O)O)CC[C@H]2[C@H](C(=O)O)[C@H]21,,,0
,OCc1ccc(-c2cn(C[C@@H]3NC[C@@H](O)[C@H]3O)nn2)cc1,,,0
,NS(=O)(=O)CCNC(=O)/C(Cc1ccc(O)cc1)=N/O,,,0
,CC(O)COc1ccc([As](=O)(O)O)cc1N,,,0
,CCNc1[nH]c(=O)n(O)c(=O)c1C(=O)NCCCl,,,0
,COC(=O)[C@@H](CO)[C@H]1[C@H](O)C[C@](C)(O)[C@H]1C(=O)O,,,0
,O=C(O)c1ccc(CS(=O)(=O)NCB(O)O)cc1,,,0
,NC(=S)c1cn(COC(CO)CO)c2ncnc(N)c12,,,0
,N[C@@H](CO)C(=O)N1Cc2ccccc2C[C@H]1C(=O)O,,,0
,C#CCc1cn([C@H]2CC(O)C(CO)S2)c(=O)[nH]c1=O,,,0
,CC(C)N(CCO)C(=O)N1C[C@@H](N)[C@@H](C(=O)O)C1,,,0
,Cc1ccc(S(=O)(=O)NC(=O)NCC(N)=O)cc1,,,0
,Cc1ccc(C(=O)NCCNS(C)(=O)=O)c(=O)[nH]1,,,0
,CCCCNC(=S)N1CC[C@@H](O)[C@H](O)[C@H]1CO,,,0
,CNC(=O)CNC(=O)c1nccc(O)c1O,,,0
,CCCCC[C@]1(CO)NC[C@H](O)[C@@H](O)[C@@H]1O.Cl,,,0
,C#C[C@]1(CO)O[C@@H](n2cc(CC)c(=O)[nH]c2=O)C[C@@H]1O,,,0
,C[C@H]1C[C@H](n2cnc(C(N)=O)n2)O[C@@H]1CO,,,0
,C/C=C/C=C/C=C/C[N+](C)(C)CCCCCCCCCCCCCCCC,,,0
,C=CCc1ccc(OCCCCCCCCCCCCCCCC)c(OC)c1,,,0
,CCCCCCCCCCCCCCCCCC(Cc1ccccn1)OC,,,0
,N#CCCCCCC/C=C\CCCCCCCCCCCc1ccc(C=O)[nH]1,,,0
,N#CCCCCCCCCCCCCCCCCCCc1ccc(C=O)[nH]1,,,0
,COc1ccc(COC(=O)c2ccc(-c3ccc(Cl)cc3[N+](=O)[O-])o2)cc1,,,0
,O=C1COc2ccc(C(=O)COC(=O)c3cc(S(=O)(=O)NCc4ccccc4)ccc3O)cc2N1,,,0
,O=C(c1cccc(F)c1)N1CCC(F)(F)C(Oc2ccc3ccccc3n2)C1,,,0
,COc1ccc2sc3nnnc-3c(O)c2c1,,,0
,O=P(O)(O)C(NCc1ccc(F)cc1)P(=O)(O)O,,,0
,Cc1cc(NC(=N)N)ccc1C(=O)Oc1ccc(CC(=O)O)n2ncnc12,,,0
,Nc1cc(=O)[nH]c(SCC(=O)Nc2nc3ccc(S(N)(=O)=O)cc3s2)n1,,,0
,NC(=O)c1sc2nccc(N3CCC[C@H](COCC(=O)N4CCOCC4)C3)c2c1N,,,0
,COc1cc2c(cc1OC)C(c1ccc(S(N)(=O)=O)cc1)N(S(N)(=O)=O)CC2,,,0
,C[C@H](Cc1ccccc1)Nc1ncnc2c1ncn2C1OCC(O)C(O)C1O,,,0
,CN(N(C)S(=O)(=O)c1ccc(O)c(O)c1)S(=O)(=O)c1ccc(O)c(O)c1,,,0
,COc1cc(CNC(=O)c2cnc3c(=O)[nH]c(N)nc3n2)cc(OC)c1OC,,,0
,C#C[C@@]1(O)[C@@H](CO)O[C@@H](n2cnc3c(NC4CCCC4)nc(Cl)nc32)[C@@H]1O,,,0
,CCC(C)NC(=O)NC1C(NC(=O)NC(C)CC)N(C)C(=O)N1C,,,0
,CC(OC(=O)c1ccc(NS(=O)(=O)c2ccc3[nH]c(O)nc3c2)cc1)C(N)=O,,,0
,CC(C)[C@@H]1NC(=O)Cc2csc(n2)NC(=O)[C@H](CC(=O)O)NC(=O)CNC(=O)[C@H](CCCN=C(N)N)N(C)C1=O,,,0
,NC(=O)[C@@H]1C[C@H](NC(=O)C(F)(F)F)CN1C(=O)[C@H](N)CCC/N=C(\N)N[N+](=O)[O-].O=C(O)C(F)(F)F,,,0
,Nc1nc(N2CCNCC2)nc2c1ncn2[C@@H]1O[C@H](COP(=O)(O)CP(=O)(O)O)[C@@H](O)[C@H]1O,,,0
,COc1ccc(-c2cc(=O)c3c(O)cc(O[C@@H]4O[C@H](CO[C@@H]5OC[C@@H](O)[C@@H](O)[C@@H]5O)[C@@H](O)[C@H](O)[C@H]4O)cc3o2)cc1O,,,0
,CCN(CC)CC.N[C@@H]1[C@H](OP(=O)(O)OP(=O)(O)O)[C@@H](CO)O[C@H]1n1ccc(=O)[nH]c1=O,,,0
,CC(C)[C@@H]1NC(=O)c2cccc(c2F)CNC(=O)[C@H](CC(=O)O)NC(=O)CNC(=O)[C@H](CCCN=C(N)N)N(C)C1=O,,,0
,NCCCC[C@H](N)C(=O)N[C@H]1CSSC[C@@H](C(=O)O)NC(=O)[C@@H]2CCCN2C(=O)[C@H](CC(=O)O)NC1=O,,,0
,CC[C@@H]1NC(=O)c2cccc(c2)CNC(=O)[C@H](CC(=O)O)NC(=O)CNC(=O)[C@H](CCCN=C(N)N)N(C)C1=O,,,0
,O=P(O)(O)CN1CCN(CP(=O)(O)O)CCN(CP(=O)(O)O)CCN(CP(=O)(O)O)CC1,,,0
,CC(C)(O/N=C(\C(=O)N[C@@H]1C(=O)N(S(=O)(=O)O)[C@@H]1Cn1ccc(N)n1)c1csc(N)n1)C(=O)O,,,0
,C[C@@H]1O[C@H](C[N+](C)(C)C)C[C@@H]1F,,,0
,OC1CSCc2ccccc21,,,0
,Cc1cn(-c2ccccc2)c(O)n1,,,0
,COc1ccc2c(c1)CNC(=O)C(C)C2,,,0
,CN1CCC1c1cccnc1,,,0
,CC1OC2(CS1)CN1CCC2CC1,,,0
,CC1(C)CC(=O)C(C)(C)N1O,,,0
,Cc1ccc(C=O)cc1,,,0
,CN1CCC(c2ccncc2)CC1,,,0
,CCn1ncc(-c2ccccc2)n1,,,0
,CCNC(=O)[C@H]1O[C@@H](n2cnc3c(N)nc(N4CCN(c5ccc(OCCOC)cc5)CC4)nc32)[C@H](O)[C@@H]1O,,,0
,CC(=O)NCc1ccccc1CNc1ncnc2c1ncn2[C@@H]1O[C@H](COS(N)(=O)=O)[C@@H](O)[C@H]1O,,,0
,CC(=O)N[C@@H](CC(=O)O)C(=O)NC1N=C(c2ccccc2)c2ccccc2N(CC(=O)N[C@H]2CC(=O)OC2O)C1=O,,,0
,C#CCOc1ccc(C[C@H](N)C(=O)N[C@H]2[C@@H](O)[C@H](n3cnc4c(N(C)C)ncnc43)O[C@@H]2CO)cc1,,,0
,CCNC(=O)[C@H]1O[C@@H](n2cnc3c(N)nc(NCCN4CCN(c5cccc(F)c5F)CC4)nc32)[C@H](O)[C@@H]1O,,,0
,COc1cc(/C=C/c2ccc(O)cc2)cc(O[C@@H]2O[C@H](CO[C@@H]3OC[C@](O)(CO)[C@H]3O)[C@@H](O)[C@H](O)[C@H]2O)c1,,,0
,COc1cc(/C=C/C(=O)C2(CCN3CCOCC3)CCOC2=O)ccc1O.O=C(O)C(O)C(O)C(=O)O,,,0
,CCNC(=O)C1OC(n2cnc3c(N)nc(NCCc4ccc(CCC(=O)O)cc4)nc32)C(O)C1O,,,0
,CC(C)C[C@H](Cl)C(=O)NS(=O)(=O)OC[C@H]1O[C@@H](n2cnc3c(N)nc(Cl)nc32)[C@H](O)[C@@H]1O,,,0
,CCN(CCNS(=O)(=O)c1ccc(C#N)cc1)C[C@H]1O[C@@H](n2cnc3c(N)ncnc32)[C@H](O)[C@@H]1O,,,0
,CNc1ncnc2c1ncn2C1O[C@H](C(=O)O)[C@@H](O)[C@H]1O,,,0
,CN1CCC(NC(=O)[C@H]2O[C@@H](n3ccc4c(N)ncnc43)[C@H](O)[C@@H]2O)CC1,,,0
,C#CCNC[C@H]1O[C@@H](n2cnc3c(N)ncnc32)[C@H](O)[C@@H]1O,,,0
,CC[C@@]1(O)[C@H](O)[C@@H](CO)O[C@H]1n1cnc2c(N)ncnc21,,,0
,OC[C@H]1O[C@@H](n2cnc3c(NN4CCCC4)ncnc32)[C@H](O)[C@@H]1O,,,0
,[N-]=[N+]=N[C@@H]1C(n2ccc(N)nc2=O)[Se][C@H](CO)[C@H]1O,,,0
,OC[C@H]1O[C@@H](c2n[nH]c3c(N4CCOCC4)ncnc23)[C@H](O)[C@@H]1O,,,0
,C[C@H]1OC(n2cc(C(=N)NO)c3c(O)ncnc32)[C@H](O)[C@@H]1O,,,0
,CO[C@@H]1O[C@H](Cn2cc(-c3ccccc3N)nn2)[C@H](O)[C@H](O)[C@H]1O,,,0
,CCC#C[C@@]1(O)[C@@H](CO)O[C@@H](n2ccc(N)nc2=O)[C@@H]1O,,,0
,O=C(NC1CCCNC1)[C@H]1CC[C@@H]2CN1C(=O)N2OS(=O)(=O)O,,,0
,Cn1ncc2c(N)nc(N3CCn4nc([C@@H](O)CO)cc4C3)nc21,,,0
,Nc1nc(N2CCCCC2)c2ncn(C3OC(CO)C(O)C3O)c2n1,,,0
,CCCc1cn([C@H]2C[C@H](O)[C@@H](OP(=O)(O)O)O2)c(=O)[nH]c1=O,,,0
,CN(C)c1ncnc2c1ncn2C1O[C@H](C(=O)O)[C@@H](O)[C@H]1O,,,0
,OC[C@@H](O)[C@H]1O[C@@H](n2cnc3c(-c4ccccc4)ncnc32)[C@H](O)[C@@H]1O,,,0
,Cc1cn([C@@H]2O[C@H](CO)[C@H]3C[C@H](CP(=O)(O)O)O[C@H]32)c(=O)[nH]c1=O,,,0
,CCOC1OC2C(CO)OC(n3cnc4c(N)ncnc43)C2O1,,,0
,Cn1cccc1-c1ncnc2c1ncn2C1O[C@H](CO)[C@@H](O)[C@H]1O,,,0
,CN1C(=O)C(C(=O)Nc2ccc(C(N)=O)cc2)C(=O)N(C)C1=O,,,0
,FC(F)(F)c1cccc(-c2c[nH]c(-c3cc(C(F)(F)F)cc(C(F)(F)F)c3)n2)c1,,,0
,Nc1c2c(nc3c1C(c1ccc(Cl)c(Cl)c1)c1ccc4ccccc4c1O3)CCCC2,,,0
,COc1ccc2cc1Oc1ccc(cc1)CCc1ccc(c(O)c1)Oc1cccc(c1)CC2,,,0
,Cc1c(Cl)cc(C(C)(C)C)c(O)c1Cc1c(C)c(Cl)cc(C(C)(C)C)c1O,,,0
,CC(C)c1nc2c(c3c1[C@@H](c1ccc(C(C)(C)C)cc1)OC31CCCC1)[C@@H](O)CC(C)(C)C2,,,0
,C=C(C)[C@@H]1CC[C@]2(C)CC[C@]3(C)[C@@H](CC[C@@H]4[C@@]5(C)[C@@H](O)C[C@H](O)C(C)(C)[C@@H]5CC[C@]43C)[C@@H]12,,,0
,Cc1ccc2c(c1)NC(c1c(F)cccc1C(F)(F)F)C1=C(CC3(CCCC3)CC1=O)N2,,,0
,CC1(C)Cc2nc(C3CCCC3)c3c(c2[C@@H](O)C1)C1(CCCC1)O[C@@H]3c1ccc(C(F)(F)F)cc1,,,0
,O=C1/C(=C/c2cc3c(ccc4ccccc43)nc2Cl)CCc2c1[nH]c1ccccc21,,,0
,CC(C)(C)c1cc(C2=NNC(c3cc(C(C)(C)C)c(O)c(C(C)(C)C)c3)C2)cc(C(C)(C)C)c1O,,,0
,Cc1cnccc1NC(=O)N1CCC(Oc2cccc(C#N)c2)CC1,,,0
,O[C@H]1CCN(c2ccc3ncc(-c4cc5ccccc5o4)n3n2)C1,,,0
,O=C(NCc1ccc(Cl)cc1)N1CCN(C(=O)c2ccccc2)CC1,,,0
,CC(=O)N1CCC2(CC1)OCc1cc(-c3ccccc3C(=O)O)ccc1O2,,,0
,c1ccc2c(c1)CN(CCN1COc3ccccc3C1)CO2,,,0
,O=C(Nc1cccc2c1CCCC2)N1CCC2(CC1)OCCO2,,,0
,CN(C)c1cccc(-c2ccc3nnc(-c4cscn4)n3c2)c1,,,0
,O=C(Nc1ccccn1)c1ccc(C(=O)N2CCc3ccccc3C2)nc1,,,0
,CC1=NOC(=O)C1/N=N/c1ccc(Br)c(C)c1,,,0
,Cc1cnc(NC(=O)C(C)n2ccc(C(F)(F)F)n2)s1,,,0
,CC(C)(O)C#Cc1nc(N)c2ncn([C@@H]3O[C@H](CO)[C@@H](O)[C@H]3O)c2n1,,,0
,N#Cc1cn([C@@H]2O[C@H](CO)[C@@H](O)[C@@H]2O)c2ncnc(N)c12,,,0
,C[C@@]1(O)[C@H](O)[C@@H](CO)O[C@H]1n1c2ncnc(N)c2c2c(N)ncnc21,,,0
,Nc1ncnc2c1ncn2[C@@H]1C[C@H]([C@H](O)CO)[C@@H](O)[C@H]1O,,,0
,OC[C@H]1O[C@@H](n2cnc3c(N[C@H]4CCC[C@@H]4O)ncnc32)[C@H](O)[C@@H]1O,,,0
,NSc1nc(N)nc2c1ncn2C1O[C@H](CO)[C@@H](O)[C@H]1O,,,0
,CCNC(=O)[C@H]1O[C@@H](n2cnc3c(N)ncnc32)[C@H](O)[C@H]1O,,,0
,CCc1nc(N)c2ncn(C3O[C@H](CO)[C@@H](O)[C@H]3O)c2n1,,,0
,C[C@]12OC[C@](CO)(O[C@H]1n1cnc3c(=O)[nH]c(N)nc31)[C@H]2O,,,0
,C[n+]1cn(CC(=O)c2ccc(O)c(C(N)=O)c2)c2nc(N)nc([O-])c21,,,0
,C/C(=N\NC(=N)N)c1cc(/C(C)=N/NC(=N)N)c(C)nc1C.CS(=O)(=O)O.Cl.Cl,,,0
,CC(=O)Nc1cc(N(C)C)c2c(c1O)C(O)=C1C(=O)[C@]3(O)C(O)=C(C(N)=O)C(=O)[C@@H](N(C)C)C3CC1C2,,,0
,CC(=O)Nc1ccc(C(=O)Nc2ccccc2NC(=O)O[C@@H]2O[C@H](C(=O)O)[C@@H](O)[C@H](O)[C@H]2O)cc1,,,0
,CC(=O)OC[C@H]1O[C@@H](Oc2c(-c3ccc(O)c(O)c3)oc3cc(O)cc(O)c3c2=O)[C@H](O)[C@@H](O)[C@@H]1O,,,0
,CC(=O)OC[C@H]1O[C@@H](Oc2c(-c3ccc(O)c(O)c3)oc3cc(O)cc(O)c3c2=O)[C@H](O)[C@@H](O)[C@H]1O,,,0
,CC(=O)OC[C@H]1O[C@@H](Oc2cc3oc(-c4ccc(O)cc4)c(O)c(=O)c3c(O)c2O)[C@H](O)[C@@H](O)[C@@H]1O,,,0
,CC(=O)O[C@@H]1[C@@H](O)[C@@H](O)[C@H](Oc2c(-c3cc(O)c(O)c(O)c3)oc3cc(O)cc(O)c3c2=O)O[C@H]1C,,,0
,CC1(N)CCN(c2cccnc2NC(=O)c2nc(-c3nc(C(N)=O)ncc3F)cnc2N)CC1,,,0
,CCCNc1nc(N(C)C)c2c(c1O)C(=O)C1=C(O)[C@]3(O)C(=O)C(C(N)=O)=C(O)[C@@H](N(C)C)[C@@H]3C[C@@H]1C2,,,0
,CCn1c(-c2nonc2N)nc2c(C#CCN)ncc(OCCCN)c21.O=C(O)C(F)(F)F,,,0
,CC(=O)c1cc(C(=O)O)[nH]n1,,,0
,NS(=O)(=O)c1cc2ccc(O)cc2[nH]1,,,0
,O=C1NC(=O)C2(CCOc3ccccc32)N1,,,0
,O=C(O)c1cc(=O)n(O)c2ccccc12,,,0
,O=c1[nH][nH]c(=O)c2cc(N3CCCC3)ccc12,,,0
,N[C@H](C(=O)O)c1ccco1,,,0
,CC(C)C(C)c1nc2c(=O)[nH]c(=O)[nH]c2[nH]1,,,0
,CN(C)C1=NCc2cc(O)c(O)cc2N1,,,0
,O=c1[nH]c(=S)ccn1[C@H]1C=C[C@@H](CO)O1,,,0
,CCc1nc2nc(N)nc(N)c2nc1CC,,,0
,CCCCCCCCCCCCNC(=O)CCc1ccc(O)cc1,,,0
,Cc1nc(C)c(C(=O)N[C@H]2CCCc3sc(-c4ccc(F)cc4)nc32)o1,,,0
,COc1ccc(OCCC(=O)N2CCN(C)CC2)cc1,,,0
,COCCN(C(=O)COC(=O)CCOc1ccccc1C)c1c(N)n(Cc2ccccc2)c(=O)[nH]c1=O,,,0
,O=C(CNC(=O)c1cccc(C(F)(F)F)c1)N[C@@H]1CCN(CCN2CCN(C(=O)c3ccccc3F)CC2)C1,,,0
,Cc1cc(N(CCO)C2CC2)nc(C2CC2)n1,,,0
,CCOc1cc2ccc(=O)oc2cc1OCC,,,0
,COc1cccc(C(C(=O)NCC2CCCO2)N(C(=O)Cn2nnc3ccccc32)c2ccc(NC(C)=O)cc2)c1,,,0
,Cc1cc(NC(=O)c2ccc(C)c([N+](=O)[O-])c2)c(C)cc1I,,,0
,O=C(O)C1=CN(Cc2ccccc2)C=C(C(=O)O)C1c1nccs1,,,0
,CS(=O)(=O)O.Cc1ccc(C)c(-c2nc(C(=O)N=C(N)N)c(C)o2)c1,,,0
,Nc1ncc(Cl)nc1CNC(=O)Nc1ccc2[nH]c(=O)oc2c1,,,0
,Cc1ccc(C(C[N+](=O)[O-])c2c(N)nc(N)nc2N)cc1,,,0
,NC(N)=NC(=O)c1nc(Cl)c(Nc2ccccc2)nc1N,,,0
,NC(=O)Nc1cn(-c2ccc(-c3ccc(O)c(O)c3)cc2)nc1C(N)=O,,,0
,CN1Cc2c(ncnc2Nc2ccc(NS(N)(=O)=O)cc2)NC1=O,,,0
,Cc1cc(-c2csc(N=C(N)N)n2)cn1C.O=C(O)/C=C\C(=O)O,,,0
,Cn1cnc2cc(-c3cnc(N)c(N)c3)nc(NC3CC3)c2c1=O,,,0
,NS(=O)(=O)c1ccc(N/N=C2\C(=O)Nc3ccc(O)cc32)cc1,,,0
,N=C(N/C(=N/O)c1nonc1N)c1ccccc1Br,,,0
,O=C(O)/C=C/C(=O)NCc1ccccn1,,,0
,CC(C)[C@H](NC(=O)CCN1CCC(Oc2ccccc2Cc2ccccc2)CC1)C(=O)N[C@@H](CO)C(=O)N[C@@H](CC(N)=O)C(=O)N[C@@H](Cn1cc(COc2ccc(/C=C/C3=[N+]4C(=Cc5ccc(-c6cccs6)n5[B-]4(F)F)C=C3)cc2)nn1)C(N)=O,,,0
,CCc1cc2c(cc1OS(N)(=O)=O)CC[C@@H]1[C@@H]2CC[C@]2(C)[C@@H](OC(C)=O)CC[C@@H]12,,,0
,Cc1nc2ccccc2c(=O)n1NC(=O)c1c(O)nc2ccccc2c1O,,,0
,CC(=O)Nc1ccc2[nH]c(=O)n(CCC3CCCCC3)c(=O)c2c1,,,0
,C=CCN1C(=O)NC(c2ccccc2)(C(F)(F)F)S/C1=C(/C#N)c1nnc(N2CCOCC2)n1-c1ccccc1,,,0
,COc1ccc(O)c(/C=N/NC(=O)c2cc3ccc4c(c3o2)C=CC(C)(C)O4)c1,,,0
,COc1cccc(-c2nc(CS(=O)(=O)CC(=O)NCCCN3CC(C)CC(C)C3)c(C)o2)c1,,,0
,Cc1cc(F)ccc1C(=O)N1C[C@H](C2CC2)[C@@H](N)C1,,,0
,CC(Oc1ccccc1/C=N/OCc1ccccc1)C1=NCCN1,,,0
,COc1ccccc1Sc1c[nH]c2ccc(Br)cc12,,,0
,O=C(C[C@@H]1C[C@H]2c3cc(NS(=O)(=O)c4ccc(F)cc4)ccc3O[C@H]2[C@H](CO)O1)NCc1ccc(Oc2ccccc2)cc1,,,0
,CCCc1ccc(S(=O)(=O)Nc2cccc(C(=O)Nc3ccc(F)cc3)c2)cc1,,,0
,Cc1ccccc1N(C(=O)c1snc(C(N)=O)c1N)C(C(=O)NCC1CCCO1)c1ccc(F)cc1,,,0
,CO[C@@H]1O[C@H](COc2ccc(OC3CCCCC3)cc2)[C@@H](O)[C@H](O)[C@H]1Oc1ccc(C(C)C)cc1,,,0
,CC1CCCN(CC(=O)N2N=C(c3cc4ccccc4oc3=O)CC2c2ccccc2)C1,,,0
,CCC1C(=O)NCCN1C(=O)CCc1nnc(CCc2ccc(OC)cc2)o1,,,0
,Cc1cc(C)n2nc(C(=O)OCC(=O)Nc3ccc4c(c3)OCCO4)nc2n1,,,0
,Cc1cc(C)nc(N2CC3CN(C(=O)c4ccccc4-c4cccc(F)c4)CC3C2)n1,,,0
,CCCCN(CCCC)S(=O)(=O)c1ccc(C(=O)Nc2nnc(COC)o2)cc1,,,0
,CC(O)/C=C/c1ccc2ccccc2n1,,,0
,CC1(C)C=Cc2c(CO)cccc2O1,,,0
,Cc1cccc2ccccc12,,,0
,Nc1cc(Cl)cc2ncccc12,,,0
,C1CNC2(C1)C1CC3CC(C1)CC2C3,,,0
,Brc1cc2ccccc2o1,,,0
,CC(=O)c1ccc2c(c1)CCCC2,,,0
,COc1ccc(C2C=CNC=C2)cc1,,,0
,Oc1cccc(/C=N/c2ccccc2)c1,,,0
,C1C[C@@H]2[C@@H]3CC[C@H](C3)[C@@H]2C1,,,0
,Oc1ccc2occc2c1,,,0
,O=C(O)c1cccc(-c2nccs2)c1,,,0
,Nc1c2c(nc3c1CCC3)CCCCC2,,,0
,CC1CCCN(c2ccc(F)cc2N)C1,,,0
,CC[C@@H]1CNCCc2ccc(Cl)cc21,,,0
,O=c1[nH]c2ccccc2c2ccccc12,,,0
,NC1CC1/C=C/c1ccccc1,,,0
,CC1Cc2ccc(CC(=O)O)cc2C1,,,0
,c1nc(C2CCCc3ccsc32)c[nH]1,,,0
,CC(C)=NNc1nc(C)cs1,,,0
,CS(=O)(=O)c1ccc(Oc2ccc(C(F)(F)F)nn2)cc1,,,0
,CCC(=O)N1CCCN(C(=O)C2SCCc3sccc32)CC1,,,0
,Cc1sc(NC(=O)C2=COCCO2)nc1-c1ccc(F)cc1,,,0
,COc1ccccc1C1CC(=O)c2ccc3c(c2O1)OCO3,,,0
,O=C(Nc1cc(Cl)ccc1N1CCOCC1)C1CC1,,,0
,COc1ccc(Cl)c2c1CCC(CN1CCN(C)CC1)=C2,,,0
,Cc1cnn([C@H]2CCCN(S(=O)(=O)c3c(C)cccc3Cl)C2)c1,,,0
,CCn1ccnc1CN1CCn2c(Cl)ccc2[C@@H]1C,,,0
,Cc1ccc(C2CN(S(=O)(=O)c3ccc(Cl)cc3)C(=O)N2)cc1,,,0
,Br.CC1=CS(=O)(=O)CC1Sc1nc2ccccc2[nH]1,,,0
,O=C(Nc1ccc(Br)cc1)N1CCN(c2cccc3[nH]ccc23)CC1,,,0
,O=C1NC(=O)c2c1c(-c1ccc(C(F)(F)F)cc1)cc1[nH]c3ccc(O)cc3c21,,,0
,C/C(=N\NC(=O)c1cc(Br)ccc1O)c1cc2cc(F)c(F)cc2[nH]1,,,0
,Nc1ccc2c(c1)C/C(=C\c1cc(Br)c(O)c(Br)c1)C2=O,,,0
,OC[C@H]1Nc2ccc(C#Cc3ccc(F)cc3)cc2[C@H]2[C@@H]1CCN2Cc1ccc2c(c1)OCO2,,,0
,Nc1ccc2c(c1)C(=O)/C(=C/c1cc(Br)c(O)c(Br)c1)C2,,,0
,C[C@]12CC[C@@H]3c4ccc(O)cc4CC[C@H]3[C@@H]1CC[C@@H]2NS(=O)(=O)c1cccc(C#N)c1,,,0
,C[C@H]1SC(N)=N[C@@]2(c3ccc(F)cc3F)CO[C@@H](c3cccc(C#N)c3)C[C@@H]12,,,0
,O=C(O)c1cccc(C(=O)Nc2cc(Br)c(O)c(Br)c2)c1,,,0
,Cc1c([C@H](C)[C@@H]2NC[C@@H](C)C[C@H]2O)ccc2c1C[C@H]1[C@H]2CCC2=CC(=O)C=C[C@@]21C,,,0
,Oc1c(O)c(Cl)c2c(c1Cl)CCN(C(=S)NCCc1ccc(Br)cc1)C2,,,0
,O=c1cc(OS(=O)(=O)c2ccc(C(F)(F)F)cc2)c2ccc3ccccc3c2[nH]1,,,0
,CC1(C)CCN([C@H]2C3CC4CC2C[C@@](O)(C4)C3)C(=O)c2cnn(-c3cccc(Cl)c3)c21,,,0
,CCOC(=O)c1[nH]c(Br)c(-c2ccc3c(c2)OCCO3)c1Br,,,0
,CN1C/C(=C\c2ccc(O)s2)C2=NN(c3ccccc3)C(c3ccc(O)s3)C2C1,,,0
,O=c1cc(C(F)(F)F)c2cc3c(cc2[nH]1)OC[C@H](C(F)(F)F)N3CC(F)(F)F,,,0
,COC1=CC2C3Cc4ccc(OC)c(O)c4C2(CCN3C)CC1=O.ClC(Cl)Cl,,,0
,CC1NC(C(=O)N/N=C/c2ccc(Cl)c(Cl)c2)Cc2c1[nH]c1ccccc21,,,0
,Cc1ccc(C(=O)N2CCc3c(n(Cc4ccc(O)cc4)c4ccccc34)C2)cc1,,,0
,NC1=N[C@](CF)(c2cc(C#Cc3ccc4[nH]ccc4c3)ccc2F)C[C@@H](C(F)(F)F)O1,,,0
,Cn1cc(-c2ccc3nc[nH]c(=O)c3c2)cn1,,,0
,CC(=O)Nc1c(N)c2ccccc2oc1=O,,,0
,O=c1cc(N2CCNCC2)c2ccccc2o1,,,0
,O=c1cc2c(n[nH]1)-c1ccccc1OC2,,,0
,NNC(=O)c1cn2ccc3ccccc3c2n1,,,0
,O=C1NC(=O)C(c2ccc(Cl)cc2)O1,,,0
,Cc1cc(O)n2nc(C)cc2n1,,,0
,COC1=C(C)C(=O)c2cccc(O)c2C1=O,,,0
,O=C1NC(=O)C2(CCCc3sccc32)N1,,,0
,Nc1nc2ccc(C(=O)O)cc2s1,,,0
,Cc1cc(C(=O)NCCCN2CCN(C3CCCCC3)CC2)n(-c2ccccc2)n1,,,0
,CCCCCCCC1(c2ccccc2)NC(=O)N(S(C)(=O)=O)C1=O,,,0
,COc1ccc(S(=O)(=O)NCc2cccn2Cc2cccc(C)c2)cc1,,,0
,CCCCNc1sc(S(=O)(=O)CC)nc1S(=O)(=O)c1ccc(C)cc1,,,0
,COc1ccc(CN2CCC(C#N)(CNC(=O)c3cc(OC)cc(OC)c3)CC2)cc1,,,0
,Cc1cccc(-c2noc(CCCC(=O)NCC3CCCO3)n2)c1,,,0
,COc1ccccc1NS(=O)(=O)c1cc(C(=O)NCc2ccco2)ccc1C,,,0
,CCO/C(O)=C1\C(COCCN(C)C)=NC(C)=C(C(=O)OC)C1c1cccs1,,,0
,COc1cccc(N2CCN(CCCCNC(=O)c3cccc(C)n3)CC2)c1,,,0
,CC(C)Oc1ccccc1N1CCN(Cc2cccc(CN3CC(=O)NC3=O)c2)CC1,,,0
,C/C=C(\C)CN1CCC(n2nccc2NC(=O)CCOc2ccccc2)CC1,,,0
,N#Cc1nc(NCc2cccc(-c3ccc4[nH]ccc4c3)c2)c2ncn(CCCO)c2n1,,,0
,COCCNC(=O)CSc1nc(-c2ccccc2)[nH]c1-c1ccc(OC)cc1,,,0
,COCOc1ccc(-c2ncc(OC)nc2NC(=O)c2cc(C)oc2C)cc1,,,0
,Cc1cc(C)cc(COc2ccc(CCC(C)(C(=O)NO)S(C)(=O)=O)cc2)c1,,,0
,COc1ccc(CC2COC(O)C2Cc2ccc(OC)c(OC)c2)cc1OC,,,0
,O=C(O)C(CCCCn1cnc2c1NC=NCC2O)Cc1ccccc1Br,,,0
,O=C(O)CCC(=O)N[C@@H](CC(=O)O)Cc1ccc(-c2ccccc2C(F)(F)F)cc1,,,0
,CO[C@]1(C)OOC2(CC[C@H]3C[C@@H]2C3(C)C)C[C@H]1CNCCCn1ccnc1,,,0
,CN(Cc1ccc2[nH]ccc2c1)CC(O)(Cn1cncn1)c1ccc(F)cc1F,,,0
,COCCCNC(=O)CCc1nc2cccnc2n1Cc1ccccc1,,,0
,Cc1ccc(/C=C/S(=O)(=O)NCCC(=O)NCc2ccc(F)cc2)cc1,,,0
,COc1ccc(/C=C/C(=O)NCc2ccc(OC)c(OC)c2)cc1OC,,,0
,CCn1c(CNC(=O)c2ccco2)nnc1SCC(=O)c1ccccc1,,,0
,C=CCOc1c2ccc(C(=O)NCc3ccc(OC)cc3)cc2nn1C,,,0
,O=C1C=C[C@@H](OCc2ccccc2)[C@@H]([C@@H](CO)OCc2ccccc2)O1,,,0
,COc1ccc(-c2cc(C(=O)NC(C(=O)O)C(C)C)c(C)o2)cc1OC,,,0
,CN(C)CCCOc1ccc(/C=C/c2cc(=O)c(O)cn2C)cc1,,,0
,COc1cc(/C=N/Nc2ccc(C(=O)O)cc2)cc(OC)c1OC,,,0
,COc1cccc(C(=O)Nc2ccc(OCCC(N)=O)cc2)c1OC,,,0
,CN1C(=O)CC[C@@H]1C(=O)N[C@@H](CCCCCS)C(=O)Nc1ccccc1,,,0
,CC(O)CNc1nc2ccccc2n1CC(=O)NCCc1ccc(Cl)cc1,,,0
,COCCN(Cc1ccoc1)C(=O)NCCOc1ccccc1,,,0
,CCOCCCNC(=O)c1c(C)c(C(=O)OCC)n(C)c1C,,,0
,CCOC(=O)C1CCCN(CC(O)COc2ccccc2C(C)=O)C1.Cl,,,0
,CCc1cc(C(C)=O)c(O)cc1OCCCCc1nnn[nH]1,,,0
,O=C(NCCOc1ccccc1)C1CCC(=O)N(CCc2ccccn2)C1,,,0
,CC(C)n1cnnc1CCNCc1cn(CCC(N)=O)c2ccccc12,,,0
,CCOc1c(Br)cc(CNCCS(C)(=O)=O)cc1OC,,,0
,N#Cc1ccc(CN(Cc2cc(-c3ccccc3)on2)C(CO)C(N)=O)cc1,,,0
,CN(CCc1ccccc1)c1cc(C(=O)NCC2CC2)cc(N2CCOCC2)n1,,,0
,Cc1cccc(CN(CC(=O)O)Cc2ccc(C(=O)O)c(C(=O)O)c2)c1,,,0
,CCc1nccn1CCNC(=O)c1ccccc1NC(=O)[C@@H](C)CC,,,0
,COc1cc(/C=C/C(=O)N/N=C/c2ccccc2O)cc(OC)c1OC,,,0
,CCCC(=O)OCSc1ccccc1C(=O)N[C@H]1CCC[C@@H]1C(N)=O,,,0
,CN(C)CC(O)COc1ccc(Nc2nccc(Nc3ccccc3)n2)cc1,,,0
,COc1cccc(NC(=O)Cc2nnc(SCCOc3ccccc3)n2C)c1,,,0
,Cc1nn(C)c(C)c1CN(CCC(=O)Nc1nccs1)C(C)C,,,0
,CCOC(=O)c1c(C)[nH]c(C)c1C(=O)COC(=O)c1ccc(OC)cc1,,,0
,COC(=O)C[C@H](NC(=O)c1ccc(-c2cn[nH]c2)c(OC)c1)c1ccccc1,,,0
,COc1ccc(C(CNS(=O)(=O)c2ccc(NC(C)=O)c(OC)c2)N2CCCCC2)cc1,,,0
,CN1CCN(Cc2cc(Nc3ccc(N(CCCl)CCCl)cc3)n3ncc(C#N)c3n2)CC1,,,0
,COC(=O)c1cc(OCCCSc2nc(-c3ccccc3)cc(=O)[nH]2)cc(C(=O)OC)n1,,,0
,CCOc1ccc(S(=O)(=O)N(CC(=O)NCc2ccncc2)c2ccc(C)cc2)cc1,,,0
,CCS(=O)(=O)c1nc(S(=O)(=O)c2ccc(Cl)cc2)c(NCCCN2CCCC2=O)s1,,,0
,CCCN(CCC)CCNC(=O)Cn1cnc2onc(-c3ccc(Cl)cc3)c2c1=O.Cl,,,0
,C=CC(=O)N1CCC(Nc2ncnc(NC(C)C)c2C(=O)c2ccc(OCC)cc2)CC1,,,0
,CCOc1cc(NC(=O)C(C)C)c(OCC)cc1N=C(S)NCCCN1CCOCC1,,,0
,CCOc1ccc(CCNC(=O)COC(=O)c2nc(Cl)ccc2Cl)cc1OCC,,,0
,COc1cccc(CNc2ncc(C(=O)Nc3cc(OC)c(OC)c(OC)c3)c(C)n2)c1,,,0
,COC(=O)C(=C/c1cc(OC)c(OC)c(OC)c1)/C(=C\c1ccccc1)C(N)=O,,,0
,Cc1ccc(-n2c(CNC(=O)c3cccs3)nnc2SCC(=O)NO)cc1,,,0
,C/C(CCN1CCCCc2nc(C)c(C)cc21)=N\OC[C@@H](O)[C@@H]1O[C@@H]2OC(C)(C)O[C@@H]2[C@H]1O,,,0
,COc1cc(NC(=S)NCCCn2cncc2C)ccc1OCC(=O)N(C)C,,,0
,COc1cccc2[nH]c(C(=O)N[C@@H](CC(C)C)C(=O)N[C@H](C#N)C[C@@H]3CCCNC3=O)cc12,,,0
,COc1ccc(NC(=O)CCNS(=O)(=O)c2ccc(C)c(C)c2)cc1OC,,,0
,CN(C)c1ncc(C(N)=O)c(Nc2ccc(CC(=O)NCC(C)(C)C)cc2)n1,,,0
,O=C1NCc2cc(S(=O)(=O)NCCNC/C=C/c3ccc(-c4cccnc4)cc3)ccc21,,,0
,COc1ccc(OC)c(NC(=O)CCCNC(=O)Cn2cnc3sc(C)c(C)c3c2=O)c1,,,0
,O=C(CCNS(=O)(=O)c1cccc2nsnc12)NCc1ccccc1Cl,,,0
,Cc1ccc(CN2CCN(Cc3ccncc3)CC2=O)cc1,,,0
,O=C(COc1cccc(Br)c1)N[C@H]1CCSC1=O,,,0
,O=C(CN1CCOCC1)N/N=C/c1cccc2ccccc12,,,0
,O=C(NCc1ccc(CN2CCOCC2)cc1)C1CC1,,,0
,CCCc1cc(C(=O)N2CCC3(CCCN(CCO)C3=O)C2)cs1,,,0
,CN1CCc2ncnc(N3CCC[C@@H]3CCc3ccccn3)c2C1,,,0
,O=C(NC1CCOCC1)C1CCC(=O)N(CCc2cccc(F)c2)C1,,,0
,CN(C)c1nc(CS(=O)(=O)c2ccccc2)cs1,,,0
,C/C(COc1ccccc1)=N\N=C1\SC(C)C(=O)N1C,,,0
,CC(C)[C@H](NC(=O)Cc1cccc(F)c1F)c1ncnn1C,,,0
,CCn1cc(CN2CCN(CC(O)c3ccc(C)cc3C)CC2)c(C)n1,,,0
,CCNC(=O)CSc1nc2ccccc2c(=O)n1-c1cccc(OC)c1,,,0
,CCCCOc1ccc2c(N3CCNCC3)cc(=O)oc2c1C,,,0
,Cc1nn(C)c2nc3cc(CO)ccc3c(NCCCN(C)C)c12,,,0
,CCCCC1CN(c2nc(-c3ccncc3F)cc(=O)n2C)CCO1,,,0
,CCC(CNC(=O)C1CC2CCC1O2)Oc1cccc(F)c1,,,0
,CCOC(=O)C(Cc1ccc(N)cc1)N1C(=O)c2ccccc2C1=O,,,0
,COc1ccc(S(=O)(=O)C(C)(CC=C(C)C)C(=O)NO)cc1,,,0
,CN1CCN(CC(=O)NN(Cc2ccccc2)c2ccccc2)CC1,,,0
,CCCCN1CC[C@@H](N(C)c2ncnc3[nH]ccc23)C1,,,0
,O=c1[nH]c(=O)n(OCCO)c(Sc2ccccc2)c1/C=C/c1ccccc1,,,0
,CSc1cccc(CNC(=O)CC2C(=O)NCCN2CC(C)(C)C)c1,,,0
,COc1ccc(CNCc2ccnc(N3CCOCC3)c2)c(OC)c1,,,0
,CN(C)CCN(C)C(=O)C1CCCN1C(=O)OCc1ccccc1,,,0
,COc1ccc(N(CC(=O)NCC#N)Cc2ccco2)cc1F,,,0
,Cc1ccc(OC(C)C)c(CN(CCO)CCO)c1.Cl,,,0
,O=S(=O)(c1ccc(NCCn2ccnc2)cc1)N1CCCC1,,,0
,O=C(NCCc1ccccc1)C1CCCN(S(=O)(=O)c2cccnc2)C1,,,0
,COc1ccc(S(=O)(=O)N[C@@H]2C3CCN(CC3)[C@@H]2Cc2cccnc2)cc1,,,0
,O=C(CCNC(=O)c1ccc(Br)cc1)NCc1ccccn1,,,0
,CC(Oc1ccccc1)C(=O)N[C@@H]1C(=O)N2[C@@H]1SC(C)(C)[C@@H]2C(=O)OCc1ccccc1,,,0
,C[C@@H](c1ccncc1)N(C)Cc1cc(-c2ncccn2)ccc1OCC(=O)O,,,0
,CCCCCS(=O)(=O)NC(=O)C(=O)N1CCC(COc2ccccc2C(C)(C)C)CC1,,,0
,COc1ccccc1C1C(C(=O)C(C)(C)CO)C(=O)C(=O)N1c1ccc(SC)cc1,,,0
,O=C(CC1CC2CCC1C2)OC[C@H]1OC(=O)N[C@@H]1CN1CCN(c2ccccc2)CC1,,,0
,COc1ccc(S(=O)(=O)N2CCOCC2)cc1NC(=O)CC(C)c1ccccc1,,,0
,SC(COCc1ccccc1)CN1CCN(Cc2ccc3c(c2)OCO3)CC1,,,0
,COc1cc(/C=N/NC(=O)CSc2ccccn2)ccc1OC(C)C,,,0
,O=C(CSc1nnc(-c2ccco2)n1CC1CCCO1)NC1CCCC1,,,0
,COc1ccccc1N1CCN(CC(O)COc2ccc(C)c(C)c2)CC1.Cl,,,0
,O=C1NC(=O)[C@H](Cc2ccccc2)N1,,,0
,O=C(C1CCCN(C2CCNCC2)C1)N1CCCC1,,,0
,CC(=O)CCn1[nH]c(=O)c(Cl)c(Cl)c1=O,,,0
,S=C(NCc1ccco1)N1CCOCC1,,,0
,CN(C)C(=O)N(CCCl)N=O,,,0
,O=C(O)[C@@H]1C[C@H](Oc2ccc(Cl)cn2)CN1,,,0
,Oc1ccccc1CN1CCNCC1,,,0
,CC1CCCN(Cc2cc(=O)n(C)c(=O)n2C)CC1,,,0
,C[C@H](C(=O)N1CCN(C)CC1)C(C)(F)F,,,0
,COc1cc(CCO)ccc1O,,,0
,COC(=O)[C@H](CCC(=O)NO)NC(=O)CCCCC(=O)Nc1ccccc1,,,0
,C[C@@H](CCO)C(=O)O[C@H]1CC(=O)C=C2C=C[C@H](C)[C@H](CC[C@@H](O)C[C@@H](O)CC(=O)O)[C@H]21,,,0
,NCCCNCCCCNCCCN1C(=O)c2cccc3cc(N)cc(c23)C1=O,,,0
,CCCNCC(O)COc1ccc(C(=O)NCCc2ccc(S(N)(=O)=O)cc2)cc1,,,0
,CO[C@@H](CC[C@H](C)[C@@H](OC(=O)C[C@@H](O)[C@@H](C)O)[C@@H](O)C(=O)O)c1cccc(O)c1,,,0
,CC#CCOc1ccc(S(=O)(=O)N[C@@H](C(=O)NO)c2ccc(OCCNC)cc2)cc1,,,0
,COc1cc(Cc2cnc(N)nc2N)cc(OCCCCCC(N)=O)c1OC,,,0
,COc1cc(C(=N)N)ccc1OCCN(C)CCOc1ccc(C(=N)N)cc1OC,,,0
,Cc1ccc(C(C)C)cc1OC(=O)CCC(=O)N[C@@H](CCCNC(=N)N)C(=O)O,,,0
,CCCCCCCCc1ccc(O[C@@H]2O[C@H](COS(=O)(=O)O)[C@@H](O)[C@H](O)[C@H]2O)cc1,,,0
,Cc1cnc(C)c(CCC2CCN(S(=O)(=O)CC3(N(O)C=O)CCOCC3)CC2)c1,,,0
,CC(C)c1ccc(N(CC(=O)NCCCN2CCOCC2)S(=O)(=O)c2ccccc2)cc1,,,0
,COc1ccc(C(=O)Nc2ccc(S(=O)(=O)N[C@@H](C(=O)O)C(C)C)cc2)cc1,,,0
,O=C(NCc1ncccc1F)c1cnn(CCNCc2nc3ccccc3[nH]2)c1,,,0
,COc1cc(CC(=O)NCC(COC(C)=O)Cc2ccccc2)ccc1O,,,0
,CO/C(S)=N/NC[C@H]1CN(c2ccc(OCCN3CCSCC3)c(F)c2)C(=O)O1,,,0
,O=C(CSc1nnc(C2CC2)n1-c1ccccc1)NCCN1C(=O)CSC1=O,,,0
,CN(CCOCCNC(=S)NC(=O)c1cccc([N+](=O)[O-])c1)Cc1ccccc1,,,0
,CCc1ccc(-c2ccc(S(=O)(=O)N3CCC[C@H]3C(=O)N[C@H](C#N)CC(N)=O)cc2)cc1,,,0
,Cc1ccc(C(=O)NCCN(CCN2CCOCC2)C(=O)c2ccc(C)s2)s1,,,0
,COc1ccc(CNC(=O)CN(Cc2ccc(F)cc2)C(=O)c2csnn2)cc1,,,0
,CCc1ccccc1N(CC(=O)NC1CCCCC1)C(=O)CNC(=O)c1ccco1,,,0
,CCOc1ccc(S(=O)(=O)NCC2CCCO2)cc1NC(=O)c1ccccc1F,,,0
,CON(C)CC(O)Cn1cc(NC(=O)C2CC2c2ccc(Br)cc2)cn1,,,0
,CCc1c(C(=O)C(N)=O)c2c(OCC(=O)OC)cccn2c1C/C=C/c1ccccc1,,,0
,CCCS(=O)(=O)NCc1ccc2c(c1)C(Cc1ccccc1)C(NC1(C#N)COC1)CC2,,,0
,CNC(=O)c1cc(C(=O)NCCCC2CCCNC2)cn(Cc2ccccc2)c1=O.Cl,,,0
,O=C(COC(=O)CCCc1nc2ccccc2s1)NC(=O)NCc1ccco1,,,0
,CCOC(=O)c1c(C)[nH]c(C(=O)COC(=O)CNC(=O)c2ccc(Cl)cc2)c1C,,,0
,Cc1cc2cc(C#N)c(NCCN=C(S)NCCCN3CCOCC3)nc2cc1C,,,0
,Cc1cccn2c(=O)c3cc(C(=O)N4CCc5ccccc54)n(C)c3nc12,,,0
,O=C1C(Br)=CC(=NS(=O)(=O)c2ccccc2)C=C1Br,,,0
,O=C1CCc2cc3c(c4c5cc(CN6CCOCC6)ccc5n1c24)CCNC3,,,0
,c1cncc(-c2cc(N3CCN4CCC[C@@H]4C3)nc(-c3ccncc3)n2)c1,,,0
,Cc1ccccc1[C@H]1CCN(C[C@@H]2Cc3cccnc3[C@@H](O)C2)C[C@@H]1O,,,0
,Cc1cccc2c1OCC(NC(=O)N1CCCC1C1COCCC1(C)O)C2,,,0
,COc1ccc2c(c1)[C@@]1(CCN(S(=O)(=O)c3ccc(F)c(C)c3)C1)C(=O)N2C,,,0
,O=C(C1CCCN1S(=O)(=O)c1cccc2cccnc12)N1CCc2ccccc21,,,0
,c1ccc2c(c1)CCc1c-2[se]c2c(N3CCCC3)nnnc12,,,0
,O=C(O)CSc1ncnc2cc(I)sc12,,,0
,C=CS(=O)(=O)N1CCC[C@@H]2CN3CCc4cc(OC)ccc4[C@@H]3C[C@@H]21,,,0
,Cc1c(C(=O)N2CCC(C(F)(F)F)CC2)ccn1-c1nc2c(c(=O)[nH]1)CCC2,,,0
,Cc1ccc(C2C([N+](=O)[O-])C3CCCN3[C@@]23C(=O)Nc2ccccc23)cc1,,,0
,COC(=O)C1C(O)CC[C@@H]2CN3CCc4c([nH]c5ccccc45)C3C[C@@H]12.Cl,,,0
,Cl.Cn1nc(C2CCN(C(=O)CN3CCCCC3)CC2)c2cccnc21,,,0
,C=C1C(=O)[C@@]23C[C@H](OC(C)=O)[C@@H]4C(C)(C)CC[C@H](O)[C@@]4(C)C2=C[C@@H](O)[C@@H]1C3,,,0
,CC1Sc2c(C(=O)O)c(=O)c3cc(F)c(N4CCCNCC4)cc3n21,,,0
,CCc1cc2c(N3CCN(C(=O)CC(F)(F)F)CC3)ncnc2s1,,,0
,Cc1nc(C)c(/C=C/C(=O)N2CCC=C(I)C2=O)nc1C,,,0
,O=C(NC(=S)N1CCOCC1)c1cn(-c2ccccc2)nc1-c1ccccc1,,,0
,CC(=O)NC[C@@H]1OC(=O)N2c3ccc(N4CCN(Cc5ccncc5)CC4)cc3OC[C@@H]12,,,0
,CC(=O)Nc1ccc(S(=O)(=O)N2CCN(C(=O)c3ccccc3F)CC2)cc1,,,0
,COc1cccc(Cn2c(=O)n(C)c(=O)c3cc(S(=O)(=O)NC4(C)CC4)ccc32)c1,,,0
,CN(C)S(=O)(=O)N1CCc2c(sc3ncn(CCc4ccccc4N)c(=O)c23)C1,,,0
,Cc1ncc(C)n2nc(CCc3nc(N4CCC(C(F)F)C4)nn3C)nc12,,,0
,Cc1c(-c2ccc([C@H](C(=O)N(C)C)[C@H](N)C(=O)N3CC[C@H](F)C3)cc2)ccc2ncnn12,,,0
,CCOC(=O)c1ccc(N2C(=O)CC(N3CCN(C(=O)c4ccccc4)CC3)C2=O)cc1,,,0
,CC(=O)c1ccccc1-n1cc(CNCc2c(O)c(=O)cc(C)n2C)nn1,,,0
,COc1ccc2cc(C(=O)Nc3ccc4c(c3)CN(C3CCC(=O)NC3=O)C4=O)ccc2n1,,,0
,CC[C@H]1CN(C(=O)c2cnc(N3CCN(C)CC3)nc2C)CCN1C(C)C,,,0
,Cc1nc(N2CCN(C(=O)C3CCCO3)CC2)c2c3c(sc2n1)CCCC3,,,0
,O=C(c1cccn(Cc2ccc(Cl)c(Cl)c2)c1=O)N1CCOCC1,,,0
,CC(C)(C)n1cc(C(=O)O)c(=O)c2cc(F)c(N3CC4CC3CN4)cc21,,,0
,O=C(Nc1nc2ccccc2s1)c1c(O)c2cccc3c2n(c1=O)CC3,,,0
,C=C1C(=O)[C@]23C[C@H]1CC[C@H]2[C@]1(COC3=O)[C@@H](OC(C)=O)CCC(C)(C)[C@H]1CO,,,0
,CC(C)[C@H]1CN(C(=O)c2ccc(C#N)cc2)[C@H](C)CN1C(=O)[C@@](C)(O)C(F)(F)F,,,0
,CC(=O)c1ccc2c(c1)[C@H](NC(=O)c1ccc(F)cc1)[C@H](O)C(C)(C)O2,,,0
,CC(C)NC(=O)N1[C@H](C#N)[C@H](c2ccc(C#CC3CCCC3)cc2)[C@@H]1CO,,,0
,C[C@@H]1CN(C(=O)c2ccccc2)CCN1C(=O)C(=O)c1ccc2ccccc2n1,,,0
,Cc1c(Br)cc(NC(=O)N(C)S(=O)(=O)O)cc1Br,,,0
,CC1OC(OCCCCCCn2cnc3c(N(C)C)ncnc32)C(O)C(O)C1O,,,0
,NC(=O)[C@H](Cc1ccccc1)NC(=O)[C@H](CS)NC(=O)c1ccc(O)nc1,,,0
,CCOc1ccc(OCc2cn([C@H]3C[C@H](O)[C@@H](CO)O3)c(=O)[nH]c2=O)cc1,,,0
,CC(O)(CCOP(=O)(O)OP(=O)(O)O)C(F)(F)C(=O)O,,,0
,CCN(CC)CCCNCC(=O)Nc1cc(C)on1.O=C(O)C(=O)O,,,0
,CN(C)c1nc(NCCc2ccc(S(N)(=O)=O)cc2)nc(N(C)C)n1,,,0
,Cc1ccc(S(=O)(=O)NC(=O)NC(CCC(N)=O)C(=O)O)cc1,,,0
,CC(=O)OC[C@H]1O[C@@H](OCCc2ccc(O)cc2)[C@H](O)[C@@H](OC(C)=O)[C@@H]1O,,,0
,CCCOc1ccc(Cc2c(O[C@@H]3O[C@H](CO)[C@@H](O)[C@H](O)[C@H]3O)n[nH]c2C)cc1,,,0
,O=C(NC[C@]1(O)CO[C@H](CNS(=O)(=O)c2ccccc2)[C@H]1O)c1ccccc1,,,0
,CCOc1ccccc1N(CC(=O)NCCOC)C(=O)CCC(=O)Nc1ccccn1,,,0
,CCN(CC)CCCNC(=O)CCC(=O)NNc1nc2ccccc2c2nc(C)nn12,,,0
,COCCOc1cc2ncnc(Nc3ccc(B(O)O)cc3)c2cc1OCCOC,,,0
,COc1ccc(CCNCC(O)COc2ccc(NS(C)(=O)=O)cc2)cc1OC,,,0
,N#Cc1cnc(CCc2ccccc2)nc1NCCCNC(=S)NCCC(=O)O,,,0
,COc1cc(Nc2c(NCCCCCC(=O)NO)c(=O)c2=O)ccc1N(C)C,,,0
,COCCNC(=O)c1onc(CSc2ccncc2)c1C(=O)NCCOC,,,0
,CNC(=O)[C@H](Cc1ccc(OC)cc1)NC(=O)C(CC(C)C)NC(C)P(C)(=O)O,,,0
,COCCOc1cc2c(C)c(CCC(=O)NCCN(C)C)c(=O)oc2c(C=O)c1O,,,0
,CCCCC[C@H](CN(O)C=O)C(=O)NCNC(=O)c1cncc(-c2ccccc2)n1,,,0
,CCCCCCCOc1cc(CC(P(=O)([O-])O)P(=O)(O)O)c[n+](C)c1,,,0
,OCCN(CCO)CCCCn1cnc2c(O)nc(Nc3ccccc3)nc21,,,0
,CCCCn1c(N)c(N(CCOC)C(=O)COc2ccc(OCC)cc2)c(=O)[nH]c1=O,,,0
,CC(C)[C@H](NC(=O)OCCCc1ccccc1)C(=O)NC(CC(=O)O)C(=O)CF,,,0
,CCc1n[nH]c(=O)n1CCCCCCCCn1c(CC)n[nH]c1=O,,,0
,CC(C)[C@H](NC(=O)OCc1ccccc1)C(=O)NC(CCC(=O)N(C)C)C(=O)CF,,,0
,CCOc1ccc(CN2CCNC(=O)C2CC(=O)NCCCOc2cccnc2)cc1,,,0
,COc1ccccc1OCC(=O)NCC(C)NC(=O)COc1ccccc1OC,,,0
,O=C(O)CN[C@H](CC1CCCCC1)C(=O)N1CCC[C@H]1C(=O)NCCCc1c[nH]cn1,,,0
,COc1cc([C@H](O)[C@@H](CO)Oc2c(OC)cc(CCCO)cc2OC)ccc1O,,,0
,CN(CCNCc1cn(CCCO)nn1)CCNc1ccnc2cc(Cl)ccc12,,,0
,CCCCN(CCCC)[C@H](CC(=O)NO)C(=O)N[C@@H](CC(C)C)C(=O)OC,,,0
,CCOP(=O)(CCCCNC(=S)SC[C@H](NC(C)=O)C(=O)O)OCC,,,0
,COCCN(CC(=O)NCc1ccc(OC)cc1)C(=O)CCC(=O)Nc1nccs1,,,0
,CCC(CC)(NC(=O)c1ccc(N2CC(OC)C2)c(OCC2CC2)n1)C(=O)NCCF,,,0
,CCCCC[C@@H](CN(O)C=O)C(=O)NCNC(=O)c1cc2cccc(OC)c2o1,,,0
,COc1ccc(CCN(C)CC(O)COc2ccc(NS(C)(=O)=O)cc2)cc1OC,,,0
,C=CCCOc1ccccc1C(=O)NCCNCC(O)COc1cccc2c1OCCO2,,,0
,CC(C)C[C@H](NC(=O)OCc1ccccc1)C(=O)N[C@@H](CC(C)C)C(=O)NCC=O,,,0
,CCCN(CCC)Cc1cccc(C(=O)OCCOCn2cnc3c(=O)[nH]c(N)nc32)c1,,,0
,O=C1NC(=O)C(c2ccc(Oc3ccccc3)cc2)(N(CCO)CCO)C(=O)N1,,,0
,Cc1c(Cc2ccc(OC(C)C)cc2)c(O[C@@H]2O[C@H](CO)[C@@H](O)[C@H](O)[C@H]2O)nn1C,,,0
,CCN(CCn1cccn1)S(=O)(=O)c1ccc(OCC(N)=O)cc1,,,0
,COc1ccc(C(=O)N(O)CCOC(=O)[C@@H](N)CCSC)cc1O,,,0
,CC1(C)O[C@@H]2[C@H](O1)[C@@H](CN(C/C=C\CN)CCF)O[C@H]2n1cnc2c(N)ncnc21,,,0
,C[C@](O)(CBr)CCOP(=O)(O)OP(=O)(O)O,,,0
,COC(=O)[C@H](CC(C)C)NC(=O)CC[C@H]1O[C@@H](n2cc(C)c(=O)[nH]c2=O)C[C@@H]1O,,,0
,CCCNS(=O)(=O)N[C@H]1C[C@@H](N(C)c2ncnc3[nH]ccc23)C1,,,0
,COc1ccc(CCNC(=O)C[C@H](N)C(=O)N2CCC[C@H]2C#N)cc1OC,,,0
,CN(C)c1ncnc2c1ncn2CCCCCOC(=O)NCC(=O)O,,,0
,COc1ccc(CCNCC(O)COc2c(C)cccc2C)cc1OC.O=C(O)C(=O)O,,,0
,CC(C)CCC[C@H](NC(=O)[C@@H](Cc1ccccc1)NC(=O)c1cnccn1)B(O)O,,,0
,C#CCOC(=O)NCCCC[C@H](NC(=O)OC(C)(C)C)C(=O)N[C@H](C(=O)OC)C(C)C,,,0
,CCOc1ccccc1C(=O)NCC(=O)NCC(c1ccc(OC)cc1)N1CCOCC1,,,0
,Cc1ccc(NS(=O)(=O)Cc2ccccc2)c(=O)n1CC(=O)NCCCc1c[nH]cn1,,,0
,CCCOCCn1c(=O)c(NCC(N)=O)nc2cnc(-c3ccc(OC)nc3)cc21,,,0
,O=C(NCCCC[C@H](NC(=O)c1cccnc1)C(=O)NO)OCc1ccccc1,,,0
,CCN(CC)CCNC(=O)CCCNC(=O)Cn1cnc2sc(C)c(C)c2c1=O,,,0
,CCCCNC1CC(=O)OC1C(O)C(=O)NC(CC(C)C)C1Cc2cccc(O)c2C(=O)O1,,,0
,COc1cc(NC(=S)NCCCn2cncc2C)ccc1OCCN1CCNCC1,,,0
,CCCCCCC(=O)NN/C=C1\C(=O)NC(=O)N(CCc2ccccc2)C1=O,,,0
,COc1cc(/C=C(\NC(=O)c2ccccc2)C(=O)NCCO)c([N+](=O)[O-])cc1OC,,,0
,CS(=O)(=O)NCCNC(=O)c1cnc(-n2ccc3cc(C#N)cnc32)cc1NC1CC1,,,0
,C=CCc1cccc(OC)c1OCCOCCn1ccnc1.O=C(O)C(=O)O,,,0
,Cc1cc(C(=O)N[C@@H](Cc2ccc(F)cc2)C(=O)N[C@H](C=O)C[C@@H]2CCCNC2=O)no1,,,0
,O=c1cc(-c2ccccc2)oc2cc(OCC(O)CNCCN3CCOCC3)cc(O)c12,,,0
,COc1ccc(CNC(=O)CCCNS(=O)(=O)c2ccc3[nH]c(=O)oc3c2)c(OC)c1,,,0
,O=C(O)CSc1nc(SCC(=O)O)nc(-c2cccc(C(=O)O)c2)n1,,,0
,NCCNC(=O)c1cncc(-c2cnc(Nc3cc(CN4CCOCC4)ccn3)s2)c1,,,0
,CCc1ccc(NC(=O)C[S+]([O-])CC(=O)Nc2ccc(-n3cnnn3)c(C)c2)cc1,,,0
,CCc1ccc(NC(=O)Cn2nnc(C(=O)NCCc3ccc(OC)c(OC)c3)c2N)cc1,,,0
,CCN(C(=O)COC(=O)CCOc1ccccc1)c1c(N)n(Cc2ccccc2)c(=O)[nH]c1=O,,,0
,CCCOCCn1c(=O)c(NC[C@H](C)O)nc2ncc(-c3ccc(OC)nc3)cc21,,,0
,O=C(O)CC(NC(=O)[C@H]1CCC[C@H]1NC(=O)OCc1ccccc1)C(=O)CF,,,0
,C#CCOC(=O)CC1C(C(=O)OCC#C)=C(N)Oc2ccc(-c3ccnc(OCCO)c3)cc21,,,0
,O=C[C@H](C[C@@H]1CCNC1=O)NC(=O)[C@H](Cc1ccccc1)NC(=O)c1cc2ccccc2[nH]1,,,0
,CCN(CCN(CC)S(=O)(=O)c1ccc(O)cc1)S(=O)(=O)c1ccc(O)cc1,,,0
,O=C(NCCCCCCCNc1n[n+]([O-])c2ccccc2[n+]1[O-])C(F)(F)F,,,0
,COC(=O)NCCCc1cc([C@@H](C)N(C(=O)[C@H]2CNCCO2)C2CC2)cc(OC)n1,,,0
,CCOc1cc(CNn2cnnc2)ccc1OCC(=O)NC1CCCCC1,,,0
,CC(C)C[C@H](NC(=O)CNC(=O)OCc1ccccc1)C(=O)N[C@@H](Cc1ccccc1)C(=O)CCl,,,0
,O=C(COCCOCC(=O)NCCc1c[nH]c2ccccc12)NCCc1c[nH]c2ccccc12,,,0
,CCCCN(C)C(=O)[C@H](CC1CCCCC1)NC(=O)[C@H](CC(C)C)NC(=O)C(O)(O)c1ccccc1,,,0
,CCCN(C)Cc1cc(-c2nc(-c3cc(C)c(OC[C@@H](O)CNC(=O)CO)c(CC)c3)no2)ccc1C,,,0
,COc1ccc2cc(CC/C(C)=N/OCCOC(=O)C[C@H](NC(=S)[C@H](C)N)C(=O)O)ccc2c1,,,0
,O=C(NOCc1ccccc1)[C@H](O)[C@H](O)COP(=O)(OCc1ccccc1)OCc1ccccc1,,,0
,O=C[C@H](CC(=O)O)NC(=O)CCCCCC(=O)Nc1ccc(Nc2cnc3ccccc3n2)cc1,,,0
,CCCCCNc1nc(N)nc(C)c1Cc1ccc(CC(=O)OCCCN2CCN(C)CC2)cc1,,,0
,CCOc1ccc(S(=O)(=O)NCCC(=O)NCCc2ccc(OCC)c(OCC)c2)cc1,,,0
,CCCCN(CCCC)Cc1cccc(C(=O)OCCOCn2cnc3c(=O)[nH]c(N)nc32)c1,,,0
,O=C(NCCNCC(O)COc1ccc(OCCOC2CCCC2)cc1)Nc1ccc(Cl)cc1,,,0
,C/C(=C\[C@H](C)C(=O)CCCC1CC(=O)NC(=O)C1)[C@H](O)[C@@H](C)[C@H](O)C/C=C/CC/C=C/C(=O)O,,,0
,CCCCC[C@@H](C(=O)NCNC(=O)c1ccc(-c2ccc(C)c(C(=O)O)c2)o1)[C@@H](CC)N(O)C=O,,,0
,CN(C)CC(C)(C)CNCCCOc1ccc(C[C@H](NC(=O)OCc2ccccc2)C(=O)O)cc1,,,0
,CCc1ccccc1Oc1ccccc1CCC(=O)OCCCOP(=O)(O)OC[C@H](N)C(=O)O,,,0
,O=C(O)CCCNC(=O)CCCSC[C@H](NC(=O)OCc1ccccc1)C(=O)Nc1ccccc1,,,0
,CCCCN(CCNC[C@H](O)c1ccc(O)c2[nH]c(=O)sc12)C(=O)CCOCCc1ccccc1,,,0
,CCOc1ccccc1C(=O)NCCCN1CCN(CCCNC(=O)c2ccccc2OCC)CC1,,,0
,CCCCc1cc(N[C@@H](CC(C)C)C(=O)NCCCOCC)nc(-n2cnc(C)c2)n1,,,0
,C=CC[C@@H](CC(=O)NCCO)C(=O)NC[C@H](OC(=O)[C@@H](CC=C)CC(=O)OC(C)(C)C)c1ccccc1,,,0
,Cc1ncc(-c2ccnc(Nc3ccc(S(=O)(=O)NCCN(C)C)cc3)n2)n1C,,,0
,CCCS(=O)(=O)c1c(S(=O)(=O)CCC)c2ccc(C(N)=O)cn2c1C(=O)OC,,,0
,Cc1ccc(S(=O)(=O)NCC(C)NS(=O)(=O)c2ccccc2[N+](=O)[O-])cc1,,,0
,CCOc1ccccc1CN1CCNC(=O)C1CC(=O)NCc1cc(C)n(C)n1,,,0
,COc1cc(C(=O)NCCc2ccc(S(N)(=O)=O)cc2)cc(OC)c1OC,,,0
,CCOC(=O)CNC(=O)CSc1nnc(NC(=O)c2ccc(C)cc2)s1,,,0
,CCOC(=O)N1CCN(C(=O)[C@H](CCC(=O)O)NC(=O)c2cc(-c3ccccc3)ccn2)CC1,,,0
,O=[N+]([O-])c1ccc(-c2ccc(OCCCS[C@@H]3O[C@H](CO)[C@@H](O)[C@H](O)[C@H]3O)cc2)cc1,,,0
,Cc1ccc(S(=O)(=O)NCC(=O)N(CC(=O)NCC2CCCO2)Cc2ccccc2)cc1,,,0
,COc1ccccc1CNC(=O)CCNS(=O)(=O)c1ccc2c(c1)CC(C)N2C(C)=O,,,0
,CCCCCCCC(=O)NCC#Cc1ccc2c(c1)c(=O)[nH]c(=O)n2CC=CCP(=O)(O)O,,,0
,O=C(O)CC(O)CNC(c1cccs1)c1nnnn1CCCC(=O)N1CCc2ccccc2C1,,,0
,C[C@@H](NS(=O)(=O)CCCOCn1ccc(=O)[nH]c1=O)c1cccc(OCC(C)(C)C)c1,,,0
,COc1ccccc1N1CCN(C(CNC(=O)C(=O)NCCc2ccccc2)c2cccnc2)CC1,,,0
,CCCCn1c(N)c(N(CCC(C)C)C(=O)CN2C(=O)C3CCCCC3C2=O)c(=O)[nH]c1=O,,,0
,CCc1c(-c2csc(N3CCNCC3C(=O)NCCCCO)n2)[nH]c(C)c1C(C)=O,,,0
,O=C(CNS(=O)(=O)c1ccccc1C(=O)NCCc1ccccc1)Nc1ccc(O)cc1,,,0
,CS(=O)(=O)NC(=O)COCCNc1cnc(-c2ccccc2)c(-c2ccccc2)n1,,,0
,Cc1c(CC(=O)NCCO[N+](=O)[O-])cc(-c2ccc(S(N)(=O)=O)cc2)n1-c1cccc(F)c1,,,0
,COc1ccc(CCN(CCC(=O)NO)S(=O)(=O)c2ccc(OC)cc2)cc1,,,0
,CC(CCc1ccc(OCc2nc(C3CCC3)no2)cc1)(C(=O)NO)S(C)(=O)=O,,,0
,CCCn1c(N)c(C(=O)CN(Cc2ccccc2)c2ccc(OC)cc2)c(=O)n(C)c1=O,,,0
,CN(CCCc1ccc2c(c1)OCO2)c1nc(NCCc2ccc(O)cc2)nc(N2CCNCC2)n1,,,0
,N#Cc1ccc(N(CCCSc2ccc(OS(N)(=O)=O)cc2)n2cnnc2)cc1,,,0
,O=C(CNS(=O)(=O)NCc1cccc(Oc2ccccc2)c1)NC1CCC(C(=O)O)CC1,,,0
,COC(=O)CC[C@@H](NC(=O)CC/C(C)=C/Cc1c(O)c2c(c(C)c1OC)COC2=O)C(=O)OC,,,0
,Cc1ccc(-c2nnn(CC(=O)N(CCO)C(C(=O)NC3CCCC3)c3ccc(F)cc3)n2)o1,,,0
,CC(C)Oc1cccc(-c2ccc(CN([C@@H](C)C(=O)N[C@H](C#N)CC(N)=O)S(C)(=O)=O)cc2)c1,,,0
,COCCCn1c(SCC(=O)NNC(=O)c2cccc(O)c2)nnc1-c1ccncc1,,,0
,COC(c1ccccc1)(c1ccccc1)[C@H](Oc1nc(CO)cc(CO)n1)C(=O)O,,,0
,Cc1cc(C)cc(C(=O)NC(CC(N)=O)c2ccc(NCCN3CCOCC3)c([N+](=O)[O-])c2)c1,,,0
,COc1ccc(S(=O)(=O)NCC(=O)N(CC(=O)NCc2ccccc2)Cc2ccco2)cc1,,,0
,O=C(Cc1cc(=O)oc2cc(O)ccc12)N[C@@H](CCCCNC(=O)OCc1ccccc1)C(=O)O,,,0
,O=C(O)C(=O)O.O=[N+]([O-])c1ccccc1OCC(O)CNCCCSC1CCCCC1,,,0
,[2H]C([2H])(OC(=O)N[C@@H](CC(C)C)C(=O)N[C@H](C=O)C[C@@H]1CCNC1=O)C1CCC(F)(F)CC1,,,0
,CC(C)C[C@H](NC(=O)OC(C)C1CCC(F)(F)CC1)C(=O)N[C@H](C=O)C[C@@H]1CCNC1=O,,,0
,CN(C)CCNC(=O)c1ccc(-c2cc(-c3ccc(C(=O)NCCN(C)C)cc3)ncn2)cc1,,,0
,CCC(=O)OCC(NC(=O)c1cccc(COc2cc(O)c(C(C)=O)cc2CC)n1)C(=O)O,,,0
,C=CC(=O)NCCCC[C@H](NC(=O)Cc1cccs1)C(=O)N1CCN(c2cccc(C)n2)CC1,,,0
,CCOCCCNC(=O)C(c1ccc(Cl)cc1)N(Cc1ccc2c(c1)OCO2)C(=O)CNC(C)=O,,,0
,NCCC(=O)N1CCN(CCCOc2ccc(C(=O)C3CC3)cc2)CC1,,,0
,COCCNC(=O)CNS(=O)(=O)c1ccc(Br)c(C)c1,,,0
,O=C(COc1ccccc1Cl)NCCCNC(=O)c1cnccn1,,,0
,Cc1ncc(CO)c(CN2CCOC[C@@H]2CC(=O)NCc2cccnc2)c1O,,,0
,O=C(CNC(=O)c1cccs1)NCC(=O)OCc1ccc(F)cc1,,,0
,CNc1nc(N[C@H]2C[C@@H](c3cc(NCCO)ncn3)C2)nc2c1CCC2,,,0
,Cc1c(Cn2cc(C(=O)NCCO)c3ncccc32)ncnc1OC(F)F,,,0
,COC(=O)CNC(=O)[C@@H](NC(=O)OCc1ccccc1)C(C)C,,,0
,CC(Oc1cc(Cl)cc(Cl)c1)C(=O)NCCOCC(N)=O,,,0
,CC(C)NCC(O)COc1ccc(S(N)(=O)=O)c2ccccc12,,,0
,COc1ccc(S(=O)(=O)N(Cc2ccccc2)[C@H](CCCCN(C)C)C(=O)NO)cc1,,,0
,C/C=C/c1ccc(OCC(=O)N(CCOC)c2c(N)n(CCCC)c(=O)[nH]c2=O)c(OC)c1,,,0
,CCCCS(=O)(=O)N[C@H](CCC(=O)O)C(=O)N1CCC(CCCC2CCNCC2)CC1,,,0
,COC(=O)[C@H](CC(C)C)NP(=O)(CCCC(=O)N(C)O)N[C@@H](CC(C)C)C(=O)OC,,,0
,CCCCS(=O)(=O)NC(CC(=O)O)CC(=O)N1CCC(CCCC2CCNCC2)CC1,,,0
,CC(C)C[C@H](NC(=O)OCCSc1ccccc1)C(=O)N[C@H](C=O)C[C@@H]1CCNC1=O,,,0
,C[C@H]1[C@@H](OCCOCCOCCOCCO)O[C@@H]2O[C@@]3(C)CC[C@H]4[C@H](C)CC[C@@H]1[C@@]24OO3,,,0
,COC(=O)c1ccc(OCC(O)CN(CCO)CC(O)Cn2ccc3ccccc32)cc1,,,0
,CCOC(=O)CNC(=O)C(OC(=O)CCCN)c1cc(=O)oc2cc(N(CC)CC)ccc12,,,0
,CC[C@@H](NS(=O)(=O)CCCOCn1ccc(=O)[nH]c1=O)c1cccc(OC2CC2)c1,,,0
,O=C(CN1CCN(Cc2ccccc2)CC1)NCCNc1ccc([N+](=O)[O-])cn1,,,0
,CCCCn1c(N)c(N(CCOC)C(=O)c2ccc(C)o2)c(=O)[nH]c1=O,,,0
,O=C(c1ccc2c(c1)C(=O)N(CCCO)C2=O)c1ccc2c(c1)C(=O)N(CCCO)C2=O,,,0
,CCOC(=O)C(NS(=O)(=O)c1ccc(NC(C)=O)c(Cl)c1)C(=O)OCC,,,0
,Cc1ccc(NS(=O)(=O)Cc2ccccc2)c(=O)n1CC(=O)NCc1c[nH]cn1,,,0
,CCN(CC)S(=O)(=O)c1cccc(C(=O)N[C@H](C(=O)OCC(N)=O)C(C)C)c1,,,0
,COc1ccc(OC)c(S(=O)(=O)N(CCC(=O)N2CCNCC2)C[C@H]2CCCO2)c1,,,0
,COC(=O)CSc1ccc2nnc(CCNS(=O)(=O)c3ccccc3)n2n1,,,0
,C=CCN(C(=O)CCC(=O)O)C1CC(=O)N(c2ccc(OC)cc2)C1=O,,,0
,COc1cc2[nH]c(=O)n(CCC(=O)NCCC(C)C)c(=O)c2cc1OC,,,0
,C[C@H](Br)[C@H](C)NCC(O)CNC(=O)c1ccc([N+](=O)[O-])o1,,,0
,COc1ccc(CCNC(=O)C2CCN(S(=O)(=O)c3c[nH]cn3)CC2)cc1OC,,,0
,Cc1cccc(OCC(O)Cn2c(NCc3cccnc3)nc3c2c(=O)[nH]c(=O)n3C)c1,,,0
,COc1ccc(NC(=O)CN(C)CC(O)Cn2c(=O)c3ccccc3n(C)c2=O)cc1,,,0
,O=C(OCCOCCOCCO)c1cc(O)c2c(c1)C(=O)c1cccc(O)c1C2=O,,,0
,O=C(O)CS(=O)(=O)CN1C(=O)C(Cc2ccccc2)N(Cc2ccccc2)S1(=O)=O,,,0
,CCOC(=O)C1=C(COC(=O)COc2ccccc2C=O)NC(=O)NC1C,,,0
,CCOc1ccc(S(=O)(=O)NCCC(=O)NCC(C)(C)N2CCOCC2)cc1,,,0
,CCc1nn(CC(=O)NCCCN2CCN(CC)CC2)c(=O)c2cc3occc3n12,,,0
,CC(C)(CN1CN(CC(=O)O)CSC1=S)CN1CN(CC(=O)O)CSC1=S,,,0
,CC(C)CN(CC(C)C)C(=O)c1cncc(C(=O)N[C@@H](CC(=O)O)C(=O)CSCc2ccc(F)cc2)c1,,,0
,COc1ccc(/C=C/C(=O)c2cc(OC)c(OC)c(OC)c2)cc1OCCCCCC(=O)NO,,,0
,CCCCCN(C(=O)CCC(=O)OCC(=O)c1ccc(CCC)cc1)c1c(N)n(CCCC)c(=O)[nH]c1=O,,,0
,CCN(CC)CC(O)COc1ccc(-c2coc3cc(OCC(O)CN(CC)CC)ccc3c2=O)cc1,,,0
,COC(=O)C(C)(C)CCCOc1ccc(OCCCC(C)(C)C(=O)OC)c(/C=N/N=C(\N)S)c1,,,0
,N#C/N=C(\NCCCCCCCC(=O)N(Cc1ccccc1)OCCN1CCOCC1)Nc1ccncc1,,,0
,CCCCCc1cccc(OC)c1C(=O)O[C@@H](C(=O)O[C@@H](C)C(=O)NC/C=C(/Cl)C(N)=O)[C@@H](C)CC,,,0
,CC(C)Nc1cccnc1N(C)C1CCN(C(=O)c2cc3ccc(OCCOCCOCCO)cc3[nH]2)CC1,,,0
,CCN(CC)CCCNc1c2ccccc2[n+](C)c2c1oc1ccc(OCC(=O)NCCCN(C)C)cc12,,,0
,Cc1ccc(CCC[C@H](CC(=O)O)C(=O)N[C@@H](CC2CCCCC2)C(=O)NCCCCN2CCOCC2)cc1,,,0
,CCN(CC)c1ccc(NC(=O)CN2CCN(CC(=O)Nc3ccccc3OC)CC2)cc1,,,0
,OC(CN(Cc1cn(Cc2cccc(F)c2)nn1)C1CC1)(Cn1cncn1)c1ccc(F)cc1F,,,0
,CN(C)CCCNC(=O)c1ccc(C(=O)Nc2cccc(NC(=O)CCCN(C)C)c2)cc1,,,0
,CC(=O)Oc1cccc(COC(=O)N[C@@H](CC2CCCCC2)C(=O)N[C@H](C=O)C[C@@H]2CCNC2=O)c1,,,0
,CCC1CCCCN1CCCNC(=O)CNC(=O)c1nn(-c2ccc(OC)cc2)c(=O)c2ccccc12,,,0
,O=C[C@H](C[C@@H]1CCNC1=O)NC(=O)[C@H](CC1CCCCC1)NC(=O)OCc1ccccc1F,,,0
,COc1cc2cc(S(=O)(=O)N[C@@H](CC(=O)O)C(=O)NCCc3ccccc3)ccc2c(Cl)c1OC,,,0
,COCCCn1c(=O)c2sccc2n2c(CCCC(=O)NCc3ccc(F)cc3)nnc12,,,0
,COc1cccc(COC(=O)N[C@@H](CC2CCCCC2)C(=O)N[C@H](C=O)C[C@@H]2CCNC2=O)c1,,,0
,CC(C)OP(=O)(CO[C@H](CO)Cn1sc(NC(=O)c2ccccc2)nc1=O)OC(C)C,,,0
,CCCS(=O)(=O)N1CCC(C(=O)NCCN2CCC(Cc3ccccc3)CC2)CC1,,,0
,O=C(CCCc1c[nH]nn1)NC1CCN(C(=O)COc2cc(Cl)cc(Cl)c2)CC1,,,0
,O=C(COc1ccc(Cl)cc1)NCc1nnc(SCC(=O)NC2CCCC2)o1,,,0
,COc1ccc(CCN(C)CCCN2CCc3cc(O)c(O)cc3CC2=O)cc1OC,,,0
,CON(C)C(=O)[C@H](CNCc1ccc(C)cc1C)NC(=O)CNC(=O)c1cccc(C(F)(F)F)c1,,,0
,O=C(CN(Cc1cccs1)C(=O)CN1C(=O)COc2ccccc21)NCc1ccco1,,,0
,CCOC(=O)/C(C#N)=C\c1ccc(N(CCC(=O)O)CCC(=O)O)c(I)c1,,,0
,CCOC(=O)N1CCN(c2c(NCCCN(CC)c3cccc(C)c3)c(=O)c2=O)CC1,,,0
,COCCn1c(SCC(=O)NCCCN2CCCC2=O)nc2sc3c(c2c1=O)CCCC3,,,0
,O=C(CCS(=O)(=O)c1ccccc1)Nc1ccc(S(=O)(=O)Nc2nccs2)cc1,,,0
,C=C1C[C@@H](C(=O)Nc2ccc(F)cn2)N(C(=O)[C@H](CCCC)CN(O)C=O)C1,,,0
,CCN1CCC(CN(C(=O)[C@@H]2CCN(Cc3ccccc3)C2)c2ccc(B(O)O)cc2)CC1,,,0
,C#CCN/C(=N/S(=O)(=O)c1cc(C)c(Cl)cc1SCC(=O)c1ccccc1)NN,,,0
,COc1ccc(N(C)C(=O)[C@H](Cc2ccccc2)NC(=O)Cn2ccc(N)cc2=O)cc1,,,0
,CC(C)CNCc1ccc(S(=O)(=O)c2csc(S(N)(=O)=O)c2)cc1.Cl,,,0
,O=C(O)COc1ccc(S(=O)(=O)NNc2ccc(Br)cc2)cc1,,,0
,CCCCNC(=O)NS(=O)(=O)c1ccc(NS(=O)(=O)c2ccccc2)cc1,,,0
,O=CN(O)C(CO)CS(=O)(=O)c1ccc(Oc2ccc(OC(F)(F)F)cc2)cc1,,,0
,N#CC1(NC(=O)[C@H](Cc2ccccc2)NS(=O)(=O)c2ccccc2Cl)CC1,,,0
,CCCCCc1ccc(Cc2cc([C@@H]3O[C@H](CO)[C@@H](O)[C@H](O)[C@H]3O)ccc2Cl)nn1,,,0
,COC[C@H](NC(=O)c1cc(Cl)ccc1Cl)C(=O)N[C@@H](CC(C)C)B1OCCNCCO1,,,0
,O=C(NCc1ccccc1)C(=O)NCC(c1cccnc1)N1CCN(c2ccccc2)CC1,,,0
,O=C(NCc1ccccn1)C(=O)NCC(c1ccco1)N1CCN(c2ccc(F)cc2)CC1,,,0
,CC(C)C[C@H](CC(=O)NO)C(=O)N[C@@H](Cc1c[nH]c2ccccc12)C(=O)N(C)C,,,0
,O=C(O)CC/C(=N/NC(=O)CNC(=O)Cc1ccc(Cl)cc1)c1ccccc1,,,0
,N=C(N)c1cccc(CN2CC[C@H](NS(=O)(=O)c3ccc(-c4ccncc4)cc3)C2=O)c1,,,0
,O=C(O)[C@H](Cc1ccc(O)cc1)NC(=O)C1(NC(=O)C2(S)CCCC2)CCCC1,,,0
,O=C(N[C@@H](Cc1ccccc1)C(=O)N[C@H](CO)Cc1ccccc1)c1ccncc1,,,0
,[2H]C([2H])(c1ccc(OC([2H])([2H])C([2H])([2H])[2H])cc1)c1cc([C@@H]2O[C@H](CO)[C@@H](O)[C@H](O)[C@H]2O)ccc1Cl,,,0
,CCN(CC)c1ccc(Cc2cc([C@@H]3O[C@H](CO)[C@@H](O)[C@H](O)[C@H]3O)ccc2Cl)cc1,,,0
,COc1ccc(CNC(=O)[C@H](NC(=O)C2CCN(C(=O)[C@@H](N)CCSC)CC2)C(C)C)cc1,,,0
,Cc1ccnc(C(F)(F)CNc2ccc(C#N)c(CC(=O)NCCONC(=N)N)c2F)c1,,,0
,COc1ccccc1CNC(=O)[C@H](NC(=O)C1CCN(C(=O)[C@@H](N)CCSC)CC1)C(C)C,,,0
,O=C1N(CCCO)[C@H](Cc2ccccc2)[C@H](O)[C@@H](O)[C@@H](Cc2ccccc2)N1CCCO,,,0
,CCCCCC[C@@H]1CCN[C@H](C(=O)NC(C(C)Cl)C2OC(SC)C(O)C(O)C2O)C1,,,0
,O=C(NCC(O)CO)c1ccc2c(c1)nc(CN1CCC(CCO)CC1)n2CCc1ccccc1,,,0
,NC(=O)c1nn(CC(=O)N(CCCO)CC(=O)NCc2cccc(Cl)c2F)c2ccccc12,,,0
,CC(C)C(NC(=O)OC(C)(C)C)C(=O)NC(CCC(=O)OCc1ccccc1)C(N)=O,,,0
,CC[C@H](N[C@@H](CC(C)C)C(=O)N[C@@H](Cc1ccc(OC)cc1)C(=O)NC)P(=O)(O)O,,,0
,COCC(C)NS(=O)(=O)c1ccc(NC(=O)C(Cc2ccccc2)NC(N)=O)cc1,,,0
,CS(=O)(=O)CCCn1c(Cn2c(=O)n(CCCCO)c3ccccc32)nc2ccccc21,,,0
,COC(=O)Cc1ccc(CNC(=O)[C@@H]2CCCN2C(=O)CC(N)Cc2ccccc2F)cc1,,,0
,CN1CC(c2ccccc2OCC(=O)NCC(O)CN2CCc3ccccc3C2)C1,,,0
,CN(CC(=O)NCCc1ccc(S(N)(=O)=O)cc1)Cc1ccc(Cl)cc1Cl,,,0
,COc1ccc(C(CNC(=O)CCNS(=O)(=O)c2ccccc2)N2CCOCC2)cc1,,,0
,Cc1cc(C)cc(NC(=O)COC(=O)CCc2ccc(S(=O)(=O)N3CCOCC3)cc2)c1,,,0
,COc1ccccc1CCNC(=O)C(=O)NCC(c1ccco1)S(=O)(=O)c1ccccc1,,,0
,COC(=O)[C@H](CC(C)C)NC(=O)c1cnc(N2CC(F)(F)C2)c(OCC2CC2)n1,,,0
,NCc1ccc2c(c1)nc(Cn1c(=O)n(C3CC3)c(=O)c3ccccc31)n2CCCCO,,,0
,CCN[C@H](C(=O)NC/C=C/Cn1cnc2cc(Cl)c(Cl)cc2c1=O)[C@@H](C)O,,,0
,COc1ccc(Cl)cc1N1CCN(CCCNc2nccc(C(N)=O)n2)CC1,,,0
,CCCC[C@H]1CN(CCNC(=O)Cn2cnnn2)Cc2ccccc2O1,,,0
,CCOc1cc(CN2CCC(=O)NC[C@@H]2C)ccc1OCCn1ccnc1,,,0
,O=C(COC(=O)CNC(=O)c1ccccc1)NCCCc1ccccc1,,,0
,O=C(NCCCn1ccnc1)/C(=C/c1ccco1)NC(=O)c1ccco1,,,0
,CCCCOc1ccc(S(=O)(=O)N[C@@H](C(=O)NO)C(C)C)cc1,,,0
,CC(C)CN1CCNC(=O)[C@@H]1CC(=O)NCCc1nc(-c2ccccc2)no1,,,0
,O=C(O)/C=C\C(=O)O.O=Cc1ccc(OCCCc2c[nH]cn2)cc1,,,0
,CCCCN1C(=O)C(CC(=O)NCCCN(C)C)CC(C(=O)N2CCOCC2)=C1C,,,0
,NC(=O)C(=O)[C@H](Cc1ccccc1)NC(=O)CCC(=O)c1ccccc1,,,0
,COc1ccccc1C(=O)NCCC(=O)NCC(c1ccccc1)N(C)C,,,0
,CC(C)NS(=O)(=O)c1ccc(OCC(=O)NCC2CCCO2)c(Cl)c1,,,0
,CS(=O)(=O)Nc1ccc(N2CCN(CC(O)COc3ccccc3)CC2)cc1,,,0
,COc1ccc(C[C@H](NC(=O)OCc2ccccc2)C(=O)NCC#N)cc1,,,0
,COc1ccc(NCCC(=O)NCc2cccnc2N(C)C)cc1,,,0
,C[C@H](NCc1ccc(OCc2cccc(F)c2)cc1)C(=O)NCCN1CCOCC1,,,0
,COCCCN1CCC(CNC(=O)c2cccn3nc(C(C)C)nc23)CC1,,,0
,CC(C)C[C@H](NC(=O)c1ccc(CN=[N+]=[N-])cc1)C(=O)NCC#N,,,0
,O=C(CF)CNC(=O)[C@H](Cc1cccc(F)c1)NC(=O)OCc1ccccc1,,,0
,CCN(CC)C(=O)CSCC(=O)NCc1ccc(C(=O)OC)cc1,,,0
,CCOc1cc2[nH]c(=O)n(CCCCC(=O)NC3CCCCC3)c(=O)c2cc1OCC,,,0
,CC(C)CNc1nc(N2CCN(Cc3ccccc3)CC2)ncc1C(=O)NCc1cccnc1,,,0
,CCOC(=O)c1c(C)[nH]c(C)c1C(=O)COC(=O)c1c(OC)cccc1OC,,,0
,COc1ccc(N2CCN(CCCNS(=O)(=O)c3ccc4ccccc4c3)CC2)cc1,,,0
,COCCNC(=O)C(c1ccccc1)N(Cc1cccs1)C(=O)Cn1nnc2ccccc21,,,0
,CCC(CC)NC(=O)c1cnn(-c2ccccn2)c1NS(=O)(=O)c1ccc(C)cc1,,,0
,CN(C)C(CNC(=O)c1ccc(OCc2cn3ccccc3n2)cc1)c1ccco1,,,0
,COc1ccccc1N1CCN(C/C=C/CNC(=O)c2ccc(OCCF)cc2)CC1,,,0
,CCN(CC)S(=O)(=O)c1ccc(N2CCOCC2)c(NS(=O)(=O)c2ccc(C)cc2)c1,,,0
,C=C1[C@@H](C)[C@H]2[C@H](Cc3ccccc3)NC(=O)[C@@]2(C(=O)OC)[C@@H](CCOCCc2ccccc2)[C@@H]1O,,,0
,O=C(CNC(=O)/C(=C\c1ccc(F)cc1)NC(=O)c1ccccc1)OCc1ccccc1,,,0
,COc1cc(C(=O)OCc2cccc(COC(=O)c3ccc(O)c(OC)c3)c2)ccc1O,,,0
,COCC(=O)Nc1ccc(N(C)C)c(CN(Cc2ccco2)C(=O)C(C)(C)C)c1,,,0
,CCOc1ccc(OCC)c(NC(=O)CN(C)S(=O)(=O)c2ccc3nc(C)sc3c2)c1,,,0
,O=C(O)C[C@H](C(=O)N1CC(CCCc2ccc3c(n2)NCCC3)C1)c1ccccc1,,,0
,CCCCN(c1sc2ccccc2c1C(N)=O)S(=O)(=O)c1ccc(C(=O)OC)cc1,,,0
,C=CCN(c1ccccc1)S(=O)(=O)c1cccc(C(=O)NCc2ccco2)c1,,,0
,Cc1ccc(N(CC(=O)NCc2ccccc2)C(=O)CCC(=O)Nc2ccccn2)cc1C,,,0
,COc1ccc(C(=O)O)cc1S(=O)(=O)N(Cc1ccccc1)Cc1ccccc1,,,0
,CC(C(=O)Nc1ccc(S(=O)(=O)N2CCCC2)cc1)N1CCC(CCc2ccc(O)cc2)CC1,,,0
,COc1ccccc1N1CCN(CCCCN2C(=O)c3ccc(N(C)C)cc3C2=O)CC1,,,0
,CC(NC(=O)C(Cc1ccccc1)NC(=O)OCc1ccccc1)C(=O)CF,,,0
,CCNC(=O)c1cc(NCCc2nccn2Cc2ccccc2)ccn1,,,0
,CCN(CC)[C@@H](CNC(=O)CCc1c(C)nn(C)c1C)c1ccco1,,,0
,O=C(O)CCCC(=O)N1CCc2cc(S(=O)(=O)NCc3ccccc3)ccc21,,,0
,COc1cccc(OC)c1OCCNC[C@@H]1COC[C@@H](c2ccccc2)O1,,,0
,Cc1cnn(CCNCC(O)COc2ccc(Cl)cc2Cl)c1,,,0
,O=C(CF)CNC(=O)[C@@H](NC(=O)OCc1ccccc1)c1ccccc1,,,0
,CCOc1ccc(C(=O)NCCNC(=O)c2nn(-c3ccccc3)cc2C)cc1,,,0
,O=C(NCCNc1ccc(F)cc1)[C@H](CC(=O)N1CCOCC1)CC1CCCCC1,,,0
,COc1cc(C(=O)NCC(=O)OCc2ccccc2Cl)cc(OC)c1OC,,,0
,COc1ccc(CCC(=O)OCC(=O)NCc2ccc3c(c2)OCO3)cc1,,,0
,COc1cc(CCCN2C(=O)C(=O)NC[C@@H]2CC2CCCCC2)cc(OC)c1OC,,,0
,CCOC(=O)c1cnc2ccc(OCC)cc2c1NCCN1CCOCC1.Cl,,,0
,COc1ccc(NC(=O)CSCC(=O)N(C)CC(=O)Nc2c(C)cccc2C)cc1,,,0
,CS(=O)(=O)N(CC(=O)NCCSC1CCCCC1)c1ccc2c(c1)OCO2,,,0
,CN(CC(O)CNCc1ccc(Cl)cc1)S(=O)(=O)c1cccc2cnccc12,,,0
,COc1ccc(C(=O)NCCN2CCCCC2=O)cc1OC1CCN(C(C)C)CC1,,,0
,COc1ccccc1OCCSc1nc2ccccc2n1CC(=O)N1CCOCC1,,,0
,C=CCn1c(=O)/c(=C/CCCCCC)[nH]c(=O)/c1=C/c1ccc(OC)cc1,,,0
,CC(C)CN(c1ccccc1F)S(=O)(=O)c1ccc(OC2CCN(S(C)(=O)=O)CC2)cc1,,,0
,Cc1oc(-c2cccs2)nc1C[S+]([O-])CC(=O)NCCCN1CC(C)CC(C)C1,,,0
,CCCN(CC1CC1)c1cc(C(=O)Nc2ccc(N3CCOCC3)c(F)c2)ncn1,,,0
,COc1cc(C(=O)NCCN(C)C)nc(-c2ccc(Oc3ccc(F)cc3)cc2)c1,,,0
,CCOC(=O)C1(Cc2ccc(Cl)cc2)CCN(C(C)CCn2cccn2)CC1,,,0
,O=C(CCc1ccccc1)c1cc(F)ccc1OCC(O)CN1CCN(c2ccc(O)cc2)CC1,,,0
,CCCC(=O)Oc1ccc(C[C@H]2C(=O)OC[C@@H]2Cc2ccc(OC)c(OC)c2)cc1OC,,,0
,C[C@@H](COC(=O)[C@H](Cc1ccccc1)NC(=O)c1ccccc1)NC(=O)c1ccccc1,,,0
,O=C(c1ccccc1)c1ccc(OC[C@H](O)CN2CCN(c3ccc(F)cc3)CC2)cc1,,,0
,COc1cc(CNCCCN2C(=O)c3cccc4cccc(c34)C2=O)cc(OC)c1O,,,0
,CC(C)(C)c1ccc(S(=O)(=O)N(CCCN2CCOCC2)Cc2cccs2)cc1,,,0
,COCCN(Cc1ccc(OC)c(OS(=O)(=O)c2ccc(F)cc2)c1)C(=O)c1cccc(F)c1,,,0
,COc1ccc(C)cc1S(=O)(=O)NCC(c1ccc(N(C)C)cc1)N1CCc2ccccc21,,,0
,CC(C)CCOc1ccc(S(=O)(=O)C2(C(=O)NO)CCN(Cc3ccccc3)CC2)cc1,,,0
,COCCN1CCN(C(CN2CCC(Nc3ccccc3)CC2)c2ccccc2)CC1,,,0
,CCOc1cc(/C=C2\SC(=S)N(Cc3ccccc3)C2=O)ccc1OCC(=O)O,,,0
,COc1cc(C(=O)N[C@H](C(=O)NC(C)C23CC4CC(CC(C4)C2)C3)C(C)C)cc(OC)c1OC,,,0
,COc1ccc(-c2ccc(SCC(=O)Nc3cccc(C(C)=O)c3)nn2)cc1OC,,,0
,Cc1cc(-c2nc3ccccc3o2)ccc1NC(=O)CN1CCN(CCCN(C)C)CC1,,,0
,COCCN(C)c1ccc(C(=O)Nc2ccccc2)cc1NS(=O)(=O)Cc1ccccc1,,,0
,Cc1cc(-n2cnnn2)cc(C)c1S(=O)(=O)NCCOc1ccccc1,,,0
,CCOCCCN1CC(C(=O)NCc2ccc3c(c2)OCO3)CC1=O,,,0
,COc1ncc(-c2cc(NCCN(C)C)nc3[nH]ccc23)c(OC)n1,,,0
,O=C(N[C@@H](Cc1ccccc1)C(=O)N[C@H]1CNC1=O)OCc1ccccc1,,,0
,Cl.O=C(/C=C/c1cccc(/C=N/OCCN2CCOCC2)c1)NO,,,0
,CCOC(=O)CNC(=O)CSc1ncnc2c1cnn2-c1ccc(C)cc1,,,0
,Cc1ccc(C(=O)c2c[nH]c(C(=O)NCCCN3CCOCC3)c2)cc1,,,0
,CC(NC(=O)N(C)CCCOc1ccccc1)c1nncn1C,,,0
,CNCCN(C)C(=O)c1cncc(-c2ccc(NS(=O)(=O)C3CC3)cc2)c1,,,0
,CCOC(=O)CNC(=O)CSc1nnc(-c2ccccc2OC)n1CC,,,0
,O=C(CCNC(=O)c1ccco1)NC1CCN(Cc2ccc(Cl)cc2)CC1,,,0
,CCC(=O)N1CCc2cc(S(=O)(=O)CCC(=O)NC(C)CC)ccc21,,,0
,CCN1CCN(CCCC(=O)Nc2n[nH]c3nnc(-c4ccccc4)cc23)CC1,,,0
,COc1ccc2[nH]c(CN3c4ccccc4CC3CO)c(CCNC(C)=O)c2c1,,,0
,COc1ccc(-n2c(SCC(=O)NCC3CCCO3)nc3c(c2=O)SC(C)C3)cc1,,,0
,COc1ccc(S(=O)(=O)C(CC=C(C)C)(Cc2cccnc2)C(=O)NO)cc1,,,0
,COc1cc(OC)c2c(c1)C(=O)c1cc(CNCCCN)cc(OC)c1C2=O.Cl.Cl,,,0
,CCN(C(=O)COC(=O)CNS(=O)(=O)c1ccc2ccccc2c1)C1CCCCC1,,,0
,O=C(NC(Cc1ccc2c(c1)OCO2)C(=O)NC(Cc1ccccc1)C(=O)O)c1ccccc1,,,0
,Cc1c(C)c2cc(Cl)c(OCC(=O)NCCCn3ccnc3)cc2oc1=O,,,0
,COc1cc(N)c(C(=O)c2cc(OC)c(OC)c(OC)c2)cc1OC,,,0
,O=S(=O)(Nc1nccs1)c1cc(Cl)c(NCCC2CNC2)cc1F,,,0
,CCOc1ccc(S(=O)(=O)NCC(=O)NC2CCCCC2)cc1,,,0
,COCCC(CC1(C(=O)NC2(CO)Cc3ccccc3C2)CCCC1)C(=O)O,,,0
,CCCCN(CC)CCNC(=O)Cn1c(=O)c2cccn2c2cccnc21,,,0
,CCN(CC)C[C@@H](NC(=O)[C@H]1Cc2ccc(O)cc2CN1)C(C)C,,,0
,CCn1c(SCCCCC(=O)NO)nc2c([nH]c3ccccc32)c1=O,,,0
,CCN(CC(=O)Nc1ccccc1C(=O)OC)S(=O)(=O)c1ccccc1,,,0
,O=[N+]([O-])c1ccc(OCC(O)CCN2CCN(c3ccccc3)CC2)cc1,,,0
,CC(C)Oc1cc(N2CCN(Cc3ccsc3)C(CCO)C2)nc(N)n1,,,0
,COc1ccccc1-c1ccc(C[C@H](NC(=O)Cc2cccnc2)C(=O)O)cc1,,,0
,Cc1nn(CCN2CCCC2)c(C)c1CC(=O)NCc1ccc(F)cc1Cl,,,0
,C#CCNC(=O)C1=C[C@H](C2CCCCC2)C[C@H](OCc2ccc(CO)cc2)O1,,,0
,Cc1cc(C)c(C)c(S(=O)(=O)N[C@@H](C)C(=O)OCC(=O)NC2CCCC(C)C2C)c1C,,,0
,O=C(NCc1ccc2cc(CNCC3CCCCC3)[nH]c2c1)c1cc(=O)n2ccccc2n1,,,0
,COc1ccc(CN(CCN(C)C)C(=O)NCc2ccc(Cl)cc2)cc1OC,,,0
,COc1cc(/C=C/C(=O)NCCC(=O)Nc2ccc(Cl)cc2)ccc1O,,,0
,CC(C)C[C@H](NC(=O)N1CCc2ccccc2C1)C(=O)N[C@@H](Cc1ccccc1)C(=O)CF,,,0
,CCCCN(c1ccccc1)S(=O)(=O)c1ccc2c(c1)CCN2C(=O)CCC(=O)O,,,0
,Cc1ccc(S(=O)(=O)NCC2CCC(C(=O)NCc3cccs3)CC2)cc1,,,0
,CC(=O)NS(=O)(=O)NCCCCCC(=O)Nc1cccc(-c2ccccc2)c1,,,0
,CCCCCCNc1cc(Cl)c(S(N)(=O)=O)cc1C(=O)O,,,0
,COc1ccc(CCCC(=O)Nc2ccccc2N2CCNCC2)cc1OC,,,0
,Cc1ccc(NCc2nnc(SCC(N)=O)n2CCc2ccccc2)cc1,,,0
,CCOc1ccc(/C=N/NC(=O)CC(=O)NCc2ccccc2)cc1,,,0
,CNC(=O)[C@H](Cc1ccc(OC)cc1)NC(=O)[C@H](CC(C)C)[C@H](C)S,,,0
,CC[C@@H](N[C@@H](C)CC(N)=O)c1ccc(Cl)c(C(=O)c2ccc(=O)[nH]c2)c1F,,,0
,COCCNC(=O)c1ccc(NC(=O)c2nnc(CC(C)C)s2)cc1,,,0
,CCN(CC)CCNC(=O)c1cc(Cl)c(N)cc1OC1CCCC[C@H]1O,,,0
,CCCCCCNCC(=O)Nc1ccc2nc3n(c(=O)c2c1)CCC3,,,0
,C=C(CC/C=C(\C)[C@H](O)[C@@H](O)C=C(C)C)C(=O)CC[C@]1(C)CCc2cc(O)cc(C)c2O1,,,0
,CCCc1ccc(C(=O)NC(=S)Nc2ccc(NC(=O)CCCCN(C)C)cc2)cc1.Cl,,,0
,NCCCCNCCCCN1C(=O)c2cccc3c(-c4ccccc4)ccc(c23)C1=O,,,0
,CC(=O)CCCCC[C@H](NC(=O)C1CCN(C)CC1)c1ncc(-c2ccccc2)[nH]1,,,0
,Cc1cc(C)nc(OC(C(=O)O)C(OCc2ccccc2)(c2ccccc2)c2ccccc2)n1,,,0
,O=C(O)CCC/C=C/C[C@H]1[C@H](NS(=O)(=O)c2ccc(F)cc2)C2CC1(c1ccc(F)cc1)CO2,,,0
,CCOc1cc(CNC(=O)c2ccc3nc(CCc4ccccc4)oc3c2)ccc1OC,,,0
,C[C@H](C[C@@H](Cc1ccc(-c2ccccc2)cc1)NC(=O)c1cccc(C(=O)O)c1)C(=O)O,,,0
,COP(=O)(C[C@@H](O)CC(=O)O)OCc1c(C)cc(C)cc1-c1ccc(F)c(C)c1,,,0
,CCO[C@H]1CC[C@@](CS)(C(=O)N[C@@H](Cc2cccs2)C(=O)Nc2ccccc2)CC1,,,0
,CC(C)CC(NC(=O)/C(=C\c1ccco1)NC(=O)c1ccccc1)C(=O)OCc1ccccc1,,,0
,COc1cc(C(=O)N(CCC2CCCN2C)C/C(C)=C/c2ccccc2)cc(OC)c1OC,,,0
,O=C(Nc1ccccc1)c1ccc(OCCCN2CCCC2)cc1OCc1cccnc1,,,0
,COc1ccc(CCN(C)CCCC2(C#N)CCc3c2ccc(OC)c3OC)cc1OC,,,0
,CCOc1ccccc1CNC(=O)CCCn1ccc2cc(S(=O)(=O)N3CCCC3)ccc21,,,0
,OCCOc1cccc(CN(Cc2cccnc2)C[C@H]2CCCN(C3CCCCC3)C2)c1,,,0
,CC(C)c1nccn1CC(O)COc1ccc(F)cc1C(=O)CCc1ccc(F)cc1,,,0
,CCOC(CC)(Cc1ccc(OCCc2nc(-c3ccccc3)oc2C)nc1)C(=O)O,,,0
,CCCCNC(=O)C1CCN(Cc2ccc(OCc3ccccc3)c(OC)c2)CC1,,,0
,COC(=O)[C@H](Cc1ccccc1)NC(=O)[C@H]1C[C@@H]1[C@H](NC(=O)OCc1ccccc1)c1ccccc1,,,0
,CC(C)NCC(O)COc1ccc(CCS(=O)(=O)CC2CCCO2)cc1.Cl,,,0
,CC(=O)Nc1cccc(N2CCN(CCCCN(C)S(=O)(=O)CC(C)C)CC2)c1,,,0
,COc1cc(CN2CCNC(=O)C2CC(=O)NCCCC2CCCC2)cc(OC)c1,,,0
,COC(=O)c1ccc(/C=N/OCC(=O)NCCc2ccc(OC)c(OC)c2)cc1,,,0
,CCCCOC(=O)c1ccc(NC(=O)C(=O)NCCN(CC)CC)cc1,,,0
,CCN(CC)CCCN=C(S)N(CCO)Cc1cc2cc3c(cc2nc1O)OCCO3,,,0
,CCc1nc2ccc(C(=O)N(C)CCCN(C)C)cn2c1N(CC)CCOC,,,0
,CC(=O)c1coc(CNC(=O)[C@H]2[C@H](C(=O)NCCCCN3CCCC3)[C@H]3C=C[C@@H]2C32CC2)n1,,,0
,COCCCOc1cc([C@H](C)N(C(=O)[C@H]2CNCCO2)C2CC2)ccc1OC,,,0
,COc1cc(/C=C/c2ccc(OCCN3CCN(CC(=O)NO)CC3)cc2)cc(OC)c1,,,0
,COc1cc(/C=C/C(=O)OCC(=O)NC(=O)NC(C)C)cc(OC)c1OC,,,0
,O=C(CN(c1nc(Cl)nc2[nH]cnc12)C1CC1)NCC(=O)OCc1ccccc1,,,0
,CCOC(=O)c1c(C)[nH]c(C)c1S(=O)(=O)N(C)CC(=O)NCc1ccc(F)cc1,,,0
,O=C(CC1C(=O)NCCN1Cc1cccc(F)c1)NCCCOc1cccnc1,,,0
,O=C(NC1CC1)C(=O)C(Cc1ccccc1)NC(=O)[C@H]1CCC(=O)N1C1Cc2ccccc2C1,,,0
,COc1ccc(OC)c(S(=O)(=O)N2CC3(C[C@H](CC(=O)NCC4CC4)CO3)C2)c1,,,0
,Cc1cc(COc2nccnc2OC2CCN(CCN3CCOCC3)CC2)no1,,,0
,CN(C)CCNC(C(=O)Nc1cccc(S(=O)(=O)N2CCOCC2)c1)c1ccccc1,,,0
,CCOc1cc(/C=N/NC(=O)c2cccnc2)ccc1OCC(=O)N1CCOCC1,,,0
,COc1ccc(S(=O)(=O)N2CCC(C(=O)NCCCN3CCOCC3)CC2)cc1,,,0
,COc1ccc(N2CCN(CCNC(=O)CCCn3c(=O)[nH]c4cc(Cl)ccc4c3=O)CC2)cc1,,,0
,COc1ccc(CCn2cc(C(=O)NCCCCN)nn2)cc1Br.O=C(O)C(F)(F)F,,,0
,O=C(CC1CCCNC1)Nc1nnc(CCCCc2nnc(NC(=O)CC3CCCNC3)s2)s1,,,0
,CCCCS(=O)(=O)NC(CC#Cc1ccc2nc(C)n(CCC3CCNCC3)c(=O)c2c1)C(=O)O,,,0
,COc1ccc(C(=O)COC(=O)[C@H](C)NS(=O)(=O)c2ccc(NC(C)=O)cc2)cc1OC,,,0
,COc1cccc(OC)c1OCCNCC1CO[C@@H](Cc2ccccc2)O1.O=C(O)C(=O)O,,,0
,O=C1OCCN1CCNc1ccc2c3c(nn2CCNCCO)-c2ccccc2Sc13,,,0
,COc1ccc(CC(=O)NCc2nnc(SCC(=O)Nc3ccc(OC)cc3)n2C)cc1,,,0
,COc1cccc(CNC(=O)CCNC(=O)C2CCN(S(=O)(=O)c3ccccc3)CC2)c1,,,0
,COc1cc(Nc2ncc(I)c(NCCCN)n2)cc(OC)c1OC,,,0
,CC(C)C[C@H](NC(=O)CCOc1ccc2ccccc2c1)C(=O)N[C@H]1CC(=O)OC1O,,,0
,COc1ncccc1C(=O)NCCC1CCN(S(=O)(=O)NC(=O)NC[C@@H]2C[C@@H]3C=C[C@@H]2C3)CC1,,,0
,CC(C)(Cc1ccc(C(=O)Oc2ccc(C(=N)N)cc2F)s1)C(=O)NCC(=O)O,,,0
,COc1ccc(S(=O)(=O)N(Cc2ccccc2)[C@@H](C(=O)NO)C2CCNCC2)cc1,,,0
,CCCCCCNc1nc(SCC)nc2c1ncn2[C@@H]1O[C@H](CO)[C@@H](O)[C@H]1O,,,0
,Cc1ncccc1C(=O)NCCC1CCN(S(=O)(=O)NC(=O)NC[C@@H]2C[C@@H]3C=C[C@@H]2C3)CC1,,,0
,COCCN(C(=O)c1snc(C(N)=O)c1N)C(C(=O)NC1CCCCC1)c1ccc(N(C)C)cc1,,,0
,COc1ccc(/C=C/C(=O)NCC(=O)N/N=C(/CCC(=O)O)c2ccccc2)cc1,,,0
,O=C(O)C(=O)O.OC(CNCCOc1ccccc1Cl)COc1ccccc1,,,0
,COc1ccc(CC(=O)N[C@@H](CCSC)C(=O)N2CCC3(CC2)NCCc2[nH]cnc23)cc1,,,0
,COc1ccc(S(=O)(=O)N(CC(=O)NCC2CCCO2)c2ccc(F)cc2)cc1OC,,,0
,O=C(CNC(=O)c1cccc([N+](=O)[O-])c1)OCCCC(=O)c1ccc(F)cc1,,,0
,COc1ccc(Br)cc1CNC(=O)CCNC(=O)Cn1ccc2ccccc2c1=O,,,0
,Cn1cc(CN2CCC(n3nccc3NC(=O)CCOc3ccccc3)CC2)cn1,,,0
,COc1ccc(S(=O)(=O)N(Cc2ccccn2)[C@H](CC(C)C)C(=O)NO)cc1,,,0
,Cn1c(CNC(=O)c2ccccc2F)nnc1SCCOc1ccccc1,,,0
,CCOCCn1nc(CC)c2nc(N3CCNCC3)nc(Nc3ccccc3)c21,,,0
,C[C@H](CC(=O)N1CCC(O)(Cn2cnc(NCCCN(C)C)cc2=O)CC1)c1ccccc1,,,0
,CCCN(C)CC(=O)Nc1cccc2c1C(=O)c1c(NC(=O)CN(C)CCC)cccc1C2=O,,,0
,CCCc1ccccc1OCCNS(=O)(=O)c1cc2c(cc1C)OCC(=O)N2,,,0
,COc1ccc([C@H](CC(=O)O)N2CCN(CCCc3ccc4c(n3)NCCC4)C2)cn1,,,0
,O=C(NCc1ccccc1)C(=O)NCC(c1ccco1)S(=O)(=O)c1ccccc1,,,0
,CSCCC(NC(=O)/C(=C\c1ccco1)NC(=O)c1ccco1)C(=O)O,,,0
,C[C@H](CO)Nc1cc(NS(=O)(=O)N(C)C)nc(SCc2cccc(Cl)c2F)n1,,,0
,CCOc1cc2cc(CO)c(CO)c(C3=CCN(CCOC)C(=O)C3)c2cc1OC,,,0
,Cc1nn(C)c2nc3ccccc3c(NCCCN(CCO)CCO)c12.Cl,,,0
,CC(=O)NCCNC(=O)c1ccc(OCc2conc2-c2ccc(F)cc2)nc1,,,0
,Cn1ccc(Nc2ncc(C3CC3)c(NCCCNC(=O)C3CCC3)n2)n1,,,0
,COc1ccccc1Nc1ncccc1C(=O)NCc1ccc(CS(N)(=O)=O)cc1,,,0
,CCN(CC)c1nc(NCC/N=C(\N)NC)c2ccccc2n1.Cl.Cl,,,0
,CCC(C)[C@H](N)C(=O)OCCNC(=O)c1ccc(OC)c(O)c1,,,0
,CNS(=O)(=O)c1ccc(NC(=O)C(CCSC)NC(N)=O)cc1,,,0
,NC(=O)[C@H](Cc1ccccc1)NC(=O)[C@H](CS)NC(=O)c1ccc2[nH]nnc2c1,,,0
,O=C(Cc1c[nH]cn1)NC(CCS)C(=O)N[C@H](Cc1ccccc1)C(=O)O,,,0
,O=C(O)CCNC(=O)c1cccc(C(=O)NCCC2CCNCC2)n1,,,0
,NCCC(=O)N[C@@H](Cc1c[nH]cn1)C(=O)NCc1ccccc1,,,0
,O=C(/C=C/c1ccc(O)c(O)c1)NCC(=O)NC(Cc1ccccc1)C(=O)O,,,0
,NCCCNCCCNC1=C(c2c[nH]c3ccccc23)C(=O)NC1=O,,,0
,N=C(N)NCCCCCC(=O)N1CCN(C(=O)Cc2ccccc2)CC1,,,0
,COC(=O)[C@H](CCCCNC(=O)c1cccc(O)c1O)NC(C)=O,,,0
,CC(C)[C@H](N)C(=O)OC[C@@H]1S[C@H](CC=O)S[C@@H]1COC(=O)[C@@H](N)C(C)C,,,0
,CC(C)C[C@H](NC(=O)[C@@H]1CCCN1)C(=O)N[C@@H](Cc1c[nH]c2ccccc12)C(=O)O,,,0
,C[C@H](NC(CCC(=O)Nc1ccccc1)C(=O)O)C(=O)N1CCC[C@H]1C(=O)O,,,0
,COc1ccc(CC(=O)N(O)CCOC(=O)[C@@H](N)CCSC)cc1O,,,0
,N#Cc1ccccc1OC[C@@H](O)CNCCNC(=O)Nc1ccc(F)nc1,,,0
,CC(C)C[C@H](NC(=O)CC(NC(=O)c1cccnc1)c1ccccc1)B(O)O,,,0
,CC(C)C[C@H](CC(=O)NO)C(=O)N[C@@H](Cc1ccccc1)C(=O)N[C@@H](C)C=O,,,0
,Cc1nocc1C(=O)NC(CCS)C(=O)N[C@H](Cc1ccccc1)C(=O)O,,,0
,COc1ccc(CNCC(O)Cc2ccc(O)c(NS(C)(=O)=O)c2)cc1,,,0
,CCN(CC)CCNC(=O)c1cc(Cl)c(N)cc1OCC(O)CO,,,0
,COc1cc(/C=C/C(=O)NC2CCC(NC(=O)[C@@H](O)[C@H](N)CCc3ccccc3)CC2)cc(OC)c1OC,,,0
,CN(Cc1ccccc1)C(=O)C(CCCN=C(N)N)NS(=O)(=O)c1cccc2c(N(C)C)cccc12,,,0
,COCCN(C(=O)COC(=O)CSc1ccc(Cl)cc1)c1c(N)n(Cc2ccccc2)c(=O)[nH]c1=O,,,0
,CC(C)Oc1ccc(Nc2nc(=O)n(CCC(=O)NCCO)c(=O)n2Cc2ccc(Cl)cc2)cc1F,,,0
,CCCOc1ccc(C(=O)CCC(=O)OCC(=O)Nc2cccc(S(N)(=O)=O)c2)cc1,,,0
,O=C[C@H](CC(=O)O)NC(=O)CCCCCNC(=O)c1ccc(Nc2cnc3ccccc3n2)cc1,,,0
,COC(=O)[C@H](Cc1cn(Sc2ccccc2[N+](=O)[O-])c2ccccc12)NC(=O)[C@@H](N)CCCCN,,,0
,COc1cc(-c2cccc(C(=O)NCNC(=O)[C@H](CCc3ccccc3)CN(O)C=O)c2)c(OC)nn1,,,0
,CNC(=O)[C@H](CC(C)C)NC(=O)[C@H](CC(C)C)N[C@H](CCN1C(=O)c2cc3ccccc3cc2C1=O)C(=O)O,,,0
,Cn1c(=O)[nH]c2cccc(OC[C@@H](O)CNC(C)(C)Cc3ccc(Oc4ccc(C(N)=O)cn4)cc3)c21,,,0
,COc1cc(C(=O)NCCCCNC(=O)c2cc(OC)c(OC)c(OC)c2)cc(OC)c1OC,,,0
,CCc1cc(-c2nc(-c3cc(C)c(OC[C@@H](O)CNC(=O)CO)c(CC)c3)no2)ccc1CN1CCCC1,,,0
,COC(=O)[C@H](CO)NC(=O)C(CC(C)C)N1C(=O)C(CC(C)C)=C(c2ccc(OCC=C(C)C)cc2)C1=O,,,0
,CCCCCCCCCC(=O)N[C@@H](Cc1ccccn1)C(=O)N[C@H]1/C=C/CCNC(=O)/C=C/[C@H](C(C)C)NC1=O,,,0
,C=CC[C@@H]1C=C[C@@H](O/N=C\[C@@H](NS(=O)(=O)c2ccc(C)cc2)[C@H](C)/C=C\CC(=O)OC)[C@@H](CO)O1,,,0
,CCOc1cc(/C=N/NC(=O)CN(CCc2ccccc2)S(=O)(=O)c2ccc(NC(C)=O)cc2)ccc1O,,,0
,CCCC(=O)C1(c2ccccc2)CCN(C(=O)[C@@H](Cc2ccc(OC)cc2)NC(=O)[C@H](N)Cc2c[nH]cn2)CC1,,,0
,CN(C)c1ccc(NC(=O)[C@H](CSCCCC(=O)NO)NC(=O)c2ccc(N(C)C)cc2)cc1,,,0
,CC(C)C[C@H](NC(=O)c1ccoc1)C(=O)N[C@@H](Cc1ccccc1)C(=O)N[C@@H](CC(C)C)C(=O)[C@@]1(C)CO1,,,0
,COCCN(C(=O)CCC(=O)Nc1cc(C)on1)C(C(=O)NC(C)(C)C)c1cccc(OC)c1OC,,,0
,COc1ccc(CN(C(=O)c2snc(C(N)=O)c2N)C(C)C(=O)NCc2ccc(F)cc2)cc1,,,0
,Cn1c(CN2C(=O)CN(c3ccc(F)cc3)C2=O)nc2ccc(C(=O)N[C@H](C#N)CCCCN)cc21,,,0
,CC(C)C[C@@H](/C=C/S(C)(=O)=O)NC(=O)[C@H](C)NC(=O)[C@@H](NC(=O)OC(C)(C)C)C(C)C,,,0
,CCC[C@@H](CO)Nc1nc(N)nc2cnn(Cc3ccc(CNC4CCOCC4)cc3OC)c12,,,0
,CCCNP(=O)(OC[C@H]1O[C@@H](n2cc(F)c(=O)[nH]c2=O)C[C@@H]1O)Oc1ccc(Cl)cc1,,,0
,COc1ccc([C@H](NC[C@H](O)c2ccc(O)c(NS(C)(=O)=O)c2)C(=O)NC(C)(C)C)cc1,,,0
,CNCC[C@H](Oc1cccc2cc(O[C@@H]3O[C@H](C(=O)O)[C@@H](O)[C@H](O)[C@H]3O)ccc12)c1cccs1,,,0
,CC(Cc1ccc(Oc2ccc(C(N)=O)cn2)cc1)NC[C@H](O)COc1cccc2[nH]c(=O)n(C)c12,,,0
,CC(C)C[C@H](NC(=O)CC(NC(=O)c1ccccc1)c1cccc([N+](=O)[O-])c1)B(O)O,,,0
,Cc1ccc(NS(=O)(=O)Cc2ccccc2)c(=O)n1CC(=O)NC/C=C/c1cnc(N)s1,,,0
,O=C(COc1ccc(OCCNCC(O)COc2ccccc2)cc1)NCC1=CCC=CO1,,,0
,COCc1[nH]c(-c2ccc(OCC(O)CNCCc3ccc(OC)c(OC)c3)cc2)nc1C,,,0
,COc1cc(OC)cc(C(=O)NCCCN2CCN(CCCNC(=O)c3cc(OC)cc(OC)c3)CC2)c1,,,0
,CC[C@H](C)[C@H](NC(=O)/C=C/c1ccccc1)C(=O)N[C@@H](CC(C)C)C(=O)N[C@H](C=O)C[C@@H]1CCCNC1=O,,,0
,COC(=O)[C@H](Cc1ccccc1)NC(=O)[C@@H](NC(=O)[C@H](CC(C)C)NC(=O)[C@@H](O)CC(C)C)C(C)C.Cl,,,0
,CCC[C@H](NC(=O)[C@H](CC(C)C)NC(=O)[C@@H](Cc1ccccc1)NC(=O)OC(C)(C)C)C(=O)NCC,,,0
,CC[C@H](O)CC(=O)N[C@@H](Cc1ccccc1)[C@H](O)CN(CC(C)C)S(=O)(=O)c1ccc2ncsc2c1,,,0
,C=CCNC(=O)[C@H](CCc1ccccc1)NC(=O)[C@@H](NC(=O)c1ccc(OCc2ccccc2)cc1)[C@@H](C)O,,,0
,N[C@@H](COP(=O)(O)OCCCOC(=O)CCc1ccccc1Oc1ccccc1)C(=O)O,,,0
,COc1ccc(CNC(=O)c2cc(OCCCCCCC(=O)NO)ccc2N2CCOCC2)cc1O,,,0
,CN(C)CCCN=C(S)N(CCCO)Cc1cc2cc3c(cc2nc1O)OCO3,,,0
,Cc1c(Cc2ccc(OC(C)C)cc2)c(O[C@@H]2O[C@H](CO)[C@@H](O)[C@H](O)[C@H]2O)nn1C(C)C,,,0
,O=C1Nc2ccc3ncsc3c2/C1=C/Nc1ccc(S(=O)(=O)NCCOCCO)cc1,,,0
,COc1ccc(Cn2nnnc2C(c2ccc(N(C)C)cc2)N2CCC(C(N)=O)CC2)cc1,,,0
,COc1cc(C)nc(NC(=O)NS(=O)(=O)c2sccc2COCCF)n1,,,0
,CN(C)S(=O)(=O)Nc1ccc(CCNC[C@H](O)c2cccnc2)cc1.Cl.Cl,,,0
,CC(C)(C)O[C@@H]1C[C@@H](C(=O)N[C@H](C=O)C[C@@H]2CCNC2=O)N(C(=O)OCc2ccccc2)C1,,,0
,COc1cc2nc(NCCCN(C)C)nc(NC3CCNCC3)c2cc1OC,,,0
,COCCN1CCN(c2ccc(C[C@@H](C#N)NC(=O)[C@H]3N[C@@H]4CC[C@H]3C4)c(F)c2)CC1C,,,0
,CCOc1ccc(CCNC(=O)CN2C(=O)NC3(CCCC3)C2=O)cc1OCC,,,0
,CC(C)[C@H](NS(=O)(=O)c1ccc(F)cc1)C(=O)N[C@@H](C=O)Cc1c[nH]c2ccccc12,,,0
,Cc1ccc(CNc2cnn(CC(=O)NCCN(C)C)c2)c(-c2ccnn2C)c1,,,0
,CC(=O)c1cccc(NC(=O)COC(=O)CCc2ccc(S(=O)(=O)N3CCOCC3)cc2)c1,,,0
,CCOc1ccc(NC(=O)COC(=O)Cc2ccc(S(=O)(=O)N3CCOCC3)s2)cc1,,,0
,CCN(CC)C[C@@H](O)CNc1ccc(NC[C@H]2CO2)c2c1C(=O)c1ccccc1C2=O,,,0
,CCN(Cc1ccccc1)C(=O)Cn1c(=O)n(CC(=O)NCc2ccco2)c(=O)c2sccc21,,,0
,COc1ccc(NC(=O)CCNC(=O)C2CCN(S(=O)(=O)c3ccccc3)CC2)cc1OC,,,0
,COc1ccccc1C(=O)COC(=O)CCNS(=O)(=O)c1ccc(C)c(C)c1,,,0
,COCCCNC(=O)Cn1c(=O)n(Cc2ccccc2Cl)c(=O)c2cc(OC)c(OC)cc21,,,0
,COc1ccc([C@H]2[C@H](CNC(=O)C3CC3)C(=O)N2c2cc(OC)c(OC)c(OC)c2)cc1O,,,0
,O=C(O)C/C=C/C=C/C[C@@H]1[C@@H](/C=C/[C@@H](O)COc2ccccc2)[C@H](O)C[C@@H]1O,,,0
,CC(C)CCN([C@@H](C(=O)NO)C(C)O)S(=O)(=O)c1ccc2ccccc2c1,,,0
,CC(C)[C@H](NS(=O)(=O)c1ccc(Cl)cc1)C(=O)N[C@@H](C=O)Cc1ccccc1,,,0
,COc1cccc(NC(=O)CN(C)C(=O)CCNC(=O)c2ccccc2Cl)c1,,,0
,COc1ccc(CNC(=O)[C@H](C)NC(=O)C2CCN(S(=O)(=O)c3ccccc3)CC2)cc1,,,0
,CC(C)[C@H](S)C(=O)NC1(C(=O)N[C@@H](Cc2ccc(O)cc2)C(=O)O)CC2CCC1C2,,,0
,CCCCCCCN1CCN(C(=O)Nc2ccc(OS(N)(=O)=O)cc2)CC1,,,0
,CCC(CC)O[C@@H]1C=C(C(=O)NCc2ccc(Br)cc2)C[C@H](N)[C@H]1NC(C)=O,,,0
,CC(C)C[C@H](NC(=O)COc1ccccc1C1CCCC1)C(=O)N[C@H]1CC(=O)OC1O,,,0
,Nn1c(SCC(=O)Nc2ccc(OC(F)F)cc2)nnc(Cc2ccccc2)c1=O,,,0
,CCOC(=O)[C@]1(C(=O)N[C@@H](Cc2ccc(-c3ccccc3OC)cc2)C(=O)O)CCCO1,,,0
,CCN(CC)CCN1CCN(c2cncc(-c3cccc(/C=C/C(=O)O)c3)n2)CC1,,,0
,O=C(NCC(c1ccccc1)N1CCN(CC(O)COc2ccccc2)CC1)c1ccc(F)cc1,,,0
,COCCn1nc2n(c1=O)CC[C@@H](CC(=O)Nc1ccccc1CCc1ccccn1)CC2,,,0
,C[C@H](CS)C(=O)N1C[C@@H](NC(=O)C(CS)Cc2ccc(-c3ccccc3)cc2)C[C@H]1C(=O)O,,,0
,CC(C)[C@H](NC(=O)OCc1ccccc1)C(=O)OCC(=O)NCCc1ccccc1,,,0
,COCCOc1nc(N)c2nc(NCCc3ccccc3)n(Cc3ccccc3)c2n1,,,0
,CCc1c(C(=O)C(N)=O)c2c(OCCCC(=O)O)cccn2c1Cc1ccccc1,,,0
,COc1ccc(CCNC(=O)CCn2c(=O)c3ccccc3n(Cc3ccccc3F)c2=O)cc1OC,,,0
,CCC(CC)O[C@@H]1C=C(C(=O)O)C[C@H](NC(=O)N(C(C)C)C(C)C)[C@H]1NC(C)=O,,,0
,CS(=O)(=O)c1ccccc1C(=O)NCCCCCC(=O)Nc1ccccc1N,,,0
,CCCCCn1c(=O)[nH]c2cc(C(=O)NCCc3ccc(OC)c(OC)c3)ccc2c1=O,,,0
,CC(C)[C@H](N[C@@H](C)C(=O)O)C(=O)N[C@@H](Cc1ccc(-c2ccccc2)cc1)C(=O)O,,,0
,COc1cc(-c2nc(=O)c(CCC(=O)NCC(C)C)n[nH]2)ccc1OCC1CCC1,,,0
,CCOc1ccc(N(CC(=O)NC2CCCCC2)C(=O)CNC(=O)c2ccco2)cc1,,,0
,CC(C)C[C@@H](CC(=O)NO)C(=O)N[C@@H](Cc1ccccc1)C(=O)NCc1ccccc1,,,0
,COc1cc(-c2ccc(CCNC[C@H](O)c3ccccc3)cc2)ccc1C(=O)NS(C)(=O)=O,,,0
,O=C(CNS(=O)(=O)NCc1cccc(Oc2ccccc2)c1)NCCc1ccccc1,,,0
,CCN(CC)CCNC(=O)c1ccc(NS(=O)(=O)c2ccc3c(c2)OCCO3)cc1,,,0
,COC(=O)/C=C/C=C/CC[C@@H]1C(/C=C/[C@@H](O)COc2ccccc2)[C@H](O)C[C@@H]1O,,,0
,COc1ccc(C(=O)NC(CCSC)C(=O)NCc2nnc3ccccn23)cc1,,,0
,CCCCn1c(CN2CC(C)CC(C)C2)nc2cc(C(=O)NCC(O)CO)ccc21,,,0
,COc1ccc(CCNC[C@@H](O)COc2ccc(O)c3c2CCC(=O)N3)cc1,,,0
,NC(=O)[C@H](CC1CC1)NC(=O)c1ccc(N2CCC(F)(F)C2)c(OCC2CC2)n1,,,0
,O=C(O)CCCCCc1ccc(Cn2cc(Br)c(=O)[nH]c2=O)cc1,,,0
,Cc1sc(C2CCCN2C(=O)CN(C)CC(=O)O)cc1C(=O)Nc1ncc(F)s1,,,0
,O=C(NCc1ncccn1)c1csc(CCNCc2nc3ccccc3[nH]2)n1,,,0
,Cn1c(SCC(=O)NCc2ccccc2)ncc(C(=O)Nc2ccccc2)c1=O,,,0
,CCCOc1ccc(C(=O)NNC(=O)CCNC(=O)c2ccccc2Cl)cc1OC,,,0
,Cc1cc(-c2ccc(C)c(S(=O)(=O)NCCc3ccc(S(N)(=O)=O)cc3)c2)on1,,,0
,CCN(CC)c1ccc(NC(=O)CN2CCN(CC(=O)Nc3ccc(OC)cc3)CC2)cc1,,,0
,O=C(CC1C(=O)N(Cc2ccccc2)C(=S)N1CCN1CCOCC1)Nc1ccc(F)cc1,,,0
,COc1cc(/C=C/C(=O)COC(=O)/C=C/c2ccc(OC(C)=O)cc2)ccc1O,,,0
,O=c1nc(N(Cc2ccc(F)cc2)CC(O)(Cn2cncn2)c2ccc(F)cc2F)c(F)c[nH]1,,,0
,CCOC(=O)C1CCCN(CC(=O)Nc2ccc(C(=O)Nc3ccccc3OC)cc2)C1,,,0
,CCc1ccc(CN(C)CC(=O)Nc2ccc(S(=O)(=O)N3CCOCC3)cc2)cc1,,,0
,NC(=O)c1nn(CC(=O)N(CC(=O)NCc2cccc(Cl)c2F)C2CCCC2)c2ccccc12,,,0
,CCOc1ccc(OCC)c(NC(=O)C2CCCN(S(=O)(=O)c3cccnc3)C2)c1,,,0
,CCCCCCSc1nc(COC(=O)NC)c(COC(=O)NC)n1C.Cl,,,0
,COc1ccc(NC(=O)c2cc(=O)c3cc(/C=C/C(=O)OCCN(C)C)ccc3o2)cc1,,,0
,CCn1c(C)nnc1SCCNC(=O)c1cnc(C(C)(C)C)nc1O,,,0
,CCc1c(-c2ccc(N3CCC(CNC)C3)cc2)[nH]c(=O)c(C(=O)O)c1O,,,0
,CCOc1cccc(N2C(=O)CC(NNC(=O)c3ccc(Br)o3)C2=O)c1,,,0
,CCNc1ncc(C(=O)NCc2csc(-c3ncccn3)n2)cn1,,,0
,CCOc1ccc(NC(=O)C/C(C)=N/NC(=O)c2cnccn2)cc1,,,0
,COc1ccc(O)c(/C=N\NC(=O)CCn2nnc3ccccc32)c1,,,0
,COC(=O)COc1ccc(S(=O)(=O)Nc2ccc(NC(C)=O)cc2)cc1,,,0
,O=C(O)CCN1Cc2ccc(NC(=O)CC3CCNCC3)cc2C1=O,,,0
,COc1ncc(Br)cc1CNC(=O)NC[C@H]1CCN1C1CC1,,,0
,O=C(NCCc1ccccn1)[C@H](CC#Cc1ccc(F)cc1F)NCP(=O)(O)O,,,0
,COC(=O)c1cc(S(=O)(=O)NCC2CCN(Cc3ccccc3F)CC2)c[nH]1,,,0
,COc1cc(OC)cc(C(=O)OCC(=O)NCc2ccc3c(c2)OCO3)c1,,,0
,COc1ccc(S(=O)(=O)N(CC(=O)NCc2cccnc2)Cc2ccccc2)cc1,,,0
,COc1ccc(CCN2CC(C(=O)Nc3ccc4c(c3)OCO4)CC2=O)cc1OC,,,0
,O=C(CCC(=O)N1CCN(S(=O)(=O)c2ccc(Cl)cc2)CC1)NCc1ccccc1,,,0
,CC(C(=O)O)N(Cc1ccc([N+](=O)[O-])cc1)S(=O)(=O)Cc1ccccc1,,,0
,COc1ccc(NC(=O)CN2CCN(Cc3ccc4c(c3)CCO4)CC2)cc1OC,,,0
,COc1ccc(/C=C/C(=O)NCCCN2CCc3nc(C(=O)NO)sc3C2)cc1,,,0
,COc1cc(OC)nc(C(O)c2ccccc2NS(=O)(=O)C/C=C/Cl)n1,,,0
,CCOc1ccccc1N1CCN(CC(=O)Nc2nc(C)c(C(=O)N(C)C)s2)CC1,,,0
,O=C(NCCO)C(=O)NCC(c1ccc2c(c1)OCO2)N1CCN(c2ccc(F)cc2)CC1,,,0
,CC(=O)Oc1ccccc1C(=O)NC(=[Se])Nc1ccc(S(N)(=O)=O)cc1,,,0
,N#Cc1ccc(Cn2nnc(-c3ccc(S(=O)(=O)NCCO)cc3)n2)cc1,,,0
,CCCCNCC1=C(C)C(=O)[C@]2(O1)C(=O)N[C@@](OC)(C(=O)c1ccccc1)[C@@H]2O,,,0
,COc1cc(/C=c2\[nH]c(=O)/c(=C/c3cc(OC)c(OC)c(OC)c3)[nH]c2=O)cc(OC)c1,,,0
,NS(=O)(=O)c1ccc(CCNC(=O)C(=O)C2C(=O)Nc3ccccc32)cc1,,,0
,CCNC(=O)[C@@H]1C[C@@H](NC(=O)c2cnc[nH]c2=O)CN1Cc1ccsc1,,,0
,COC(=O)[C@H](C)NC(=O)[C@H](CC(C)C)NC(=O)CN1CCCNCCCNCCC1,,,0
,Nc1c(N(CCO)C(=O)/C=C/c2ccco2)c(=O)[nH]c(=O)n1Cc1ccccc1,,,0
,CCCn1c(=O)c(C(=O)NNC(=O)CC(=O)OCC)c(O)c2ccccc21,,,0
,Cn1c(CNC(=O)C(Cc2ccccc2)NC(=O)c2ccccc2F)cc(=O)n(C)c1=O,,,0
,COc1ccc(S(=O)(=O)NC[C@H]2O[C@@H](CO)[C@@H](O)[C@H]2N(C)Cc2ccccc2)cc1,,,0
,O=C(CCn1c2c(c(=O)[nH]c1=O)CSCC2)NCC(=O)c1ccc(-c2ccnnc2)cc1,,,0
,CN(C)CCNC(=O)CCCNC(=O)Cn1cnc2sc3c(c2c1=O)CCCC3,,,0
,C[C@H](NC(=O)C[C@@H]1C=C[C@H](NC(=O)CN2CCOCC2)[C@H](CO)O1)c1ccccc1,,,0
,COC(=O)[C@H](C)NP(=O)(Oc1ccccc1)O[C@@H]1O[C@H](CO)[C@@H](O)C1(F)F,,,0
,O=C(NCCS(=O)(=O)N1CCN(c2ccccc2)CC1)C1CC(=O)N(c2ccccc2)C1,,,0
,CS(=O)(=O)C(C(=O)NCCS(N)(=O)=O)c1nc2cc(-c3ccnc(F)c3)ccc2s1,,,0
,NS(=O)(=O)c1ccc(CNC(=O)CN2CCN(Cc3ccccc3)CC2)cc1,,,0
,O=c1ccn(CC2CCN(S(=O)(=O)NCc3cccc(OCC4CC4)c3)CC2)c(=O)[nH]1,,,0
,CC(C)Cn1c(N)c(C(=O)COC(=O)c2cc(F)cc(F)c2)c(=O)n(C)c1=O,,,0
,N=C(N)c1ccc(CCOc2ccc3c(c2)CCN(CC(=O)O)C3=O)cc1,,,0
,COc1nc(NCCN2CCOCC2)nc(Nc2ccccc2)n1,,,0
,COc1ccccc1Oc1ncccc1CNC(=O)[C@@H](N)CCO,,,0
,NC(=O)c1ccc(-n2nnnc2SCC(=O)Nc2ccccc2)cc1,,,0
,CC(C)OC(=O)CC1C(=O)NCCN1C(=S)NC(=O)CCc1ccccc1,,,0
,Cn1ccc(CCNC(=O)[C@H]2CC[C@H](Nc3cnccn3)CC2)n1,,,0
,CCNc1nc(NCC(N)c2ccccc2)nc2c1cnn2C,,,0
,O=C(NC[C@@H]1CCCN1)c1ccc(-c2cnc3ccc(NCCO)nn23)cc1,,,0
,CC(C)C[C@H](NC(=O)CNC(=O)c1cc(Cl)ccc1Cl)B(O)O,,,0
,CCOc1ccc(S(=O)(=O)N(C)CC(=O)NCc2ccco2)cc1,,,0
,O=C(CCNC(=O)C1CC1c1c(F)cccc1Cl)NC1CCS(=O)(=O)C1,,,0
,C#CCN(C)CCCc1cn(-c2cc(NC(=S)NCC)ncn2)cn1,,,0
,NC(=O)CNCc1ccc(OCc2ccc([N+](=O)[O-])cc2)cc1,,,0
,CC(=O)c1cccc(OCC(=O)N(C)CC(=O)NCc2ccco2)c1,,,0
,COc1ccc(C(C#N)(CC(=O)O)c2cnccn2)cc1OC,,,0
,COCCn1c2c(ccc1=O)CC(NCc1cccnc1OC)CC2,,,0
,COc1ccccc1C(=O)NCCC(=O)N(C)Cc1cccnc1,,,0
,Cc1csc(NC(=O)CN2CCC(c3ccnn3CCO)CC2)n1,,,0
,CCn1cc(CN2CC[C@H](CNC(=O)c3ncccc3O)C2)cn1,,,0
,COc1cc2nc(N(C)CCCNC(=O)C3CC3)nc(N)c2cc1OC.Cl,,,0
,O=C(CO[C@H](Cn1nncc1CO)c1ccc(C#Cc2ccccc2)cc1)NO,,,0
,CC(C)n1cnnc1SCC(=O)NCC(=O)Nc1ccc(F)cc1,,,0
,NS(=O)(=O)c1ccc(CCNC(=O)/C=C/c2cccc([N+](=O)[O-])c2)cc1,,,0
,O[C@@H](CNc1cc(-c2ccccc2)nc2ncnn12)COCC1CC1,,,0
,COc1cc(OC)cc(C(=O)NCCCNC(=O)c2ccccn2)c1,,,0
,N[C@@H](CC(=O)O)Cn1nnc(-c2ccc(COCc3ccccc3)cc2)n1,,,0
,COC(=O)[C@H](CC(C)C)NC(=O)[C@@H](N)Cc1c[nH]c2ccccc12,,,0
,CC(C)(CC(=O)N[C@H]1C[C@@H]1c1ccc(F)cc1)NCC(=O)N1CCC[C@H]1C#N,,,0
,C=C1CCC2[C@](C)(CO)[C@H](O)CC[C@@]2(C)[C@@H]1C/C=C(/C(=O)OCC)[C@H](O)CO,,,0
,Cc1cc(C(=O)COC(=O)CNC(=O)c2ccco2)c(C)n1Cc1ccco1,,,0
,CCN(CC)CC(Cn1cc(C)c(=O)[nH]c1=O)NCc1ccc(Cl)cc1,,,0
,CCCc1cc(=O)oc2c(C)c(OC(C)C(=O)NCCN3CCOCC3)ccc12,,,0
,CC(C)C[C@H](NC(=O)c1ccc(C2CCCO2)c(OCC2CC2)n1)C(N)=O,,,0
,CCCCCCSS[C@H]1C[C@H](n2cc(C)c(=O)[nH]c2=O)O[C@@H]1CO,,,0
,CCNC(=O)CC1C(=O)N(c2ccccc2)C(=O)N1CCc1ccc(OC)cc1,,,0
,COC(=O)c1ccc(CNC(=O)COC(=O)CCC2CCCC2)cc1,,,0
,CCC(C)C(NC(=O)[C@@H](NC(=O)c1ccccc1F)C(C)C)C(=O)OC,,,0
,CNC(=O)[C@H](Cc1ccccc1)NC(=O)[C@H](CC(C)C)NC(=O)C(S)C(C)C,,,0
,N#Cc1ccccc1OC[C@@H](O)CNCCCC(=O)Nc1ccc(F)nc1,,,0
,NC(=O)c1ccc(OCCCCn2cnc3c(N)ncnc32)cc1,,,0
,CC(=O)Nc1ccc(SCCCC(=O)NCC2CCCO2)nn1,,,0
,Cc1cn([C@H]2C[C@H](O)[C@@H](CCC(=O)NCCCc3ccccc3)O2)c(=O)[nH]c1=O,,,0
,O=S(=O)(NCCCCc1c[nH]cn1)NCc1ccc(F)cc1,,,0
,COc1ccc(S(=O)(=O)NC(C)C(=O)NCc2ccco2)cc1OC,,,0
,CCN(CC(=O)NCc1cccs1)C(=O)COc1ccc(C(N)=O)cc1,,,0
,CN(C(=O)[C@H](Cc1ccccc1)NC(=O)CN1CCNCC1=O)c1ccccc1,,,0
,CCS(=O)(=O)NCCNC(=O)N(Cc1ccc(C)o1)C(C)C,,,0
,CC(C)CCn1nnnc1C(C(C)C)N1CCC(C(N)=O)CC1,,,0
,O=C(O)CNS(=O)(=O)c1ccc(NC(=O)/C=C/c2ccccc2)cc1,,,0
,CCCCCC1C(C(=O)OCC)C(=O)NC1(C(=O)OCC)C(=O)OCC,,,0
,COCCn1c(SCC(=O)NC(=O)Cc2ccccc2)nc2ccccc2c1=O,,,0
,O=C1CC[C@@H](C(=O)N[C@@H](CCCCCS)C(=O)Nc2ccccc2)N1,,,0
,O=C(Cc1ccc(S(=O)(=O)N2CCOCC2)s1)NCCOc1ccccc1F,,,0
,COC(=O)CCC(=O)OC1(C)C(=O)C=C2C=C(C3CC3)N(CCCCO)C=C2C1=O,,,0
,CC(Oc1ccc(C(=O)NCCNS(C)(=O)=O)cn1)c1ccccc1,,,0
,COC(C)(C)[C@H](O)COc1ccc2ccc(=O)oc2c1C[C@H](O)C(C)(C)O,,,0
,COc1ccc(OC)c(S(=O)(=O)CC(O)CS(=O)(=O)c2ccccc2)c1,,,0
,O=C1C[C@H](N2CCN(CCCOc3ccc(C(=O)C4CC4)cc3)CC2)N1,,,0
,O=C(COc1coc(CN2CCN(c3ccccc3)CC2)cc1=O)NCC1CCCO1,,,0
,C/C(=N\OCC(O)CNC(C)(C)C)c1ccc(S(=O)(=O)N(C)C)cc1,,,0
,O=S(=O)(NCCc1nc(-c2ccccc2)n[nH]1)C1CC1,,,0
,C[C@H](O)[C@@H](CCc1cccc(CO)c1)n1cnc2c(N)ncnc21,,,0
,COc1cn(CC(=O)Nc2n[nH]c(Cc3ccc(F)cc3)n2)c(C)cc1=O,,,0
,CCC[C@@H](C)Oc1nc(N)c2[nH]c(=O)n(CC3CCNCC3)c2n1.Cl,,,0
,CS(=O)(=O)NCCNc1cc(Cl)ccc1[N+](=O)[O-],,,0
,COc1ccc(S(=O)(=O)NCCCCc2c[nH]cn2)cc1,,,0
,O=C(NO)[C@H](Cc1ccccc1)NS(=O)(=O)c1ccccc1,,,0
,COC(=O)C(C)NC(=O)C(C)NC(=O)OCc1ccccc1,,,0
,COc1cccc(COCC(=O)N2CCC(CC(N)=O)CC2)c1,,,0
,Cc1ccccc1[C@@H]1CN(CCCS(=O)(=O)N(C)C)C[C@H]1C(=O)O,,,0
,COc1ccc(CNS(=O)(=O)CCNC(=O)c2ccccc2)cc1,,,0
,CS(=O)(=O)c1ccc(CN2CC[C@H](N3CCOCC3)[C@H](CCCO)C2)cc1,,,0
,CCc1c(Sc2cc(C)cc(C)c2)n(OCCOC)c(=O)[nH]c1=O,,,0
,COc1ccc(CC(C(=O)Nc2ccc(OC)cc2)c2nn[nH]n2)cc1,,,0
,CCNC(=O)CN(c1ccc(OC)c(OC)c1)S(=O)(=O)c1ccccc1,,,0
,CCOc1ccc(CCNC(=O)C2CCCN(S(C)(=O)=O)C2)cc1OCC,,,0
,Cc1ccccc1[S+]([O-])Cc1ccc(C(=O)NCCN2CCOCC2)o1,,,0
,CCOc1ccc(S(=O)(=O)NC(C)C(=O)NC2CCCC2)cc1,,,0
,COc1ccc(CCN2CC(C(=O)NCc3ccco3)CC2=O)cc1OC,,,0
,NCCCc1cc(=O)c(O)co1,,,0
,CCNCC(=O)N1CCC[C@H]1C#N,,,0
,CCCCCN1C[C@H](CO)[C@@H](O)[C@H](O)C1,,,0
,CN=C(S)NCCN1CCOCC1,,,0
,CNC(C)(CF)C(=O)O,,,0
,N[C@H](CS)CCCS(=O)(=O)O,,,0
,C#CC(C)OC[n+]1ccn(C)c1/C=N/O,,,0
,CC(=O)NC(Cc1ccccc1)C(N)=O,,,0
,O=C(O)CCN1CCOCC1,,,0
,CNC(=O)c1cc(OC2CCNC2)ccn1,,,0
,OCCCNCc1ccncc1,,,0
,NC(=O)CN1CCC(c2ccccc2)C1=O,,,0
,O=P(O)(O)CCCS,,,0
,OCC[n+]1ccc(/C=N/O)cc1,,,0
,CC(CS(C)(=O)=O)NC1CC1,,,0
,CCS(=O)(=O)c1ccc(CC(N)=O)cc1,,,0
,CCC(C)[C@H](N)C(=O)N1CCCN1C(C)=O,,,0
,CC/C=C(\C)C(=O)[C@]12O[C@H]1C(C)(O)NC2=O,,,0
,CC(C)C[C@H](N)C(=O)N1N=CCC1C#N,,,0
,CN(Cc1cnn(C)c1)C(=O)C1CCNCC1,,,0
,COCC(=O)N1C[C@H]2CCC[C@@]2(COC)C1,,,0
,CCCS(=O)(=O)NCC(C)N1CCOCC1,,,0
,CN(CCC1CCCN1C)CC(=O)N(C)C,,,0
,CCN(CC)S(=O)(=O)N1CCOC(C)(C)C1,,,0
,COC(=O)CCCC#CCCO,,,0
,OC[C@@H](Cc1ccccc1)NC1CCOC1,,,0
,CCOc1cccc(CCN)n1,,,0
,O=C(O)[C@@H](CC1CC1)[C@@H]1CO1,,,0
,O=[N+]([O-])c1ccccc1CNCCO,,,0
,CC(C)=CCN1CCN(C[C@H](C)O)CC1,,,0
,Cc1cnc(NCC(O)CN2CCCCC2)nc1,,,0
,O=C(O)COC(=O)Cc1ccccc1,,,0
,O=C(CSCCO)Nc1nccs1,,,0
,CCCCN(CC(N)=O)c1ncccn1,,,0
,CCN(CC1=CCN(C)CC1)C(=O)CCOC,,,0
,CCOc1ccc(Cn2cncn2)nc1,,,0
,CC(C)OC[C@@H](O)CN1CCCCC1,,,0
,CN(C)CCOC(=O)C1(O)CCC2CC1C2(C)C,,,0
,O=C(CCc1ccccc1)NCC1(O)CCOC1,,,0
,CC(C)(C)CCS(=O)(=O)N1CCCC1C(N)=O,,,0
,COC(=O)c1cc(C)sc1NC(=O)CCCC(=O)O,,,0
,O=C(CCC1CCN(S(=O)(=O)c2ccccc2)CC1)NO,,,0
,CCC(O)CN1CCC(OC2CCOCC2)CC1,,,0
,CCCCNC(=O)[C@H](C#N)c1nccn1C(F)F,,,0
,CCc1nc(CCn2cncn2)n(CC(F)(F)F)n1,,,0
,CCOc1ccccc1C(=O)NCCC(=O)O,,,0
,C#CCOc1ccc(N(C)Cc2nnc(CC)n2C)cc1,,,0
,COc1ccc(CC(O)CN2CCOCC2)cc1.Cl,,,0
,C#CCCCCC(=O)Nc1ccc(C#N)cn1,,,0
,CCCN1CCCC(CNC(=O)c2ccn(CC)n2)C1,,,0
,O=C(CCc1ccccc1)NCCO,,,0
,C=C[C@H]1CC(=O)N([C@@H](CC)C(N)=O)C1,,,0
,C#CC(CC)(CC)NC(=O)/C=C/C(=O)O,,,0
,CC(C)(C)C1=CC(=O)C=C(NCCC(=O)O)C1=O,,,0
,O=C(NCCO)OCc1ccccc1,,,0
,O=C(O)CCC(=O)NCC(=O)c1ccc(F)cc1,,,0
,CCN(C(=O)CCc1cccnc1)[C@H]1COC[C@@H]1O,,,0
,CCCCc1noc(C2CN=CNC2)n1,,,0
,CC(C)(C)OCC(O)CN1CCOCC1,,,0
,C[C@@H]1OC(=O)[C@@H]1NC(=O)CCc1ccccc1,,,0
,CCS(=O)(=O)NCCCN(C)C1CCSC1,,,0
,COC(=O)/C(=C/c1ccc(OC)cc1)CP(=O)(O)O,,,0
,COc1ccccc1NCC(=O)NCc1cnn(C)c1,,,0
,COC[C@H]1CCCN(CC(=O)Nc2cccnn2)CC1,,,0
,C/C(=N\OCC(=O)O)c1ccc(S(C)(=O)=O)cc1,,,0
,CC(C)N(Cc1cnn(C)c1)C(=O)COC[C@H]1CCCO1,,,0
,CC(C)NC(=O)CN(C)Cc1noc(C(C)(C)C)n1,,,0
,Cc1nc(C(=O)NCCS(=O)(=O)N2CCCC2)cs1,,,0
,COc1ccc(OC)c(NC(=O)CCN2CCN(C)CC2)c1,,,0
,CCCS(=O)(=O)N1CCC(CC(=O)NC)CC1,,,0
,COc1ccc(C(=O)C(C)N)c(OC)c1,,,0
,CC(=O)SCC(C)C(=O)N(CC(=O)O)C(C)C,,,0
,COC(OC)C(C)CC(=O)N(C)C,,,0
,Cc1cnc(NCCCS(C)(=O)=O)nc1,,,0
,CCNC(=O)CN1CCC(Cn2ccnc2C)CC1,,,0
,CC(C)CC1NC(=O)C(CC(C)C)N(CO)C1=O,,,0
,CC(C)(C)CNC(=O)CCN1C(=O)CCC1=O,,,0
,NCCCN1CCN(c2ccccc2)CC1,,,0
,CC(=O)NS(=O)(=O)CC(C)(C)N(Cl)Cl,,,0
,COCCN1CCN(Cc2cncs2)CC1=O,,,0
,C1CC1Cc1noc(CN2CCN(CC3CC3)CC2)n1,,,0
,COCC[C@H]1CN(S(=O)(=O)CC2CCCC2)CCO1,,,0
,CC(=O)NCCCN1CCC(CNc2ccccn2)C1,,,0
,O=C(NCCCCNC(=O)C(F)(F)F)C(F)(F)F,,,0
,COc1cc(/C=C/C(=O)N2CCOCC2)cc(OC)c1OC,,,0
,CS(=O)(=O)Nc1ccccc1C(=O)NCc1ccco1,,,0
,CSCC(C)(O)CNS(=O)(=O)c1ccc(F)cc1,,,0
,COCC(=O)N[C@H](C(=O)N1CCC(c2ccco2)C1)C(C)C,,,0
,C/C(=N\NCCc1ccc(C)cc1)C(=O)O,,,0
,[O-][P@+]1(N(CCCl)CCCl)NC[C@@H](Cl)CO1,,,0
,CCCN1C(=O)OC[C@@H]1Cc1cncn1C,,,0
,CCn1nccc1CNC(=O)C1CCCO1,,,0
,Clc1cncc(NCC2CN(C3CC3)CCO2)n1,,,0
,COc1cccc(CN(C)[C@H]2CCS(=O)(=O)C2)n1,,,0
,CN(CC1=CCCOC1)Cc1nnc(C2CC2)n1C,,,0
,CN1CCN(CC2(CNC(=O)c3ccc[nH]3)CC2)CC1,,,0
,CCCN(CC#N)CCN1CCOC1=O,,,0
,COCCCNC(=O)CN1CCc2ccccc2C1,,,0
,CCNC(=O)C(=O)NCCc1ccc(Cl)cc1,,,0
,Cc1ccc(S(=O)(=O)NC(C)C(=O)O)cc1,,,0
,O=[P@@]1(N(CCCl)CCCl)OC[C@@H]2C[N@@]21,,,0
,COCCNC(=O)NC(C)COc1ccc(F)cc1F,,,0
,COC(=O)c1ccc(CCC(=O)N[C@H]2CCCCNC2=O)cc1,,,0
,CCCCCCn1c(=O)c2c(ncn2C)n(C)c1=O,,,0
,CS(=O)(=O)NCCC(=O)Nc1cccc2c1CCCC2,,,0
,COCC1(NCC(=O)NCc2ccc(C)s2)CCOCC1,,,0
,CCOC(=O)C(C)Oc1ccc(=O)n(-c2ccccc2)n1,,,0
,O=C(O)[C@H](Cc1ccccc1)NS(=O)(=O)c1ccc(F)cc1,,,0
,COCCCNC(=S)N/N=C/c1ccc2c(c1)OCO2,,,0
,COCCCNC(=O)n1cc(-c2ccccc2)oc1=O,,,0
,CN1CC2(CC1=O)CN(CCCc1ccccc1)C2,,,0
,CCN(CC)C(=O)N[C@H]1CC[C@@H]1N(C)C,,,0
,CCCNc1cnn(C)c(=O)c1OCC,,,0
,COC(=O)CCCNc1ccc2c(c1)OCCO2,,,0
,CO[C@@H]1CCN(Cc2nccn2C)[C@H]1Cc1cccnc1,,,0
,CCc1ccccc1CC(=O)NC[C@H](O)C1CC1,,,0
,COc1cc(CCNC(C)=O)ccc1F,,,0
,COc1cccc(CCCN2C(=O)NC(C)(C)C2O)c1,,,0
,COc1cc(N2CC[C@@H](O)[C@@H]2Cc2ccccc2)ncn1,,,0
,CCOC(=O)CC(N)c1ccc(OC)cc1,,,0
,C[C@@H](C(=O)N(C)CCn1ccc2ccccc21)N1CCCC1=O,,,0
,Cc1ccc(CCNC(=O)C2CCC(=O)N2C(C)C)cc1,,,0
,Cc1noc(C)c1C(=O)NCCN1CCN(c2ccccc2)CC1,,,0
,CCCc1cc(C(=O)NCCc2cc(O)nc(C)n2)ccn1,,,0
,Cc1ccnc(CC(C)N(C)c2cc(CCN)nc(C)n2)c1,,,0
,Cc1ccc(-c2cc(C(=O)NCCCN3CCOCC3)no2)cc1,,,0
,CCc1ccc(-c2n[nH]c(SCC(=O)N3CCOCC3)n2)cc1,,,0
,CN(C)C1CCCN(C(=O)NCCNC(=O)C2CCCCC2)C1,,,0
,CC(C)c1nccn1CC(=O)NC[C@H]1CCCO1,,,0
,CN(C)CCN(C)C(=O)N[C@@H]1COC(C)(C)O[C@@H]1c1ccccc1,,,0
,CCOC(=O)C(C)Oc1ccsc1C(=O)OC,,,0
,CC(C)NC(=O)CC(=O)N/N=C/c1c(F)cccc1Cl,,,0
,O=C(NCCCCN=C=S)c1cccnc1,,,0
,c1ccc(COc2cc(N3C[C@H]4COC[C@H]4C3)ncn2)cc1,,,0
,CCOc1ccc(S(=O)(=O)NCc2cccnc2)cc1,,,0
,CCc1cc(C(=O)N2C[C@H](N(C)C)C[C@H]2C(=O)O)cs1,,,0
,CCCc1nc(C)c(CN2CC[C@H](CS(C)(=O)=O)C2)o1,,,0
,O=C(CCc1nc2ccccc2n1-c1ccccc1)NCCO,,,0
,Cc1ccc(CC(=O)NCCCN2CCOCC2)cc1C,,,0
,CN1CCCCC1C(=O)NCCOCc1ccccc1,,,0
,COc1ccc(N2CC(C(=O)NCc3ccccc3)CC2=O)cc1,,,0
,Cc1nc(CNC(=O)NCCc2ccc(N(C)C)cc2)cs1,,,0
,CN(C)C(=O)COCC1CN(Cc2ccsc2)Cc2nccn2C1,,,0
,Cc1cccc(NC2CCN(CC(=O)NC(C3CC3)C3CC3)CC2)n1,,,0
,CCC(C#N)NC(=O)c1cccc(CN2CCCC2)c1,,,0
,COc1ccc(C(=O)NC(C)CCC2CCCO2)c(O)c1,,,0
,CCOC(=O)/C(C#N)=C\Nc1cccc(C(=O)OCC)c1,,,0
,CCCc1cc(C(=O)NCC2COCCO2)cs1,,,0
,OC(COCc1ccccc1)CN1CCN(c2ccccc2F)CC1,,,0
,CCCC(N)C(=O)N(C)Cc1cccc(N(C)C)c1,,,0
,COc1ccc(CC/N=c2/cccccc2O)cc1OC,,,0
,CN(C)CCNC(=O)c1cccc2ccc(-c3ccccn3)nc12,,,0
,CN(CC(=O)N1CCCC1)C(=O)CCCc1ccccc1,,,0
,C#CCCNC(=O)NCc1snc(OC)c1Br,,,0
,CC(NCC1OCCO1)c1ccc(Cl)s1,,,0
,Cn1nc(CNC(=O)Cc2cccs2)c2c1CCCC2,,,0
,CC(C)[C@H](NC(=O)c1c(F)cccc1F)C(=O)N1CCC1,,,0
,CC(=O)NC(C)C(=O)NC(Cc1ccc(F)cc1)C(C)C,,,0
,C(CN1CCC(N2CCCC2)C1)CN1CCC(N2CCCC2)C1,,,0
,CCNC(=O)c1ccc(NS(=O)(=O)c2ccccc2)cc1,,,0
,CCc1ccc(CCNC(=O)c2cnn3c2NCCC3)cc1,,,0
,Cc1ccc(C(C(=O)N2CCC(Cc3noc(C)n3)CC2)N(C)C)cc1,,,0
,COc1cc(F)cc(OC2CCNCC2)c1NC(=O)C1CCC1,,,0
,O=C(CCc1ccccc1)Nc1cc(-c2ccncc2)c[nH]c1=O,,,0
,COc1ccc(-c2ccc(/C=C/C(=O)NO)c(Cl)c2)c(OC)n1,,,0
,O=C(NCCc1ccncc1)c1ncc(-c2ccccc2)o1,,,0
,O=C(CCc1ccccn1)NC1CCCN(C2Cc3ccccc3C2)C1,,,0
,O=C(O)COc1ccccc1CN1CCCC1c1cnccn1,,,0
,Cc1nc(CN2CCCC(N(C)Cc3cnc(C)s3)C2)no1,,,0
,O=C(CCNC(=O)c1ccccc1)NCCc1ccc(Cl)cc1,,,0
,O=S(=O)(NCC1CCCO1)c1ccccc1F,,,0
,Cc1cc(Cl)ccc1OCC(=O)NCCC(=O)O,,,0
,CCc1ccc(S(=O)(=O)N(C)C2CCN(C)CC2)cc1,,,0
,COc1ccc(CCNC(=O)CN2C[C@H]3CC[C@H]2C3)cc1,,,0
,O=C(NCCCn1cccn1)c1cncc(Br)c1,,,0
,Cc1cccc(OC[C@@H](O)CNC(C)C)c1,,,0
,COCCN1CC(=O)c2sc(NC(C)C)nc2C1,,,0
,COc1cc2c(C=O)cnc(CN)c2cc1OC,,,0
,O=C(NCCc1cccnc1)c1ccn(CC(F)F)n1,,,0
,O=c1nc(SCc2ccncc2)c2c(n1CCO)CCCC2,,,0
,Cc1cc(C)n(C2CN(CC(=O)NC(C3CC3)C3CC3)C2)n1,,,0
,O=C(NCC(c1cccnc1)N1CCOCC1)Oc1ccccc1,,,0
,CNCc1cn(CC2CCN(Cc3cccs3)CC2)nn1,,,0
,O=C(c1ccccc1F)N(CCCO)S(=O)(=O)c1cccs1,,,0
,COC(=O)[C@H](Cc1ccccc1)N=[S+](N)([O-])CCc1ccccc1,,,0
,COC(=O)c1sc(CC(=O)NCc2ccccc2)nc1C,,,0
,Cc1noc(C)c1C(=O)NCc1ccccc1CN1CCOCC1,,,0
,CC(C)(C)C(=O)CC1(NCC(=O)N2[C@H](C#N)CC[C@@H]2C#N)CCCC1,,,0
,COCC1(CNC(=O)NCC(=O)N2Cc3ccccc3C2)CCC1,,,0
,O=C(O)[C@H](Cc1ccccc1)NC(=O)[C@@H]1CCC(=O)N1Cc1ccccc1,,,0
,CSc1ccc(/C(C)=N/OCC(O)CNC(C)(C)C)cc1.Cl,,,0
,COc1ccc(C2N=C2c2cc(OC)c(OC)c(OC)c2)cc1F,,,0
,O=C1CC(NCc2ccc(OC(F)F)cc2)CN1Cc1cccc(F)c1,,,0
,CCOc1cccc(-c2nc(CNCc3ccccn3)co2)c1,,,0
,COC(c1ccccc1)(c1ccccc1)C(O)CN(C)C.Cl,,,0
,CSCCc1c(-c2ccccc2)ncn1CC(C)(C)N1CCOCC1,,,0
,CN1CCCC[C@@H]1CCC(=O)NCCOCc1ccc(Cl)cc1,,,0
,CCc1ccc(CCOc2ccc(C3=NOC(C#N)C3)cc2)nc1,,,0
,CCn1nc(C(C)C)cc1C(=O)N1CC(OCc2ccccc2F)C1,,,0
,C#CCN[C@@H]1CCc2ccc(OC(=O)N(C)CCCC)cc21,,,0
,COc1ccc2ccc(NCCN3CCN(c4ccccc4OC)CC3)nc2c1,,,0
,CCC(=O)N(c1ccccc1)C1(COC)CCN(CCc2cccnc2)CC1,,,0
,COc1ccc2sc(C(=O)NCCCCC(=O)O)c(OC(C)C)c2c1,,,0
,CCCC1(CCC)C(=O)OC[C@H]1NS(=O)(=O)c1ccc2ccccc2c1,,,0
,COc1cc(/C=C/C(=O)COC(=O)/C=C/c2cccc(O)c2)ccc1O,,,0
,COc1ccccc1OCCSc1nc2ccccc2n1CCC(=O)O,,,0
,COCCN(Cc1ccccc1)C(=O)CN1c2cccc3cccc(c23)S1(=O)=O,,,0
,COc1ccc(C(C(=O)OC(C)CN(C)C)c2ccccc2)cc1,,,0
,CCc1ccc(N2C(=O)CN(Cc3cc(OC)c(OC)c(OC)c3)C2=S)cc1,,,0
,O=C1CCc2ccc(OCCCCN3CCN(c4ccccn4)CC3)cc2N1,,,0
,O=S(=O)(NCCc1ccc(F)cc1)c1ccc(F)cc1Br,,,0
,COCCOc1cc(C(=O)N2CC(C)c3ccccc32)ccn1,,,0
,O=C(/C=C/c1ccc(OCCOc2ccccc2)cc1)NO,,,0
,CCOc1cc(S(=O)(=O)NCc2ccccc2)ccc1F,,,0
,OCC[N+]12CCC(C(O)(c3ccccc3)c3ccccc3)(CC1)CC2,,,0
,Cc1nc(CNC2CC(=O)N(CCc3cccc(Cl)c3)C2)c[nH]1,,,0
,C#CCOc1ccc(CN2CCN(c3ccccc3OC)CC2)cc1OC,,,0
,C[C@@H](Oc1ccc(Cl)cc1Cl)C(=O)N[C@H]1CCC[C@H]1C(=O)O,,,0
,CC1Cc2ccccc2N1C(=O)CCS(=O)(=O)Cc1ccccc1,,,0
,COC(=O)/C(=C/c1ccc(OC)cc1)C(C(=O)O)=C1CCCC1,,,0
,COc1ccc(S(=O)(=O)NCCSc2ccccc2)cc1OC,,,0
,CC(NCc1cccc(S(=O)(=O)N(C)C)c1)c1ccc(F)cc1,,,0
,COc1ccccc1CN(C)CCCn1nc(-c2ccccc2O)ccc1=O,,,0
,C[C@@H](CNC(=O)NC1CCN(Cc2ccccc2)CC1)N1CCc2ccccc21,,,0
,O=C(NCC(O)c1cccc(F)c1)c1sccc1OC(F)F,,,0
,Cc1ccc(NC(=O)CSc2nnc(/N=C/N(C)C)s2)cc1,,,0
,COCCC1CCN(C(=O)N[C@@H](C)c2cccc(OC)c2)CC1,,,0
,CSc1ccc(CCNC(=O)Cn2nc(C)n3c(cc4sccc43)c2=O)cc1,,,0
,CCCCn1c2ccccc2c2cc(C(=O)NCCO)nc(C)c21,,,0
,COc1ccc(CCNC(=O)C(=O)c2c[nH]c3ccccc23)cc1OC,,,0
,COc1ccc(C2CC(O)C(CC(C)C)CN2)cc1OC,,,0
,CCc1cccc(-n2c(=O)c3cccnc3n2CC(=O)NCc2ccccc2)c1,,,0
,O=C(O)C(CC1CC1)NC(=O)[C@H]1CC[C@H](c2ccccc2)C1,,,0
,COCCC(=O)N1CC2(CCN(Cc3cccc(Cl)c3)CC2)C1,,,0
,O=S(=O)(NCC1(C2CC2)CCC1)c1cnn(CC(F)(F)F)c1,,,0
,Cc1cccn2cc(CCNC(=O)Cc3cccs3)nc12,,,0
,C#CCOCc1c(C=O)c(O)c(O)c(C)c1-c1ccccc1,,,0
,O=C(Cn1cccc(NC(=O)c2ccccc2)c1=O)NCc1ccccc1,,,0
,O=C(NO)C(CCCCN1C(=O)c2ccccc2C1=O)c1ccccc1,,,0
,COc1ccc(C(=O)CSc2nc3cccnc3n2C)cc1,,,0
,O=C(NCCc1ccccc1)c1ccc2n[se]nc2c1,,,0
,CSCCCNC(=O)N1CCCCC1CO,,,0
,Cc1ccccc1C(C(=O)N(C)CCc1cn[nH]c1)N(C)C,,,0
,Cc1ccccc1C[C@@H](N)CC(=O)N1C[C@@H](F)C[C@H]1C#N,,,0
,CCCC(NS(=O)(=O)c1ccc(C)cc1)C(=O)O,,,0
,O=C(NCCCO)c1ccc2c(c1)C(=O)c1ccccc1-2,,,0
,CC/C=C(\C)C(=O)NCC(C)N1CCN(CC)CC1,,,0
,C/C=C(/CO)COc1ccc2ccc(=O)oc2c1,,,0
,CC(C)CNC(=O)CN(c1cccc(Cl)c1)S(C)(=O)=O,,,0
,CC(C)c1ccc(NCC(=O)N[C@H]2CCOC2=O)cc1,,,0
,O=C(COC(=O)/C=C/c1cccc(F)c1)NC(=O)NC1CCCC1,,,0
,c1ccc(CN2CCN(CCO[C@@H]3CCCCO3)CC2)cc1,,,0
,CCC(C)NC(=O)CN(C1CCCCC1)S(C)(=O)=O,,,0
,CCN1CCN(C(c2ccccc2)c2nnnn2Cc2ccccc2)CC1,,,0
,O=C(NC1CC1)c1ccc(S(=O)(=O)NCC2CCCCC2)cc1,,,0
,O=C1N(CCCO)C(=S)NC1(c1ccccc1)c1ccccc1,,,0
,Cc1noc(C)c1CN(C)C(=O)COc1cccc(C#N)c1,,,0
,COc1ccc(N(CC2CO2)S(=O)(=O)c2ccccc2)cc1,,,0
,NC(=O)CS(=O)(=O)Cc1ccc(OCc2ccc(F)cc2)cc1,,,0
,CC(=O)Nc1ccc(C(=O)CSc2nc(C)cc(O)n2)cc1,,,0
,CCOC(=O)/C=C/[C@H](O)[C@@H](O)/C=C/C(=O)OCC,,,0
,COC(=O)C(C)(C)NCC(=O)N[C@@H](C)C1CC1,,,0
,CCCOC[C@H]1CCN(C(=O)CN2CCOCC2)C1,,,0
,CCOC(=O)CCC1(C(=O)OCC)CCC(=O)N1,,,0
,O=C(O)CCC(=O)CNC(=O)CC(F)(F)F,,,0
,CCCCCOc1ccc(B(O)O)cn1,,,0
,CCCCN(CC(N)=O)CC(=O)N1CCO[C@@H](C)C1,,,0
,CNCC(O)CN1CCN(c2ccccc2OC)CC1,,,0
,C=CCN(CC=C)C(CN1CC1)C(N)=O,,,0
,COC(=O)CCN(C)CCC(=O)OC,,,0
,Cc1cnn(CCNCC(=O)NCc2ccccc2)c1,,,0
,CCOCCCNC(=O)c1nn(CC)cc1Cl,,,0
,CCOCCCC(=O)NCc1cncc(F)c1,,,0
,CCCS(=O)(=O)NC(Cc1ccccn1)[C@H]1C[C@@H](O)C1,,,0
,CCNC(=O)COC(=O)CCC(=O)c1ccc(F)cc1,,,0
,COC(=O)CCCCCC(=O)C(N)CS,,,0
,CCOC[C@@H](NC(C)=O)C(=O)NCc1ccccc1,,,0
,COc1ccc(CCCN(C)CCS(C)(=O)=O)cc1,,,0
,O=C(CCSc1ccccc1)NCCN1CCOCC1,,,0
,Cc1ccc(C(=O)NCCOCCn2cccn2)s1,,,0
,COCCn1cc2c(n1)C(CNCc1cccc(OC)c1)OCC2,,,0
,COC(=O)CCCNC(=O)C(=O)CCCc1ccccc1,,,0
,CCOCCOC(=O)/C(C#N)=C(/CC)NCC1CCOC1,,,0
,CCOC(=O)[C@H](Cc1ccc(OCC2CO2)cc1)NC(C)=O,,,0
,O=C(COc1ccccc1Cl)NCCCNC(=O)c1cccnc1,,,0
,CSCCC(C)(O)CNS(=O)(=O)Cc1ccc(F)cc1,,,0
,CN(CCOCC(F)(F)F)CC1CCN(CCO)CC1,,,0
,CN(C)CCCn1c(N)nc2ccc(OCCN(C)C)cc21,,,0
,CCO[C@@H]1OC(C(=O)NC2CC2)=C[C@H](C2CC2)[C@H]1CCCO,,,0
,OC(CNCC1CCCO1)COCc1ccccc1,,,0
,C#CCCC1(CCC(=O)N2CC(=O)N(CC3CC3)C2)N=N1,,,0
,O=S(=O)(NCCn1ccc(-c2ccncc2)n1)C1CC1,,,0
,CCCS(=O)(=O)N1CCC(C(=O)NCCCOC)CC1,,,0
,N#C/C(=N\OCc1ccccc1)C(=O)NCCCl,,,0
,C#CCNC(=O)C1=C[C@@H](C)[C@H](CCCO)[C@@H](OCC)O1,,,0
,CCC[C@H](C)NS(=O)(=O)CCN1CCOC1=O,,,0
,C=C(C)CN(CC)C(=O)CN1CCO[C@@H](CN(C)C)C1,,,0
,CCCn1cnnc1CN(C)S(=O)(=O)CCC,,,0
,COCCN(Cc1ccccn1)C(=O)CC1CCNC1,,,0
,Cc1cccc(OCC(=O)NCCNC(=O)c2cccnc2)c1,,,0
,COc1cccc(CN(CC(C)C)C(=O)CN2C(=O)CCNC2=O)c1,,,0
,O=C1C(SCCO)=C(SCCO)C(=O)N1CCc1ccccc1,,,0
,O=c1cc[nH]c(=O)n1Cc1ccc(OCCCN2CCCCC2)cc1,,,0
,COc1ccc(S(=O)(=O)N(CC(N)=O)Cc2ccccc2)cc1,,,0
,CN(C)CCCCCCNc1cc(N2CCN(C)CC2)ncn1,,,0
,CCCCCCCCNC(=O)n1cc(F)c(=O)[nH]c1=O,,,0
,O=C(CCCCc1cn(Cc2ccccn2)nn1)NO,,,0
,CCOC(C)C(=O)Nc1cc(S(=O)(=O)NC2CC2)ccc1F,,,0
,CCOCCO[C@@H](C)C(=O)Nc1cc(C)ccc1NS(C)(=O)=O,,,0
,COCCNCc1nc(C(=O)N2CCN(C(C)C)CC2)cs1,,,0
,CCC(OC)c1n[nH]c(=O)n1Cc1cccc(OC)c1,,,0
,COCCN(CC1CC1)C(=O)c1cncnc1C,,,0
,C/C=C/C=C/C(=O)OCC(=O)NCc1ccc(O)c(OC)c1,,,0
,CCN(CC(=O)NCC(=O)OC)c1ccccc1Cl,,,0
,Cc1ccc(C)n1CC(=O)NCCCn1ccnc1,,,0
,CNC(=NCCCOc1cccc(OC)c1)NC,,,0
,CCC[C@]1(CO)CCCN(CCn2ccnc2)C1,,,0
,COc1ccc(CCN(C)N)c(OC)c1OC,,,0
,Cc1nn(C)c(C)c1OCC(=O)NCC(O)Cc1ccccc1,,,0
,C[C@@H](CNc1nccc(N(C)C)n1)CN1CCCC1,,,0
,O=C(CC(=O)NCCc1ccccc1)NCCc1ccccc1,,,0
,CCS(=O)(=O)c1ccc(N(C)CCN2CCCC2=O)cc1,,,0
,NS(=O)(=O)c1ccc(OCCCCN2CCCC2)cc1,,,0
,FC(F)COCCc1nc(Cc2cccnc2)no1,,,0
,CC(NS(=O)(=O)CCNC(=O)c1ccccc1)c1ccccc1,,,0
,Cc1cc(C)n(CCCOc2ccccc2)c(=O)c1C(N)=O,,,0
,CCN(CCNCc1ccc(C#N)cc1)C1CC1,,,0
,CC(C)CC[C@](C)(O)CNS(=O)(=O)c1cncc(F)c1,,,0
,CC(C)NC(C)C(O)COc1ccccc1C#N.Cl,,,0
,O=C(CCC(=O)N1CCCC1C(=O)O)CCc1ccccc1,,,0
,COc1ccccc1CCOc1cc(N2CCOCC2)sc1C(N)=O,,,0
,CCC(C)NS(=O)(=O)c1ccc(OCC(=O)N2CCC(C)CC2)cc1,,,0
,CCOc1ccc(S(=O)(=O)NCCC(=O)N2CCCCCCC2)cc1,,,0
,CCc1ccc(Cn2nc(CCOC)nc2[C@H](C)N2CCOCC2)cc1,,,0
,CCC[C@H]1CN(Cc2ccc(N(C)C)nc2)C[C@@H]1NC(=O)CSC,,,0
,O=C1C2CCCN2C(=O)N1CCCCNCc1ccc2ccccc2n1,,,0
,COC1CN(c2ccc(NS(=O)(=O)CCOc3ccccc3)cc2)C1,,,0
,COc1ccc(CCNC(=O)CSc2nncs2)cc1,,,0
,Cc1cnn(CCNCC(O)COc2ccc3ccccc3c2)c1,,,0
,COc1cc2c(cc1OC)C(COCCN1CCN(C)CC1)OCCC2,,,0
,Cn1c(/C=C/CO)c(CO)c2c1C(=O)C=C(N1CC1)C2=O,,,0
,CCS(=O)(=O)N1CCC[C@H](C(=O)NC(C)(C)C(=O)OC)C1,,,0
,CS(=O)(=O)NCc1cc(=O)n2c(n1)CN(CC1CC1)CCC2,,,0
,O=C(O)[C@@H]1CCCN1C(=O)CCN1CCCC1=O,,,0
,O=C(CCn1cncn1)NCC1CCS(=O)(=O)C1,,,0
,CCc1nccn1CCNC(=O)CN1CCCC(O)C1,,,0
,Cc1n[nH]c(SCC(=O)NCCN2CCCC2=O)n1,,,0
,CN(CCC#N)C(=O)CNC(=O)c1ncccc1O,,,0
,O=CN1CCN(C[C@H](O)CN2CCCCC2)CC1,,,0
,CO[C@H]1CS(=O)(=O)C[C@@H]1NS(=O)(=O)c1cccc(C)c1,,,0
,Cc1ncsc1CCCNC(=O)Cc1c[nH]c(=O)n(C)c1=O,,,0
,COc1ccc(/C=N/NC(=O)CSc2nnnn2C)cc1,,,0
,O=C(CN1CC(n2cccn2)C1)NCCCN1CCCC1=O,,,0
,CC[C@@H]1C(=O)N(S(=O)(=O)c2ccc(C)cc2)[C@H]1C(=O)N(C)CC(=O)O,,,0
,O=C(NCCCN1CCCC1=O)C(=O)Nc1nccs1,,,0
,COCCN1CC[C@H](NC(=O)c2sccc2S(=O)(=O)N(C)C)C1,,,0
,COc1ccccc1Sc1c(C)c(=O)[nH]c(=O)n1OCCO,,,0
,COC(=O)C[C@@H]1CC[C@@H](NS(=O)(=O)c2ccc(OC)cc2)[C@@H](CO)O1,,,0
,CCS(=O)(=O)N1Cc2nnn(C)c2C(COCCN(C)C)C1,,,0
,COC[C@@H]1C[C@@H](OC)CN1S(=O)(=O)c1ccc2c(c1)C(=O)C(=O)N2,,,0
,OCCOCCNCC1(c2ccc(F)cc2)CCOC1,,,0
,CC(=O)C(C)NC(=O)[C@@H](C)NC(=O)OCc1ccccc1,,,0
,COCCN1CCN(C(C)c2nc(C3CC3)no2)CC1,,,0
,COCCc1ncc(CN2CCC(CC(=O)N(C)C)CC2)cn1,,,0
,CSCC(NC(C)=O)C(=O)NCc1ccccc1,,,0
,CC(=O)NC(CCS(C)(=O)=O)C(=O)Nc1cccc(C)c1C,,,0
,CCc1nn(C)c(CC)c1S(=O)(=O)N(C)CC(C)O,,,0
,CN(C)S(=O)(=O)NCCOc1ccc(F)cc1,,,0
,C=CCNC(=O)N[C@@H](Cc1ccccc1)C(=O)OC,,,0
,CN1CCN(CC(O)COCc2ccc3c(c2)OCO3)CC1,,,0
,CNC(=O)c1cccc(CN(C)CC(O)COC)c1,,,0
,C/C=C(\NC(=O)CSCC)C(=O)O,,,0
,CCS(=O)(=O)CCNC(=O)c1cnc(C)s1,,,0
,O=C(O)COCC(=O)NCCc1ccccc1,,,0
,COCCN1CC[C@H](CN(C)c2ccncn2)C1,,,0
,COc1cccc(C(=O)NCCN2CCOCC2)c1,,,0
,COC(=O)CCN(C)CCC(=O)OC.Cl,,,0
,N#CCC(=O)NCCOc1cncc(Cl)c1,,,0
,CN(Cc1ccccc1)CC(O)CN1CCOCC1,,,0
,CC(C)(C)NCC(O)COc1cc(C#N)ccn1,,,0
,Cc1cc(C)c(CN[C@@H](C)CNS(=O)(=O)C2CC2)cn1,,,0
,CC(C)CNC(=O)CC(=O)N/N=C/c1ccc(F)cc1,,,0
,Fc1ccc(Cn2cc(NCCN3CCOCC3)nn2)cc1,,,0
,Cc1ccc(CN2C[C@H](OCCN(C)C)[C@H]3COC[C@H]32)o1,,,0
,CN(C)C(=O)CCN(Cc1nccn1C)C1CC1,,,0
,CCN(CC)C(=O)CSc1nc(O)cc(OC)n1,,,0
,CCN(C)Cc1cnc(S(=O)(=O)CC)n1CCOC,,,0
,COCCCNC(=O)CN1CCOC(c2ccccc2)C1,,,0
,CNCCCNS(=O)(=O)c1cccc(C)c1C#N,,,0
,CC(Cn1cccn1)C(=O)N(C)CCc1cnn(C)c1,,,0
,CCc1cnc(NCCc2nc(C)cc(C)n2)nc1,,,0
,O=C(NCCCCN1CCOCC1)c1ccccc1O,,,0
,CCOC(=O)[C@H]1CCCN(C(=O)N(CC)CC)C1,,,0
,CCOC(=O)C1(CCOC)CCCCC1=O,,,0
,CCS(=O)(=O)N(C)c1ccc(C(=O)N2CCCC2)cc1,,,0
,CCc1nc(C)ccc1OCc1ncnn1C,,,0
,COCCC1CCN(c2ccccc2)NC1=O,,,0
,COCC(=O)Nc1ccnn1-c1ccc(Cl)cc1,,,0
,Cc1nnc([S+]([O-])CC(=O)c2ccc(F)cc2)s1,,,0
,CCNC(=S)N1CCN(c2ccccc2OCC)CC1,,,0
,O=C(Cc1ccccc1[N+](=O)[O-])NCc1ccncc1,,,0
,O=C(CNC(=O)C1CCCCC1)NCc1ccco1,,,0
,Cc1c(C(=O)CN(C)Cc2ccccc2)[n+]([O-])c2ccccc2[n+]1[O-],,,0
,CC(C)(C#N)c1cc(Cn2cncn2)cc(C(C)(C#N)CO)c1,,,0
,CC1CCCC(C(=O)NCCCNCc2cccnc2)C1,,,0
,N#Cc1ccc(COC(=O)CSc2nnc(N)s2)cc1,,,0
,CCc1nc(CC(=O)N2CCC(C(=O)N(CC)CC)CC2)cs1,,,0
,CCOC(=O)N1CCN(CC(O)COc2cc(C)cc(C)c2)CC1,,,0
,Cc1ccc(-c2nc(C(=O)NCCN3CCOCC3)cs2)o1,,,0
,CC(C)C[C@H](N)c1nnc(S(=O)(=O)Cc2cccc(F)c2)o1,,,0
,CCOc1cccc(NCC(=O)N/N=C2\CCCc3cnccc32)c1,,,0
,C[C@@H](COCc1ccccc1)C(=O)Nc1nnc(C(F)(F)F)[nH]1,,,0
,CC1(CNC(=O)NCCCCn2ccnc2)CCCC1,,,0
,CC(C)CC(C)NCc1cccnc1N1CCOCC1,,,0
,CCCN1CCN(C(=O)Nc2ccc(OCC)cc2)CC1,,,0
,CN(CC1(O)CCCCC1)C1CCCN(Cc2noc(C3CC3)n2)C1,,,0
,CCOc1cc(CO)ccc1OCC(=O)N1CCCCC1,,,0
,COc1ncccc1CN1C[C@@H]2COC[C@]2(COc2ccccn2)C1,,,0
,CN(c1ncccc1CNS(C)(=O)=O)C1CCCCC1,,,0
,O=C(NCc1ccc2c(c1)OCO2)c1ccc(CN2CCOCC2)cc1,,,0
,COc1ccc(CNCc2ccncc2)cc1OC.Cl,,,0
,CCCCNC(=O)Oc1ccc2c(c1)[C@@H]1CCN(CC)C1C2,,,0
,O=C(CCc1ccon1)NCc1cc(C2CC2)ccc1F,,,0
,O=C(COC(=O)/C=C/c1ccc(C(F)(F)F)cc1)NC1CC1,,,0
,COc1ccc(OC)c(/C=N/N(C)c2ccccc2)c1,,,0
,CCCc1nnc(SC)n2c(CCC)nc(C)c12,,,0
,CN1CCOC(CNCc2csc(C3CCCCC3)n2)C1,,,0
,CSc1nsc(SCC(=O)NC2CCCCC2)n1,,,0
,Cc1nc2ccccc2n1CCNC[C@H]1CCC=CO1,,,0
,CCCC(=O)Nc1ccc(N2CCN(CC)CC2)c(Cl)c1,,,0
,CN(Cc1ccco1)CC(O)(Cn1cncn1)c1ccc(F)cc1F,,,0
,Fc1cccc(CCN(c2ccc3nnnn3n2)C2CC2)c1,,,0
,CC(C)OCCNC(=O)NCc1ccnc2ccccc12,,,0
,Cc1cc(Cl)ccc1N1C(=O)CC(SCCC(=O)O)C1=O,,,0
,CCC(C)[C@H](N)C(=O)N1CCCN1Cc1ccccc1.Cl,,,0
,CC(=NNC(=O)COc1cccc(C)c1)c1cccnc1,,,0
,CCn1cnnc1C[C@H]1CCN(S(=O)(=O)Cc2ccccc2F)C1,,,0
,COc1ccc([N+](=O)[O-])cc1C(=O)C(=O)c1ccccc1,,,0
,Cc1cc(C)c(OCC(=O)OCCNC(=O)c2cccnc2)c(C)c1,,,0
,COc1ccc(CNc2ccncc2)c(OC)c1OC,,,0
,CCN(CC)CCC1=C(Cl)C(=O)c2ccccc2C1=O,,,0
,CC(C)C1S/C(=N/N=C/CSc2ccccc2)NC1=O,,,0
,CCOc1cccc(C(=O)NCC2(N(C)C)CCCCC2)c1,,,0
,COCCC(=O)N(Cc1ccccn1)Cc1ccccc1C,,,0
,C=CCN1CCC(O)(C(C)C(=O)N(C)C2CCCCC2)CC1,,,0
,CC1CCCCN1CC(O)COCc1ccccc1,,,0
,CC(C)c1ccc(OCC(=O)NCc2ccco2)cc1,,,0
,COC(=O)Cc1ccccc1OC(=O)Cc1ccc(F)cc1,,,0
,Cc1csc(NC(=O)CCC(=O)c2cccs2)n1,,,0
,CCCc1cc(O)nc(SC(C)CC)n1,,,0
,CC(C)n1nc(CN(C)C)c2c1CN(CC1CC1)CC2,,,0
,COc1ccc(CCNS(=O)(=O)c2cccc(C)c2)cc1OC,,,0
,CCCN(CCc1cccc(F)c1)c1ccc2nnnn2n1,,,0
,COCCc1scnc1C(=O)Nc1nccs1,,,0
,CCCn1cc(Cl)c(C(=O)N2C[C@@H](O)[C@H](Oc3ccccc3)C2)n1,,,0
,CN(C)CCNC(=O)c1cccc2ccc(-c3cccnc3)nc12,,,0
,O=C(CC(=O)N/N=C/c1cccs1)NCc1ccccc1,,,0
,Cc1cc(C)n(CC2CN(CCC(=O)NC3CCCCC3)CCO2)n1,,,0
,Cc1ccc(C(=O)OCC(=O)NCc2ccco2)s1,,,0
,Cc1cc(=O)c(C(=O)Nc2cccc(CCN3CCCC3)c2)c[nH]1,,,0
,CCN(CC)CC1CN(CCc2ccccc2)Cc2nccn2C1,,,0
,C=C(C)CC(C)C(=O)NCC1CCc2cccnc21,,,0
,CC(Sc1ccc(Cl)cc1)C(=O)NCC1CCCO1,,,0
,CCOc1ccccc1N(Cc1ccccc1)C(C)=O,,,0
,CCc1ccc(NC(=O)CCn2ccnc2C)cc1,,,0
,O=C(COc1cccc(Cl)c1)NCc1ccccc1,,,0
,CN(CCOC1CCCCO1)C1CCCc2cccnc21,,,0
,COc1ccc(C(=O)CC(=O)c2ccccc2)cc1,,,0
,O=C(COc1cccc2ccccc12)NCc1cccnc1,,,0
,CNC[C@H]1CCCC[C@]1(OC)c1cccc(OC)c1,,,0
,CCOC(=O)C1(Cc2ccc(OC)cc2)OC(=O)C(O)=C1c1ccccc1,,,0
,CCc1nccn1C1CCCN(C(=O)COCC(F)(F)F)C1,,,0
,CCC[C@H]1CN(Cc2ccco2)C[C@@H]1NC(=O)C1(C#N)CCOCC1,,,0
,c1cncc(OCC2CN(Cc3nccs3)Cc3nccn3C2)c1,,,0
,COc1ccc(N2CCN(C)CC2)cc1NCCc1ccccc1,,,0
,COCCNC(=O)C1(C)CCCN(Cc2cc(-c3ccccc3)n(C)n2)C1,,,0
,CC1CCN(C(=O)COC(=O)CCC(=O)c2ccc(Cl)cc2)CC1,,,0
,O=C(/C=C/c1cccn1Cc1ccc(Cl)cc1)CC(=O)C(=O)O,,,0
,COC(=O)N/N=C/c1ccccc1OCc1ccccc1,,,0
,O=C(NO)c1ccc(-c2ccn(CCN3CCc4ccccc4C3)n2)s1,,,0
,C=CC[C@H]1[C@H](Sc2ccccc2)C(=O)O[C@@H]1CCO,,,0
,CCCCCCOc1nccnc1[C@@H]1CN2CCC1CC2,,,0
,O=S1(=O)CCC(CNC(CC2CCC2)c2ccccc2)C1,,,0
,COc1ccc(C(=O)/C=C/c2ccc(O)c(CN(C)C)c2)cc1,,,0
,O=C(COC(=O)Cc1ccsc1)NCC1CCCCC1,,,0
,C#CCN(C)CCCOc1cc(O)c(Cl)cc1Cl,,,0
,CCCCCC(=O)OC(C(=O)NC(C)(C)C)C(C)C,,,0
,COC(=O)Cc1ccc(NC(S)=NCCC(C)C)cc1,,,0
,CC(OC(=O)c1cccs1)C(=O)NCc1cccs1,,,0
,Cc1ccc(C(=O)COC(=O)COc2ccccc2C)cc1,,,0
,CN(C)C(CNC(=O)c1cc2ccccc2oc1=O)c1ccccc1,,,0
,CCOc1ccc(C(=O)OCc2cc(=O)n3cc(C)sc3n2)cc1,,,0
,O=C(O)C[C@H]1CNCCN(C(=O)c2cccc(Oc3ccccc3)c2)C1,,,0
,COc1ccc(CC(=O)Oc2ccccc2[N+](=O)[O-])cc1,,,0
,COc1cccc(CCC(=O)N2CCCCC2Cn2cccn2)c1,,,0
,O=C(CCNC(=O)c1ccc(Cl)cc1)Nc1ccncc1,,,0
,CCCn1c(=O)c2c(nc(C(C3CC3)C3CC3)n2C)n(CCC)c1=O,,,0
,Cc1cc(C)cc(CS(=O)(=O)CC(=O)NC(C2CC2)C2CC2)c1,,,0
,COCCC1(c2nc(-c3ccc(C(N)=O)cc3)no2)CCCC1,,,0
,Cc1nc2cc(C(=O)N(CCN(C)C)C[C@H]3CCCO3)ccc2s1,,,0
,COc1c(S(=O)(=O)NCCN2CCOCC2)ccc(Cl)c1Cl,,,0
,COCCC(C(=O)Oc1c(OC)cccc1OC)N1CCCOCC1,,,0
,COCCNC(=O)c1ccc(C2=C(/C=N/O)CCC2)cc1,,,0
,Cl.O=C(CN1CCC[C@H]1C(=O)O)NCCOc1cccc(Cl)c1,,,0
,CCc1ccc(OCC(=O)N(CC(=O)Nc2ccnnc2)C(C)C)cc1,,,0
,O=C1CCCN1CCCNS(=O)(=O)c1ccc(Br)s1,,,0
,Cc1ncsc1CCN(C)C(=O)CCc1nc2cccnc2n1C,,,0
,C[C@@H](C(=O)Nc1nccs1)N(C)Cc1nccn1C(F)F,,,0
,CC[C@H](CO)NCc1ccnc(-c2ccc(C(F)(F)F)cn2)n1,,,0
,CCOc1cc(/C=N/NC(=O)CCn2nc(C)cc2C)ccc1O,,,0
,COc1cccc(OC)c1CC(=O)NC(C#N)c1ccsc1,,,0
,CC(C)OC(=O)CSc1nnc(Cc2ccccc2)n1C,,,0
,CCCn1nc(C)c(CNC(=O)C2COc3ccc(OC)cc3C2)c1C,,,0
,Cc1ccc(S(=O)(=O)N2CC[C@H](CC(=O)NCc3ccccc3)C2)c(C)c1,,,0
,C=C[C@H](C1=CC(O)(CC(C)=O)C(OC)=CC1=O)c1ccc(OC)c(O)c1,,,0
,O=C(NCc1ccccn1)NCC(c1ccco1)N1CCCC1,,,0
,CCN(CC1CCCCO1)C(=O)CCNC(=O)c1ccccc1F,,,0
,O=C(/C=N/O)c1ccnc(OCC2CCN(Cc3ccccc3)CC2)c1,,,0
,COc1ccc(C2=NN(CCC(=O)NCCc3ccccc3)C(=O)CC2)cc1,,,0
,O=C(/C=C/c1ccccc1OCCOc1ccccc1)NO,,,0
,CCc1nnc(NC(=O)CNc2ccc(C)cc2)s1,,,0
,COCCN(C)C(=O)c1cc2c(s1)CCN2C(=O)C1CC1,,,0
,NC(=O)CSc1nnc(-c2ccccc2F)n1C1CC1,,,0
,CN(C)c1ccc(/C=N/Nc2ccc(S(=O)(=O)O)cc2)cc1,,,0
,O=P(OCC(F)(F)C(F)F)(N1CCOCC1)N1CCOCC1,,,0
,C=CCc1cc(C(=O)N[C@H]2CCN(C)C2)ccc1OC,,,0
,O=C(CCNCc1cc(Br)c2c(c1)OCO2)N1CCCC1,,,0
,COc1cccc(NS(=O)(=O)c2ccc(N3CCCC3=O)cc2)c1,,,0
,CCN1CCC(CNCc2c[nH]nc2C(C)(C)C)C1.Cl,,,0
,CCCOCC1CCN(C(=O)Cn2cccc(C(F)(F)F)c2=O)C1,,,0
,O=C1CCc2cc(OCCCc3c[nH]cn3)ccc21,,,0
,Cc1ccc(C)c(OCC(O)CN2CCCCC2C)c1,,,0
,Cc1csc([C@H](C)NCCOc2cccc(C#N)c2)n1,,,0
,COc1cc(SC)ccc1C(=O)NCC1CCCO1,,,0
,CN(CCN1CCN(c2ccccc2)CC1)c1cccc(O)c1,,,0
,O=C(CCc1ccccc1)NCCc1cccs1,,,0
,CCN1CCN(Cc2cccc3ccccc23)[C@H](CCO)C1,,,0
,CN(C)CCn1cc(CCC(=O)O)c2ccccc21,,,0
,CCn1ncnc1CN1CC[C@H](CC2CCCC2)C1,,,0
,CN(O)C(=O)/C=C/c1ccc(OCc2ccccc2)cc1,,,0
,CS(=O)(=O)CCSCc1ccn(-c2ccc(F)cc2)n1,,,0
,O=C(NCCN1CCOCC1)c1cc(-c2cccc(Cl)c2)on1,,,0
,CCOC(=O)c1cnc(NCCc2cccc(F)c2)nc1O,,,0
,COCCNC(=O)C1CCCN(C(=O)c2ccc(OC)c(F)c2)CC1,,,0
,CCc1nsc(NCCNC(=O)c2cccc(C)c2)n1,,,0
,Cc1nccc(NCc2cncc3c2CCN(CC2CC2)C3)n1,,,0
,CCCCNC(=O)C1(N2C(=O)c3ccccc3C2=O)CCCC1,,,0
,Cc1cc(CNC(=O)Cc2cccnc2)ccc1N(C)C,,,0
,Cc1ccc2nc(SCC(=O)NCc3ccccc3)nc(=O)n2c1,,,0
,COC(=O)CC/N=C(\S)[C@]1(c2cccnc2)CCCC[S+]1[O-],,,0
,CC(=O)/C(=C\c1ccccc1)Oc1ccccc1OCCN1CCCC1,,,0
,N#Cc1coc(C(=O)CCCCCCc2ccccc2)n1,,,0
,CC(COc1ccccc1)N1CCC(CO)(CCc2ccccc2)CC1,,,0
,CCc1ccc(-c2ccc(C(=O)N(CC)CCCN(C)C)o2)cc1,,,0
,COc1ccc(-c2ccc(C(=O)CCCCCO)cc2)c(OC)c1,,,0
,COc1cccc(CNC(=O)CCCSc2ccccc2)c1,,,0
,C=CCCCCOc1ncc(-c2ccccc2OC)n1C,,,0
,CN(C)CCCCCCOc1ccc(-n2ccnc2)cc1,,,0
,CNCCCCOc1ccccc1C(C)c1ccccc1,,,0
,COc1ccc(CON(Cc2ccccc2)Cc2ccccn2)cc1,,,0
,CCN(CC)CCNc1ccc(CNC=O)c2sc3ccccc3c(=O)c12,,,0
,O=C[C@H](Cc1ccccc1)NC(=O)C1(NC(=O)CCc2ccccc2)CCCC1,,,0
,CSC[C@H]1CN(CCc2ccccc2)C(=O)[C@@H]1CC(=O)Nc1ccccc1,,,0
,COc1ccc(OCCNCCN2C(=O)c3cccc4cccc(c34)C2=O)cc1,,,0
,O=C(COC(=O)CSc1ccc(Cl)cc1)NCCc1ccccc1,,,0
,COc1ccc(C2=C(OCCNC3CCCCC3)COC2=O)cc1OC,,,0
,CCc1ccccc1N(CC(=O)NCC(C)C)S(=O)(=O)c1ccc(C)cc1,,,0
,O=C(NCCCCCCNC(=O)N1Cc2ccccc2C1)c1ccccc1F,,,0
,COc1cccc(NC(=O)C(NCC(C)(C)CN(C)C)c2ccccc2)c1,,,0
,COc1cc(C=O)ccc1OCCOCCOc1ccccc1Cl,,,0
,CC(C(=O)c1ccc(Cl)cc1)C(N[C@@H](C)c1ccccc1)C(=O)O,,,0
,COc1ccccc1COc1cccc(NC(=O)N[C@@H]2COC(C)(C)C2)c1C,,,0
,CC(=O)NCCCCN1CCc2c(c3cc(F)ccc3n2-c2ccc(F)cc2)C1,,,0
,N#C/C(=C\c1cn(CCCC(=O)O)c2ccccc12)C(=O)Nc1ccccc1,,,0
,COc1ccc2[nH]cc(CCNc3ncncc3-c3ccccc3CN(C)C)c2c1,,,0
,COCOc1ccc(-c2c[nH]cc2-c2cc(OC)c(OC)c(OC)c2)cc1,,,0
,CCCC[C@@H]1C[C@@H]1C(=O)N1CCC(n2cc(C3CCCC3)nn2)CC1,,,0
,N#CCCN(Cc1ccccc1)Cc1coc(-c2ccc(F)cc2)n1,,,0
,CCN(CCO)c1ccc(NC(=O)c2c(-c3ccccc3)noc2C)cc1,,,0
,CC(c1nnnn1C(C)(C)C)N(Cc1cccnc1)Cc1ccccc1Cl,,,0
,N[C@@H](CCn1cc(-c2cccnc2)nn1)Cc1cc(F)c(F)cc1F,,,0
,COc1cc(OC)cc(C(=O)NCCSCc2ccco2)c1,,,0
,COCCOC(C)(C)c1ccc(-c2nc3ccc(F)cc3c(=O)[nH]2)cc1,,,0
,CC(C)[C@](C)(CO)NC(=O)c1ccc(C2CC2)c(OCC2CC2)n1,,,0
,Cc1ccc(S(=O)(=O)CCC(=O)Nc2ccccc2N2CCCC2)cc1,,,0
,COc1ccc(C(=O)CC(=O)c2cccc([N+](=O)[O-])c2)cc1,,,0
,CCN(CC)S(=O)(=O)c1cccc(-c2nnc(S)n2CC(C)C)c1,,,0
,O=C(O)CCN(Cc1ccccc1)S(=O)(=O)c1ccccc1Cl,,,0
,COc1ccc(C(=O)OCC(=O)c2ccc(Cl)s2)c(OC)c1OC,,,0
,Cc1cnccc1CN(C)C(=O)c1cccc(CCC(C)(C)O)c1,,,0
,Cc1cn(-c2cncc(-c3cccc(OCCN(C)C)c3)c2)cn1,,,0
,CCN(Cc1ccncc1)C(=O)COc1ccc(C)cc1,,,0
,COc1ccccc1C(=O)CC(=O)c1ccc(C)cc1O,,,0
,COc1cc2nc(NCCCn3ccnc3)sc2cc1OC,,,0
,O=C(COC(=O)Cc1ccccc1)NC12CC3CC(CC(C3)C1)C2,,,0
,O=C(NCCS(=O)(=O)c1ccc(Cl)cc1)c1ccc(O)c(Cl)c1,,,0
,N#CCCN(CC1CCOC1)Cn1ccc(-c2cccs2)n1,,,0
,Cc1cc(=O)oc2cc(OCC(=O)NNCc3ccccc3)ccc12,,,0
,CC1CC(C)CN(C(C)(C)CNC(=O)CC2(O)CCCCC2)C1,,,0
,CCN(CCNC(=O)Cn1c(=O)sc2ccccc21)c1ccccc1,,,0
,COc1ccc(C(=O)NCc2c(C)oc(C)c2C(=O)O)cc1,,,0
,COc1ccc(NCCCNC(C)=O)c2c1C(=O)c1ccccc1C2=O,,,0
,COc1ccc(OCC(=O)NC(C)c2ccccc2)c(C(=O)O)c1,,,0
,CCNC(=S)N/N=C(\c1ccc(OC)cc1)c1ccccn1,,,0
,COCCCn1ccc(Nc2ncnc3cccc(F)c23)n1,,,0
,CCOC(=O)c1cnc2nc(SCc3ccccc3)nn2c1Cl,,,0
,CCOC(=O)C1(CCc2ccccc2)CCN(C(=O)C2CCOCC2)CC1,,,0
,O=C(NCc1ccccn1)C1CCC(=O)N(Cc2ccc(Cl)cc2)C1,,,0
,CCCOc1ccc(C(=O)OCCN2CCCCC2)c(O)c1.Cl,,,0
,CCc1nnc(S)n1/N=C/c1cc(Br)c(OC)cc1OC,,,0
,NCCn1ccc(=O)c(O)c1,,,0
,CCNc1cc(=O)n(C)c(=O)n1C,,,0
,CN(C)C(=O)CN1CCC(O)CC1,,,0
,COCOCCC#CCO,,,0
,Nn1c(Cc2ccccc2)n[nH]c1=O,,,0
,O=C(O)[C@@H]1CCCN1C(=O)CS,,,0
,NCC[C@@H]1CCC(=O)N1,,,0
,CC(=O)NCCCCN,,,0
,C[C@H](N)C(=O)N1CCC[C@@H]1C(=O)O,,,0
,Cl.N[C@@H](CS)C(=O)O,,,0
,O=C1Cc2cccc(C3CCCCC3)c2O1,,,0
,CCN[C@@]12CCCC[C@@H]1Cc1ccccc12,,,0
,Cc1ccsc1-c1sc(C=O)cc1C,,,0
,CCCc1c(O)nc2c(C)cccc2c1C,,,0
,Cc1ccc2c(c1)[C@H](C(C)C)CCC2=O,,,0
,CCCC/C=C1\OC(=O)c2ccccc21,,,0
,c1ccc2c(c1)C1CCCN(CC3CC3)C2C1,,,0
,CCC(=O)c1ccc(-c2ccccc2)cc1,,,0
,C=C(C)[C@H]1C[C@H]2C(=C)CCC[C@]2(C)C[C@@H]1O,,,0
,Oc1cc(F)ccc1Oc1ccccc1,,,0
,CNC(=O)[C@@]12C[C@@H]1[C@@H](n1cnc3c(NC)nc(C#Cc4cccc(N)c4)nc31)[C@H](O)[C@@H]2O,,,0
,Cn1ccc(-c2cn([C@@H]3O[C@H](C(=O)NC4CCC5(CC4)CNC5)[C@@H](O)[C@H]3O)c3ncnc(N)c23)n1,,,0
,CC(C)[C@]1(C)SC(N[C@H]2C[C@H]3C[C@@H]2C[C@@H]3O[C@@H]2O[C@H](C(=O)O)[C@@H](O)[C@H](O)[C@H]2O)=NC1=O,,,0
,CCNC(=O)[C@H]1O[C@@H](n2cnc3c(NC(=O)Nc4ccc(F)cc4)ncnc32)[C@H](O)[C@@H]1O,,,0
,Nc1nc(C(=O)NNC(=O)Nc2ccccc2)nn1-c1ccc(S(N)(=O)=O)cc1,,,0
,COc1ccc2c(c1)C(=O)N(C[C@]1(C#Cc3cnc(N)c(C(=O)O)c3)NC(=O)NC1=O)C2,,,0
,NCC(=O)Nc1cc(O)cc(-c2nn3c(=O)cc(N4CCNCC4)nc3s2)c1,,,0
,CC1CCC(NCC(=O)Nc2cccc(S(N)(=O)=O)c2)CC1.O=C(O)C(=O)O,,,0
,Nc1nc(N/N=C/c2cccc(Cl)c2)nc2c1ncn2C1O[C@H](CO)[C@@H](O)[C@H]1O,,,0
,CNc1nc(C#Cc2ccc(Cl)s2)nc2c1ncn2[C@H]1[C@H](O)[C@H](O)[C@]2(C(=O)NCCN)C[C@H]12,,,0
,C#CCN(CC(N)=O)C(=O)C[C@@H](Cc1c[nH]c2ccccc12)NC(=O)[C@H]1CC(NC(=O)Cn2c(=O)[nH]c3ccccc3c2=O)CN1,,,0
,C/C=C/[n+]1c(N)cc(N)nc1SCC1=C(C(=O)[O-])N2C(=O)C(NC(=O)/C(=N\OC(C)(C)C(=O)O)c3cnc(N)s3)C2SC1,,,0
,CC(=O)N[C@H](C(=O)N[C@@H](CC(=O)O)C(=O)N[C@H](C(=O)N1CCc2cc(O)ccc2C1C(=O)N[C@H]1CC(=O)OC1O)C(C)C)C(C)C,,,0
,CC(=O)N[C@H](C(=O)N[C@@H](CC(=O)O)C(=O)N[C@H](C(=O)N1CCc2ccc(O)cc2C1C(=O)N[C@H]1CC(=O)OC1O)C(C)C)C(C)C,,,0
,CC(=O)N[C@H]1CC(=O)NCCCC[C@@H](C(=O)N[C@@H](CCCNC(=N)N)C(=O)c2nccs2)NC(=O)[C@H](CC(C)C)NC1=O,,,0
,CC(=O)N[C@H]1[C@H]([C@H](O)[C@H](O)CO)O[C@@](Oc2ccc(-n3cc(C4(NC(N)=O)CCCCC4)nn3)cc2C(F)F)(C(=O)O)C[C@@H]1O,,,0
,CC(=O)N[C@H]1[C@H]([C@H](O)[C@H](O)CO)O[C@@](Oc2ccc(-n3cc(CSc4nnc(N)s4)nn3)cc2C(F)F)(C(=O)O)C[C@@H]1O,,,0
,CC(C)(C)C#Cc1nc(N)c2ncn([C@@H]3O[C@H](COS(=O)(=O)NC(=O)CCCC[C@@H]4SC[C@@H]5NC(=O)N[C@@H]54)[C@@H](O)[C@H]3O)c2n1,,,0
,CC(C)(O/N=C(\C(=O)NC1C(=O)N2C(C(=O)[O-])=C(CSc3nc(N)cc(N)[n+]3-c3ccccc3)CSC12)c1cnc(N)s1)C(=O)O,,,0
,CC(C)C[C@H]1NC(=O)[C@H](C(C)C)NC(=O)[C@@H](CCC(N)=O)NC(=O)[C@H](CC(=O)O)NC(=O)[C@H](Cc2c[nH]c3ccccc23)NC1=O,,,0
,C=C(CC[C@]12O[C@H](CNS(=O)(=O)C(F)(F)F)[C@@](O)(C(=O)O)[C@](C(=O)O)(O1)[C@H](O)[C@H]2O)[C@@H](OC(C)=O)[C@H](C)Cc1ccccc1,,,0
,C=C[C@H]1[C@H](O[C@@H]2O[C@H](CO)[C@@H](O)[C@H](O)[C@H]2O)OC=C(C(=O)OC)[C@H]1CC(=O)c1[nH]c2ccccc2c1[C@H](OC)C(=O)NC,,,0
,CC(=O)N(c1ccc(CC(=O)Nc2ccc(CC(=O)NCCN)cc2)cc1)c1ncnc2c1ncn2C1O[C@H](CO)[C@@H](O)[C@H]1O,,,0
,CC(=O)N[C@@H](Cc1ccc(OP(=O)(O)O)cc1)C(=O)N[C@@H](C)C(=O)N1CCC[C@H]1C(=O)N[C@@H](Cc1ccccc1)C(N)=O,,,0
,CC(=O)N[C@@H](Cc1ccc(OP(=O)(O)O)cc1)C(=O)N[C@@H](CC(C)C)C(=O)N1CCC[C@H]1C(=O)N1CCN(CC(N)=O)CC1,,,0
,CC(=O)N[C@H](C(=O)N[C@@H](CC(=O)O)C(=O)N[C@H](C(=O)N1CC[C@H](C2CCCCC2)[C@H]1C(=O)N[C@H]1CC(=O)OC1O)C(C)C)C(C)C,,,0
,CC(=O)N[C@H](C(=O)N[C@@H](CC(=O)O)C(=O)N[C@H](C(=O)N1CC[C@H](CC(C)(C)C)[C@H]1C(=O)N[C@H]1CC(=O)OC1O)C(C)C)C(C)C,,,0
,CC(=O)N[C@H](C(=O)N[C@@H](CC(=O)O)C(=O)N[C@H](C(=O)N1CC[C@H](c2ccc(C)cc2)[C@H]1C(=O)N[C@H]1CC(=O)OC1O)C(C)C)C(C)C,,,0
,CC(=O)N[C@H](C(=O)N[C@@H](CC(=O)O)C(=O)N[C@H](C(=O)N1CC[C@H](c2ccccc2)[C@H]1C(=O)N[C@H]1CC(=O)OC1O)C(C)C)C(C)C,,,0
,CC(=O)N[C@H](C(=O)N[C@@H](CC(=O)O)C(=O)N[C@H](C(=O)N1CCc2cc(C)ccc2C1C(=O)N[C@H]1CC(=O)OC1O)C(C)C)C(C)C,,,0
,CCNC(=O)NCC1(C(=O)Nc2ccc(-c3ccccc3S(N)(=O)=O)cn2)CC(c2ccc(Cl)c(N)c2)=NO1,,,0
,CC(C)(C)OC(=O)c1cccc(NC(=O)CCCNS(=O)(=O)c2cccc(C(=N)N)c2)c1.O=C(O)C(F)(F)F,,,0
,C[C@H](Nc1nc(Cl)nc2c1ccn2[C@@H]1O[C@H](COP(=O)(O)CP(=O)(O)O)[C@@H](O)[C@H]1O)c1cccc(F)c1,,,0
,O=C(O)c1cc(NC(=O)c2ccc(C(=O)Nc3cc(C(=O)O)cc(C(=O)O)c3)cc2)cc(C(=O)O)c1,,,0
,C[C@@H](CO)Nc1ccc(C(F)(F)F)c(-c2cnc(N)c(C(=O)Nc3ncccc3N3CCC(C)(N)CC3)n2)n1,,,0
,CC[C@H](Nc1nc(N)nc(N)c1C#N)c1nc2cccc(Cl)c2c(=O)n1Cc1ccc(C(=O)NO)s1,,,0
,CNC(=O)c1ccccc1Nc1nc(Nc2ccc3c(NC(=O)CN4CCC(O)CC4)n[nH]c3c2)ncc1Cl,,,0
,NC(N)=NC(=O)c1nc(Cl)c(NCCc2ccc(OCc3ccccc3)cc2)nc1N.O=C(O)C(F)(F)F,,,0
,O=C(O)C[C@H](NC(=O)CNC(=O)c1cc(O)cc(NC2=NCCCN2)c1)c1cc(Cl)cc(Br)c1O,,,0
,Cc1cc(O)cc(C)c1C[C@H](N)C(=O)N1Cc2ccccc2C[C@H]1C(=O)N[C@@H](CC(=O)O)C(=O)c1nc2ccccc2[nH]1,,,0
,Cc1cc(Cl)cc(CN[C@H]2CCOC3(CC(C(=O)O)C3)C2)c1,,,0
,C[C@H]1C(=O)NC[C@H]2CN(Cc3cccc(F)c3)C[C@H]21.O=C(O)C(F)(F)F,,,0
,Cc1nc2ccccn2c1CNC(=O)[C@H]1CCO[C@@H]1c1ccccc1,,,0
,CC1CCC(NC(=O)c2ccc(S(C)(=O)=O)cc2)CC1,,,0
,Cc1ccc(NC(=O)CN2CCC[C@H](C)[C@@H]2CO)cc1C,,,0
,O=C(NCC1CCCO1)C1CCN(C(=O)c2ccc(Cl)cc2)CC1,,,0
,Cc1ccnc(NC(=S)NC(=O)/C=C/c2ccco2)c1,,,0
,CC(C)CN1C[C@@H](c2ncc(-c3cccnc3)[nH]2)CC1=O,,,0
,CN1CCC2CCN(C(=O)NCc3ccccc3OC3CCC3)C2C1,,,0
,CC(=O)NC1CCN(C[C@H]2CCc3ccccc3C2)CC1,,,0
,CN(C)CCCc1ccc(O)cc1,,,0
,CCCS[S+]([O-])CCC,,,0
,CCCC[S+]([O-])SC,,,0
,COCCC(=O)c1ccc(F)cc1,,,0
,CCCCCC[S+](C)[O-],,,0
,CNC(C)Cc1ccccc1OC,,,0
,C[S@@+]([O-])CCCCCN=C=S,,,0
,C#CCOc1cccc(OCC#C)c1,,,0
,O=C(O)[C@@H](CC1CC1)[C@H]1CS1,,,0
,CCN(CCO)c1cccc(C)c1,,,0
,CC/N=C(\N)Nc1nc(-c2cccc(CNC(C)=O)n2)cs1,,,0
,CC(C)CSc1nc(N)nc2c1ncn2/C=C1/CC1(CO)CO,,,0
,CN(C)CC(c1ccc(O)cc1)C1(O)CCCCC1.O.O=C(O)/C=C/C(=O)O,,,0
,NC(=O)[C@H](CO)NC(=O)c1cccc(-c2ccc(Oc3ccc(F)cc3)cc2)n1,,,0
,Nc1nc(SCC(=O)NC2CCCC2)nc(O)c1NC(=O)c1cccs1,,,0
,NC(=O)Nc1ccc(C(=O)OCC(=O)NC2CCCCC2)cc1,,,0
,CC(=O)O.CC(C)(C)CC(=O)N1CCC[C@H]1C(=O)NCc1ccc(C(=N)N)cc1,,,0
,O=C(NNCCO)c1[nH]c2ccc(Cl)cc2c1S(=O)(=O)c1ccccc1,,,0
,O=C(NCCc1ccc(O)c(O)c1)C(=O)c1c[nH]c2ccc([N+](=O)[O-])cc12,,,0
,COc1cc(C(=O)N/N=C/c2ccc(O)c(O)c2O)cc(OC)c1OC,,,0
,C=C1CC[C@]2(O)[C@]3(C)C[C@]4(O)O[C@@]2([C@@H]1O)[C@]1(O)O[C@@]3(NN)[C@H](OC(=O)c2ccc[nH]2)[C@](O)(C(C)C)[C@@]14C,,,0
,CC(=O)Nc1ccc2c(c1O)C(=O)C1=C(O)[C@]3(O)C(O)=C(C(N)=O)C(=O)[C@@H](N(C)C)C3[C@@H](O)C1[C@H]2C,,,0
,CC1=C(C(=O)NNC(N)=S)C(c2ccc([N+](=O)[O-])cc2)C(C(=O)NNC(N)=S)=C(C)N1,,,0
,CN(C(=O)CC(N)c1cccc(NC(=N)N)c1)C1CN=C(NC(N)=O)NC1=O.Cl.Cl,,,0
,CN(C)c1cc(NC(=O)CN)c(O)c2c1CC1CC3[C@H](N(C)C)C(=O)C(C(N)=O)=C(O)[C@@]3(O)C(=O)C1=C2O,,,0
,CN(C)c1cc(NC(=O)CN)c(O)c2c1C[C@H]1C[C@H]3[C@H](N(C)C)C(O)=C(C(N)=O)C(=O)[C@@]3(O)C(O)=C1C2=O,,,0
,C[C@H]1c2ccc(NC=O)c(O)c2C(=O)C2=C(O)[C@]3(O)C(O)=C(C(N)=O)C(=O)[C@@H](N(C)C)C3[C@@H](O)C21,,,0
,N#CC1=C(NC[C@]2(O)O[C@H](O)[C@@H](O)[C@@H](O)[C@H]2O)Oc2[nH]c(=S)[nH]c(=O)c2C1c1ccc(Cl)cc1,,,0
,N.N.O=C(CBr)c1cn(C2CC(O)C(OP(=O)(O)O)O2)c(=O)[nH]c1=O,,,0
,N=C1/C(=N\Nc2ccc(S(N)(=O)=O)cc2)C(N)=NN1c1ccc(S(N)(=O)=O)cc1,,,0
,Nc1nc(N/N=C/c2cccc(F)c2)nc2c1ncn2C1O[C@H](CO)[C@@H](O)[C@H]1O,,,0
,COC(=O)[C@@H]1Cc2ccc(cc2)Oc2cc(ccc2O)C[C@H](N)C(=O)N[C@@H](CC(N)=O)C(=O)N1,,,0
,CC(C)(C)OC(=O)N[C@H]1CCCN(CC(=O)N[C@H]2CCCC(C(=N)N)C2O)C1=O,,,0
,Cc1cccc(NC(=O)CNC(=O)[C@H]2O[C@@H](n3cnc4c(N)ncnc43)[C@H](O)[C@@H]2O)c1C,,,0
,CC(C)[C@]1(O)C(OC(=O)c2ccc[nH]2)[C@@]2(O)[C@@]3(C)C[C@]4(O)O[C@@]5([C@H](O)[C@@H](C)CC[C@]35O)[C@@]2(O)[C@@]14C,,,0
,CCNC(=O)[C@H]1O[C@@H](n2cnc3c(N)nc(C#CC(O)c4ccccc4)nc32)[C@H](O)[C@@H]1O,,,0
,C[C@H]1CCCN1Cc1nc2cc(NC(=O)N3C(CO)C(O)C(O)C3CO)ccc2[nH]1,,,0
,COc1cccc(-c2c(C(N)=O)c3c(N)ncnc3n2[C@H]2O[C@@H](CO)[C@@H](O)[C@@H]2O)c1,,,0
,CN(C)[C@@H]1C(O)=C(C(N)=O)C(=O)[C@@]2(O)C(O)=C3C(=O)c4c(O)ccc([N+](=O)[O-])c4C[C@H]3C[C@@H]12,,,0
,COc1cc2nc(N3CCN(C(=O)C4CCCO4)CC3)nc(N)c2cc1OC.Cl.O.O,,,0
,C1CNCCN1.COc1cc(C(O)CO)ccc1O.COc1cc(C(O)CO)ccc1O,,,0
,CC(=O)N[C@H]1[C@H]([C@H](O)[C@H](O)CO)OC(C(=O)O)=C[C@@H]1NC(=O)Nc1ccc(Cl)cc1,,,0
,CC(=O)N[C@H]1[C@H]([C@H](O)[C@H](O)CO)OC(C(=O)O)=C[C@@H]1NC(=O)Nc1ccccc1Cl,,,0
,CC(=O)N[C@H]1[C@H]([C@H](O)[C@H](O)CO)OC(C(=O)O)=C[C@@H]1NC(=S)Nc1ccc(C(F)(F)F)cc1,,,0
,CC(=O)N[C@H]1[C@H]([C@H](O)[C@H](O)CO)OC(C(=O)O)=C[C@@H]1NC(=S)Nc1cccc(C(F)(F)F)c1,,,0
,CC(=O)N[C@H]1[C@H]([C@H](O)[C@H](O)CO)OC(C(=O)O)=C[C@@H]1NC(=S)Nc1cccc2ccccc12,,,0
,CC(=O)c1cc(-c2csc(NC(=O)C(=O)O)n2)ccc1O.NCCO.NCCO,,,0
,CC(=O)c1cccc(N[C@H]2[C@H](N)[C@@](NC(=O)N3CCCC3)([C@H](C)O)[C@@](C)(O)[C@@]2(O)CO)c1,,,0
,CC(=O)c1cccc(N[C@H]2[C@H](N)[C@@](NC(=O)N3CCCCC3)([C@H](C)O)[C@@](C)(O)[C@@]2(O)CO)c1,,,0
,CC(NC(=O)c1ccc(N(C)Cc2cnc3nc(N)nc(N)c3n2)cc1)C(=O)O.O,,,0
,CNc1c2c(nn1C)CCCC2,,,0
,OC1CC2C3CCC(C3)C2C1O,,,0
,CC(C)(CN)c1cnc[nH]1.Cl,,,0
,O=C1CCNc2ncccc2N1,,,0
,CC/C=C/C(=O)NC,,,0
,C[C@@H]1C[C@H](C)[C@@H](C)OC1O,,,0
,C#CCNC(=O)Nc1ccccn1,,,0
,O=P(O)(O)/C=C/c1cccnc1,,,0
,CCCNC(=O)n1cccn1,,,0
,Oc1cc(C2=CCNCC2)on1,,,0
,CC1CCC2(CC1)Oc1c(I)cc(C(C)(C)C)cc1C[N+]2(C)C,,,0
,CC1(C)CC(C)(C)CC2(C1)NCc1cc(C(C)(C)C)cc(I)c1O2,,,0
,CCSC(=O)N1CCC(=C2c3ccc(Cl)cc3CCc3cccnc32)CC1,,,0
,CC1(C)Cc2cnn(-c3ccc(Cl)cc3)c2-c2cc(Br)ccc21,,,0
,Cn1nc2c(c1-c1cccs1)C[C@@]1(C)[C@@H](CC[C@@H]3[C@@H]1CC[C@]1(C)[C@@H](O)CC[C@@H]31)C2,,,0
,O=C1O[C@]2(CC[C@H](c3nc4cc(Cl)c(Cl)cc4[nH]3)CC2)c2ccccc21,,,0
,I.c1ccc2c(c1)nc(N1CCCCCC1)c1ccccc12,,,0
,CC1(C)OC2=C(C(=O)CCC2)[C@H]2C3=Cc4cc(Cl)ccc4O[C@@]3(C)CC[C@H]21,,,0
,Cc1ccc2[nH]c3c(c2c1)CCN1C(=O)c2ccccc2N(c2ccccc2)C31,,,0
,c1ccc2c(c1)c1cc[n+]2CCCCC[n+]2ccc(c3ccccc32)NCCCCCCN1,,,0
,Cc1ccc2c(c1)NC(c1c(F)cccc1Cl)C1=C(CC(C)(C)CC1=O)N2C,,,0
,O=c1nc2n(c3ccccc13)C(c1ccc(C(F)(F)F)cc1)c1cc3ccccc3nc1-2,,,0
,S=C(Nc1ccccc1)N1CCC(=C2c3ccc(Cl)cc3CCc3cccnc32)CC1,,,0
,CN1C(=O)CC[C@]2(C)[C@H]3CC[C@]4(C)[C@@H](C(=O)SC(C)(C)C)CC[C@H]4[C@@H]3CC[C@@H]12,,,0
,CC1C[C@H]2C3=CC=C(c4cncc(F)c4)[C@@]3(C)CC[C@@H]2[C@@]2(C)CCN(C)C(=O)C=C12,,,0
,CC1(C)CC(=O)CC2(C1)NCC(c1ccccc1Cl)c1c2[nH]c2ccccc12,,,0
,O=c1oc2ccccc2c2c1C1OC(c3ccsc3)(Cc3c1ccc1ccccc31)O2,,,0
,c1cc2cc(c1)CNc1cc[n+](c3ccccc13)CCCCC[n+]1ccc(c3ccccc31)NC2,,,0
,Oc1cccc2c1-c1nc3c(c(-c4ccsc4)c1C2)Cc1cccc(O)c1-3,,,0
,Cc1oc2c3c(ccc2c(=O)c1-c1ccccc1)OC[C@H]1[C@@H]3Nc2ccccc2C1(C)C,,,0
,C[C@]12CCC(=O)CC1C(=O)C[C@@H]1[C@@H]2CC[C@]2(C)C(c3cncc(F)c3)=CC[C@@H]12,,,0
,CC1(C)CCC[C@]2(C)[C@H]3CC[C@]4(C)O[C@@H](C5=CC(=O)OC5O)C[C@H]4[C@]3(C)CC[C@@H]12,,,0
,C[C@]12CCC(C#N)=CC1=CC[C@@H]1[C@@H]2CC[C@@]2(C)[C@H]1CCC(=O)N2C(=O)c1ccccc1,,,0
,CN1CCN(c2cc3c(c4c2[nH]c2ccccc24)C(=O)CC(C)(C)C3)CC1.Cl,,,0
,CC(=O)N1CCC(=C2c3ccc(Cl)cc3CCc3ccc(Cl)nc32)CC1,,,0
,Cc1cc(C)c2nc3c(Br)cc(Br)c(O)c3nc2c1,,,0
,Cc1ccccc1C1C(C#N)=C2N=C(N)c3c(sc4c3CCCCC4)N2C2=C1C(=O)CCC2,,,0
,CSC(=NC1=NC(C(F)(F)F)(C(F)(F)F)N=C(c2ccccc2)O1)SC,,,0
,Cc1ccc2cc1-c1cc(nc(N)n1)Sc1cccc(c1)OCCCCCO2,,,0
,Cl.O[C@]1(c2ccco2)CCN2C[C@@H]3c4ccccc4CCc4cccc(c43)[C@H]2C1,,,0
,N#Cc1c(-c2ccccc2)cc(C(F)(F)F)c2c3n(nc12)[C@H]1OCCC[C@H]1CN3,,,0
,O=C1c2c(F)cccc2N(c2cccc(F)c2)C2c3[nH]c4ccccc4c3CCN12,,,0
,CN1c2ccccc2C(C)(C)C12C=Nc1c(cc(N3CCOCC3)c3ccccc13)O2,,,0
,CN1C[C@@H](c2ccc(Cl)cc2)[C@@]2(CSc3ccccc3C2=O)C12C(=O)c1ccccc1C2=O,,,0
,O=c1c2ccccc2nc2n1C(c1ccc(Br)cc1)c1cc3ccccc3nc1-2,,,0
,CC1(C)C(=O)CC[C@]2(C)[C@H]3CC[C@@]4(C)[C@H](C5COC(=O)C5)CC[C@]4(C)C3=CC[C@@H]12,,,0
,CC1=C(O)C(=O)C=C2C1=CC=C1[C@@]2(C)CC[C@@]2(C)C3C[C@@H](C)C(=O)[C@@H](O)[C@]3(C)CC[C@]12C,,,0
,CC(=O)n1c2cccc(I)c2c2cc(-c3ccc(Cl)cc3)nnc21,,,0
,C/C(Br)=C\[C@@H]1Cc2nc(cs2)CCCCC(=O)O[C@@H](C)C/C(C)=C/C=C\C(=O)O1,,,0
,CC(C)(C)N1CC(=O)N2[C@H](c3ccc(Cl)c(Cl)c3)c3[nH]c4ccccc4c3C[C@@H]2C1=O,,,0
,CN1CC[C@]23c4c5ccc(O)c4O[C@H]2c2ncc(-c4ccc(Br)cc4)cc2C[C@H]3[C@H]1C5,,,0
,Cc1cc(C2(C(F)(F)F)C=C3c4ccccc4CC(C)(C)N3C2=O)cc(C)c1O,,,0
,O=S1(=O)N=C(Nc2cc(C(F)(F)F)cc(C(F)(F)F)c2)c2cc(Br)ccc21,,,0
,CC1(C)CC[C@@]2(CCC3C4CCc5cc(C(N)=O)ccc5C4CC[C@]32C)OC1=O,,,0
,CN1OC2(N=C1N)c1cc(-c3cccc(C#N)c3)ccc1CC21CCc2cc(F)ccc2C1,,,0
,Cc1ccc(N2C(=O)c3ccccc3NC23C(=O)N(C)c2ccc(Br)cc23)cc1,,,0
,Cc1ccc2c(c1)[C@@H]1CN(C)CC[C@@H]1N2C(=O)Nc1cccc(C(F)(F)F)c1,,,0
,C[C@@H]1CN[C@H]2[C@@H](C)[C@@]3(CC[C@H]4[C@@H]5CC=C6C[C@@H](O)CC[C@]6(C)[C@H]5C[C@@]45C[C@]53C)O[C@@H]2C1,,,0
,C[C@@H]1CC[C@H]2[C@H](C)[C@H]3CC[C@@H]4[C@@H](C[C@H]5[C@H]4CC(=O)[C@H]4C[C@@H](O)CC[C@@]45C)[C@H]3CN2C1,,,0
,Br.CN1CCc2c(cc(O)c(O)c2Cl)C(c2cccc(Cl)c2)C1,,,0
,COC1CCC2(CC1)Cc1ccc(C#CC3CC3)cc1C21N=C(N)c2ccc(C(F)(F)F)cc21,,,0
,C[C@]12C=CC(=O)C=C1CC[C@@H]1[C@@H]2CC[C@]2(C)C3=NN[C@H](c4ccccc4)[C@H]3C[C@@H]12,,,0
,CC1=Cc2c(c3c(c4c(-c5ccccc5)cc(=O)oc24)OC(C)(C)C=C3)O[C@@H]1C,,,0
,O=C(Nc1ccc(C(F)(F)F)cc1)N1CCC2(CCc3cccc(Cl)c3O2)CC1,,,0
,C#C[C@]1(O)CCC2C3CC[C@H]4Cc5nc6[nH]c7ccccc7c6cc5C[C@]4(C)C3CC[C@@]21C,,,0
,Cc1c(O)c(O)cc2c1C(=O)C[C@@H]1[C@@]2(C)CC[C@@]2(C)[C@@H]3C[C@@H](C)C(=O)C[C@]3(C)CC[C@]12C,,,0
,C[C@]12CCC(=O)C[C@@H]1CC[C@@H]1[C@@H]2CC[C@@]2(C)[C@H]1CC[C@@]2(O)/C=C/I,,,0
,O=c1c2cc(Br)ccc2nc2c3c(-c4ccc(Cl)cc4)csc3ncn12,,,0
,C[C@]12CCC(=O)C=C1C(F)C[C@@H]1[C@@H]2CC[C@]2(C)C(c3cncc(F)c3)=CC[C@@H]12,,,0
,CN1C[C@H](c2ccc(Cl)cc2)[C@]2(Cc3ccccc3C2=O)[C@]12C(=O)c1cccc3cccc2c13,,,0
