id,smiles,inchikey,category,activity
SD_038,CCc1nc2ccc(C3Nc4c(C)cccc4O3)cc2n1Cc1cccc2c1CCN2c1ccccc1C(=O)O,LGGFATBGHIJSPG-UHFFFAOYSA-N,synthetic,1
SD_039,CCCc1nc2ccc(C3Nc4c(C)cccc4O3)cc2n1Cc1cccc2c1CCN2c1ccccc1C(=O)O,JFKWXCTYQRHRFE-UHFFFAOYSA-N,synthetic,1
SD_040,CCCCc1nc2ccc(C3Nc4c(C)cccc4O3)cc2n1Cc1cccc2c1CCN2c1ccccc1C(=O)O,DQUTYZNSPZEJKV-UHFFFAOYSA-N,synthetic,1
SD_041,CCc1nc2ccc(C3Nc4cccc(C)c4O3)cc2n1Cc1cccc2c1CCN2c1ccccc1C(=O)O,POORHZOIEARQQY-UHFFFAOYSA-N,synthetic,1
SD_042,CCCc1cc2ccc(C3Nc4cccc(C)c4O3)cc2n1Cc1cccc2c1CCN2c1ccccc1C(=O)O,FNSGSFGLTWLQNZ-UHFFFAOYSA-N,synthetic,1
SD_043,CCCCc1cc2ccc(C3Nc4cccc(C)c4O3)cc2n1Cc1cccc2c1CCN2c1ccccc1C(=O)O,MTZXOTRUDRHIGY-UHFFFAOYSA-N,synthetic,1
SD_044,CCc1cc2ccc(C3Nc4c(C)cccc4O3)cc2n1Cc1cccc2c1CCN2c1ccccc1C(=O)O,KGMOEMPOXSCFAL-UHFFFAOYSA-N,synthetic,1
SD_045,CCCc1cc2ccc(C3Nc4c(C)cccc4O3)cc2n1Cc1cccc2c1CCN2c1ccccc1C(=O)O,LEHYQRFZBPWEEF-UHFFFAOYSA-N,synthetic,1
SD_046,CCCCc1cc2ccc(C3Nc4c(C)cccc4O3)cc2n1Cc1cccc2c1CCN2c1ccccc1C(=O)O,BILXJAQIWNOYFA-UHFFFAOYSA-N,synthetic,1
SD_047,CCc1cc2ccc(C3Nc4cccc(C)c4O3)cc2n1Cc1cccc2c1CCN2c1ccccc1C(=O)O,PSDLULDHHNCXEG-UHFFFAOYSA-N,synthetic,1
SD_075,CCCCC(=O)N(Cc1ccc(-c2ccccc2-c2noc(=O)[nH]2)cc1)[C@@H](CCC)C(=O)O,NEVKLLSLBHGCCW-NRFANRHFSA-N,synthetic,1
SD_076,CCCC(=O)N(Cc1ccc(-c2ccccc2-c2noc(=O)[nH]2)cc1)[C@@H](CC)C(=O)O,CLRQDBVTVSLGOD-IBGZPJMESA-N,synthetic,1
SD_077,CCC[C@@H](C(=O)O)N(Cc1ccc(-c2ccccc2-c2noc(=O)[nH]2)cc1)C(=O)CC,FXELTRKWYHPHAE-IBGZPJMESA-N,synthetic,1
SD_078,CCCCC(=O)N(Cc1ccc(-c2ccccc2-c2noc(=O)[nH]2)cc1)[C@@H](CCCC)C(=O)O,KSFHDWRRMJLZGV-QFIPXVFZSA-N,synthetic,1
SD_079,CCCC[C@@H](C(=O)O)N(Cc1ccc(-c2ccccc2-c2noc(=O)[nH]2)cc1)C(=O)CCC,JTEQEJTWAJZWBA-NRFANRHFSA-N,synthetic,1
SD_080,CCCC[C@@H](C(=O)O)N(Cc1ccc(-c2ccccc2-c2noc(=O)[nH]2)cc1)C(=O)Cc1ccccc1,SJXHNLJBPMFRQH-VWLOTQADSA-N,synthetic,1
SD_081,CCC[C@@H](C(=O)O)N(Cc1ccc(-c2ccccc2-c2noc(=O)[nH]2)cc1)C(=O)Cc1ccccc1,SWLQWSIJBDVCIU-DEOSSOPVSA-N,synthetic,1
SD_082,CCCC(=O)N(Cc1ccc(-c2cc(F)ccc2-c2noc(=O)[nH]2)cc1)[C@@H](CCC)C(=O)O,SIVGPWBPJHPSCL-FQEVSTJZSA-N,synthetic,1
SD_083,CCCCC(=O)N(Cc1ccc(-c2ccccc2-c2nnn[nH]2)cc1)[C@H](C(=O)O)C(C)C,ACWBQPMHZXGDFX-QFIPXVFZSA-N,synthetic,1
SD_092,CCc1nc2cc([N+](=O)[O-])ccc2n1Cc1cccc2c1ccn2-c1ccccc1C(=O)O,OQCCQVXGIPCPCB-UHFFFAOYSA-N,synthetic,1
SD_093,CCCc1nc2cc([N+](=O)[O-])ccc2n1Cc1cccc2c1ccn2-c1ccccc1C(=O)O,AIUSSFIJFZMNEC-UHFFFAOYSA-N,synthetic,1
SD_094,CCCCc1nc2cc([N+](=O)[O-])ccc2n1Cc1cccc2c1ccn2-c1ccccc1C(=O)O,HVKRZMXJTYIQEY-UHFFFAOYSA-N,synthetic,1
SD_095,CCCCCc1nc2cc([N+](=O)[O-])ccc2n1Cc1cccc2c1ccn2-c1ccccc1C(=O)O,CSXXIFVIFCAYQC-UHFFFAOYSA-N,synthetic,1
SD_096,CCCc1nc2cc([N+](=O)[O-])ccc2n1Cc1ccc2c(ccn2-c2ccccc2C(=O)O)c1,XPPYZFDVVIKEET-UHFFFAOYSA-N,synthetic,1
SD_097,CCCCc1nc2cc([N+](=O)[O-])ccc2n1Cc1ccc2c(ccn2-c2ccccc2C(=O)O)c1,GZKSWGAGHQQNOS-UHFFFAOYSA-N,synthetic,1
SD_098,CCCCc1nc(Cl)c(CO)n1Cc1ccc(-c2ccccc2-c2nnn[nH]2)cc1,PSIFNNKUMBGKDQ-UHFFFAOYSA-N,synthetic,1
SD_129,CCCc1nc2c(C)cc(C(=O)NC[C@H](C)c3ccccc3)cc2n1Cc1ccc(-c2cccc(-c3nnn[nH]3)c2)cc1,OITBAZDRCUUJBM-DEOSSOPVSA-N,synthetic,1
SD_130,CCCc1nc2c(C)cc(C(=O)N[C@@H](C)c3ccccc3)cc2n1Cc1ccc(-c2cccc(C(=O)O)c2)cc1,CQYCZVXCIKLSII-QHCPKHFHSA-N,synthetic,1
SD_131,CCCc1nc2c(C)cc(C(=O)N[C@H](C)c3ccccc3)cc2n1Cc1ccc(-c2cccc(C(=O)O)c2)cc1,CQYCZVXCIKLSII-HSZRJFAPSA-N,synthetic,1
SD_132,CCCc1nc2c(C)cc(C(=O)N[C@@H](C)c3ccccc3)cc2n1Cc1ccc(-c2cccc(-c3nnn[nH]3)c2)cc1,VKHSXNMILFZBRB-QHCPKHFHSA-N,synthetic,1
SD_133,CCCc1nc2c(C)cc(C(=O)N[C@H](C)c3ccccc3)cc2n1Cc1ccc(-c2cccc(-c3nnn[nH]3)c2)cc1,VKHSXNMILFZBRB-HSZRJFAPSA-N,synthetic,1
SD_134,CCCc1nc2c(C)cc(C(=O)N[C@H](CO)c3ccccc3)cc2n1Cc1ccc(-c2cccc(C(=O)O)c2)cc1,QQTSPVGSSNFNJC-GDLZYMKVSA-N,synthetic,1
SD_135,CCCc1nc2c(C)cc(C(=O)N[C@@H](CO)c3ccccc3)cc2n1Cc1ccc(-c2cccc(C(=O)O)c2)cc1,QQTSPVGSSNFNJC-LJAQVGFWSA-N,synthetic,1
SD_136,CCCc1nc2c(C)cc(C(=O)N[C@H](CO)c3ccccc3)cc2n1Cc1ccc(-c2cccc(-c3nnn[nH]3)c2)cc1,WUGQWUHMUUHRJY-GDLZYMKVSA-N,synthetic,1
SD_137,CCCc1nc2c(C)cc(C(=O)N[C@@H](CO)c3ccccc3)cc2n1Cc1ccc(-c2cccc(-c3nnn[nH]3)c2)cc1,WUGQWUHMUUHRJY-LJAQVGFWSA-N,synthetic,1
SD_138,CCCc1nc2c(C)cc(C(=O)N[C@H](COC)c3ccccc3)cc2n1Cc1ccc(-c2cccc(C(=O)O)c2)cc1,HJQJWEUESKTHHO-SSEXGKCCSA-N,synthetic,1
SD_139,CCCc1nc2c(C)cc(C(=O)N[C@@H](COC)c3ccccc3)cc2n1Cc1ccc(-c2cccc(C(=O)O)c2)cc1,HJQJWEUESKTHHO-PMERELPUSA-N,synthetic,1
SD_140,CCCc1nc2c(C)cc(C(=O)N[C@H](COC)c3ccccc3)cc2n1Cc1ccc(-c2cccc(-c3nnn[nH]3)c2)cc1,DVJALLAJGKSSPW-SSEXGKCCSA-N,synthetic,1
SD_141,CCCc1nc2c(C)cc(C(=O)N[C@@H](COC)c3ccccc3)cc2n1Cc1ccc(-c2cccc(-c3nnn[nH]3)c2)cc1,DVJALLAJGKSSPW-PMERELPUSA-N,synthetic,1
SD_142,CCCc1nc2c(C)cc(C(=O)NC[C@@H](C)c3ccccc3)cc2n1Cc1ccc(-c2cccc(C(=O)O)c2)cc1,XNGIMVVBXPEYLC-XMMPIXPASA-N,synthetic,1
SD_143,CCCc1nc2c(C)cc(C(=O)NC[C@H](C)c3ccccc3)cc2n1Cc1ccc(-c2cccc(C(=O)O)c2)cc1,XNGIMVVBXPEYLC-DEOSSOPVSA-N,synthetic,1
SD_144,CCCc1nc2c(C)cc(C(=O)NC[C@@H](C)c3ccccc3)cc2n1Cc1ccc(-c2cccc(-c3nnn[nH]3)c2)cc1,OITBAZDRCUUJBM-XMMPIXPASA-N,synthetic,1
SD_145,CCCc1nc2c(C)cc(C(=O)NCC(C)c3ccccc3)cc2n1Cc1ccc(-c2cccc(-c3nnn[nH]3)c2)cc1,OITBAZDRCUUJBM-UHFFFAOYSA-N,synthetic,1
SD_146,CCCc1nc2c(C)cc(C(=O)NC[C@@H](O)c3ccccc3)cc2n1Cc1ccc(-c2cccc(C(=O)O)c2)cc1,MSZIZNCNACSJRY-SSEXGKCCSA-N,synthetic,1
SD_147,CCCc1nc2c(C)cc(C(=O)NC[C@H](O)c3ccccc3)cc2n1Cc1ccc(-c2cccc(C(=O)O)c2)cc1,MSZIZNCNACSJRY-PMERELPUSA-N,synthetic,1
SD_148,CCCc1nc2c(C)cc(C(=O)NC[C@@H](O)c3ccccc3)cc2n1Cc1ccc(-c2cccc(-c3nnn[nH]3)c2)cc1,YNHZBXXFMLDJIX-SSEXGKCCSA-N,synthetic,1
SD_149,CCCc1nc2c(C)cc(C(=O)NC[C@H](O)c3ccccc3)cc2n1Cc1ccc(-c2cccc(-c3nnn[nH]3)c2)cc1,YNHZBXXFMLDJIX-PMERELPUSA-N,synthetic,1
SD_150,CCCc1nc2c(C)cc(C(=O)NCCc3ccccc3)cc2n1Cc1ccc(-c2cccc(C(=O)O)c2)cc1,KJLUAYLECOWJKW-UHFFFAOYSA-N,synthetic,1
SD_151,CCCc1nc2c(C)cc(C(=O)NCc3ccccc3)cc2n1Cc1cccc2c1ccn2-c1ccccc1C(=O)O,ZIYBBIUQJIMSJG-UHFFFAOYSA-N,synthetic,1
SD_152,CCCc1nc2c(C)cc(C(=O)NCCc3ccccc3)cc2n1Cc1ccc2c(ccn2-c2ccccc2C(=O)O)c1,LOAFLKPSVPONCQ-UHFFFAOYSA-N,synthetic,1
SD_153,Cc1nc(C)c2c(n1)N(Cc1ccc(-c3ccccc3-c3nnn[nH]3)cc1)C(=O)CC2,ADXGNEYLLLSOAR-UHFFFAOYSA-N,synthetic,1
SD_154,Cc1nc2c(c(C(F)(F)F)n1)CCC(=O)N2Cc1ccc(-c2ccccc2-c2nnn[nH]2)cc1,UMGWNXVFPXRTJJ-UHFFFAOYSA-N,synthetic,1
SD_155,Cc1nc2c(c(C(F)(F)F)n1)CC(C)C(=O)N2Cc1ccc(-c2ccccc2-c2nnn[nH]2)cc1,VOSRNWKPZUPYSM-UHFFFAOYSA-N,synthetic,1
SD_156,Cc1nc(C)c2c(n1)N(Cc1ccc(-c3ccccc3-c3nnn[nH]3)cc1)C(=O)C(C)(C)C2,ZCBZIEODXPGTIF-UHFFFAOYSA-N,synthetic,1
SD_157,CCc1nc(C)nc2c1CCC(=O)N2Cc1ccc(-c2ccccc2-c2nnn[nH]2)cc1,SPLZVIWJVWAWDZ-UHFFFAOYSA-N,synthetic,1
SD_158,Cc1nc(C(C)C)c2c(n1)N(Cc1ccc(-c3ccccc3-c3nnn[nH]3)cc1)C(=O)CC2,GLIKCYUBIISKTN-UHFFFAOYSA-N,synthetic,1
SD_159,CCCc1nc(C)nc2c1CCC(=O)N2Cc1ccc(-c2ccccc2-c2nnn[nH]2)cc1,FTMDBRIMXYJSJX-UHFFFAOYSA-N,synthetic,1
SD_160,CCc1nc(C)c2c(n1)N(Cc1ccc(-c3ccccc3-c3nnn[nH]3)cc1)C(=O)CC2,KDFBMTBNSCKZAB-UHFFFAOYSA-N,synthetic,1
SD_161,Cc1nc(C(C)C)nc2c1CCC(=O)N2Cc1ccc(-c2ccccc2-c2nnn[nH]2)cc1,WQECOURAYRIDKD-UHFFFAOYSA-N,synthetic,1
SD_162,CCCc1nc(C)c2c(n1)N(Cc1ccc(-c3ccccc3-c3nnn[nH]3)cc1)C(=O)CC2,HQFLNKUQWCVZMA-UHFFFAOYSA-N,synthetic,1
SD_163,Cc1nc(CO)c2c(n1)N(Cc1ccc(-c3ccccc3-c3nnn[nH]3)cc1)C(=O)CC2,BGSIWQLVFAOOGV-UHFFFAOYSA-N,synthetic,1
SD_164,Cc1nc(C=O)c2c(n1)N(Cc1ccc(-c3ccccc3-c3nnn[nH]3)cc1)C(=O)CC2,DKMLYADVVLIQTK-UHFFFAOYSA-N,synthetic,1
SD_165,Cc1nc(CO)nc2c1CCC(=O)N2Cc1ccc(-c2ccccc2-c2nnn[nH]2)cc1,PYGFPKLNGWVHGK-UHFFFAOYSA-N,synthetic,1
SD_166,Cc1nc(C)c2c(n1)N(Cc1ccc(-c3ccccc3-c3nnn[nH]3)cc1)CCC2,CRPBWMYAUJNKOV-UHFFFAOYSA-N,synthetic,1
SD_167,Cc1nc(C)c2c(n1)N(Cc1ccc(-c3ccccc3C(=O)[O][K])cc1)C(=O)CC2.O,SFKCETDSSWWPKY-UHFFFAOYSA-M,synthetic,1
SD_168,Cc1nc(C)c2c(n1)N(Cc1ccc(-c3ccccc3-c3nnn[nH]3)nc1)C(=O)CC2,XSHXQLODFJYKON-UHFFFAOYSA-N,synthetic,1
SD_170,Cc1nc(C)c2c(n1)N(Cc1ccc(-c3ccccc3-c3nnn[nH]3)cn1)C(=O)CC2,HPKMJTIQUSGVRH-UHFFFAOYSA-N,synthetic,1
SD_308,CCc1nc2c(C)cc(C)nc2n1Cc1ccc(-c2ccccc2-c2nn[nH]n2)cc1,YFWXFHNZGKNDBC-UHFFFAOYSA-N,synthetic,1
SD_309,CCCc1nc2c(C)cc(C)nc2n1Cc1ccc(-c2ccccc2-c2nn[nH]n2)cc1,VRBPVOFTDKMURN-UHFFFAOYSA-N,synthetic,1
SD_310,CCCCCn1c(=O)c2cccnc2n1Cc1ccc(-c2ccccc2-c2nn[nH]n2)cc1,LGLZPVSJGCVURZ-UHFFFAOYSA-N,synthetic,1
SD_311,CC(C)Cn1c(=O)c2cccnc2n1Cc1ccc(-c2ccccc2-c2nn[nH]n2)cc1,JKWVJTQZCHOGJJ-UHFFFAOYSA-N,synthetic,1
SD_312,CCCCn1c(=O)c2cccnc2n1Cc1ccc(-c2ccccc2-c2nn[nH]n2)cc1,BWKIOYBQMPZRBR-UHFFFAOYSA-N,synthetic,1
SD_313,CC(C)CCn1c(=O)c2cccnc2n1Cc1ccc(-c2ccccc2-c2nn[nH]n2)cc1,LSBPDXVQAPQQIU-UHFFFAOYSA-N,synthetic,1
SD_314,CCn1c(=O)c2ccc(C)nc2n1Cc1ccc(-c2ccccc2-c2nn[nH]n2)cc1,PZSFAMFZXZAOHP-UHFFFAOYSA-N,synthetic,1
SD_315,CCCn1c(=O)c2ccc(C)nc2n1Cc1ccc(-c2ccccc2-c2nn[nH]n2)cc1,VVTDICDCDGMMCA-UHFFFAOYSA-N,synthetic,1
SD_316,CCCCn1c(=O)c2ccc(C)nc2n1Cc1ccc(-c2ccccc2-c2nn[nH]n2)cc1,GCRHVXYVQWLSJN-UHFFFAOYSA-N,synthetic,1
SD_317,CCCCn1c(=O)c2ccc(Cl)nc2n1Cc1ccc(-c2ccccc2-c2nn[nH]n2)cc1,BNYWWXJJGSMGLA-UHFFFAOYSA-N,synthetic,1
SD_318,CCCCn1c(=O)c2cc(F)c(Cl)nc2n1Cc1ccc(-c2ccccc2-c2nn[nH]n2)cc1,TVOTUWSBAXNGEN-UHFFFAOYSA-N,synthetic,1
SD_319,CCCCn1c(=O)c2cc(F)cnc2n1Cc1ccc(-c2ccccc2-c2nn[nH]n2)cc1,HHWOGTSOLUKYML-UHFFFAOYSA-N,synthetic,1
SD_320,CCCCn1c(=O)c2ccc(OC)nc2n1Cc1ccc(-c2ccccc2-c2nn[nH]n2)cc1,YJVNUQUHBWRFGG-UHFFFAOYSA-N,synthetic,1
SD_321,CCCCn1c(=O)c2ccc(NC)nc2n1Cc1ccc(-c2ccccc2-c2nn[nH]n2)cc1,CNYVHWIEPZCCRX-UHFFFAOYSA-N,synthetic,1
SD_322,CCCCn1c(=O)c2ccc(C3CNCCS3)nc2n1Cc1ccc(-c2ccccc2-c2nn[nH]n2)cc1,FJGJHIPSLRVYTH-UHFFFAOYSA-N,synthetic,1
SD_323,CCCCn1c2ncccc2c(=O)n1Cc1ccc(-c2ccccc2-c2nn[nH]n2)cc1,NEJFAMVNQNXGLG-UHFFFAOYSA-N,synthetic,1
SD_324,CCCCn1c2nc(C)ccc2c(=O)n1Cc1ccc(-c2ccccc2-c2nn[nH]n2)cc1,KTPNSHNJZAUHMY-UHFFFAOYSA-N,synthetic,1
SD_325,CCCCn1c2nc(Cl)ccc2c(=O)n1Cc1ccc(-c2ccccc2-c2nn[nH]n2)cc1,VNUKLVWIQNHPIW-UHFFFAOYSA-N,synthetic,1
SD_326,CCCC1c2ncccc2C(=O)N1Cc1ccc(-c2ccccc2-c2nn[nH]n2)cc1,PBVMNRPKLPSZNJ-UHFFFAOYSA-N,synthetic,1
SD_327,CCCCC1c2ncccc2C(=O)N1Cc1ccc(-c2ccccc2-c2nn[nH]n2)cc1,PNNHQGDWIIUMFS-UHFFFAOYSA-N,synthetic,1
SD_328,CCCn1nc(OCc2ccc(-c3ccccc3-c3nn[nH]n3)cc2)c2cccnc21,SXLBZZWNBKTXEL-UHFFFAOYSA-N,synthetic,1
SD_329,CCCCn1nc(OCc2ccc(-c3ccccc3-c3nn[nH]n3)cc2)c2cccnc21,NLLLHDYGVUXTQW-UHFFFAOYSA-N,synthetic,1
SD_330,CCCCn1nc(OCc2ccc(-c3ccccc3-c3nn[nH]n3)cc2)c2ccccc2c1=O,NRGOMEBSHWHSCJ-UHFFFAOYSA-N,synthetic,1
SD_331,CCC(C)C(NC(=O)C(Cc1ccc(O)cc1)NC(=O)C(NC(=O)C(CCCNC(=N)N)NC(=O)C(N)CC(=O)O)C(C)C)C(=O)NC(Cc1c[nH]cn1)C(=O)N1CCCC1C(=O)NC(Cc1ccccc1)C(=O)O,CZGUSIXMZVURDU-UHFFFAOYSA-N,synthetic,1
SD_332,CCCCC(=O)N(Cc1ccc(-c2ccccc2-c2nnn[nH]2)cc1)[C@@H](CC(C)C)C(=O)OC,MKVAWNKOBRIWFI-QHCPKHFHSA-N,synthetic,1
SD_333,CCCCC(=O)N(CC(=O)O)Cc1ccc(-c2ccccc2-c2nnn[nH]2)cc1,WXYMNFMZFLUCSS-UHFFFAOYSA-N,synthetic,1
SD_334,CCCCC(=O)N(Cc1ccc(-c2ccccc2-c2nnn[nH]2)cc1)C(Cc1ccc(F)cc1)C(=O)O,HFMATXSUPNSWTN-UHFFFAOYSA-N,synthetic,1
SD_335,CCCCC(=O)N(Cc1ccc(-c2ccccc2-c2nnn[nH]2)cc1)[C@@H](C)C(=O)O,QFCDZSRVDUYPKU-HNNXBMFYSA-N,synthetic,1
SD_336,CCCCC(=O)N(Cc1ccc(-c2ccccc2-c2nnn[nH]2)cc1)C(Cc1ccccc1)C(=O)O,PJKUCOOPPKPDJQ-UHFFFAOYSA-N,synthetic,1
SD_337,CCCCC(=O)N(Cc1ccc(-c2ccccc2-c2nnn[nH]2)cc1)C(CC(C)C)C(N)=O,LAEWWLKDUYJDOB-UHFFFAOYSA-N,synthetic,1
SD_338,CCCCC(=O)N(Cc1ccc(-c2ccccc2-c2nnn[nH]2)cc1)C(CO)CC(C)C,OBXYUGKGGNDCHX-UHFFFAOYSA-N,synthetic,1
SD_378,CCCc1nc2c(C)cc(C(=O)NCc3ccccc3)cc2n1Cc1ccc(-c2ccccc2C(=O)O)cc1,WQKSTZXYHFYAKY-UHFFFAOYSA-N,synthetic,1
SD_379,CCCc1nc2c(C)cc(C(=O)NCc3ccccc3OC)cc2n1Cc1ccc(-c2ccccc2C(=O)O)cc1,NKVLENIRXUJTOR-UHFFFAOYSA-N,synthetic,1
SD_380,CCCc1nc2c(C)cc(C(=O)NCc3cccc(OC)c3)cc2n1Cc1ccc(-c2ccccc2C(=O)O)cc1,PKDGXLSODONGNA-UHFFFAOYSA-N,synthetic,1
SD_381,CCCc1nc2c(C)cc(C(=O)NCc3ccc(OC)cc3)cc2n1Cc1ccc(-c2ccccc2C(=O)O)cc1,LMZZNBSYLVXJQQ-UHFFFAOYSA-N,synthetic,1
SD_382,CCCc1nc2c(C)cc(C(=O)NCc3ccc(OC)c(OC)c3)cc2n1Cc1ccc(-c2ccccc2C(=O)O)cc1,STQJLCIXSTXFST-UHFFFAOYSA-N,synthetic,1
SD_383,CCCc1nc2c(C)cc(C(=O)NCCc3cccc(OC)c3)cc2n1Cc1ccc(-c2ccccc2C(=O)O)cc1,NCAWYFSYLMNGPT-UHFFFAOYSA-N,synthetic,1
SD_384,CCCc1nc2c(C)cc(C(=O)NCCc3ccc(OC)cc3)cc2n1Cc1ccc(-c2ccccc2C(=O)O)cc1,RIZLSQIVYHEYRR-UHFFFAOYSA-N,synthetic,1
SD_385,CCCc1nc2c(C)cc(C(=O)NCCc3ccc(OC)c(OC)c3)cc2n1Cc1ccc(-c2ccccc2C(=O)O)cc1,WMGJGWKGRCCRQX-UHFFFAOYSA-N,synthetic,1
SD_386,CCCc1nc2c(C)cc(C(=O)NCCc3cc(OC)ccc3OC)cc2n1Cc1ccc(-c2ccccc2C(=O)O)cc1,VOOYDDCVNCKBLQ-UHFFFAOYSA-N,synthetic,1
SD_387,CCCc1nc2c(C)cc(C(=O)NCCc3ccccc3F)cc2n1Cc1ccc(-c2ccccc2C(=O)O)cc1,UEBSEYNILIIMEL-UHFFFAOYSA-N,synthetic,1
SD_388,CCCc1nc2c(C)cc(C(=O)NCCc3ccc(F)cc3)cc2n1Cc1ccc(-c2ccccc2C(=O)O)cc1,SGICQOPXUHBZIZ-UHFFFAOYSA-N,synthetic,1
SD_389,CCCc1nc2c(C)cc(-c3nc4ccccc4n3C)cc2n1Cc1ccc(-c2ccccc2C(=O)O)cc1,RMMXLENWKUUMAY-UHFFFAOYSA-N,synthetic,1
SD_390,CCc1nc2c(C)cc(C)nc2n1[C@H]1CCc2cc(-c3ccccc3-c3nnn[nH]3)ccc21,PACFDFGGIPMOKL-QFIPXVFZSA-N,synthetic,1
SD_391,CCc1nc2c(C)cc(C)nc2n1[C@@H]1CCc2cc(-c3ccccc3-c3nnn[nH]3)ccc21,PACFDFGGIPMOKL-JOCHJYFZSA-N,synthetic,1
SD_392,CCCc1nc2c(C)cc(C)nc2n1[C@H]1CCc2cc(-c3ccccc3-c3nnn[nH]3)ccc21,UVDVRIXPMWDFIT-QHCPKHFHSA-N,synthetic,1
SD_393,CCCCc1nc2c(C)cc(C)nc2n1[C@@H]1CCc2cc(-c3ccccc3-c3nnn[nH]3)ccc21,HBYVOFWUGXPDMO-XMMPIXPASA-N,synthetic,1
SD_394,Cc1cc(C)c2nc(C(C)C)n([C@@H]3CCc4cc(-c5ccccc5-c5nnn[nH]5)ccc43)c2n1,HIAQXCKTDNPVSH-HSZRJFAPSA-N,synthetic,1
SD_395,Cc1cc(C)c2nc(C3CC3)n(C3CCc4cc(-c5ccccc5-c5nnn[nH]5)ccc43)c2n1,KVHCBGFGXVLDGD-UHFFFAOYSA-N,synthetic,1
SD_396,CCc1nc2c(C)c(C)c(C)nc2n1C1CCc2cc(-c3ccccc3-c3nnn[nH]3)ccc21,PQLMUUHTNDBXNG-UHFFFAOYSA-N,synthetic,1
SD_397,CCc1c(C)nc2c(nc(CC)n2C2CCc3cc(-c4ccccc4-c4nnn[nH]4)ccc32)c1C,BOHFIMKUULPBBT-UHFFFAOYSA-N,synthetic,1
SD_398,CCc1cc(C)c2nc(CC)n(C3CCc4cc(-c5ccccc5-c5nnn[nH]5)ccc43)c2n1,XXWXOZMPDDSSEJ-UHFFFAOYSA-N,synthetic,1
SD_399,CCc1cc(C)c2nc(C(C)C)n(C3CCc4cc(-c5ccccc5-c5nnn[nH]5)ccc43)c2n1,BYKYONJSKPPTTO-UHFFFAOYSA-N,synthetic,1
SD_400,CCc1nc2c(C)cc(CC(C)C)nc2n1C1CCc2cc(-c3ccccc3-c3nnn[nH]3)ccc21,HHFWRZYDWOGTJX-UHFFFAOYSA-N,synthetic,1
SD_401,Cc1cc(CC(C)C)nc2c1nc(C(C)C)n2C1CCc2cc(-c3ccccc3-c3nnn[nH]3)ccc21,HHBRJKDGDMTATE-UHFFFAOYSA-N,synthetic,1
SD_402,CCc1nc2c(CC(C)C)cc(C)nc2n1C1CCc2cc(-c3ccccc3-c3nnn[nH]3)ccc21,AEXHTGISYTXJPO-UHFFFAOYSA-N,synthetic,1
SD_403,CCc1nc2c(C)cc(Cc3ccccc3)nc2n1C1CCc2cc(-c3ccccc3-c3nnn[nH]3)ccc21,VNCRGDCFGIGDGA-UHFFFAOYSA-N,synthetic,1
SD_404,CCc1nc2c(C)cc(CC(C)C)nc2n1[C@@H]1CCc2cc(-c3ccccc3C(=O)O)ccc21,PSGXDVSUDNDHBN-RUZDIDTESA-N,synthetic,1
SD_406,CCCNC(=O)c1cc(C)c2nc(CCC)n(Cc3ccc(-c4ccccc4C(=O)O)cc3)c2c1,MZEZWAFSRHXIMS-UHFFFAOYSA-N,synthetic,1
SD_407,CCCCNC(=O)c1cc(C)c2nc(CCC)n(Cc3ccc(-c4ccccc4C(=O)O)cc3)c2c1,ILYZQINMZKUAIE-UHFFFAOYSA-N,synthetic,1
SD_408,CCCc1nc2c(C)cc(C(=O)NN3CCOCC3)cc2n1Cc1ccc(-c2ccccc2C(=O)O)cc1,MPPHJTGDWROIOP-UHFFFAOYSA-N,synthetic,1
SD_409,CCCc1nc2c(C)cc(C(=O)N3CCCCC3)cc2n1Cc1ccc(-c2ccccc2C(=O)O)cc1,RDMYIZJSQUDLBW-UHFFFAOYSA-N,synthetic,1
SD_410,CCCc1nc2c(C)cc(C(=O)Nc3ccc(C)cc3)cc2n1Cc1ccc(-c2ccccc2C(=O)O)cc1,BZHLUYSOYJBCMN-UHFFFAOYSA-N,synthetic,1
SD_411,CCCc1nc2c(C)cc(C(=O)NCCc3ccccc3)cc2n1Cc1ccc(-c2ccccc2C(=O)O)cc1,RLIIGJWNLLPVGV-UHFFFAOYSA-N,synthetic,1
SD_412,CCCc1nc2c(C)cc(C(=O)NCCN3CCOCC3)cc2n1Cc1ccc(-c2ccccc2C(=O)O)cc1,KMSJMALTKMNVCA-UHFFFAOYSA-N,synthetic,1
SD_413,CCCc1nc2c(C)cc(C(=O)NCCCc3ccccc3)cc2n1Cc1ccc(-c2ccccc2C(=O)O)cc1,ORALIHVHMAFAHT-UHFFFAOYSA-N,synthetic,1
SD_414,CCCc1nc2c(C)cc(C(=O)NCCCN3CCOCC3)cc2n1Cc1ccc(-c2ccccc2C(=O)O)cc1,SGTORJCNPYSWIC-UHFFFAOYSA-N,synthetic,1
SD_415,CCCc1nc2c(C)cc(NC(C)=O)cc2n1Cc1ccc(-c2ccccc2C(=O)O)cc1,GTIKATHHODGEGX-UHFFFAOYSA-N,synthetic,1
SD_416,CCCc1nc2c(C)cc(NC(=O)CC)cc2n1Cc1ccc(-c2ccccc2C(=O)O)cc1,GEUPXOVRFJSXDQ-UHFFFAOYSA-N,synthetic,1
SD_417,CCCC(=O)Nc1cc(C)c2nc(CCC)n(Cc3ccc(-c4ccccc4C(=O)O)cc3)c2c1,DGXVMSJCVAIYLV-UHFFFAOYSA-N,synthetic,1
SD_418,CCCc1nc2c(C)cc(NC(=O)c3ccccc3)cc2n1Cc1ccc(-c2ccccc2C(=O)O)cc1,GJJWDDROTHWGIF-UHFFFAOYSA-N,synthetic,1
SD_419,CCCc1nc2c(C)cc(NC(=O)c3ccc(C)cc3)cc2n1Cc1ccc(-c2ccccc2C(=O)O)cc1,YDMPQPKAXQRBIE-UHFFFAOYSA-N,synthetic,1
SD_420,CCCc1nc2c(C)cc(NC(=O)CCc3ccccc3)cc2n1Cc1ccc(-c2ccccc2C(=O)O)cc1,PWVCJTQDCHXRDQ-UHFFFAOYSA-N,synthetic,1
SD_421,CCCc1nc2c(C)cc(NC(=O)OC)cc2n1Cc1ccc(-c2ccccc2C(=O)O)cc1,SFHCKPZDSBPRTO-UHFFFAOYSA-N,synthetic,1
PT_0048,CC1=CC(=O)CC(C)(C)[C@@]1(O)/C=C/[C@@H](C)O[C@@H]1O[C@H](CO)[C@@H](O)[C@H](O)[C@H]1O,SWYRVCGNMNAFEK-MHXFFUGFSA-N,natural,1
PT_0049,COc1cc(C2c3cc(O)c(OC)cc3CC(COC3OC(CO)C(O)C(O)C3O)C2CO)ccc1O,BUQQDANPHQFSEK-UHFFFAOYSA-N,natural,1
PT_0050,COc1cc([C@H]2Oc3c(O)cc(CCCO)cc3[C@@H]2CO)ccc1O[C@@H]1O[C@@H](C)[C@H](O)[C@@H](O)[C@H]1O,PHHIEOZUONPPQY-ROQFLNLZSA-N,natural,1
PT_0051,COc1cc([C@@H]2Oc3c(OC)cc(CCCO)cc3[C@H]2CO)ccc1O[C@@H]1O[C@@H](C)[C@H](O)[C@@H](O)[C@H]1O,FYWCDZKQBWSMDD-YGYBHAICSA-N,natural,1
PT_0052,C[C@@H]1O[C@@H](OC[C@H]2O[C@@H](Oc3c(-c4ccc(O)cc4)oc4cc(O)cc(O)c4c3=O)[C@H](O)[C@@H](O)[C@@H]2O)[C@H](O)[C@H](O)[C@H]1O,RTATXGUCZHCSNG-QHWHWDPRSA-N,natural,1
PT_0216,C=CCSS(=O)CC=C,JDLKFOPOAOFWQN-UHFFFAOYSA-N,natural,1
PT_0231,O=C(/C=C/c1ccc(O)c(O)c1)O[C@H](Cc1ccc(O)c(O)c1)C(=O)O,DOUMFZQKYFQNTF-WUTVXBCWSA-N,natural,1
PT_0245,O=c1c(O)c(-c2ccc(O)c(O)c2)oc2cc(O[C@@H]3O[C@H](CO)[C@@H](O)[C@H](O)[C@H]3O)c(O)c(O)c12,IDTDRZPBDLMCLB-HSOQPIRZSA-N,natural,1
PT_0246,O=C1C[C@@H](c2ccc(O)c(O)c2)Oc2c1ccc(O[C@@H]1O[C@H](CO)[C@@H](O)[C@H](O)[C@H]1O)c2O,DGGOLFCPSUVVHX-RTHJTPBESA-N,natural,1
PT_0247,O=C(/C=C/c1ccc(O)c(O)c1)c1ccc(O[C@@H]2O[C@H](CO)[C@@H](O)[C@H](O)[C@H]2O)c(O)c1O,XGEYXJDOVMEJNG-HTFDPZBKSA-N,natural,1
PT_0248,O=C(O)c1ccccc1O,YGSDEFSMJLZEOE-UHFFFAOYSA-N,natural,1
PT_0264,O=C(O)/C=C/c1ccccc1,WBYWAXJHAXSJNI-VOTSOKGWSA-N,natural,1
,Cc1ccc(-n2c(-c3sc(NC(=O)c4ccccc4)nc3-c3ccccc3)nc3ccccc3c2=O)cc1,,,0
,O=C(NS(=O)(=O)c1cc(Cl)c(Cl)s1)c1cc2cc(Oc3ccc(Cl)c(Cl)c3)ccc2o1,,,0
,CCC(C)c1nc(-c2ccc(CN3CCC(n4c(O)nc5ccccc54)CC3)cc2)c(-c2ccccc2)nc1O,,,0
,O=C(N[C@H](Cc1c[nH]c2ccccc12)C(=O)Nc1ccncc1)c1ccc(-c2ccc(C(F)(F)F)c(F)c2)cc1F,,,0
,O=C(O)c1ccc(N2CCN(c3cc(C(F)(F)F)ccc3C(F)(F)F)CC2)c(NC(=O)c2ccc(Cl)cc2)c1,,,0
,Cn1c(Nc2ccc(C(C)(C)C)cc2)nc2cc(Oc3ccnc(-c4ncc(C(F)(F)F)[nH]4)c3)ccc21,,,0
,CC(C)OC(=O)Nc1cc(-c2ccc(N(C)C(=O)c3c(F)cccc3Cl)c(N3CC4CC4C3)c2)n(C(C)C)n1,,,0
,COc1cccc([C@@H]2Oc3ccc(Br)cc3C[C@H]2OC(=O)Nc2ccc(OC(F)F)cc2)c1,,,0
,COc1cc(C(=O)O)cc2sc(N3CCN(Cc4c(-c5c(Cl)cccc5Cl)noc4C4CC4)CC3C)nc12,,,0
,CC/C=C\c1cc(Nc2nccc(C(F)(F)F)n2)cc(-c2cnc([C@@]3(O)CC[C@H](C(=O)O)C(C)(C)C3)s2)c1,,,0
,CCN1CCN(Cc2ccc(-c3ccc4c(Nc5cc(OC)c(Cl)cc5Cl)c(C#N)cnc4c3)cc2)CC1,,,0
,O=C(O)C1CCCN(C/C=C/C(c2ccc3occc3c2)(c2ccc3occc3c2)c2ccc3occc3c2)C1,,,0
,CCc1ccc(NC(=O)Nc2ccc(CCNc3ncnc4oc(-c5ccccc5)c(Cl)c34)cc2)cc1,,,0
,O=C(Nc1cc(-c2cccs2)n[nH]1)c1ccccc1Sc1ccc2c(/C=C/c3ccccn3)n[nH]c2c1,,,0
,C[C@]12CC[C@H](OC(=O)Cc3cccc(CC(=O)O)c3)CC1=CC[C@@H]1[C@@H]2CC[C@]2(C)C(n3cnc4ccccc43)=CC[C@@H]12,,,0
,O=C(O)c1ccc(C(=O)/C(=C\c2ccc(Br)c([N+](=O)[O-])c2)SCc2ccc(Br)cc2)cc1,,,0
,COc1ccc(-c2csc(/N=C/c3cc(/C=C/C(=O)c4cccs4)cc(C(C)(C)C)c3O)n2)cc1OC,,,0
,Cn1c(C(=O)Nc2cccc3c2N(Cc2ccc(OCc4cccc([N+](=O)[O-])c4)cc2)CCC3)cc2sccc21,,,0
,O=C(O)CC1CCC(c2ccc(-c3ccc4nc(C(=O)Nc5ccccc5C(F)(F)F)cn4c3)cc2)CC1,,,0
,Cc1cc(Oc2ccnc(NC(=O)C3CC3)c2)ccc1NC(=O)Nc1ccc(Cl)c(C(C)(F)F)c1,,,0
,CCOC(=O)C1=C(Nc2ccccc2)CC(c2ccc(F)cc2)N(c2ccccc2)C1c1ccc([N+](=O)[O-])cc1,,,0
,O=C(O)c1cc(F)cc(Cn2ccc3ccc(-c4ccc5ccn(Cc6cccc(C(=O)OC(F)(F)F)c6)c5c4)cc32)c1,,,0
,Cc1ccc(CN2CCCCC2)cc1NC(=O)c1ccc(Nc2nccc(-c3ccc(OC(F)(F)F)cc3)n2)cc1,,,0
,COc1ccc(CC(=O)O)cc1-c1cc2c(n1C(C)C)C(c1ccc(Cl)cc1)N(c1cc(Cl)ccc1C)C2=O,,,0
,CCC(Nc1nnc(-c2ccc(OC)cc2)o1)[C@H]1CC[C@@H](c2ccnc3ccc(C(F)(F)F)cc32)CC1,,,0
,CCc1cccc(CC)c1-n1c(C=C(C)C)c(C(=O)N2CCNCC2C)cc(-c2nc(-c3ccc(Cl)cc3)cs2)c1=O,,,0
,Cl.c1ccc(COc2ccc(Nc3ncnc4ccc(-c5ccc(CN6CCSCC6)o5)cc34)cc2)cc1,,,0
,CN(c1ccc(Cl)cc1)c1ccc(C(=O)c2ccc(C(=O)C3(c4ccccc4)CCCCC3)c(C(=O)O)c2)nc1,,,0
,COc1cc(C(=O)O)ccc1Cc1cn(C(c2ccccc2)c2ccccc2)c2ccc(NC(=O)OC3CCCC3)cc12,,,0
,O=C(Cc1cc(C(F)(F)F)cc(C(F)(F)F)c1)Nc1cc(Oc2ccc3nc(NC(=O)C4CC4)sc3c2)ccc1F,,,0
,N=c1c2c(-c3ccccc3)c(-c3ccccc3)n(Cc3ccc(OC(F)(F)F)cc3)c2ncn1[C@H]1CC[C@H](O)CC1,,,0
,Cc1c(N(Cc2ccc(-c3ccccc3F)cc2)S(=O)(=O)c2ccc(C(=O)O)cc2)ncc2ccccc12,,,0
,COC(=O)[C@H]1Cc2c([nH]c3ccccc23)[C@H](c2ccc(C(C)C)cc2)N1CCNc1ccnc2cc(Cl)ccc12,,,0
,Fc1ccc2[nH]c(-c3cccc(-c4cccc(CNCCc5ccncc5)c4)c3)nc2c1.O=C(O)C(F)(F)F,,,0
,O=C(O)c1cccc(-c2ccc(/C=C3\S/C(=N\c4ccc(Cl)cc4)N(c4ccccn4)C3=O)o2)c1,,,0
,COc1ccccc1NC(=O)N(Cc1ccccc1)C(C)c1nc2ccccc2c(=O)n1-c1cc(C)ccc1C,,,0
,CC(C)Cn1c(-c2ccc(F)cc2)nc2cc(Nc3nnc(-c4ccccc4)s3)c(N3CCN(C)CC3)cc21,,,0
,Cc1cccc(C)c1NC(=O)C(c1ccccc1)n1c(=O)c(-c2cc3ccccc3[nH]2)nc2ccccc21,,,0
,COc1c(OCCCBr)cc2oc3cc4c(c(O)c3c(=O)c2c1CC=C(C)C)C=CC(C)(C)O4,,,0
,Nc1ccc(-c2cccs2)cc1NC(=O)c1cccc(-c2cn(CCc3ccccc3Cl)nn2)c1,,,0
,CC(C)(C)n1nnnc1C(Nc1ccc(Nc2ccnc3cc(Cl)ccc23)cc1)c1ccc(Cl)c(Cl)c1,,,0
,CC(C)CN1CCC2(CC1)CN(c1ccccc1NC(=O)Nc1ccc(OC(F)(F)F)cc1)c1ccccc12,,,0
,O=C(O)[C@H]1CCCCC1c1nc2cc(OCc3ccc4ccccc4n3)ccc2n1Cc1ccc(OC(F)(F)F)cc1,,,0
,CC1(C)CC[C@]2(C(=O)O)CC[C@]3(C)C(=CC[C@@H]4[C@@]5(C)Cc6cn(CCNCC7CC7)nc6C(C)(C)[C@@H]5CC[C@]43C)[C@@H]2C1,,,0
,COc1cccc(-c2nc3ccc(-c4cccc(C(F)(F)F)c4)cn3c2CCC(=O)Nc2ccc(C)cc2)c1,,,0
,CCc1ccc2c(c1)c(=O)c(C(=O)Nc1ccc(Oc3cccc4occ(-c5ccccc5)c34)c(F)c1)c(C)n2C,,,0
,CCC(C)c1cc(C2C(C(=O)OC)=C(C)NC3=C2C(=O)CC(C)(C)C3)cc2cc(C(=O)c3ccc(Cl)cc3)oc12,,,0
,O=C(NC(=S)Nc1ccc(Cl)c(-c2nc3ccccc3[nH]2)c1)c1ccc(OCc2ccc(C(F)(F)F)cc2)cc1,,,0
,Cc1ccc(-c2nc(SCc3nc(=O)c4c(-c5ccccc5)csc4[nH]3)[nH]c2-c2ccc(C)cc2)cc1,,,0
,CC1(C)Cc2cc(Oc3nc(NCc4ccccc4)c4ncn(Cc5ccc(-c6ccccc6)cc5)c4n3)ccc2O1,,,0
,Cc1c(-c2cc(Cl)cc(Cl)c2)nn(C(C)c2ccc(C(=O)NCCC(=O)O)cc2)c1-c1ccc2ccccc2c1,,,0
,Cc1cc(OCCCc2c(C(=O)Nc3ccc(C#N)cc3)[nH]c3c(-c4c(C)nn(C)c4C)c(Cl)ccc23)cc(C)c1Cl,,,0
,Cc1cc(Nc2ccc(C(=O)/C=C/c3ccc4ccccc4c3)cc2)n2nc(SCc3ccc(Br)cc3)nc2n1,,,0
,C=C(C)[C@@H]1CC[C@]2(C(=O)O)CC[C@]3(C)[C@H](CC[C@@H]4[C@@]5(C)CC[C@H](OC(=O)C[C@@](C)(CC)C(=O)O)C(C)(C)[C@@H]5CC[C@]43C)[C@@H]12,,,0
,COC(=O)N(Cc1cc(C(F)(F)F)cc(C(F)(F)F)c1)Cc1cc(N)ccc1-c1cc(C(C)C)ccc1OC,,,0
,CC(C)[C@@H]1CC[C@]2(C(=O)O)CC[C@]3(C)[C@H](CC[C@@H]4[C@@]5(C)CC[C@H](OC(=O)CCCC(=O)O)C(C)(C)[C@@H]5CC[C@]43C)[C@@H]12,,,0
,O=C(O)c1ccc(S(=O)(=O)N(Cc2ccc(F)c(C(F)(F)F)c2)c2sc3ccccc3c2C2CCCC2)cc1,,,0
,COc1cc2c(cc1OC)CN(CCc1ccc(Nc3nc(-c4ccc(C(C)(C)C)cc4)nc4ccccc34)cc1)CC2,,,0
,CC(F)(F)c1cc(Cl)ccc1-c1sc2c(ccc3[nH]ncc32)c1Oc1ccc(NC2CN(CCCF)C2)cc1,,,0
,CCNC(=O)Nc1c(C)c(C(OC(C)(C)C)C(=O)O)c(-c2ccc(C)c(C)c2)c(C)c1-c1ccc(C)c(C)c1,,,0
,Cc1cc(Oc2ccccc2NC(=O)Nc2ccc(C3CCOCC3)cc2)n(-c2ccccc2Cl)n1,,,0
,Cc1cc(/C=C/C#N)cc(C)c1Oc1nc(NC2CCN(Cc3cccc(Br)c3)CC2)nc2ccsc12,,,0
,CCN(CC)Cc1cc(Nc2cc[n+]([O-])c3cc(Cl)ccc23)cc(-c2cccc3ccccc23)c1O,,,0
,CC1(C)[C@@H]2CC[C@@](C)(C2)[C@@H]1OP(=O)(O)OC1=Cc2ccccc2Sc2c(OC(F)(F)F)cccc21,,,0
,COc1ccc2c(c1)c(Oc1cccc(C(F)(F)F)c1)c(C(=O)O)n2-c1ccc(C(C)(C)C)cc1,,,0
,COc1ccc(CNC(=O)c2cnc3cc(-c4c(C)noc4C)ccc3c2Nc2ccccc2C(C)(C)C)cc1,,,0
,COc1ccc(CO)cc1-c1cc2c(n1C(C)C)C(c1ccc(Cl)cc1C)N(c1cccc(Cl)c1F)C2=O,,,0
,CC(C)(C)c1cc(/C=C/C(=O)Nc2ccc(CNC(=O)C(C#N)=C3CCCCC3)cc2)cc(C(C)(C)C)c1O,,,0
,COc1ccc(C2CC(=O)C3=C(C2)Nc2ccccc2NC3c2ccc(-c3ccccc3)cc2)cc1OC,,,0
,CCOC(=O)C1=C(C)NC2=C(C(=O)CC(C)(C)C2)C1c1cc(C(C)(C)C)c2oc(C(=O)c3ccc(OC)cc3)cc2c1,,,0
,CC(C)CC(N)C(=O)Nc1ccc(-n2nc(C(F)(F)F)cc2-c2ccc(-c3ccc(C(F)(F)F)cc3)cc2)cc1,,,0
,CC(=O)O[C@H]1CC[C@]2(C)C3=C(CC[C@H]2C1(C)C)[C@]1(C)[C@@H](OC(C)=O)C[C@H]([C@H](C)CC/C=C(\C)C(=O)O)[C@@]1(C)CC3,,,0
,CCCc1nc2c(C)cc(-c3nc4ccccc4n3C)cc2n1Cc1ccc(-c2ccccc2-c2ncc[nH]2)cc1,,,0
,O=C(Nc1ccccc1)Nc1cccc(CCNc2ncnc3oc(-c4ccccc4)c(-c4ccccc4)c23)c1,,,0
,CC1(C)CC[C@]2(COC(=O)CCCC(=O)O)CC[C@]3(C)C(=CC[C@@H]4[C@@]5(C)CCC(=O)C(C)(C)[C@@H]5CC[C@]43C)[C@@H]2C1,,,0
,Cc1c(C)n(Cc2ccc(O[C@@H](C)C(=O)O)c(Cl)c2)c2ccc(C(=O)N[C@@H](C)c3ccc(C(C)(C)C)cc3)cc12,,,0
,Cc1c(C)n(Cc2ccc(-c3ccccc3C(=O)O)cc2)c2ccc(C(=O)N[C@@H](C)c3cccc(C(F)(F)F)c3)cc12,,,0
,COc1cc(OC)cc([C@H](C)NC(=O)c2ccc3c(c2)c(C)c(C)n3Cc2ccc(-c3ccccc3)cc2)c1,,,0
,Cc1cc(OC(F)(F)F)ccc1-c1c(Oc2ccc(/C=C/C(=O)O)cc2)c2ccc(C(F)F)cc2oc1=O,,,0
,C=C(C)[C@@H]1CC[C@]2(C(=O)N[C@@H](CC(C)C)C(=O)OC)CC[C@@]3(C)C(CC[C@@H]4[C@@]5(C)CCC(=O)C(C)(C)C5CC[C@]43C)C12,,,0
,O=C(O)Cc1ccc(-c2ccc(OCc3c(-c4c(Cl)cccc4Cl)noc3C3CC3)cc2)cc1Cl,,,0
,Cc1cccc(Nc2cc(Cl)nc(SC(C(=O)O)c3ccc(-c4ccccc4)c4ccccc34)n2)c1C,,,0
,CC[C@@H](c1cccc(C(F)(F)F)n1)N1C(=O)[C@@](C)(CC(=O)O)C[C@H](c2cccc(Cl)c2)[C@H]1c1ccc(Cl)cc1,,,0
,CCCCCCCC(=O)N[C@H]1CC[C@]2(C)[C@H]3C[C@@H](O)[C@@H]4[C@@H]([C@]5(C)CC[C@H](C(C)(C)O)O5)CC[C@@]4(C)[C@]3(C)CC[C@H]2C1(C)C,,,0
,CC(=O)Nc1ccc(C=Nc2ccc(SSc3ccc(N=Cc4ccc(NC(C)=O)cc4)cc3)cc2)cc1,,,0
,Oc1c(CN2CCCCC2)cc(Nc2cc(-c3ccc4ccccc4c3)nc3ccccc23)cc1CN1CCCCC1,,,0
,Clc1cc(NCCCCNC2CCC3(CC2)OO[C@@]2(c4ccccc4)CC(c4ccccc4)=C[C@H]2O3)c2ncccc2c1,,,0
,CCN(CC)C(=O)Oc1ccc2c(ccn2Cc2cc(C)cc(C)c2)c1NC(=O)c1cc(C(F)(F)F)cc(C(F)(F)F)c1,,,0
,CSCCC(NC(=O)C[C@]12CCC(C)(C)C[C@H]1C1=CC[C@@H]3[C@@]4(C)CC[C@H](O)C(C)(C)[C@@H]4CC[C@@]3(C)[C@]1(C)CC2)C(=O)O,,,0
,COc1ccc(Nc2nc(-c3ccccc3)cc(-c3ccc(Cl)cc3)c2C(=O)Nc2ccc(C)cc2)cc1,,,0
,CCn1cc(-c2ccnc3[nH]ccc23)c(-c2cccc(NC(=O)Nc3ccc(Cl)c(C(F)(F)F)c3)c2)n1,,,0
,CC1=C(O)C(=O)C=C2C1=CC=C1[C@@]2(C)CC[C@@]2(C)[C@@H]3C[C@](C)(C(=O)NCCCn4ccnc4)CC[C@]3(C)CC[C@]12C,,,0
,Cc1cc(NC(=O)c2cccc(S(F)(F)(F)(F)F)c2)cc(-n2ccn3nc(-c4cccnc4)cc23)c1,,,0
,COc1cc2[nH]c(C)c(-c3ccc(Oc4ccc(OC(F)(F)F)c(F)c4)cc3)c(=O)c2cc1Cl,,,0
,Fc1ccc(-c2nc3cc(Nc4nnc(-c5cccc(C(F)(F)F)c5)s4)ccc3n2C2CC2)cc1,,,0
,CCOc1ccc(Oc2ccc(-c3cnc(-c4cc(O)c(O)c(Br)c4Br)o3)cc2)cc1,,,0
,O=C(Nc1cccc(-n2ccc3c(NC(=O)c4ccccc4)nccc32)c1)c1ccc(Cl)c(C(F)(F)F)c1,,,0
,Cc1c(C(=O)C(=O)NC23CC4CC(CC(C4)C2)C3)nn(-c2ccc(Cl)cc2Cl)c1-c1ccc(Cl)cc1,,,0
,CC1(C)CC[C@]2(C(=O)O)CC[C@]3(C)C(=CC[C@@H]4[C@@]5(C)CC[C@H](OC(=O)CCC(N)=O)C(C)(C)[C@@H]5CC[C@]43C)[C@@H]2C1,,,0
,C/C(=C\C(=O)NC(C)c1ccccc1)c1ccc(NC(=O)Nc2ccc(Cl)c(C(F)(F)F)c2)cc1,,,0
,COc1ccc(OC)c(COc2cc(NC(=O)c3ccc(N(C)C)cc3)ccc2NS(C)(=O)=O)c1,,,0
,CCOC(=O)c1cnc2ccc(OC)cc2c1Nc1ccc(NCCCN2CCOCC2)cc1,,,0
,COc1cc(C2=NCCN2)cc2cc(CCCCCc3cc4cc(C5=NCCN5)cc(OC)c4o3)oc12,,,0
,CCOC(=O)[C@]12CCCC=C1N(Cc1cccc3ccccc13)C(=O)[C@H](CC(=O)NCCCOC)C2,,,0
,CCCc1cc(C2CCC(O)CC2)ccc1OCCCOc1cccc(C2OC(=O)NC2=O)c1,,,0
,COc1ccc(CNc2nc(NCc3ccccc3)c3cc(OC)c(OC)cc3n2)cc1OC,,,0
,COc1cccc(-c2cc(COc3cccnc3)ccc2C(=O)N[C@@H](CCSC)C(=O)O)c1,,,0
,COc1cc2ncnc(N[C@H](C)c3ccc(F)cc3)c2cc1OCCCCCCC(=O)NO,,,0
,COc1ccc(CCc2nnc([C@H](CCC(=O)O)NC(=O)c3ccc(-c4ccccc4)cc3)o2)cc1,,,0
,CCN(CCCNC(=O)CCc1nnc2ccc(-c3ccc(C)c(C)c3)nn12)c1ccccc1,,,0
,CCOc1cccc(Nc2nn(C)c3c2Cc2cc(OCC)c(OCC(=O)NOC)cc2-3)c1,,,0
,CC1=C(C(=O)N(C)C)CC(CC(=O)NCc2ccco2)C(=O)N1CCC1=CCCCC1,,,0
,Cc1nnc(CNc2cc(OC[C@H]3C[C@@H]3c3ccccn3)nc(CF)n2)s1,,,0
,COc1cc(-c2cn(Cc3cn4cc(CNCC56CC(F)(C5)C6)ccc4n3)nn2)c2cncn2c1,,,0
,CCc1ccccc1NC(=O)CN(c1ccc(OC)cc1)S(=O)(=O)c1c(C)n[nH]c1C,,,0
,CC[C@H]1O[C@@H]2O[C@H](/C=C/C=C/C=C/c3oc(=O)cc(OCC=C(C)C)c3C)[C@H](O)[C@]2(C)[C@@]1(C)O,,,0
,COc1ccc(/C=N/NC(=O)c2cccnc2)cc1COc1ccc([N+](=O)[O-])c(C)c1,,,0
,O=C(N/C(=N/CC1CCCCC1)NCCCc1c[nH]cn1)OCc1ccccc1,,,0
,COc1cccc(NC(=O)C(C)OC(=O)CCCNC(=O)c2ccc(Cl)cc2)c1,,,0
,O=C1NC(=O)C(CCc2ccncc2)(CCc2ccncc2)C(=O)N1Cc1ccc(F)cc1,,,0
,Cc1c2cnn(CC(=O)NCCCN3CCCCC3C)c(=O)c2c(C)n1Cc1ccccc1,,,0
,COc1ccc(OC)c(CCNC(=O)c2cccc(Cc3n[nH]c(=O)c4c3CCCC4)c2)c1,,,0
,COC1C(OC(=O)/C=C/C=C/C=C/C=C/C(=O)O)CCC2(CO2)C1C1(C)OC1CC=C(C)C,,,0
,COc1cc(CN2C[C@H]3CCCN4CCC[C@@H]([C@H]34)[C@H]2CCCC(=O)O)cc(OC)c1OC,,,0
,COCCNC(=O)Nc1ccc(-c2cnc(Cl)c(NS(=O)(=O)c3ccccc3)c2)cn1,,,0
,COc1cc(OC)cc(N(CCCN)c2ccc3ncc(-c4cnn(C)c4)nc3c2)c1,,,0
,CCOc1cc2[nH]c(=O)n(CC3CCC(C(=O)NC(C)CC)CC3)c(=O)c2cc1OCC,,,0
,CC[C@H](C)C[C@H](C(=O)NO)N(Cc1ccccc1)S(=O)(=O)c1ccc(OC)cc1,,,0
,C#CCOC(=O)C1=C(N)Oc2ccc(-c3cc(OC)cc(OC)c3)cc2C1CC(=O)CCC,,,0
,CC(=O)Nc1ccc(CNC2CCN(CCCc3c[nH]c4ccc(-n5cnnc5)cc34)CC2)cc1,,,0
,CCCc1c(OCCCCOc2ccc(-c3nn[nH]n3)cc2)ccc(C(=O)CC(C)C)c1O,,,0
,CCC(CC)O[C@@H]1C=C(C(=O)O)C[C@H](NCc2ccc(-c3ccsc3)cc2OC)[C@H]1NC(C)=O,,,0
,O=C(CCCCCCn1cc(Nc2ncc3ccn(Cc4ccc(Cl)cc4)c3n2)cn1)NO,,,0
,CC[C@H](C)[C@@H](/C=C/c1ccccc1)NC(=O)[C@@H]1CCCCN1CC(=O)c1cc(OC)c(OC)c(OC)c1,,,0
,NC(=O)N/N=C(\CCC(=O)N(Cc1ccccc1)Cc1ccccc1)CC(=O)c1ccc(F)cc1,,,0
,Cc1cc(N[C@@H](Cc2ccccc2)C(=O)NCCCOC(C)C)nc(NCC2CCCCC2)n1,,,0
,O=C(O)CCc1ccccc1C(=O)N1C(=O)CCC1c1nc(C(=O)NCCCCC2CCCCC2)co1,,,0
,COCCOC(=O)c1ccc(-c2ccc(NC(=O)c3ccc(OC)c(CCCN(C)C)c3)cc2)c(C)c1,,,0
,NC(=O)C(=O)c1c(C2CC2)c(Cc2ccccc2-c2ccccc2)n2cccc(OCCCC(=O)O)c12,,,0
,CCCCCCCCNC(=O)NS(=O)(=O)c1cc([N+](=O)[O-])ccc1NC1CCCCC1,,,0
,C[C@H](CCCCC(=O)OCc1cccc(Oc2ccccc2)c1)O[C@@H]1O[C@@H](C)[C@H](O)C[C@H]1O,,,0
,COc1cc2nc(N(C)CCCCCCCN(C)C(=O)c3ccco3)nc(N)c2cc1OC,,,0
,CCNC(=O)Nc1ccc(Nc2ncnc3cc(OCCN(CC)CC)c(OC)cc23)cc1,,,0
,O=C1C(=O)N(CC(CO)NCCCCCCNc2ccnc3cc(Cl)ccc23)c2ccc(F)cc21,,,0
,CCCC(Oc1cnn(-c2ccccc2C)c1)c1ccc(C(=O)NCCC(=O)O)cc1,,,0
,COc1ccc(C(C(=O)NC2CCCC2)N(Cc2cccnc2)C(=O)Cc2cccs2)cc1OC,,,0
,Cc1cc(NC(=O)CCC(=O)N(Cc2ccco2)C(C(=O)NC2CCCC2)c2ccccc2F)no1,,,0
,C[C@H](NC(=O)Cc1cncnc1)c1ccc(O[C@@H]2CCN(c3ccc(OCC4CC4)cc3)C2)cc1,,,0
,Cc1cc(CC(=O)N[C@@H](C)c2ccc(OC3CCN(c4ccnc(OCC(F)F)c4)C3)cc2)on1,,,0
,COCCN[C@H]1CC[C@H](Nc2cc(-c3nc(NCC4CCOCC4)ccc3Cl)ccn2)CC1,,,0
,CCN(CC)CCCC(C)Nc1ccccc1S(=O)(=O)Nc1ccc2c(c1C(=O)O)CCCC2,,,0
,CN(C)CCNCc1cc(NC(=O)CN2CCCCC2)cc(Nc2ccnc3cc(Cl)ccc23)c1,,,0
,CCCCNCc1ccc2c(c1)nc(Cn1c(=O)n(C3CC3)c(=O)c3ccccc31)n2CCC(C)C,,,0
,COc1cc(C2CN(C(=O)c3cc(OCCCC(=O)O)ccn3)C2)ccc1OCc1ccc(C2CC2)cc1,,,0
,COc1ccc(SC(C)(C)C2OCC(C/C=C\CCC(=O)O)C(c3cccnc3)O2)c([N+](=O)[O-])c1,,,0
,CCC(CNc1ccc(OC(F)(F)F)cc1)NC(=O)C(CC(=O)N1CCOCC1)CC1CCCCC1,,,0
,COc1cc2ncnc(Nc3ccc(Cl)cc3Cl)c2cc1OCCCCCC(=O)NO,,,0
,CCn1cc(-c2cnc3ccc(N(CCNC(C)C)c4cc(OC)cc(OC)c4)cc3n2)cn1,,,0
,CCNC(=O)Nc1ccc(C(Cc2cc[n+]([O-])cc2)c2ccc(OC(F)F)c(OC(F)F)c2)cn1,,,0
,Cc1c(COc2ccc(CN[C@H](CO)C(=O)O)c(OCc3cccc4nonc34)c2)cccc1-c1ccccc1,,,0
,COCC(C)Oc1cc(Oc2ccc(S(C)(=O)=O)cc2)cc(C(=O)Nc2nc3c(s2)CCCC3)c1,,,0
,CCOC(=O)Nc1ccc(Nc2ncnc3cc(OCCN(CC)CC)c(OC)cc23)cc1C,,,0
,O=C(O)c1ccc(CCOc2c(F)ccc3nc(C(=O)NCc4cccc(C5CC5)c4)[nH]c(=O)c23)cc1,,,0
,COc1cc(Nc2nccc(N3CCC[C@H](C(=O)NCc4ccc(C)cc4)C3)n2)cc(OC)c1OC,,,0
,COc1cc(OC)cc(N(CCCN2C[C@@H](C)N[C@@H](C)C2)c2ccc3ncc(-c4cnn(C)c4)nc3c2)c1,,,0
,CCN(CC)CCCN1C(=O)C(O)=C(C(=O)c2cc3cccc(OC)c3o2)C1c1ccncc1,,,0
,CC(C)CC1(C)N=C(c2cc(Cl)cc(Cl)c2)C(=O)N1CCc1ccc(C(=O)NCCC(=O)O)cc1,,,0
,COCC1(c2ccccc2)CC(c2ccc3c(=O)n(-c4ccc(F)cc4)c(CCCCC(=O)O)nc3c2)=NO1,,,0
,COC[C@H](O)CN(c1cc(OC)cc(OC)c1)c1ccc2ncc(-c3cnn(C(C)C)c3)nc2c1.Cl,,,0
,COc1cc(OC)cc(N(CC2CC2)c2ccc3ncc(-c4cnn(CC5(O)CCNCC5)c4)nc3c2)c1,,,0
,CCNCC(=O)Nc1ccc(-c2nc(=O)n(CCCOC)c3c2oc2ccc(Cl)cc23)cc1,,,0
,CCCCOC(=O)c1cc(=O)c(O)c2oc3cc(N(CCC)CCC)ccc3nc1-2,,,0
,CCOP(=O)(OCC)C(NC(=O)c1cc(OC)c(OC)c(OC)c1)c1ccccc1,,,0
,COc1cc2ncnc(NCc3cn(CC4CCN(Cc5ccccc5)CC4)nn3)c2cc1OC,,,0
,CCCC(=O)n1nc(NCc2ccc(OC)cc2)nc1NCc1ccc(OC)cc1,,,0
,CC(CCOc1ccc(-c2noc(C(F)(F)F)n2)cc1)CCN1CCN(c2ccnc(N)c2)C1=O,,,0
,COc1ccc(C(=O)Cc2ccc(SC(CCN3C(=O)c4ccccc4C3=O)C(=O)O)cc2)cc1,,,0
,COc1ccc(-n2c(Cc3cccn3C)nnc2SCC(=O)Nc2cccc(OC)c2)cc1,,,0
,CCCC[C@]1(CC)CS(=O)(=O)c2cc(CCC(=O)NO)c(OC)cc2[C@@H](c2ccccc2)N1,,,0
,COc1ccc(C(=O)Cc2ccc3ccccc3c2/C=N/NC(=O)COc2ccc([N+](=O)[O-])cc2)cc1,,,0
,CC(C)c1nc2c(c(C3CC3)nn2C)c(-c2ccc(F)cc2)c1/C=C/[C@@H](O)C[C@@H](O)CC(=O)O,,,0
,O=C(CCCCCn1c(=S)[nH]c2cc3c(cc2c1=O)OCO3)NCCc1ccccc1,,,0
,C=C=CC(=O)Nc1cc(Nc2nccc(-c3cn(C)c4ccccc34)n2)ccc1N(C)CCN(C)C,,,0
,C[C@H](NC(=O)Cc1cncnc1)c1ccc(CN2CC(=O)c3cc(OCC4CC4)ccc3C2)cc1,,,0
,COc1ccc(OC)c(NC(=O)COC(=O)COc2ccc(Nc3ccccc3)cc2)c1,,,0
,N=C(NCc1ccccc1)Nc1nc(-c2ccc(OCCCn3ccnc3)cc2)cs1,,,0
,O=C(CCCCCCNC(=O)c1ccc(N(c2ccccc2)c2ncccn2)cc1)NO,,,0
,CN(Cc1ccc2c(c1)nc(NC(=O)c1ccno1)n2CCCn1ccnc1)C1CCCCC1,,,0
,CC(C)CCc1c(Oc2cccc(OC(F)(F)F)c2)cnc2c1c(=O)n(CCCO)c(=O)n2C,,,0
,CCCn1c(CCc2ccc(OC(C)(C)C(=O)O)cc2)nn(Cc2ccc(C)cc2)c1=O,,,0
,Cc1nc(Oc2ccc3c(c2)CC[C@@H](c2ccccc2)O3)sc1C(=O)NCc1ccno1,,,0
,COc1cc(C(=O)Nc2nc3ccccc3s2)ccc1OCc1c(C)noc1C,,,0
,CN1Cc2cc(-c3ccc(-c4cncc(NS(=O)(=O)c5ccccc5C#N)c4)s3)ccc2C1=O,,,0
,COc1ccc(CNc2nnc(N3CCC(OC)CC3)c3ccc(C#N)cc23)cc1Cl.Cl,,,0
,COc1ccc(NC(=O)CCc2cc(-c3ccc(F)cc3)n(-c3ccc(Cl)nn3)n2)cc1,,,0
,Cc1cccc(-c2ocnc2C(=O)Nc2cnn(CCn3ccc4cccc(F)c43)c2)c1,,,0
,CC1=C(C(=O)Nc2ccccc2)C(c2cccnc2)n2nc(SCc3ccccc3F)nc2N1,,,0
,Cc1ccc(NC(=O)c2cccc(OC[C@H]3COC(C)(C)N3C(=O)OC(C)(C)C)c2)cc1,,,0
,COc1cc(-c2coc3cc(OCc4ccccc4)c(O)cc3c2=O)c(OC)c2c1OC(C)(C)O2,,,0
,CCOC(=O)c1c(C)oc2ncnc(Nc3ccc(OCc4cccc(Cl)c4)cc3)c12,,,0
,O=C1c2[nH]nc(-c3cccc4[nH]c(=O)oc34)c2C(c2cc(Oc3ccccc3)ccc2F)N1CC1CC1,,,0
,C=CC(=O)N(C)Cc1c[nH]c2ncnc(-c3cc(F)cc(NC(=O)c4ccc(C5CC5)cc4)c3C)c12,,,0
,COc1nc2ccc(-c3ccc([C@H](C)N4CC[C@](CC(C)(C)O)(c5ccccc5)OC4=O)cc3)cn2n1,,,0
,Cc1cc(C)cc(-c2c(O)nc3cc(Cl)c([N+](=O)[O-])cc3c2OCC[C@@H]2CCCCN2)c1,,,0
,CC1(C)CCC(C)(C)c2c1cc(C(=O)c1ccc(C(=O)O)cc1)c(OCC(F)F)c2[N+](=O)[O-],,,0
,C=CC(=O)Nc1ccc(COc2cccc3c4c(c(C(=O)N5CCOCC5)cc23)CCC(C)(C)O4)cc1,,,0
,Cc1ccc(-c2noc(CCC(=O)Nc3ccc4c(c3)c3ccccc3n4CCCO)n2)cc1,,,0
,Cc1ccc(NC2(c3nnnn3CCOC(=O)Nc3ccc(Cl)cc3)CCCCC2)cc1,,,0
,[C-]#[N+]c1cc(-c2cnc(OCC(C)(C)C(=O)O)cc2C)ccc1-c1ncc(C(F)(F)F)[nH]1,,,0
,O=C1c2ccccc2C(=O)N1CCCOc1ccc(-c2nc3ccccn3c2NC2CCCCC2)cc1,,,0
,COc1ccc(-n2cc(-c3ccccc3)c3c(Nc4ccc(OC)c(OC)c4)ncnc32)cc1,,,0
,O=C(COc1ccccc1)n1nc(NCc2ccccc2Cl)nc1NCc1ccccc1Cl,,,0
,Cc1cc(C)cc(-c2cnc3cc(Cl)c(C(=O)Nc4ccncn4)cc3c2OCC[C@H]2CCCCN2)c1,,,0
,CCc1nn2c(-c3ccc(OC(F)(F)F)cc3)c(-c3cc(OC)c(OC)c(OC)c3)nc2s1,,,0
,COc1cc(C2CCN(C)CC2)ccc1Nc1ncc(Cl)c(Nc2ccccc2P(C)(C)=O)n1,,,0
,CC(C)CNc1nc(-c2cccc3ncccc23)cn2c(-c3ccc(C(=O)NC4CC4)cc3)cnc12,,,0
,CCOc1ccc(-c2cc(NC(=O)c3cc(-c4cccnc4)nc4ccccc34)on2)cc1OCC,,,0
,COc1cc(C(=O)c2nnc(-c3cn(Cc4ccc(Cl)cc4)c4ccccc34)o2)cc(OC)c1OC,,,0
,O=C(O)CCCCCOc1ccc2cc1COC/C=C/COCc1cccc(c1)-c1ccnc(n1)N2,,,0
,COc1cc(-c2cc(=O)c3ccc(OCCn4cnc5cc(C)c(C)cc54)cc3o2)cc(OC)c1OC,,,0
,Cc1c(COc2cc(OCc3ccnc(C#N)c3)c(C=O)cc2Cl)cccc1-c1ccc2c(c1)OCCO2,,,0
,COc1ccc(CNC(=O)c2ccccc2Sc2ccc3c(/C=C/c4ccccn4)n[nH]c3c2)cc1OC,,,0
,CC(=O)O[C@H]1CC[C@@]2(C)C(=CC[C@H]3[C@@H]4C[C@H](OC(C)=O)[C@H]([C@H](C)C(=O)CC[C@H](C)/C=N/O)[C@@]4(C)CC[C@@H]32)C1,,,0
,COc1ccc(C(c2c(C)nn(C)c2Nc2ccccc2)c2c(C)nn(C)c2Nc2ccccc2)cc1,,,0
,O=C(Nc1ccc(Oc2ccccc2)cc1)c1c(OCc2ccccc2)nnn1Cc1ccccc1,,,0
,CCO/C(O)=C1\C(C)=NC(c2ccccc2)=C(C(=O)OCc2ccccc2)C1/C=C/c1ccc([N+](=O)[O-])cc1,,,0
,COc1ccccc1NC(=O)N(CCCN1[C@@H]2CC[C@H]1C[C@@H](n1c(C)nnc1C(C)C)C2)c1ccccc1,,,0
,CCOC(=O)C1=C(C)N=C(C)/C(=C(/O)OCC)C1c1c(C)noc1CCc1cccc2ccccc12,,,0
,CCOC(=O)Cn1cc(-c2cccc([C@H](C)Nc3cc(-c4ccc5occ(C)c5c4)nc(C)n3)c2)cn1,,,0
,CCC(F)(CC)c1nc(COc2cc(OC)cc3oc(-c4cn5nc(OC)sc5n4)cc23)cs1,,,0
,CCOc1cccc2c1OC(c1cc(OC)c(OC)c(OC)c1)N1N=C(c3ccc(C)o3)CC21,,,0
,CC(O)CN(c1ccnc(Nc2ccc(C#N)cc2)n1)c1c(F)cc(-c2ccc(C#N)cc2)cc1F,,,0
,COc1ccc(C2=NN(c3ccc(-c4ccccc4)nn3)C(c3ccc(OC)cc3OC)C2)cc1,,,0
,O=C(O)c1ccc(CNc2nc(OCc3ccccc3C(F)(F)F)nc(-c3ccccc3)n2)cc1,,,0
,CC(C)OC(=O)c1ccc(O[C@H]2CC[C@H](NC(=O)Nc3ccc(OC(F)(F)F)cc3)CC2)cc1,,,0
,C=CCn1c2ccccc2c2nnc(SC(CC)C(=O)Nc3sc4c(c3C#N)CCCC4)nc21,,,0
,COc1ccc(Nc2nc(-c3cccc(C(F)(F)F)c3)nc3ccc([N+](=O)[O-])cc23)cc1OC,,,0
,COc1ccccc1C(=O)/C=C/c1ccc(/C=C2\SC(=O)N(Cc3ccc(C(=O)O)cc3)C2=O)cc1,,,0
,CCc1cc(CN2CC(C(=O)O)C2)sc1-c1noc(-c2ccc(Oc3ccccc3)c(C)c2)n1,,,0
,CCC/C=C/C(=O)Nc1cc2c(N3CCCc4ccccc43)ncnc2cc1O[C@@H]1CCOC1,,,0
,CCCOc1ccn2c(C(C)=O)cc(-c3nc4ccccn4c3NCc3ccc(C#N)cc3)c2c1,,,0
,CCC[C@@H](C)Oc1ccc(C(C)(C)C)cc1NC(=O)c1nnn(-c2cc(Cl)ccc2OC)c1C,,,0
,N#Cc1cc(S(=O)(=O)Nc2ncns2)ccc1Oc1ccccc1-c1cccc(OC(F)(F)F)c1,,,0
,C/C=C(\C)CN(Cc1ccc(F)cc1)c1ccc(NC(=O)OCC)c(NC(=O)OCC)c1,,,0
,CC(C)(CC(=O)N(C1CC1)[C@H]1c2ccccc2N(C(=O)OCc2ccccc2)[C@H]2CCC[C@H]21)C(=O)O,,,0
,COc1ccc2cc(CCC(=O)CC(Nc3cc(C)on3)c3ccc4c(c3)OCO4)ccc2c1,,,0
,COc1cc(OCc2cccc(C3CCOCC3)c2)c2cc(-c3cn4nc(OC)sc4n3)oc2c1,,,0
,COc1ccc(CNC(=O)c2cn3cc(-c4ccc(C5CCC(CC(=O)O)CC5)cc4)sc3n2)cc1,,,0
,COc1ccc(NC(=O)N(CCCN2[C@@H]3CC[C@H]2C[C@@H](n2c(C)nnc2C(C)C)C3)c2ccccc2)cc1,,,0
,Cc1nc(NC(C)c2cccc(OCc3ccn(C)n3)c2)cc(-c2ccc3ncsc3c2)n1,,,0
,CCOC(=O)N1C[C@H](C(=O)O)[C@@H](c2ccc(OCCc3nc(-c4ccccc4)oc3C)cc2)C1,,,0
,CCOC(=O)c1c(C)nc(NCCc2c[nH]c3ccccc23)nc1-c1ccccc1,,,0
,COc1ccc(OC)c(CNC(=O)Nc2cn(CC(C)C)c(=O)c3ccccc23)c1,,,0
,COc1ccccc1C(=O)N/C(=C/c1ccccc1)C(=O)Nc1ccc(C(=O)O)cc1,,,0
,CC(C)c1ccc(/C=C2\SC(=S)N(CCC(=O)NCCCn3ccnc3)C2=O)cc1,,,0
,COc1cc(OC)c2c(c1)C(C(O)c1ccc(OCCOc3ccccc3)cc1)OC2=O,,,0
,CC(C)CNc1nc(/C=C2\CCC(=O)N2C)cn2c(-c3ccc(C(=O)NC4CC4)cc3)cnc12,,,0
,COC[C@H](C)Oc1cc(CCc2ccccc2F)cc(C(=O)Nc2ccn(C)n2)c1,,,0
,CCC(C)(C)NC(=O)C(c1ccc(F)cc1)N(Cc1ccco1)C(=O)c1cnccn1,,,0
,CCN(c1nc(C(N)=O)nc(-c2ccc(Oc3ccc(OC(F)(F)F)cc3)cc2)n1)C(C)C,,,0
,COc1ccc([C@@H](O)[C@@H](C)Oc2ccc([C@H]3O[C@H](c4ccc(OC)c(OC)c4)[C@H](C)[C@H]3C)cc2OC)cc1OC,,,0
,COc1cccc(-c2c(C3CCCC3)c3ccc(C(=O)NC4(C(=O)Nc5ccc(/C=C/C(=O)O)cc5)CCC4)cc3n2C)n1,,,0
,CC(C)(C)[C@H]1CC[C@H](N(Cc2ccc(C(=O)NCCC(=O)O)cc2)C(=O)Nc2ccc(OCC3CC3)cc2)CC1,,,0
,COc1ccc(C(=O)N(C)c2ccccc2)c(N2CCC(COc3cccc(C(CC(=O)O)C4CC4)c3)CC2)c1,,,0
,CCOC(=O)c1[nH]c2cc(Cl)ccc2c1C(C(=O)NC(C)(C)C)N(C=O)Cc1ccc(OCc2cccc(Cl)c2)cc1,,,0
,CCCSc1nc(Oc2cccc(CN[C@@H]3C[C@H]3c3ccccc3)c2Cl)c2nnn(Cc3ccccc3)c2n1,,,0
,COc1ccc(CN(C)CCCc2cccc(NC(=O)c3cccc4c(O)c5cccc(OC)c5nc34)c2)cc1OC,,,0
,CCOc1cc2ncnc(Nc3ccc(Oc4ccc(C)nc4)c(Cl)c3)c2cc1NC(=O)/C(F)=C/CN(C)C,,,0
,CN(CCC(=O)O)C(=O)c1ccc(Cn2nc(-c3ccc(OC(F)(F)F)cc3)cc2-c2ccc(OC(F)(F)F)cc2)cc1,,,0
,C[C@@H]1CN([C@@H](C)CO)C(=O)c2cccc(NC(=O)C3CCCCC3)c2O[C@H]1CN(C)Cc1ccc(Oc2ccccc2)cc1,,,0
,O[C@H](CF)CN1c2cccc(-c3cccc(OC(F)(F)F)c3)c2OC[C@@H]1c1cccc(OC(F)(F)C(F)F)c1,,,0
,COc1ccc2c3c(n(Cc4cccc(/C=C/c5ccc6ccc(Cl)cc6n5)c4)c2c1)CCN(CCC(=O)O)C3,,,0
,CC(C)c1ccc2c(c1)CC[C@H]1[C@](C)(C(=O)N[C@H](Cc3ccccc3)C(=O)Nc3cccc([N+](=O)[O-])c3)CCC[C@]21C,,,0
,Clc1ccc2c(c1)N=C1CCCN1C2NCCCCCCCC/N=c1/c2ccc(Cl)cc2nc2n1CCC2,,,0
,Cc1cccc(C)c1-c1cc(COc2ccc3c(c2)OCC3CC(=O)O)ccc1OCc1ccccc1,,,0
,CCC(=O)Nc1cc(C(=O)O)cc(-c2ccccc2-c2cc(Cl)ccc2OCc2ccccc2)c1,,,0
,O=C(NCCCCN1CCC(c2cccc3ccccc23)CC1)c1ccc(NC(=O)c2ccc(Cl)cc2)cc1,,,0
,Cc1oc(-c2ccccc2)nc1CCCc1nc2cc(C[C@H](Oc3ccc(Cl)cc3Cl)C(=O)O)ccc2o1,,,0
,O=C(O)COc1ccc(Nc2cc(=O)[nH]c3ccc(C(c4ccc(Cl)cc4)c4ccc(Cl)cc4)cc23)cc1,,,0
,Cc1cc2c(cc1Cc1ccc(C(=O)NCC3CCCC(CNc4ncccn4)C3)o1)C(C)(C)CCC2(C)C,,,0
,CCN(CC)CCNC(=O)Nc1sc(-c2ccc(Cl)cc2)c(-c2ccc(Cl)cc2)c1C(=O)NC1CC1,,,0
,O=C(O)CC(c1ccc(OCc2ccc3ccccc3n2)cc1)c1ccc(OCc2ccc3ccccc3n2)cc1,,,0
,Cc1c(C)c2c(c(C)c1OC/C=C/c1ccccc1)CCC(C)(COc1ccc(/C=C3\SC(=O)NC3=O)cc1)O2,,,0
,CN(CCC(=O)O)Cc1cn(Cc2cccc(/C=C/c3ccc4ccc(Cl)cc4n3)c2)c2ccccc12,,,0
,CN(C)c1nc(NCc2ccc(NC(=O)c3ccc(F)cc3)cc2)c2cc(/C=C\c3ccccc3)ccc2n1,,,0
,CCCCCCCC(=O)N(c1ccc(Nc2c3ccccc3nc3ccccc23)cc1)S(C)(=O)=O,,,0
,O=C(OCCN1CCN(c2cccc(C(F)(F)F)c2)CC1)c1ccccc1Nc1cccc(SC(F)(F)F)c1,,,0
,COc1cc(NC(=O)c2sc(-c3ccc(Cl)cc3)cc2/N=C2/CCCCN2C)ccc1OCCN1CCCC1,,,0
,CCC(C)N(CCC(=O)Nc1sc2c(c1-c1nc3ccccc3s1)CCN(C(C)C)C2)C(=O)OC(C)(C)C,,,0
,COc1cccc(-c2cc(C(=O)Nc3ccc(-c4ccc(OC5CCN(C)CC5)cc4Cl)cc3)ccc2OC)c1,,,0
,CC(C)(C)c1cc(CNC(=O)C(c2ccc(NS(C)(=O)=O)c(F)c2)C2CCCCC2)n(-c2cccc(Cl)c2)n1,,,0
,COc1ccc(-c2nnc(SCC(=O)Nc3cc(-c4cc(C)c(C)cc4C)nn3-c3ccccc3)n2C(C)C)cc1,,,0
,CCN(CC)c1ccc(NC(=O)c2c(-c3c(Cl)cccc3Cl)noc2CCN2C(=O)CCC2(C)C)cc1,,,0
,COc1cc(NC(=O)NC(CC2CCN(Cc3ccc(Cl)c(Cl)c3)CC2)C(C)C)cc(OC)c1OC,,,0
,COc1cccc(OC(=O)N(CC(=O)O)[C@@H](C)c2cccc(OCc3coc(-c4ccc(Cl)cc4)n3)c2)c1,,,0
,O=C(/C=C/CN1CCCCC1)N1CCCOc2cc3ncnc(Nc4ccc(OCc5cccc(F)c5)c(Cl)c4)c3cc21,,,0
,CC(=O)C(N=Nc1ccccc1)(Sc1nnc(-c2ccccc2)n1-c1ccccc1)C(=O)Nc1ccccc1,,,0
,COc1cc2c(Nc3ccc(Cl)c(Cl)c3)ncnc2cc1OCc1nc(COCc2ccccc2)no1,,,0
,COc1ccc(C2C(C(=O)Nc3ccc(C)cc3C)=C(C)Nc3nc(SCc4cccc(C)c4)nn32)c(OC)c1,,,0
,CCOC(=O)c1c(S(=O)(=O)Nc2ccc(OC(F)(F)F)cc2)c(-c2ccccc2)n(-c2ccccc2)c1C,,,0
,N#Cc1cccc(COc2cc(C(=O)N3CCc4c(-c5ccccc5)cccc43)ccc2CN2CCCC[C@H]2C(=O)O)c1,,,0
,COc1ccc(C2C(C(=O)Nc3ccc(Cl)cc3)=C(C)Nc3nc(SCc4cccc(C)c4)nn32)cc1OC,,,0
,COc1cc2c(cc1OC)CN(CCc1ccc(NC(=O)c3ccccc3NC(=O)/C=C/c3ccccc3)cc1)CC2,,,0
,COc1cc(Nc2c(C#N)cnc3cc(OCCC4CCN(C)CC4)c(OC)cc23)c(Cl)cc1Cl,,,0
,COc1cc2c(cc1NC(=O)CSc1nnc(-c3ccccc3C)n1Cc1ccoc1)oc1ccccc12,,,0
,Cc1c(NC(=O)c2ccc(C3CC3)cc2)cc(F)cc1-c1ncnc2[nH]cc(C3=CCN(C(=O)/C=C/CN4CCCC4)CC3)c12,,,0
,COc1cc(C(C)C(=O)NCc2ccc(C(F)(F)F)nc2-c2cccc(C)c2)ccc1CNC(=O)OC(C)(C)C,,,0
,COc1ccc(/C=C/C(=O)Nc2ccc3nc4c(c(Nc5ccc(OC)c(OC)c5)c3c2)CCCC4)cc1,,,0
,COc1ncc(-c2ccc3nccc(-c4ccc(Cn5cccn5)cc4)c3c2)cc1NS(=O)(=O)c1ccc(F)cc1F,,,0
,COc1ccc(CNC=O)cc1-n1nc2c(c1C(C)C)C(c1ccc(Cl)cc1C)N(c1cc(Cl)ccc1C)C2=O,,,0
,COc1ccc(C(C(=O)NC2CCCC2)N(C(=O)c2snc(-c3ccc(F)cc3)c2N)c2ccc(OC)cc2)cc1,,,0
,COc1ccc(C(=O)Nc2sc(Cc3ccccc3)cc2C(N)=O)cc1COc1ccc(Cl)cc1,,,0
,CC(=O)N(CCc1ccccc1)CC(C)(Cc1c[nH]c2ccccc12)NC(=O)OC1[C@H]2C[C@@H]3C[C@@H](C[C@H]1C3)C2,,,0
,CCc1ccc(C2OOC(c3ccc(C(=O)NCCCNc4ccnc5cc(Cl)ccc45)cc3)OO2)cc1,,,0
,O=C(Nc1ccc2ncnc(Nc3ccc(Oc4cccc(F)c4)c(Cl)c3)c2c1)c1ccc(CNCCO)cc1,,,0
,Clc1cccc(N2CCN(CCCNc3nc(NCc4ccco4)c4ccccc4n3)CC2)c1Cl,,,0
,CN(C)CCOc1ccc2c(c1)CCn1nc(-c3ccc(NCc4c(Cl)cccc4Cl)cc3)c(C(N)=O)c1N2,,,0
,CCCCCCCCOc1ccc(-c2nn(-c3ccc(Cl)cc3)cc2C=C2C(=O)NC(=O)NC2=O)cc1,,,0
,CN(CCCNCc1cc(Cl)c2cccnc2c1O)CCCNc1c2c(nc3ccccc13)CCCC2,,,0
,O=C(/C=C/c1ccc(Cl)c(Cl)c1)NCCCCCCN1CCCN(C(=O)Nc2ccc(F)c(F)c2)CC1,,,0
,COc1ccc(CN(Cc2ccccc2)C(=O)c2ccc(NC(C)=O)cc2)cc1COc1ccc(NC(C)=O)cc1,,,0
,O=C(NCCCCNc1ccnc2cc(Cl)ccc12)N[C@H]1C(=O)N(C2CCCCC2)[C@H]1/C=C/c1ccccc1,,,0
,O=C(O)CCNC(=O)c1ccc(Cn2nc(-c3ccc(OC(F)(F)F)cc3)cc2-c2ccc(OC(F)(F)F)cc2)cc1,,,0
,CN(CCCNC(=O)c1cn(C)c2c1ccc1ccccc12)CCCNC(=O)c1cn(C)c2c1ccc1ccccc12,,,0
,CC(C)=CCc1cc(C(=O)Nc2cc3ccc(OCCCN(C)Cc4ccccc4)c(C)c3oc2=O)ccc1O,,,0
,CC(Nc1ncnc2c(C(N)=O)cc(OCc3ccccc3)cc12)c1cccc(NC(=O)c2ccc(Br)cc2)c1,,,0
,CC(CCNc1ccnc2cc(Cl)ccc12)NCCO[C@H]1O[C@@H]2O[C@@]3(C)CC[C@H]4[C@H](C)CC[C@@H]([C@H]1C)[C@@]24OO3,,,0
,COc1ccc2[nH]cc(CCNC(=O)CCCCCNc3c4c(nc5cc(Cl)ccc35)CCCC4)c2c1,,,0
,Cc1ccccc1S(=O)(=O)NC(=O)c1cc(CNc2ccc(-c3ccc(OC(F)F)cc3)cc2)c(C)o1,,,0
,COC(=O)c1ccc(C(NC(=O)OCc2ccccc2)/C(F)=C/[C@@H](C)C(=O)NCc2nc3ccccc3s2)cc1,,,0
,CC(C)[C@H](NC(=O)OCc1ccccc1)C(=O)Oc1ccc(Cl)cc1C(=O)Nc1ccc([N+](=O)[O-])cc1,,,0
,COC(=O)c1ccc(C(NC(=O)OCc2ccccc2)/C(I)=C/[C@@H](C)C(=O)NCc2ccc(C)o2)cc1,,,0
,O=C(Cc1ccccn1)N[C@H](c1c[nH]c2ccccc12)c1nnc(CCc2c[nH]c3ccccc23)n1Cc1ccccc1,,,0
,CC(Cc1ccc(Oc2cc(N3CCN(Cc4ccc(C(C)(C)C)cc4)CC3)nc(N)n2)cc1)(Oc1ccccc1)C(=O)O,,,0
,COc1cc(-c2cccn(Cc3ccc(CCC(=O)O)cc3)c2=O)ccc1NC(=O)Nc1cccc(C)c1C,,,0
,CC(=O)OC(C)OC(=O)C1CCC(C(C)(O)c2ccc(-c3cc(C)cc(Nc4cc(C(F)F)ccn4)n3)cn2)CC1,,,0
,COc1ccc(CNc2ncnc3c(CCN4CCCCC4)c(OC)c(NC(=O)C(F)(F)F)cc23)cc1Cl,,,0
,Cc1ccc(NC(=O)c2ccc(CN(CCN(C)C)C(=O)c3ccccn3)cc2)cc1Nc1nccc(-c2cccnc2)n1,,,0
,CCC(CC)O[C@@H]1C=C(C(=O)O)C[C@H](NCc2ccc(-c3cccc4c3oc3ccccc34)o2)[C@H]1NC(C)=O,,,0
,CCOc1ccc(CN(C)C)cc1NC(=O)[C@H](NC(=O)N1CCC(C(=O)C2CCC2)CC1)[C@@H](C)c1c[nH]c2ccccc12,,,0
,COc1cc(N(C)CCN(C)C)c(NC(=O)/C=C\C(C)C)cc1Nc1ncc(C#N)c(-c2cn(C)c3ccc(F)cc23)n1,,,0
,CS(=O)(=O)CC(O)NCc1ccc(-c2ccc3ncnc(Nc4ccc(OCc5cccc(F)c5)c(Cl)c4)c3c2)o1,,,0
,COC(=O)[C@H](CCCNC(=O)OCc1ccccc1)NC(=O)c1cc(C23CC4CC(CC(C4)C2)C3)c2ccccc2n1,,,0
,CC[C@H](O)Cn1c(C)c(C(=O)Nc2ccc(Oc3ccnc4cc(OC)ccc34)c(F)c2)c(=O)n1-c1ccccc1,,,0
,O=C(O)Cc1cccc(NC(=O)CCC(NC(=O)c2cc(Cl)cc(Cl)c2)C(=O)N2CCC3(CCCC3)CC2)c1,,,0
,COc1ccc(Cn2c(CCc3c[nH]c4ccccc34)nnc2[C@H](NC(=O)c2ccccn2)c2c[nH]c3ccccc23)cc1,,,0
,C=CC(=O)NCc1ccc(-c2cc(C(=O)NCc3c4c(c(C)[nH]c3=O)CCCC4)c(C)c(N(CC)C3CCOCC3)c2)cc1,,,0
,Cc1ccccc1CC(=O)Nc1nnc(CCCCc2ccc(NC(=O)Cc3ccccc3Cl)nn2)s1,,,0
,O=C(O)CN(c1ccc(OC(C(=O)O)c2ccccc2)c2ccccc12)S(=O)(=O)c1cccc2ccccc12,,,0
,COc1ccccc1NC(=O)N1CCC(CNc2cccc(-c3sc(C(=O)O)c(OCC(=O)O)c3Br)c2)CC1,,,0
,CCOC(=O)Nc1nc(NCCCCN(CC)CC)c2c(n1)SC(c1ccccc1)C(c1ccccc1)=N2,,,0
,CCOc1ccc(-c2ccc(NCc3nn(-c4ccc(C(F)(F)F)cc4)c(=O)n3-c3ccccc3F)cc2)cc1CC(=O)O,,,0
,COC(C)(C)/C=C/C[C@]1(C)[C@@H](CC=C(C)C)C[C@]2(CC=C(C)C)C(=O)C3=C(O[C@@H](C(C)(C)O)C3)[C@@]1(C(=O)C(C)C)C2=O,,,0
,COc1ccc(-c2ccc(Cn3cnc4c(N[C@H](CO)Cc5ccccc5)nc(Oc5ccc6c(c5)CCC6)nc43)cc2)cc1,,,0
,CCOC(=O)c1cn(Cc2ccccc2)c2sc(-c3ccc(N(C)C(=O)NC)cc3)c(CN(C)Cc3ccccc3)c2c1=O,,,0
,O=C(Nc1ccc(Cl)cc1Cl)N[C@H]1CCN(CCCCCNC(=O)C2CC2c2ccc(Cl)c(Cl)c2)C1,,,0
,COc1cc(C(=O)N(CCCc2ccccc2)Cc2ccc(-c3ccccc3C(=O)O)cc2)cc(OC)c1OC,,,0
,CC(C)(O)C#CCOc1cc(COc2ccc(C(F)(F)F)cc2)ccc1Sc1ccc(OCC(=O)O)c2c1CCCC2,,,0
,CCCc1cc(Oc2ccc(Cl)c(C)c2)ccc1OCCCOc1cccc([C@@H]2SC(=O)NC2=O)c1,,,0
,CC[C@@H](CS(=O)(=O)CC(C)C)N1C(=O)[C@@](C)(CC(=O)O)C[C@H](c2cccc(Cl)c2)[C@H]1c1ccc(Cl)cc1,,,0
,N#Cc1ccc2[nH]cc(CCCCN3CCN(c4ccc(C(=O)CCC5CCN(Cc6ccoc6)CC5)cc4)CC3)c2c1,,,0
,CS(=O)(=O)CCNCc1cccc(-c2cc3c(Nc4ccc(OCc5cccc(F)c5)c(Cl)c4)ncnc3s2)c1,,,0
,CCCCCCNC(=O)c1ccc(C2(C(F)(F)F)CC(c3ccc(C)cc3)=C(C(=O)Nc3ccc(OC)cc3)C(=O)N2)cc1,,,0
,COc1ccc(-c2cc(C(=O)Nc3ccc(CCCN(C)Cc4ccc(OC)c(OC)c4)cc3)c3ccccc3n2)cc1,,,0
,CCC(CC)CN1CCN(C(=O)Nc2cc(Oc3ccc(F)cc3)cc(Oc3ccc(C(=O)NC)cc3)c2)CC1,,,0
,COc1cccc(-c2cc(C(=O)NCCc3ccc(OC4CCN(C)CC4)cc3-c3ccccc3)ccc2OC)c1,,,0
,CCCC(C)Oc1ccc(C(=O)Nc2ccc3nc(SCC(=O)N[C@@H](C)c4ccccc4)sc3c2)cc1F,,,0
,CC[C@]1(CC(=O)O)C[C@H](c2cccc(Cl)c2)[C@@H](c2ccc(Cl)cc2)N([C@H](CS(=O)(=O)C2CCCC2)C2CC2)C1=O,,,0
,c1ccc(-c2c(-c3ccc(OCCN4CCCCC4)cc3)oc3nccc(NCCCn4ccnc4)c23)cc1,,,0
,COc1cccc(-c2nc(-c3ccccc3)[nH]c2-c2ccnc(NCCCNS(=O)(=O)c3c(Cl)cccc3Cl)c2)c1,,,0
,C=C[C@H]1CN2CC[C@H]1C[C@H]2[C@H](OC(=O)[C@H](COCc1ccccc1)NC(=O)OC(C)(C)C)c1ccnc2ccc(OC)cc12,,,0
,O=C(Nc1ccc(OCCCCCCCn2cnnn2)cc1)c1c(O)nc2ccc(-c3cc4ccccc4s3)cc2c1O,,,0
,C[C@H](NS(=O)(=O)c1ccc(-c2sc(-c3nnc(CC(C)(C)C(=O)O)o3)nc2CC2CCC2)c2ccccc12)C(F)(F)F,,,0
,O=C(O)c1[nH]c2cc(Cl)ccc2c1C(NCC1CCCCC1)c1nnnn1Cc1ccc(OCc2ccccc2F)cc1,,,0
,O=C(NCCCC[C@H](NC(=O)OCC1c2ccccc2-c2ccccc21)C(=O)O)OCC1c2ccccc2-c2ccccc21,,,0
,COC(=O)c1cccc(NC(=O)c2csc([C@H](Cc3ccc(OCc4ccccc4)cc3)NC(=O)C3CCCCC3)n2)c1,,,0
,COc1cc(CC(=O)O)ccc1Oc1ccc(C(=O)NC2CCC2)cc1NS(=O)(=O)c1ccc(C(F)(F)F)cc1Cl,,,0
,C[C@@H]1CN([C@H](C)CO)C(=O)Cc2cc(NC(=O)C3CCCCC3)ccc2O[C@H]1CN(C)Cc1ccc(Oc2ccccc2)cc1,,,0
,C=CC(=O)Nc1cccc(Nc2nc(Nc3ccc(OCCCSC(=S)N4CCN(C(C)C)CC4)cc3)ncc2F)c1,,,0
,COc1cc2c(c(OC)c1OC)-c1ccc(SC)c(=O)cc1[C@@H](NC(=O)c1ccc(-c3ccccc3)c(CO[N+](=O)[O-])c1)CC2,,,0
,CC[C@@H](C(=O)N1CCN(c2ccc(NC(=O)c3ccc(OC)cc3)cc2C(=O)NCc2ccc(F)cc2)CC1)c1ccccc1,,,0
,COc1ccc(-c2nn(C(C)c3ccc(C(=O)NCCC(=O)O)cc3)c3cc(-c4ccc(OC(F)(F)F)cc4)ccc23)cn1,,,0
,CCCCC(=O)OC1CCC(C(C)(O)c2ncc(-c3cc(C)cc(Nc4ncc(F)c(OC)n4)c3)s2)CC1,,,0
,CCCCCCCCCNC(=O)CN1CCCCN(CC(=O)NC(C)(C)C)C(=O)c2cccc(c2)-c2cccc(c2)C1=O,,,0
,COc1cc2c(Oc3ccc(/C=N/NC(=O)Nc4ccccc4)cc3F)ccnc2cc1OCCCN1CCCCC1,,,0
,c1ccc(NCCNc2ncnc3cc(OCC4CCN(CCNc5ccnc6ccccc56)CC4)ccc23)cc1,,,0
,COc1cccc(-c2nc(-c3ccccc3)[nH]c2-c2ccnc(NCCNS(=O)(=O)c3c(Cl)cccc3Cl)c2)c1,,,0
,COc1ccc(-c2nnc(SCC(=O)Nc3ccc(C(C)C)cc3)nc2-c2ccc(OC)c(OC)c2)cc1OC,,,0
,CCOc1ccccc1/N=C1\SC(CC(=O)Nc2ccc(OC)cc2OC)C(=O)N1CCC1=CCCCC1,,,0
,O=C1NC(=O)/C(=C/c2ccc(OCCCCCOc3cccc(C(=O)/C=C/c4ccc5c(c4)OCO5)c3)cc2)S1,,,0
,Cc1cc(C)cc(-c2[nH]c3ccc(C(=O)N4C(C)CCC4C)cc3c2CCNCCCCc2cccnc2)c1,,,0
,CCCCCCCC(=O)N(c1ccc(Nc2c3ccccc3nc3cc(N)ccc23)cc1)S(C)(=O)=O.Cl,,,0
,CCCCCc1cc(O)cc2c1C(=O)[C@@H](c1ccc(O)cc1)[C@@H](c1ccc(OCCN3CCCCC3)cc1)O2,,,0
,COc1ccc(N2CCN(CCCC/C=C/c3ccc(NC(=O)c4cc(Cl)cc(Cl)c4)cc3)CC2)c(OC)c1,,,0
,OC[C@H](Cc1ccccc1)Nc1nc(Oc2ccc3c(c2)CCC3)nc2c1ncn2Cc1ccc(-c2ccccc2)cc1,,,0
,O=c1cc(C(CC2CC2)CC2CC2)oc(O)c1C(c1cccc(NS(=O)(=O)c2cccc3cccnc23)c1)C1CC1,,,0
,CCCCCCCN(C(=O)Nc1ccc(F)cc1F)C1Cc2ccc(SC(C)(C)C(=O)O)cc2C1,,,0
,CCCCN[C@H]1CC[C@H](Nc2nc(NCc3ccc(-c4ccccc4)cc3)c3ncn(C(C)C)c3n2)CC1.Cl,,,0
,COc1cc2ncnc(-c3c(-c4ccc(-c5ccccc5)cc4)[nH]c4ccccc34)c2cc1OCCCN1CCOCC1,,,0
,O=C(O)Cc1cn(Cc2ccc(F)cc2)c2cc(OCCCN3c4ccccc4Oc4ccccc43)ccc12,,,0
,O=C(NC[C@H]1CCN(CC(c2ccccc2)c2ccccc2)C(=O)[C@@H](CCC2CCCCC2)N1)c1ccc2ccccc2c1,,,0
,C[C@]12CCC(=O)C=C1C[C@@H](CCCc1cccc(OCCCC(=O)O)c1)[C@@H]1[C@@H]2CC[C@@]2(C)[C@H]1CC[C@]2(C)O,,,0
,CCC(=O)O[C@H]1CC[C@]2(C)[C@H]3C[C@@H](OC(=O)CC)[C@@H]4[C@@H]([C@](C)(O)CCCC(C)(C)O)CC[C@@]4(C)[C@]3(C)CC[C@H]2C1(C)C,,,0
,C[C@H](COc1ccc(/C=C2\SC(=S)N(CC(=O)O)C2=O)cc1O[C@@H](c1ccccc1)C(F)(F)F)c1ccccc1,,,0
,CN(C)CCCCNC(=O)CCCc1cc(-c2cc(Cl)cc(Cl)c2)nn1-c1ccc2ccccc2c1,,,0
,O=C(CCCc1cc(-c2cc(Cl)cc(Cl)c2)nn1-c1ccc2ccccc2c1)NCCCc1ccncc1,,,0
,Cc1cc(OCc2nc(-c3ccc(N4CCOCC4)cc3)c(-c3ccc(-c4ccccc4)cc3)s2)ccc1OCC(=O)O,,,0
,CC(c1ccc(C(F)(F)F)nc1)N1CCc2cc(S(=O)(=O)Nc3ccc(CCCC4CCCC4)cc3F)ccc2C1,,,0
,C=CC(=O)N1CCC(Oc2cc3c(Nc4ccc(Cl)c(Cl)c4F)ncnc3cc2O[C@@H](C)CC(C)C)CC1,,,0
,Cc1c(C)c2c(c(C)c1O)CCC(C)(C(=O)NCCCCCCCCNc1c3c(nc4ccccc14)CCCC3)O2,,,0
,O=C(Nc1ccc(N(CCCl)CCCl)cc1)Nc1ccc2ncnc(Nc3cccc(Cl)c3)c2c1,,,0
,COc1ccc(NC(/C(C(=O)c2ccccc2)=C(\O)C(=O)/C=C(\O)c2ccccc2)c2ccc(OC)cc2)cc1,,,0
,CCOc1cc2ncc(C#N)c(Nc3ccc(OCc4cccc(F)c4)c(Cl)c3)c2cc1NC(=O)/C=C/CN(C)C,,,0
,CCCc1cc(-c2ccc(Oc3ccc(CC(=O)O)cc3OC)c(NS(=O)(=O)c3ccc(Cl)cc3Cl)c2)n[nH]1,,,0
,O=C(O)C1(Cc2nc3cc(OCc4ccc5ccccc5n4)ccc3n2Cc2ccc(N3CCOCC3)cc2)CCCC1,,,0
,CC(C)CC1(O)CCN(C(=O)Nc2cc(Oc3ccc(F)cc3)cc(Oc3ccc(C(=O)NCCF)cc3)c2)CC1,,,0
,CCOC(=O)N1CCN(C(=O)Oc2ccc3[nH]c(-c4cc(C)cc(C)c4)c(CCNCCCCc4ccc(O)cc4)c3c2)CC1,,,0
,CS(=O)(=O)CCNCc1cc(-c2cc3c(Nc4ccc(OCc5cccc(F)c5)c(Cl)c4)ncnc3s2)cs1,,,0
,COCc1nc2c(C(=O)Nc3cccc(Cl)c3C)cc(NC(=O)c3cc(OCCOC(C)C)ccc3Cl)cc2[nH]1,,,0
,COC(=O)c1cc2c(c(OC)c1OC)[C@H](C)C[C@@H](OC(=O)Nc1ccc(OC)cc1)[C@H]2[C@@H](C)CCC=C(C)C,,,0
,CC(C)c1cc(C(C)C)c(S(=O)(=O)NC[C@H]2CC[C@H](C(=O)NNC(=O)c3cc4ccccc4s3)CC2)c(C(C)C)c1,,,0
,CC[C@H](C)N(Cc1ccc(OC)c(OS(=O)(=O)c2cccc(C(F)(F)F)c2)c1)C(=O)Nc1ccccc1OC,,,0
,CCN1CCN(CC/C=C/c2ccc3c(Nc4ccc(Sc5nccn5C)c(Cl)c4)c(C#N)cnc3c2)CC1,,,0
,CN(CCCCOc1ccc2c(c1)OCO2)CCCN1C(=O)CSC1c1cc(C(C)(C)C)c(O)c(C(C)(C)C)c1,,,0
,CCN(CC)CCn1cnnc1-c1cc(Oc2ccc(NC(=O)Nc3cccc(C(F)(F)F)c3)cc2F)ccn1,,,0
,O=C(NC[C@H]1CC[C@H](Nc2cc(-c3cccc(NCc4cccc(F)c4)n3)c(Cl)cn2)CC1)c1cccnc1,,,0
,COc1cc(C(C(=O)NC(C)(C)C)N(C(=O)c2cc3ccccc3[nH]2)c2ccc(C(C)C)cc2)cc(OC)c1OC,,,0
,CCN(CC)C(=O)[C@H]1C[C@H](CC(=O)NC/C=C(\C)CCC=C(C)C)C(=O)N2CCc3c([nH]c4cc(-c5ccco5)ccc34)[C@]12C,,,0
,COc1ccc(/C=C/C(=O)NCC(=O)N(C)c2ccc(SC)c(COc3cccc4ccc(C)nc34)c2SC)cc1,,,0
,COc1cccc(-c2cc(C(=O)Nc3ccc(-c4ccc(OC5CCN(C)CC5)cc4)cc3[N+](=O)[O-])ccc2OC)c1,,,0
,CN(C)CCNc1ccc(C(=O)Nc2cc(-c3ccc4ncn(Cc5c(Cl)cccc5Cl)c4c3)[nH]n2)cc1,,,0
,CC(C)c1cc(C(C)C)c(S(=O)(=O)Nc2ccc(Nc3ccnc(N4CCNCC4)n3)cc2)c(C(C)C)c1,,,0
,CCn1c(C(=O)Nc2cccc(COC)c2COc2ccc(OC[C@@H]3CCNC3)cc2)cc2sccc21,,,0
,Cc1nc(-c2ccc(Cl)cn2)nc(NC[C@H](NCCCCc2ccc(O)cc2)c2ccccc2)c1Cl,,,0
,O=C(/C=C/c1ccc(OCc2ccccc2)cc1)COc1c(-c2ccc(O)cc2)oc2cc(O)cc(O)c2c1=O,,,0
,CC[C@@H](OCc1ccccc1)[C@H](NC(=O)c1cc2ccccc2cc1NC(=O)Nc1c(C)cc(C)cc1C)C(=O)O,,,0
,CC(C)c1ccc2c(NCc3ccc(NC(=O)C4CCN(Cc5ccccc5)CC4)cc3)nc(N(C)C)nc2c1,,,0
,O=C(CCN1CCCC1)Nc1ccc2c(NC3CCCCC3)c3cc(NC(=O)CCN4CCCC4)ccc3nc2c1,,,0
,CC[C@H](C)[C@H](C(=O)O)N1C[C@H](CN2CCC(c3cc(Cc4ccc(O)cc4)nn3CC)CC2)[C@@H](c2cccc(F)c2)C1,,,0
,CCCCOc1ccc(-c2c(C(=O)OCC)c(C)nc3sc(C(=O)c4ccc(OC)cc4)c(N)c23)cc1,,,0
,COc1cccc(OC(C)C)c1-c1c(C)sc2c(NC[C@@H](N)Cc3ccccc3)nc(-c3ccncc3)nc12,,,0
,C=C(C)[C@@H]1CCC2=C(CC[C@]3(C)[C@@H](C(CCC(=C)C(C)(C)O)C(=O)O)[C@H](O)C[C@@]23C)[C@@]1(C)CCC(=O)O,,,0
,CC1=C(C(=O)OCc2ccccc2)C(c2ccc(Cl)cc2Cl)NC(=O)N1CCCCCC(=O)O,,,0
,O=C(C[C@H](CCN1CCCCC1)NC(=O)c1cc(-c2ccccc2C(F)(F)F)n(C2CCCC2)n1)NC1CCC1,,,0
,CN(C)CCCNC(=O)c1cccc(-c2cccc(-c3cc(Nc4cccc5ncccc45)c4c(n3)CCNC4=O)c2)c1,,,0
,CCOC(=O)c1c(C)nc(NCCCCNc2ccnc3cc(Cl)ccc23)nc1-c1ccc(F)cc1,,,0
,NCc1cccc(-n2nc(C(F)(F)F)cc2C(=O)Nc2ccc(C(OCC3CC3)c3ccccc3)cc2F)c1,,,0
,CC(C)c1nc(-c2cccc(NS(=O)(=O)c3cccc(F)c3)c2)c(-c2ccnc(NCCCN(C)C)n2)s1,,,0
,C=CC(=O)NCCOc1cc(Cc2cccc(OC)c2)cc2[nH]c(-c3n[nH]c4cc(C(F)F)ccc34)cc12,,,0
,COc1cccc(CNC(=O)c2ccccc2Sc2ccc3c(/C=C/c4ccccn4)n[nH]c3c2)c1OC,,,0
,COC[C@@H]1CC[C@@H](CO[C@H]2CC[C@H](C(=O)O)CC2)N1C(=O)Cc1ccc2nc(Nc3ccccc3C)oc2c1F,,,0
,Fc1ccc(Nc2nc(NC3CCCCC3)nc(N3CCN(CCNc4ccnc5cc(Cl)ccc45)CC3)n2)cc1,,,0
,COc1ccc(F)cc1-c1ccc([C@@H](CC(=O)O)NC(=O)[C@@H]2CCCN2S(=O)(=O)c2cc(Cl)cc(Cl)c2)cc1,,,0
,C[C@@H](NCCn1cc(NC(=O)c2cnn3cccnc23)c(-c2cc(Cl)ccc2OC(F)F)n1)c1ccccc1,,,0
,CCCCCC(=O)Nc1cccc(C2=NOC3(C2)C[C@@H](C(N)=O)N(C(=O)CC(c2ccccc2)c2ccccc2)C3)c1,,,0
,O=C(Cc1ccc(NC(=O)C2CCCN(C(=O)CCc3ccccc3)C2)cc1)Nc1cccc(C(=O)N2CCCCC2)c1,,,0
,c1cc2c(NCCCN3CCN(CCCNc4nc5ccsc5n5cccc45)CC3)nc3ccsc3n2c1,,,0
,CC[n+]1cccc(NC(=O)c2ccc(NC(=O)c3ccc(C(=O)Nc4ccc(C(=O)Nc5ccc[n+](CC)c5)cc4)cc3)cc2)c1,,,0
,COc1ccc(NS(=O)(=O)c2cc(NC(=O)c3ccccc3NS(=O)(=O)c3cc(C)ccc3C)ccc2C)cc1,,,0
,Cc1cc(C)c(S(=O)(=O)N(CC(=O)O)c2ccc(OC(C(=O)O)c3ccc(OC(C)C)cc3)c3ccccc23)c(C)c1,,,0
,CCOC(=O)CN(Cc1ccc(OCCN2CCC(C)(C)c3cc(/C(=N/O)c4ccccc4)ccc32)cc1)C(=O)O,,,0
,COc1cc(-c2nc(-c3ccccc3)[nH]c2-c2ccnc(NCCCNS(=O)(=O)c3ccc(F)cc3)n2)ccc1F,,,0
,COc1cc2nc([S+]([O-])CC(=O)Nc3cccc(C#N)c3)nc(Nc3c(Cl)cc(/C=C/C#N)cc3Cl)c2cc1OC,,,0
,CC[C@H](C)OC(=O)Cc1ccc(NC(=O)c2cccc(-c3cc(C(=O)Nc4ccncc4F)ccc3CN)c2)cc1,,,0
,Cc1c2ccnc(C(=O)NCCN(C)C)c2cc2c3cc(OP(=O)(O)OCc4ccccc4)ccc3n(C)c12,,,0
,COc1cc(-c2cc(SC)n(-c3nc(NC4CCCCC4)nc(NC4CCCCC4)n3)n2)cc(OC)c1OC,,,0
,O=C(O)Cc1cccc(NC(=O)CN2N=C(C3CCCCC3)c3ccccc3N(CC(=O)C3CCCC3)C2=O)c1,,,0
,CC(Cc1c[nH]c2ccccc12)(NC(=O)OC1[C@H]2C[C@@H]3C[C@@H](C[C@H]1C3)C2)C(=O)N(CCc1ccccc1)CC(=O)O,,,0
,COc1cc(OC)c(Cl)c(NC(=O)N(C)c2cc(Nc3ccc(CCCN(C)C)cc3)ncn2)c1Cl,,,0
,O=C(Nc1ccc(F)cc1)C1(C(=O)Nc2ccc(Oc3ccnc(Nc4cccc(N5CCOCC5)c4)c3)cc2)CC1,,,0
,COc1ccc2c3c1O[C@H]1C[C@@H](O)C=C[C@@]31CCN(CCCCCCCCNC13CC4CC(C)(CC(C)(C4)C1)C3)C2,,,0
,Cc1c(C)n(Cc2cc(Cl)cc(O[C@@H](C)C(=O)O)c2)c2ccc(C(=O)N[C@@H](C)c3cccc(C4CC4)c3)cc12,,,0
,Cc1ccc(NC(=O)/C=C\C(=O)N(c2ccc(C(C)C)cc2)C(C(=O)NCc2ccco2)c2ccc(F)cc2)cc1,,,0
,COc1ccc(CC[C@@](O)(CCN(C)C)[C@@H](c2ccccc2)c2cc3cc(Br)ccc3nc2OC)cc1,,,0
,COc1ccc(C(NC(=O)C2CCN(Cc3ccc(Oc4ccccc4)cc3)CC2)c2ccccc2C)cn1,,,0
,CCCCCCN(C(=O)Nc1ccc(OC(F)(F)F)cc1)C1Cc2ccc(SC(C)(C)C(=O)O)cc2C1,,,0
,COc1cccc(CN(Cc2ccc(C(=O)O)c(F)c2)C(=O)c2ccc(Oc3ccccc3F)cc2)c1,,,0
,COc1ccc(-c2cc(-c3ccc(OC)cc3)nc(Nc3ccc(OCCN4CCCCC4)cc3)n2)cc1,,,0
,COc1ccc(-c2nc(COc3cccc(OCC(=O)O)c3)sc2-c2ccc(C(F)(F)F)cc2)cc1,,,0
,Cc1ccc(NC(=O)N(CCN2CCCC2)CC(=O)N2CCc3sccc3[C@@H]2COc2ccc(C(C)C)cc2)cc1,,,0
,COc1ccc(Nc2nn3c(-c4ccccc4)cc(-c4ccccc4)nc3c2C(=O)Nc2ccc(C)cc2)c(OC)c1,,,0
,Cc1n[nH]c2ccc(-c3cc(OC[C@@H](N)Cc4ccccc4)cnc3-c3ccccc3OCc3cccc(F)c3)cc12,,,0
,CCN(CCCN1CCCCC1)c1cc(C)nc(Nc2ccc(Oc3ccccc3)cc2)n1.O=C(O)C(F)(F)F,,,0
,O=C(N[C@H](Cc1ccccc1)C(=O)Oc1ccc(Cl)cc1C(=O)Nc1cccc(Cl)c1)OCc1ccccc1,,,0
,CCCNC(=O)NCC1CCC(CNC(=O)c2nn(-c3ccc(Cl)cc3Cl)c(-c3ccc(Cl)cc3)c2C)CC1,,,0
,CC(Cc1c[nH]c2ccccc12)(NC(=O)OC1[C@H]2C[C@@H]3C[C@@H](C[C@H]1C3)C2)C(=O)NCCc1ccc(Cl)cc1Cl,,,0
,Cc1cc(Nc2ccc(C(=O)/C=C/c3ccc4ccccc4c3)cc2)n2nc(SCC(=O)c3ccccc3)nc2n1,,,0
,CC(C)CC(c1ccc(C(=O)NCCC(=O)O)cc1)n1ncc2cc(-c3ccc(C(C)(C)C)cc3)ccc21,,,0
,CC(C)CC1(O)CCN(C(=O)Nc2cc(Oc3ccc(F)cc3)cc(Oc3ccc(C(=O)O)c(F)c3)c2)CC1,,,0
,Cc1cc(C)cc(-c2[nH]c3ccc(C(C)(C)C(=O)N4CC5CCC4CC5)cc3c2[C@H](C)CNCCc2ccnc(CO)c2)c1,,,0
,O=C(COc1ccc2c(=O)cc(-c3ccccc3)oc2c1)N/N=C/c1cccc(OCc2csc(-c3ccccc3)n2)c1,,,0
,Cc1cc(C2CC2C(OC(=O)c2ccccc2)c2ccc(OC(F)(F)F)cc2)cc(C)c1OC(C)(C)C(=O)O,,,0
,CCOc1ccc(F)c(N2CC[C@@H](Oc3ccc(N4C[C@H](C(F)(F)F)C[C@@H]4CC(=O)O)cc3)[C@H](Cc3ccccc3)C2)c1,,,0
,CCC[C@]1(CCc2ccccc2)CC(=O)C([C@H](CC)c2cccc(NS(=O)(=O)c3ccc(C(F)(F)F)cn3)c2)=C(O)O1,,,0
,CCOP(=O)(OCC)C(c1ccc(F)cc1)N1C/C(=C\c2cccc(O)c2)C(=O)/C(=C/c2cccc(O)c2)C1,,,0
,O=C(Nc1nc2ccccc2s1)c1cccc2c1CN(c1ccc(CCCCOc3ccccc3)c(C(=O)O)n1)CC2,,,0
,CCc1c(C(=O)C(N)=O)c2c(OCc3ccc4ccccc4n3)cccn2c1Cc1ccccc1-c1ccccc1,,,0
,COCC(C)n1c(COc2ccccc2F)nnc1SC(C(=O)Nc1cc(C(F)(F)F)ccc1Cl)c1ccccc1,,,0
,COc1ccc(/C=C/C(=O)c2ccc(N3CCN(Cc4cc(C(=O)/C=C/c5ccc(OC)cc5)ccc4O)CC3)cc2)cc1,,,0
,O=C(NC(Cc1ccc(OCc2ccccc2)cc1)C(=O)O)c1cc2ccc(-c3ccc(Cl)cc3)cc2[nH]1,,,0
,O=C(Nc1ccccc1[N+](=O)[O-])c1cc(S(=O)(=O)N2CCCCC2)ccc1Cl,,,0
,O=C(NNC(=O)c1ccccc1OCc1cn2ccccc2n1)c1ccc2ccccc2n1,,,0
,CC(Sc1nncn1C)c1cc(N)nc(N2Cc3c(cccc3C(F)(F)F)C2=O)c1,,,0
,CC(C)N1CCN(c2ccc3nc(-c4ccnc(F)c4)c(-c4ccncc4)n3n2)CC1,,,0
,CNC(=O)c1cccc(Nc2ncnc(N3CCN(c4cccc(C(F)(F)F)c4)CC3)n2)c1,,,0
,Cc1nn2c(SCC(=O)Nc3ccccc3C(F)(F)F)nc3ccccc3c2nc1=O,,,0
,C[C@H](CC1CCCCC1)C(=O)N1CCC(O)(Cn2nc3ccccn3c2=O)C(C)(C)C1,,,0
,Cc1cc(-c2nc3cnc(N4CCOCC4)cc3n2[C@H](C)c2ccccc2)cn(C)c1=O,,,0
,CCOC(=O)c1c(O)nc2ccccc2c1NCc1ccc2c(c1)OCO2,,,0
,COc1cc(/C=N/n2cnc3c(sc4nc(C)cc(C)c43)c2=O)ccc1O,,,0
,Fc1ccc(OC2CCN(c3nc4cnccc4nc3NC3CC3)CC2)c(F)c1.O=C(O)C(F)(F)F,,,0
,CCN1C(=O)[C@H]2[C@@H](c3ccc(C)cc3)N3C(=O)N(c4ccc(C(F)(F)F)cc4)C(=O)[C@@]3(CC)[C@H]2C1=O,,,0
,Cc1cc2[nH]c(=O)c3cnn(C4CCCC4)c3c2cc1C(=O)N1CCN(CCC(F)(F)F)[C@@H](C)C1,,,0
,Cc1ccc(S(=O)(=O)n2nc(OC(=O)c3c(-c4ccccc4Cl)noc3C)cc2N)cc1,,,0
,Cc1nc2c(-c3ccc(F)cc3)c(C)nn2c(C)c1CCC(=O)N1CCN(c2ccccn2)CC1,,,0
,Cc1nc(-c2cccc(CN3CCCC4(CCN(c5cnc6ccccc6n5)CC4)C3=O)c2)no1,,,0
,N#Cc1cccc(CN2C(=O)N(Cc3cccc(Br)c3)S(=O)(=O)n3cccc32)c1,,,0
,COc1ccc(N2CCN(c3ncnc4scc(-c5ccc([N+](=O)[O-])cc5)c34)CC2)cc1,,,0
,Cc1cc(C)c(C2=NOC(Cn3cnc4c(NC(=O)c5ccccc5)ncnc43)C2)c(C)c1,,,0
,CN(C)c1ccc(C2OCC3(CCC4(COC(c5ccc(N(C)C)cc5)OC4)O3)CO2)cc1,,,0
,COC(=O)c1ccc(NC(=O)c2c(-c3ccccc3)c(-c3ccccc3)nn(C)c2=O)cc1,,,0
,Cc1ccc(-n2nc3c(N4CCC(C(=O)NCc5ccc(C)o5)CC4)nnc(C)c3c2C)cc1,,,0
,CC(C)N1C(=O)C(CC(=O)N2CCC(N3Cc4ccccc4NC3=O)CC2)SC1c1ccccc1,,,0
,CCOC(=O)c1cnn(-c2ccc(Cl)cc2)c1NC(=O)c1cc2ccccc2oc1=O,,,0
,COc1ccc(Nc2c(-c3ccc4[nH]nc(C)c4c3)nc3cnc(N4CCOCC4)cn23)cc1,,,0
,O=C(C1=C(O)C(=O)N(Cc2cccnc2)C1c1cccc(Br)c1)c1ccc2c(c1)OCO2,,,0
,Cc1c(NC(=O)c2ccc(-c3ccc([N+](=O)[O-])cc3Cl)o2)c(=O)n(-c2ccccc2)n1C,,,0
,C=C[C@]1(C)C[C@@H](OC(=O)Cn2cc(-c3ccccc3)nn2)[C@]2(C)[C@H](C)CC[C@]3(CCC(=O)[C@H]32)[C@@H](C)[C@@H]1O,,,0
,CN1/C(=C/C=C/c2n(C)c3cc([N+](=O)[O-])c([N+](=O)[O-])cc3[n+]2C)C(C)(C)c2ccccc21,,,0
,Cc1nc2c(sc(=S)n2Cc2ccco2)c(=O)n1CC(=O)Nc1ccccc1Cl,,,0
,N#Cc1cc(Cl)cc(Oc2c(C(F)(F)F)ccn(Cc3n[nH]c4ncccc34)c2=O)c1,,,0
,Cn1c2ccccc2c2cc(/C=C/Oc3c(-c4cncnc4)ccc[n+]3[O-])cnc21,,,0
,Cc1c(C(=O)O)cccc1N1C(=O)c2ccc(Oc3cccc([N+](=O)[O-])c3)cc2C1=O,,,0
,Cc1noc(-c2ccccc2C(=O)N2C3CCC2C(COc2cccc(C(F)(F)F)n2)C3)n1,,,0
,CC1CSC2=C(CN(c3cc4c(cc3F)c(=O)c(C(=O)O)cn4C3CC3)CC2)/C1=N/O,,,0
,O=C(CC1CCOC1)N1CC=C(c2ccc(NC(=O)N3Cc4ccncc4C3)cc2)CC1,,,0
,O=C(c1cccnc1)N(c1cc2sc(=O)oc2c2ccccc12)S(=O)(=O)c1ccccc1,,,0
,CC[C@@]1(O)C(=O)OCc2c1cc1n(c2=O)Cc2cc3c(/N=C/N(C)c4ccccc4)cccc3nc2-1,,,0
,CC(C)[C@@H](Nc1ncnc2[nH]c(-c3cncnc3)cc12)c1ccc2c(c1)S(=O)(=O)CCC2,,,0
,CN1CCN(c2cnc3cc(C(F)(F)F)cc(NCc4ccc([N+](=O)[O-])cc4)c3n2)CC1,,,0
,COc1cccc(Cn2c(=O)c(-c3cc(F)cc(F)c3)nc3cnc(N(C)C)nc32)c1,,,0
,Cc1cc(C)c(NC(=O)Cn2nc3c(Sc4ccccc4)nccn3c2=O)c(C)c1,,,0
,O=C(c1ccc(F)cc1-c1ncccn1)N1[C@@H]2CC[C@H]1[C@H](Nc1cnc(C(F)(F)F)cn1)C2,,,0
,COc1cc(C(F)(F)F)ccc1-c1ncnc2cc(S(=O)(=O)Nc3ncns3)ccc12,,,0
,COc1cc2c(cc1OC)C1=NOC(CN3CCN(Cc4cccc5ccccc45)CC3)C1CO2,,,0
,COC(=O)c1cc(NC2c3ccccc3C(=O)N2Cc2ccco2)cc(C(=O)OC)c1,,,0
,COc1ccc(-c2c(C)nn3c(NCc4cccnc4)nc(C)cc23)cc1OC,,,0
,C[C@H]1[C@@H](OCCCOc2cccc(O)c2O)O[C@@H]2O[C@@]3(C)CC[C@H]4[C@H](C)CC[C@@H]1[C@@]24OO3,,,0
,COc1ccc(C(=O)N2CCCC(c3cc(C(=O)NCc4ccc(F)cc4)no3)C2)cc1,,,0
,Cc1nc2cc(-c3cccc(F)c3)nn2c(C)c1CCC(=O)N1CCC2(CC1)OCCO2,,,0
,Cc1noc(NS(=O)(=O)c2ccsc2C(=O)N(C)c2ccccc2)c1Br,,,0
,COc1ccc(N2CCOCC2)c2sc(NC(=O)C(C)(C)Oc3ccc(C)cc3)nc12,,,0
,CC[C@@H](C)n1c2cnccc2c2cnc(Nc3ccc(N4CCC(NC)CC4)cn3)nc21,,,0
,CN(C)C=O.Cc1cc(C)nc(NC(=O)CSc2nc3cc(Cl)ccc3s2)n1,,,0
,Cc1nn(C2CCCCC2)c2nc(C(=O)O)cc(-c3ccc(N4CCOCC4)cc3)c12,,,0
,COc1cc(-c2ccco2)ccc1S(=O)(=O)Nc1cccc(N2C[C@@H](C)N[C@@H](C)C2)c1,,,0
,COc1ccc(NC(=O)N2CCCC3(CCN(C(=O)c4ccc(OC)cc4)CC3)C2)cc1,,,0
,O=C(CN1CCC(N2C(=O)OCc3cc(F)ccc32)CC1)Nc1ccc2ncccc2c1,,,0
,COc1ccccc1NC(=O)N1CCC(c2nc(-c3ccc4ccccc4n3)no2)CC1,,,0
,COc1ccc(-c2nc3cnc(Oc4cccc(Cl)c4)nc3n(C3CC3)c2=O)cc1,,,0
,COc1cc2c(cc1OC)C1=NO[C@@H](CN3CCN(Cc4ccc5ccccc5c4)CC3)[C@@H]1CN2,,,0
,COc1cc(OC)c(-c2cn3ccc(N4CC[C@H](NCc5ccncc5)C4)cc3n2)cc1Cl,,,0
,Cc1cc(C(=O)NCc2cccc(C(=O)N3CCCC3)c2)c(C)n1-c1ccc2c(c1)OCCO2,,,0
,Cc1ccc2c(=O)n(Cc3ccccc3)c(SCc3cn(-c4ccc(C(=O)O)cc4)nn3)nc2c1,,,0
,c1cc(CNc2csnc2-c2nnc(Nc3ccc4c(c3)OCCO4)o2)ccn1,,,0
,COC(=O)c1cccc2c1c(C(=O)CCCCn1c(C)nc3cnccc31)cn2C(=O)N(C)C,,,0
,COc1ccc(Nc2ccnc(N3CCC(NC(=O)c4ccccc4F)CC3)n2)cc1,,,0
,CC(C)NS(=O)(=O)c1ccc2c(c1)nc(-c1cnc(C(C)C)nc1)n2C(C)C,,,0
,CCC[C@H](C)Nc1ncc2c(C3CCN(S(C)(=O)=O)CC3)cn([C@H]3CC[C@H](O)CC3)c2n1,,,0
,COc1ccccc1NC(=O)Cn1c(=O)c(CNc2ccc(C)cc2)cc2cc3c(cc21)OCCO3,,,0
,C[C@H](Nc1nccc(N2C(=O)OC[C@@H]2CF)n1)c1cn(-c2ccc(C(F)(F)F)cc2)cn1,,,0
,Cc1ccc(-c2cn(CCN3CCCC3)nn2)c(NC(=O)c2cc(=O)c3ccccc3o2)c1,,,0
,O=C(O)c1ccccc1C(=O)N1CCc2ccccc2C1CN1C(=O)c2ccccc2C1=O,,,0
,C[C@@H](Nc1ncnc2[nH]cnc12)C1=Nc2cccc(Cl)c2S(=O)(=O)N1c1ccccc1,,,0
,C[C@@H](c1ccc(-c2ccc(C(=O)N(C)C)nc2)cc1)N1CC[C@@]2(CC[C@H](O)C2)OC1=O,,,0
,O=C(O)C(F)(F)F.O=C(c1ccoc1)N1CCC2(CC1)COC(COc1ccccn1)C2,,,0
,Cc1cccc(N2CC(C(=O)Nc3cccc(S(=O)(=O)N4CCCCC4)c3)CC2=O)c1C,,,0
,CCc1ccc(-c2nc(CN3CCC(C(=O)N4CCN(c5ccccn5)CC4)CC3)c(C)o2)cc1,,,0
,Cc1cc(S(=O)(=O)n2cc(-c3ccco3)[nH]c2=O)ccc1NC(=O)OCC(C)C,,,0
,COc1cc(-c2n[nH]c3ccc(C(=O)N[C@@H]4CCCN(Cc5ccccc5F)C4)cc23)ccn1,,,0
,Clc1ccc(-n2cc(CN3CCCN(c4noc5ccccc45)CC3)nn2)cc1,,,0
,O=C(Cn1nc2ccc(Sc3cccc(F)c3)nn2c1=O)Nc1cccc(C(F)(F)F)c1,,,0
,Cc1cccc2cc(C(c3nnnn3CC3CCCO3)N3CCCC4(CCCCC4)C3)c(O)nc12,,,0
,Cc1ccc(C(=O)Nc2cc(C#N)ccc2N2CCC(Oc3ccc(F)cc3F)CC2)c(=O)n1C,,,0
,COc1ccc(-n2c(=O)c3c4c(sc3n3c(SC(C)C)nnc23)COC(C(C)C)C4)cc1,,,0
,Cc1csc2nc(COC(=O)c3cccc(NC(=O)c4cccc(Cl)c4)c3)cc(=O)n12,,,0
,O=C(Nc1cccc(Cl)c1)C1=COC2=NC(=O)N(Cc3cccc(Cl)c3)CCN12,,,0
,CCc1nc2c(C)cc(C)nc2n1Cc1ccc2c(c1)CCN2C(=O)c1ccccc1C(=O)O,,,0
,CC(C)(C)OC(=O)N[C@@H](Cc1c[nH]c2ccccc12)C(=O)N1CCC(C(=O)c2ccccc2)CC1,,,0
,COc1cc2c(cc1OC)-c1c(-c3cnc(C(=O)NCc4ccccc4)s3)ncn1CC2,,,0
,Cn1cc(-c2ccc(Cn3cc(-c4cccc(NC(=O)C5CC5)c4)nn3)cc2)cn1,,,0
,Cc1c(-c2noc(-c3ccc(OC(C)C)c(C#N)c3)n2)ccc2c1CCN(CCC(=O)O)C2,,,0
,COc1cc(Nc2ncc3ccn(-c4ccc(C(=O)O)cc4)c3n2)cc(OC)c1OC,,,0
,COc1ccc(-n2c(Sc3sc(N)nc3C)nc3cc(OC)c(OC)cc3c2=O)cc1,,,0
,COc1ccc(OCc2cn(Cc3cc(=O)oc4c3ccc3ccccc34)nn2)cc1,,,0
,CN(c1nc(=O)c2cc(C(F)(F)F)cc([N+](=O)[O-])c2s1)[C@H]1CCN(Cc2ccccc2)C1,,,0
,COc1cc2oc(-c3ccc(NC(=O)c4ccc5c(c4)OCO5)cc3)cc(=O)c2c(OC)c1OC,,,0
,O=C(CCN1Cc2cc3c(Nc4cccc(Br)c4)ncnc3cc21)N1CCOCC1,,,0
,CCOc1cc(/C=C2\N=C(SCC)SC2=O)cc([N+](=O)[O-])c1OC(C)=O,,,0
,COc1cc(-c2noc(-c3cc4cc(F)ccc4oc3=O)n2)cc(OC)c1OC,,,0
,C[C@@H]1CN(C(=O)c2ccccc2)CCN1S(=O)(=O)c1c[nH]c2c(-n3ccnc3)nccc12,,,0
,COc1ccc(-c2c(C3=NCCCN3)nnn2-c2ccc([N+](=O)[O-])cc2)cc1,,,0
,COc1cc2ncnc(N3CCN(C(=O)Nc4ccccc4)CC3)c2cc1OC,,,0
,COc1nnc(NC(=O)c2cnc(C)cc2-c2cncc(C(=O)NC3CC3)c2)s1,,,0
,O=C(CN1C(=O)NC2(CCCC2)C1=O)Nc1cccc(-c2nnc3n2CCCCC3)c1,,,0
,CN1CCN(c2ccc(Nc3ncc4ncc(=O)n(-c5ccc(CN)cc5)c4n3)cc2)CC1,,,0
,C[C@H](CCC(=O)O)[C@H]1CC[C@H]2[C@H]3[C@H](C[C@H](O)[C@]12C)[C@@]1(C)CC[C@@H](O)C[C@H]1Cc1nnnn13,,,0
,N=c1c(C(=O)NCC2CCCO2)cc2c(=O)n3ccccc3nc2n1C1CCCC1,,,0
,C[C@@H]1COCCN1c1nc(-c2cnc(N)cc2C(F)F)nc(C2CCOCC2)n1,,,0
,CC(=O)Nc1cc(Nc2cccc3c2C(=O)N(C2CCC(=O)NC2=O)C3=O)cc(C(C)(C)C)c1,,,0
,CN(CCN1CCN(c2c(F)cc(F)cc2F)CC1)c1cc2nc(-c3ccco3)nn2c(N)n1,,,0
,CC(=O)NC[C@@H]1OC(=O)N2c3ccc(-c4ccc(N5CCOC5=O)nc4)cc3SC[C@@H]12,,,0
,CCN(CC(=O)Nc1ccc(NC(C)=O)cc1)C(=O)c1ccc2c(c1)OCO2,,,0
,COc1ccc(C(=O)Nc2n[nH]c3c2CN(C(=O)[C@@H](OC)c2ccccc2)C3)cc1,,,0
,COc1ccc(-c2nnc(NC(=O)c3ccc(S(=O)(=O)N4CCC(C)CC4)cc3)o2)cc1,,,0
,O=c1c2ccccc2nnn1CSc1nc2ccccc2c(=O)n1Cc1ccco1,,,0
,CCOc1ccccc1CNC(=O)c1c(C)oc2ncnc(N3CCOCC3)c12,,,0
,COc1cc(C2c3cc4c(cc3CC3COC(=O)N32)OCO4)cc(OC)c1OC,,,0
,Cn1c(=O)[nH]c(=O)c2c1nc(Sc1nc3ccccc3[nH]1)n2CCc1ccccc1,,,0
,COCc1c(C(=O)Nc2ccc(C)c(S(=O)(=O)N3CCOCC3)c2)oc2ccccc12,,,0
,O=C(O)Cc1nn(Cc2nc3ccccc3s2)c(=O)c2cc([N+](=O)[O-])ccc12,,,0
,Cc1nn(Cc2ccccc2)c(C)c1CNC(=O)[C@H](C)NC1=NS(=O)(=O)c2ccccc21,,,0
,COc1ccc(N2C(=O)NC(=O)C2c2cc(OC)c(OC)c(OC)c2)cc1F,,,0
,O=S(=O)(c1ccc(NC(=S)Nc2ccc3c(c2)OCO3)cc1)N1CCOCC1,,,0
,CN1CCN(C(=O)c2ccc(-c3cc4nc(NCc5cccnc5)n(C)c(=O)c4s3)cc2)CC1,,,0
,CC(=O)N1CCN(c2nc(N3CCCC3)c3nc(Cl)c(NCc4ccccc4)nc3n2)CC1,,,0
,CCCn1c(=O)[nH]c2nc(-c3cnn(CC#Cc4cccc(C(F)(F)F)c4)c3)[nH]c2c1=O,,,0
,O=c1[nH]c(=O)n(Cc2ccccc2)c2nc(-c3cnn(Cc4ccccc4)c3)[nH]c12,,,0
,C=CCOc1ccccc1C1NC(N)=Nc2nc3cc4c(cc3n21)OCCCO4,,,0
,COc1cc([C@H]2Oc3ccc4ccc(=O)oc4c3O[C@@H]2CO)cc(OC)c1O,,,0
,COc1ccc2c(c1)NC(=O)CN2c1nc(NCc2ccncc2)nc2ccccc12,,,0
,CC1(C)C=Cc2cc3c(cc2O1)OC[C@H]1c2ccc(OCCN4CCOCC4)cc2O[C@@H]31,,,0
,COC(=O)c1cnccc1-c1nc(-c2cc(Br)ccc2F)nc2nccnc12,,,0
,O=C(O)c1ccc(-c2cn(-c3cncc(-c4ccc(F)c(F)c4)c3)nn2)cc1,,,0
,Cc1nc(-c2nc(NC(=O)C(C)C)[nH]c2-c2ccc3nccnc3c2)ccc1F,,,0
,CCOC(=O)c1sc(/N=C2\NC(=O)/C(=C/c3cccc(Cl)c3)S2)nc1C,,,0
,Cc1cc(C)n2c(Nc3ccc4c(c3)OCCO4)c(-c3ccco3)nc2n1,,,0
,Cc1nnnn1/C(=C\c1cccc(F)c1)C(=O)NC(C)c1cc2ccccc2o1,,,0
,O=C(NNC(=O)c1occ(-c2ccccc2)c1-c1ccccc1)c1ccco1,,,0
,CCc1ccc2c(c1)CCc1c(C(=O)Nc3c(C)n(C)n(-c4ccccc4)c3=O)noc1-2,,,0
,CN1CCN(C(=O)c2ccc(-c3cn4c(-c5ccc(C(=O)O)cc5)cnc4cn3)cc2)CC1,,,0
,COc1cc(/C=C(\C#N)c2nnc(N3CCOCC3)n2-c2ccccc2)ccc1O,,,0
,O=c1[nH]/c(=C\c2nc3ccccc3[nH]2)c(=O)[nH]/c1=C\c1cccc(Oc2ccc(F)cc2)c1,,,0
,Cn1ncc2c1-c1sccc1C2NC(=O)CN1CCN(Cc2ccccc2F)CC1,,,0
,O=C(O)C(F)(F)F.O=C1NCC[C@]12CN(CC1CCOCC1)C[C@H]2c1ccccc1,,,0
,C[C@H]1CCc2c(N3CCC(O)CC3)c(F)cc3c(=O)c(C(=O)OCCN4CCCC4)cn1c23,,,0
,O[C@@H]1[C@H](O)[C@@H]2C[C@@H]2[C@H]1Cn1cnc2c(NCc3cccc(F)c3)nc(Cl)nc21,,,0
,COc1ccc2c3c([nH]c2c1)[C@H]1C[C@H]2[C@H](C[C@@H](O)[C@H](OC)[C@H]2C(=O)O)CN1CC3,,,0
,N#Cc1cccc(-c2nc(N)nc3c2C(=O)c2cccc(CN4CCOCC4)c2-3)c1,,,0
,COc1ccc(CN2CCO[C@H]3CN(C4CCC4)CC[C@H]3C2=O)cc1.O=C(O)C(F)(F)F,,,0
,Cn1cnnc1-c1cccc(NC(=O)c2ccc(=O)n(Cc3ccccc3)n2)c1,,,0
,O=C(NCc1ccc(S(=O)(=O)c2cc(F)cc(F)c2)cn1)c1cnc2[nH]ncc2c1,,,0
,O=C(c1ccc([N+](=O)[O-])cc1)N1CCN(Cc2ccccc2[N+](=O)[O-])CC1,,,0
,COc1ccnc(C2(C#N)CCN(Cc3cc(C(=O)O)c(=O)n4ccccc34)CC2)c1,,,0
,CS(=O)(=O)Nc1cccc(NC(=O)c2ccc(-n3ccnc3)c3ccoc23)c1,,,0
,Cn1cccc1C(=O)N1CCC[C@H](n2cc(-c3nc(-c4ccccc4)no3)nn2)C1,,,0
,CC(CO/C(S)=N/c1ccc([N+](=O)[O-])cc1)N1C(=O)c2ccccc2C1=O,,,0
,COc1cccc(-c2nnc(N3CCN(c4ccccn4)CC3)o2)c1OC,,,0
,CCn1c(=O)nc2n(CCC(C)C)nc(-c3nc4ccccc4s3)nc-2c1=O,,,0
,OCc1ccc(-c2ccc(-c3cc(N4CCOCC4)nc(N4CCOCC4)n3)o2)cc1,,,0
,CNC1=NC(C)=C(C(=O)OC(C)C)C(c2cccc([N+](=O)[O-])c2)N1C(=O)OC,,,0
,Cc1ccc(-n2nc(N3CCN(C4CCC4)CC3)cc2NC(=O)c2cnn3cccnc23)nc1,,,0
,CC(=O)Oc1ccc(-c2cc3c(OC(C)=O)cc(OC(C)=O)cc3n(C)c2=O)cc1,,,0
,Cc1cc(-c2nc(C)c(C(=O)NNS(=O)(=O)c3cccc(C(F)(F)F)c3)s2)no1,,,0
,Cc1ccc(-n2nc(C3CCN(C)CC3)cc2NC(=O)c2cnn3cccnc23)cc1,,,0
,c1ccc(-c2csc(Nc3nc(N4CCOCC4)nc(N4CCOCC4)n3)n2)cc1,,,0
,CC(C)Nc1nc(NC(=O)c2ccccc2)n2nc(-c3ccco3)nc2n1,,,0
,Cc1c(C(=O)N2CC[C@H](N)C2)nc(-c2ccc(C#N)c(F)c2)n1-c1ccc2nn(C)cc2c1,,,0
,COc1ccc(NC(C)=O)cc1[C@H]1CN(c2nc(-c3ccncc3F)cc(=O)n2C)CCO1,,,0
,Cc1cc(C(=O)N2CCC(c3ccn4ncc(C(=O)N5CCCCC5)c4c3)CC2)[nH]n1,,,0
,Cc1ccc(-c2noc(-c3ccc(N4CCC(C)CC4)c([N+](=O)[O-])c3)n2)cc1,,,0
,COC(=O)C1=C(C)NC2=C(C(=O)CC(c3ccc(OC)c(OC)c3)C2)C1c1ccccc1F,,,0
,Cc1cccc2nc(-c3ccc(N4[C@@H](C)CC[C@@H]4C)nc3)n(Cc3ccn(C)n3)c12,,,0
,Cc1cc(C)n(-c2ccc(CCC(=O)N3CCN(c4nsc5ccccc45)CC3)cc2)n1,,,0
,CCc1nc2c(OCc3ccc(F)cc3)cccn2c1N(C)C(=O)c1ccncc1,,,0
,N#Cc1c(N)nc(SCc2ccccc2)c(C#N)c1-c1ccc2c(c1)OCCO2,,,0
,O=c1c(-c2cccc([N+](=O)[O-])c2)nc2cc(Cl)ccc2n1Cc1ccccc1,,,0
,O=C(Nc1nn(C(=O)c2ccccc2)c2c1CN(C(=O)c1ccccc1)C2)c1ccc(F)cc1,,,0
,Cc1ccc(OCCn2cc(/C=C3\C(=O)NN(c4ccccc4)C3=O)c3ccccc32)cc1,,,0
,COc1cccc(C2c3c(oc4ccc(Cl)cc4c3=O)C(=O)N2c2cc(C)on2)c1OC,,,0
,COc1ccc(N2CCc3c(-n4ccc(-c5nccs5)n4)ccnc32)c(C(F)F)c1,,,0
,COc1ccc(C2CC(=NOC(=O)c3cccc(O)c3)CC(c3ccc(OC)cc3)N2C)cc1,,,0
,O=C(O)CCn1c(-c2ccoc2)c(C2CCCCC2)c2ccc(C(=O)O)cc21,,,0
,C[S+]([O-])c1ccc(-c2nc(C3CCOCC3)oc2Sc2ccc(Cl)cn2)cn1,,,0
,Cc1ccccc1COCC(=O)Nc1ccc(-c2nc3cc(C#N)ccc3o2)cc1,,,0
,Cl.O=C(NCc1cccc2ccccc12)c1nc2c(OC3CCNCC3)cccc2o1,,,0
,CCCOc1ccc(C(=O)Nc2ccc3nn(-c4ccc(OC)c(Cl)c4)nc3c2)cc1,,,0
,O=C(CCn1cnc2cc(-c3noc(-c4ccsc4)n3)ccc21)N1CCCCCC1,,,0
,CC(CN1CCN(C)CC1)C(=O)Nc1ccc(-c2ccc(-c3nc4ccccc4[nH]3)cc2)cc1,,,0
,O=C(O)[C@@H]1CCCCN1Cc1cnc2c(N3CCc4c(-c5ccccc5)cccc43)ncnc2c1,,,0
,COc1ccc(-c2nc(CN3CCC(C(=O)NC4CCCC4)CC3)c(C)o2)cc1OC,,,0
,COc1ccc(-c2nn(-c3ccccc3)cc2C(=O)N(C)C[C@H]2COc3ccccc3O2)c(OC)c1,,,0
,COc1cc(/C(C)=N\N)ccc1OCCCN1CCC(c2noc3cc(F)ccc23)CC1,,,0
,C[C@H](Nc1c(-c2c(F)ccc(OCCN(C)C)c2F)c(Cl)nc2ncnn12)C(F)(F)F,,,0
,COc1cc(C(=O)N(C)c2nc(-c3cc(OC)c(OC)c(OC)c3)cs2)cc(OC)c1OC,,,0
,CS(=O)(=O)c1cccc(COc2cccc(NC(=O)C3CCN(c4ccncc4)CC3)c2)c1,,,0
,COc1ccc(-c2csc(NC(=O)CSC(C)C(=O)Nc3cc(C)on3)n2)cc1OC,,,0
,CCOC(=O)/C(C#N)=C/c1ccc(OCC(=O)Nc2cc(C)ccc2C)c(OC)c1,,,0
,CC(C)CNc1nc(N2CCN(Cc3ccccc3)CC2)ncc1C(=O)NCc1ccccc1,,,0
,CNC(=O)/C(=N/OC)c1ccccc1COc1cc(C(F)(F)F)nc(Nc2ccccc2)n1,,,0
,CNc1nc(Nc2cn(C(C)(C)c3nc(C)cn3C)nc2C)ncc1C(F)(F)F,,,0
,COc1ccc(OC)c(CNC(=O)C2CCCN(c3nc4ccccc4o3)C2)c1,,,0
,O=C(O)[C@@H]1COc2c(-c3ccc4c(c3)OCO4)c(COc3cccc4ccccc34)cc(=O)n21,,,0
,COc1cc(Nc2nc3n(n2)CC(C)(O)CN3Cc2ccccc2)ccc1-n1cnc(C)c1,,,0
,CS(=O)(=O)Nc1ccc(-c2coc3cc(OCc4cccc(C(=O)O)c4)ccc3c2=O)cc1,,,0
,CCC(C)N1CCN(c2ccc(S(=O)(=O)Oc3ccc(OC)cc3)cc2)C1=O,,,0
,COc1ccc(-c2c(C)nn3c(NCc4nc(C)no4)cc(C)nc23)c(C)c1,,,0
,COc1cc(OC)c(C2CC(=O)N3CN(c4ccc(C)cc4)CSC3=C2C#N)cc1OC,,,0
,COc1cc2c(c(OC)c1OC)-c1ccc(=O)c(OC)cc1[C@@H](NC(=O)C(F)(F)F)CC2,,,0
,COc1ccc(-c2noc(CSc3nnc(-c4ccccc4)n3C)n2)cc1,,,0
,CCc1nn(C)c(C(=O)NCc2ccc(Oc3ccc([N+](=O)[O-])cc3)cc2)c1Cl,,,0
,COc1cccc(CNC(=O)C(C)n2c(=O)cc(-c3ccccc3)c3c(C)nn(C)c32)c1,,,0
,CC(C)c1csc(CCc2ccn3c(=O)c(/C=C/C(=O)O)c(N4CCCCC4)nc3c2)n1,,,0
,C[C@H](Nc1nc(Cl)cc(N2C(=O)OC[C@@H]2C2CC2)n1)c1cn(-c2ccc(F)cc2)cn1,,,0
,CCOc1ccc(N2C(=O)/C(=C/Nc3ccnn3Cc3ccncc3)c3ccccc3C2=O)cc1,,,0
,c1ccc(CNc2nc(NC3CCCCC3)n3nc(-c4ccco4)nc3n2)cc1,,,0
,O=C(O)c1cccc(/C=C/C(=O)c2ccc(NS(=O)(=O)c3ccc([N+](=O)[O-])cc3)cc2)c1,,,0
,COc1cccc(CNC(=O)C(C#N)c2nc3ccccc3nc2N2CCCCCC2)c1,,,0
,CCOC(=O)c1cc(-c2ccc(C)cc2)n(CCC(=O)N2CCN(c3ccccn3)CC2)c1C,,,0
,Cc1noc2c(Cc3ccccc3)nn(CC(=O)N/N=C\c3cccc(C(F)(F)F)c3)c(=O)c12,,,0
,COc1cc(-c2cnc3c(NC=O)cc(-c4cccc(NC(C)=O)c4)cn23)cc(OC)c1OC,,,0
,Cc1ccc(N(C(=O)CNC(=O)c2ccco2)C(C(=O)NC2CCCC2)c2ccncc2)cc1F,,,0
,COC[C@@H]1CCCN1NC(=O)c1cccnc1Oc1ccc(Nc2ccccn2)cc1,,,0
,CCOc1ccccc1OCC(=O)OC(C)C(=O)Nc1ncc(Cl)cc1Cl,,,0
,Cc1cc(OCc2cc(C(=O)N3CCC(Oc4cccnc4)CC3)no2)cc(C)c1Cl,,,0
,CN(CCn1ccnc1)Cc1cn(Cc2ccccc2)nc1-c1ccc2c(c1)OCO2,,,0
,CCn1c(=O)cc(OCC(=O)Nc2cc(Cl)c(OC)cc2OC)c2ccccc21,,,0
,c1ccc(Cn2nnnc2C(c2ccc3occc3c2)N2CCCN(C3CCC3)CC2)cc1,,,0
,COC(=O)CN1C[C@H](Nc2nc3cc(C)ccc3[nH]2)[C@@H](OC(=O)c2ccc(-c3ccccc3)cc2)C1,,,0
,O=c1c2c(F)cccc2nc(CNc2ncnc3[nH]ccc23)n1-c1cccc(OCC(F)(F)F)c1,,,0
,CCOC(=O)C1(Cc2ccc(OC)cc2)CCN(C(=O)c2cc(C)on2)CC1,,,0
,O=C(O)CCC(=O)N1N=C(c2cccs2)CC1c1cccc([N+](=O)[O-])c1,,,0
,CC(=O)Oc1cccc2c1C(=O)c1c(-c3cc[n+](Cc4ccccc4)cc3)noc1C2=O,,,0
,CN(C)CCN1C(=O)c2cccc3cc(Nc4ccc([N+](=O)[O-])cc4)cc(c23)C1=O,,,0
,CCn1ncc(NC(=O)Cn2ncc3cc(-c4cccc(OC)c4)ccc32)n1,,,0
,COc1ccccc1N1CCN(CCCn2c(C)nc3c4ccccc4nc-3c2O)CC1,,,0
,Cc1cc(-c2cnc(N)c(-c3cn(C(C)C)nn3)c2)ccc1CN1CCOCC1,,,0
,CCCC[C@@H]1[C@H]2CCCN3CCC[C@@H](CN1S(=O)(=O)c1sc(NC(C)=O)nc1C)[C@@H]23,,,0
,COc1ccc(NC(=O)c2ccc(Cl)nc2)cc1S(=O)(=O)N1CCCCC1,,,0
,CNC(=O)c1cccc(Nc2ncnc(N3CCC(C(=O)c4ccc(Cl)cc4)CC3)n2)c1,,,0
,CC(=O)Nc1ccc(NC(=O)COC(=O)CCc2nc3ccccc3s2)cc1,,,0
,CCOCC(=O)Nc1c(C(=O)Nc2ccc3c(c2)OCCO3)oc2ccccc12,,,0
,CCN1c2ccccc2-c2nc(SCC(=O)Nc3cc(F)ccc3F)ncc2S1(=O)=O,,,0
,Cc1cnc(N2CCN[C@@H](Cc3ccccc3)C2)nc1Oc1ccc(-n2ccnc2)cc1.Cl,,,0
,COc1cc(C(=O)N2CC(=O)Nc3cc(C(=O)NC4CCCCC4)ccc32)cc(OC)c1OC,,,0
,CCn1ncc2c(NC3CCOCC3)c(-c3nnc(Cc4sc(C)nc4C)o3)cnc21,,,0
,CN(CC(=O)Nc1ccc2c(c1)OCCCO2)CC(=O)Nc1c(Cl)cccc1Cl,,,0
,COc1cccc(Cn2c(=O)c(-c3ccc(Cl)cc3)nc3cnc(N4CCOCC4)nc32)c1,,,0
,COc1cc(-c2cc3ncccc3c(NCc3ccc(=O)[nH]c3)n2)ccc1OC1CCOCC1,,,0
,Cc1ccc(S(=O)(=O)N2CCN(C(=O)c3ccc(COc4ccccc4)o3)CC2)cc1,,,0
,COC(=O)c1coc(CN2CCN(C(=O)CC(c3ccc(F)cc3)c3ccc(Cl)cc3)CC2)n1,,,0
,Cc1cc(C)cc(NC(=O)CCc2c(C)nn(-c3ccc(N4CCCCC4)nn3)c2C)c1,,,0
,COC(=O)c1cc(-c2c[nH]cc2C(=O)OCc2ccccc2)cn1S(=O)(=O)c1ccc(C)cc1,,,0
,CCC(Sc1nnc2c(n1)[nH]c1ccccc12)C(=O)Nc1ccccc1OC,,,0
,COc1cc2cc(NC(C)=O)c(=O)oc2cc1OCC(=O)Nc1ccc(C(C)(C)C)cc1,,,0
,CCOC(=O)c1ccc(NC(=O)Cc2ccc(-n3c(CC)nc4cccnc43)cc2)cc1,,,0
,Cc1nc(-c2cccc([N+](=O)[O-])c2)sc1C(=O)N(CC(=O)O)Cc1nc2ccccc2s1,,,0
,COc1cccc2c1CC[C@H](N1CCCC1)[C@H]2N(C)C(=O)Cc1ccccc1[N+](=O)[O-],,,0
,COc1ccc(Oc2ccc(S(=O)(=O)Nc3ccc(F)cn3)cc2C#N)cc1Cl,,,0
,COc1ccc(/C=C(\NC(=O)c2ccc(Cl)cc2)C(=O)NCc2cccnc2)cc1OC,,,0
,COc1ccc2[nH]cc(CCn3cc(NC(=O)c4ncsc4-c4ccc(OC)nc4)cn3)c2c1,,,0
,COc1ccc(/C=N/NC(=O)c2cccnc2Nc2cccc(C(F)(F)F)c2)c(OC)c1,,,0
,COc1cc(-c2cc(C(=O)NCc3ccco3)c3ccccc3n2)cc(OC)c1OC,,,0
,COc1ccc([C@H]2[C@@H]3CN(C(=O)c4ccc(C)c(NC(=O)c5ccc(NC(C)C)nc5)c4)C[C@@H]32)cc1,,,0
,O=C(/C=C/c1cccnc1)Nc1ccc(S(=O)(=O)c2cccc(C(=O)NC3CCCC3)c2)cc1,,,0
,COC(=O)c1cc2c(NC(=O)CCc3ccccc3)cccc2n(Cc2ccc(OC)cc2)c1=O,,,0
,COc1ccc(N(Cc2cc3ccccc3nc2O)S(=O)(=O)c2ccc(OC)cc2)cc1,,,0
,CC(=O)Nc1cc(Oc2ccc(NC(=O)Cc3ccc(C(F)(F)F)cc3)cc2)ncn1,,,0
,COc1ccc(C2=NOC(Cn3nc(-c4ccccc4)cc3C(=O)NCc3ccco3)C2)cc1,,,0
,CCOC(=O)c1cn(Cc2ccc(Cl)cc2)c(Nc2ccc(OC(C)C)c(F)c2)nc1=O,,,0
,Cc1ccc(-c2noc(-c3ccc(NC(=O)C4CC(=O)N(Cc5cccs5)C4)cc3)n2)cc1,,,0
,CC(C)(C)OC(=O)N1N=NC2C1C1CC(OCc3ccccc3)(OCc3ccccc3)C2O1,,,0
,CC(C)CN(c1ccc(C(=O)O)c(O)c1)S(=O)(=O)c1ccc(Oc2ccccc2)cc1,,,0
,C[C@@H](c1ccc(Cl)cc1)n1nnc2c1NC(=O)C[C@]21C(=O)N(CCCCN(C)C)c2ccc(Cl)cc21,,,0
,CC(C)CN(c1ccc(N(C)C)cc1)S(=O)(=O)c1ccc2c(c1)C(=O)CC(C1CCOCC1)O2,,,0
,COC(=O)c1ccc(C2C(C(=O)c3cccc(OC)c3)=C(O)C(=O)N2CCc2c[nH]c3ccccc23)cc1,,,0
,CC(OC(=O)c1cc(-c2ccccc2)nc2c1cnn2Cc1ccccc1)C(=O)NC(C)(C)C,,,0
,O=C(NCc1cccs1)c1ccc(Nc2nc3ccccc3n(CCN3CCCCC3)c2=O)cc1,,,0
,COc1ccc(NC(=O)c2ccc(NC(=O)CCS(=O)(=O)c3cccs3)cc2)cc1Cl,,,0
,Cc1ccc(CNC(=O)c2cccc(C(C)Oc3cccnc3Nc3nncs3)c2)cc1,,,0
,CCCOCc1cccc(-c2cc(NC(=O)[C@@H]3CNC(=O)C3)nn2-c2ccccc2)c1,,,0
,CCSc1nnc(NC(=O)c2cccc(S(=O)(=O)N(C)c3ccccc3)c2)s1,,,0
,COc1cc([C@H]2Oc3cc(/C=C/CO)cc(OC)c3O[C@@H]2C)cc(OC)c1OC,,,0
,O=C(O)Cc1cnc(C(=O)c2ccc(NC(=O)c3ccc([N+](=O)[O-])cc3)cc2)c2ccccc12,,,0
,COC1CCN(c2nccc(Nc3cc4c(cn3)cc(-c3cn[nH]c3)n4C(C)C)n2)CC1,,,0
,COc1cc2cc(C(=O)N3CCC[C@H]3C=O)c3cc(OC)c(OC)cc3c2cc1OC,,,0
,Cc1cc(N2CCOCC2)nc(NCCCCNc2ccnc3cc(Cl)ccc23)n1,,,0
,O=S(=O)(NCCCCN1CCN(c2nsc3ccccc23)CC1)c1cccc2scnc12,,,0
,COc1ccc(NC(=O)c2cc(OC)c(OC)c(OC)c2Br)cc1OC,,,0
,COc1cccc(CNc2cccn3nc(Nc4cccc(N5CCN(C)CC5)c4)nc23)c1,,,0
,Cc1nnsc1CO/N=C/c1c(C)nn(C)c1Oc1ccc(OC(F)(F)F)cc1,,,0
,COc1cc(-c2ncoc2-c2ccc(OC)c3c2ncn3CCCO)cc(OC)c1OC,,,0
,COc1cc2cc(C(c3nnnn3Cc3ccc(F)cc3)N3CCCCCC3)c(O)nc2cc1OC,,,0
,CCC(C)c1ccccc1OCC(=O)Nc1ccc(S(=O)(=O)Nc2cc(C)on2)cc1,,,0
,O=C(Nc1ccc([N+](=O)[O-])cc1Cl)c1cc(Cl)ccc1OCCN1CCOCC1,,,0
,COc1cc2c(NC3CCN(C)CC3)cc(-c3ccn(C)n3)nc2cc1OCCCN1CCCC1,,,0
,CC(=O)OCCC[C@H](C)C1=C(C)C[C@H]2OC(=O)[C@]3(CC(c4ccccc4)=NO3)[C@H]2[C@@H]1OC(C)=O,,,0
,Cc1cc(C)cc(NC(=O)CSc2nnc(-c3ccc(S(=O)(=O)N4CCCC4)cc3)o2)c1,,,0
,CCOc1ccc(-c2nn(C)c(OCc3ccccc3/C(=N\OC)C(=O)OC)c2C)cc1,,,0
,COc1ccc(OC)c(-n2nnc(C(=O)Nc3cc(C(C)(C)C)ccc3OCCN(C)C)c2C)c1,,,0
,CCN(CC)S(=O)(=O)c1ccc2nc(O)cc(C(=O)Nc3ccccc3N3CCCC3)c2c1,,,0
,CCOC(=O)c1cc(C(=O)Nc2c(C)cc(Cl)cc2C(=O)NC2CC2)n(-c2ncccc2Cl)n1,,,0
,CC(C)Oc1ccccc1N1CCN([C@H]2CC[C@H](NS(=O)(=O)c3ccccc3[N+](=O)[O-])CC2)CC1,,,0
,Cc1ccccc1NC(=O)Cc1csc(N/N=C2\NC(=O)/C(=C/c3cccc([N+](=O)[O-])c3)S2)n1,,,0
,COc1ccc(-c2oc3ncn(CCN4CCOCC4)c(=N)c3c2-c2ccc(OC)cc2)cc1,,,0
,O=C(CNC(=O)Cc1ccccc1)N=Nc1c(O)n(Cc2ccc3c(c2)OCO3)c2ccccc12,,,0
,CN(C)CC(C)(C)CNC(=O)c1cnn(-c2ncc3c(n2)-c2ccccc2CC3)c1-c1ccco1,,,0
,CCCOc1ccccc1N=C(NC(=O)COc1ccc(OC)cc1)Nc1nc(C)cc(C)n1,,,0
,CCN(CC)CCOc1ccc(Nc2ncc3cc(-c4ccc(O)cc4)c(=O)n(C)c3n2)cc1,,,0
,CCNC(=O)c1cc(Oc2ccc(NC(=O)c3nn(-c4ccccc4C)c(=O)cc3C)cc2)ccn1,,,0
,COc1ccc2ncc(C#N)c(CCN3C4CCC3CC(NCc3ccc5c(n3)NC(=O)CS5)C4)c2c1,,,0
,CSc1nccc(N[C@@H](Cc2ccc(NC(=O)c3c(Cl)cncc3Cl)cc2)C(=O)O)n1,,,0
,COc1cc(/C=N/NC(=O)c2ccc(O)c(Cl)c2)cc(OC)c1OCc1ccc(NC(C)=O)cc1,,,0
,N#CCSc1nnc(Cc2c(NC(=O)CCl)sc3c2CCCC3)n1NC(=O)c1ccc(Cl)cc1,,,0
,CN(C)CCN(Cc1ccccc1)S(=O)(=O)c1ccc(NC(=O)N2CCN(c3cccc(Cl)c3)CC2)cc1,,,0
,CN1CCN(C(=O)c2cc3cc(Nc4nccc(-c5cc(OCC(F)F)ccn5)n4)ccc3[nH]2)CC1,,,0
,Cc1ccc(C(=O)Nc2cnn(-c3ccc(C(=O)NCc4nnc(-c5ccccc5)[nH]4)cc3)c2)c(C)c1,,,0
,COc1ccc(Cl)cc1S(=O)(=O)c1nn(CCC(=O)O)c2ccc(C(=O)Nc3ccccc3)cc12,,,0
,CCOC(=O)CN1CCC[C@H](Nc2ncnc3ccc(-c4cnc(OC)c(C(F)(F)F)c4)cc23)C1,,,0
,Cc1ccc(N2C(=O)[C@@H](NC(=O)C(=O)NCCCNc3ccnc4cc(Cl)ccc34)[C@H]2/C=C/c2ccccc2)cc1,,,0
,Cc1noc(-c2ccc(CCN3CCC(Nc4nc5cc(C(=O)O)ccc5n4C)CC3)cc2)n1,,,0
,CCN1CCCC1CN(Cc1cc2cc(OC)ccc2nc1O)C(=O)NCc1ccccc1,,,0
,CCN(CC)S(=O)(=O)c1ccc(Cl)c(C(=O)Nc2ccc(Cl)cc2[N+](=O)[O-])c1,,,0
,CC(C)Cc1c(-c2ccc(OCc3ccccc3)cc2)[nH]c2cc(C(=O)O)nn2c1=O,,,0
,C=CCCn1cc(-c2cc(OC(F)F)cc(C(=O)N3CCOCC3)c2)c2cc[nH]c2c1=O,,,0
,O=C(OCCn1c([N+](=O)[O-])cnc1/C=C\c1ccccc1Cl)c1cccc2c1OCCO2,,,0
,COCCCOc1cc2c(cc1OC(C)(C)C)-c1cc(=O)c(C(=O)O)cn1N1[C@@H]2CCC1(C)C,,,0
,Cc1nn(C)c(C)c1NS(=O)(=O)c1ccc(NC(C)c2ccccc2)nc1,,,0
,COc1cnc(Cl)cc1-c1cc(C)ncc1C(=O)Nc1nnc(OCC(C)(C)C#N)s1,,,0
,CCc1cccc(C)c1NC(=O)Cn1nc2ccc(SCc3ccc(Cl)cc3)nn2c1=O,,,0
,COc1ccc(/C(=C\c2cnn(-c3ccccc3)c2)C(=O)N/N=C/c2ccc([N+](=O)[O-])cc2)cc1,,,0
,O=C(O)/C(=C\c1ccc(Cl)c([N+](=O)[O-])c1)c1ccc(S(=O)(=O)N2CCCCC2)s1,,,0
,Cc1noc(NS(=O)(=O)c2ccc(N/C=C\C(=O)c3ccccc3)cc2)c1C,,,0
,COC(=O)c1c(F)cccc1-c1ccc(CNc2ccc(C(=O)N3CCN(C)CC3)cn2)c(F)c1,,,0
,C[C@H](Nc1nc(Cl)cc(N2C(=O)OCC2[C@@H](C)O)n1)c1ccc(C(C)(F)F)cc1F,,,0
,COc1cccc(OCC(=O)N(Cc2nc(-c3ccc(Cl)cc3)no2)C(C)C)c1,,,0
,FC(F)(F)c1ccc(OCc2cc(OC[C@@H]3CCCN3)no2)cc1.O=C(O)C(F)(F)F,,,0
,CNc1nc2cnc(Nc3cccc(C)c3)cc2n1Cc1ccc(OC)c(OC)c1,,,0
,CCCCOc1cc(C2(c3cccc(-c4cccnc4)c3)N=C(N)N(C)C2=O)ccc1OC,,,0
,CC(C)COC(=O)N1CCC(C(=O)NC(c2ccc(Cl)cc2)c2cnccn2)CC1,,,0
,COc1ccc(-c2nc(SC)ncc2C(=O)Nc2c(Cl)cncc2Cl)cc1OC,,,0
,CCCc1cccc(-c2cc(NC(=O)[C@@H]3CNC(=O)N3CC(F)(F)F)nn2-c2ccccc2)c1,,,0
,CN(C)CCCN(C(=O)COc1ccc(Cl)cc1)c1nc2cc3c(cc2s1)OCCO3.Cl,,,0
,CCC(C1=C(O)OC2CCCC2C1=O)c1cccc(NS(=O)(=O)c2ccc(C#N)cc2)c1,,,0
,O=C(COc1ccccc1)Nc1cncc(-c2cncc(Nc3cccc(Cl)c3)n2)c1,,,0
,COc1cc2c(OC)cc3c(c2cc1OC)N(C)[C@@H](CC(C)=O)c1c2c(cc(OC)c1-3)OCO2,,,0
,COc1ccc(S(=O)(=O)Nc2cccc(-c3ccc4nc(NC(C)=O)sc4c3)c2)cc1,,,0
,CCOP(=O)(Cn1cc(CN2C(=O)c3cccc4c(Br)ccc(c34)C2=O)nn1)OCC,,,0
,O=C1NC(=O)/C(=C\c2ccc(OCC(=O)N3N=C(c4ccccc4)CC3c3ccc(F)cc3)cc2)S1,,,0
,CCSc1ccc(-c2cnc(-c3nnc(C)n3-c3ccc(OC)nc3)cn2)c(C)c1,,,0
,CCNC(=O)c1ncc2c(Nc3c(C)cccc3Cl)nc3c(OC)c(OC)ccc3n12,,,0
,Cc1ccc(NC(=O)c2cnn(C)c2)cc1-c1ccc2cc(NC(=O)C3CC3)ncc2c1,,,0
,CC1=NC(C)=C([N+](=O)[O-])C(c2cccc(C)n2)/C1=C(/O)OCCc1ccccc1,,,0
,Cc1onc(NS(=O)(=O)c2ccc(NC(=O)c3ccc(Cl)cc3Cl)cc2)c1C,,,0
,CCc1ccc(NC(=O)Cn2ncc3c(C)n(Cc4cccc(Cl)c4)c(C)c3c2=O)cc1,,,0
,CCOc1nc(-c2cccc(F)c2)n(-c2ccc(NC(=O)Cc3ccccc3)cc2)n1,,,0
,O=C(CCCOc1ccc(Cl)cc1Cl)N1CCN(c2ccc([N+](=O)[O-])cc2)CC1,,,0
,Cc1noc(NS(=O)(=O)c2cccc3c(N(C)C)cccc23)c1-c1ccccc1,,,0
,Cc1ccccc1Cc1c(C)nc2nc(SCC(=O)N(C)c3ccccc3)nn2c1C,,,0
,Cc1cccc(Cl)c1Nc1nc2ccc(N(C)CCN(C)C)nc2n2cncc12,,,0
,COc1ccn2c(Cc3ccc(Cl)cc3)cc(C(=O)C(=O)Nc3cccnc3)c2c1,,,0
,CCOc1ccccc1NC(=O)CCC(=O)Nc1nnc(C2CCCCC2)s1,,,0
,COc1ccc(NC(=O)CSc2nc(-c3cccs3)cc(C(F)(F)F)n2)c(OC)c1,,,0
,O=C(Nc1nnc(Cc2ccccc2)s1)c1ccc(O[C@H]2CC[C@H](C(=O)O)CC2)cc1,,,0
,COc1ccc(C)cc1-c1cc(Cl)cc(C(CC(=O)O)c2nnc(C)o2)c1,,,0
,CO[C@@H](C)CC(=O)N[C@H]1CC[C@H](CCN2CCC(c3noc4cc(Cl)ccc34)CC2)CC1,,,0
,COCc1ccccc1C1C(C(=O)CC(C)C)C(=O)C(=O)N1c1ccc(-c2cscn2)cc1,,,0
,CC(C)Oc1cc(N2CCC(Oc3ccc([C@H](C)NC(=O)c4ccoc4)cc3)C2)ccn1,,,0
,COc1ccc(-c2cc(C(F)(F)F)nc(NCc3ccco3)n2)cc1OC,,,0
,C=CCOc1c(OC)cc(C2C(C#N)=C(N)Oc3c2ccc2ccccc32)cc1OC,,,0
,CCOC(=O)c1c(NC(=O)Cc2ccc([N+](=O)[O-])cc2)sc2c1CCCC2,,,0
,Cc1ccc(NS(=O)(=O)c2cc(C(=O)Nc3cccc([N+](=O)[O-])c3)ccc2C)cc1,,,0
,Cn1nccc1-c1cc(NC(=O)Nc2ccc(Cl)cc2)ccc1OCCN1CCOCC1,,,0
,COc1cc([C@H]2CC[C@H](c3cc(OC)c(OC)c(OC)c3)O2)cc(OC)c1OC,,,0
,O=C(O)CCNc1nc2ccccc2n(C2CCN(C3CCCCCCC3)CC2)c1=O,,,0
,O=C(N/N=C/c1ccc([N+](=O)[O-])o1)c1cn(-c2ccccc2)nc1-c1ccc(Cl)cc1,,,0
,COC(=O)c1oc2ccccc2c1NC(=O)CSc1ccc([N+](=O)[O-])cc1,,,0
,COc1ccccc1CNc1c(C#N)cc(-c2ccc(CN(C)C)cc2)c2nncn12,,,0
,Cc1cc(NS(=O)(=O)c2ccc(NC(=O)COc3ccc(Cl)cc3Cl)cc2)no1,,,0
,CCCCC(NC(=O)Cc1c(C)c2cc3c(C)c(C)oc3c(C)c2oc1=O)C(=O)O,,,0
,CC(C)(COc1cnc(-c2ccc(-c3ncc(C(C)(C)C(F)(F)F)[nH]3)cc2)cn1)C(=O)O,,,0
,COc1c2ccoc2c(OC/C=C(/C)COC(=O)CC(C)C)c2oc(=O)ccc12,,,0
,CCOC(=O)c1cc(-c2ccccc2C)n(CC2CC(c3ccc(OC)cc3)=NO2)n1,,,0
,Cc1ccc(-c2nnc(SCC(=O)c3ccc(O)c(O)c3)n2Cc2ccco2)cc1,,,0
,CCn1cc(-c2ccc3c(c2)ncn3-c2cc(OC)c(C(=O)NCC(F)(F)F)c(OC)c2)cn1,,,0
,CSc1nnc2c3ccccc3c(OCc3cccc(CNCCc4ccccc4)n3)nn12,,,0
,COCCn1cnc2ccc(NC(=O)Nc3cccc(C(C)=O)c3)c(-c3ccc(F)cc3)c2c1=O,,,0
,CCCOc1ccn2c(C(C)=O)cc(-c3nc4cnccn4c3NCc3ccc(C#N)cc3)c2c1,,,0
,CN(C)[C@H]1CC[C@H](Nc2cc(-c3cccc(NCC4(C#N)CCOCC4)n3)c(Cl)cn2)CC1,,,0
,CCOc1cc2c(N3CCN(c4ccc(OC)cc4)CC3)nc(-c3ccccc3)nc2cc1OC,,,0
,O=C(O)COc1cccc2c1CC[C@H](COC(=O)N(c1ccccc1)c1ccccc1)[C@H]2O,,,0
,CCNC(=O)OCc1c(COC(=O)NCC)c2c3cc4ccccc4cc3c(N(C)C)nn2c1C,,,0
,Cc1ncc([N+](=O)[O-])n1CCOc1ccc(C(=O)/C=C/c2ccc(F)c(F)c2)cc1,,,0
,CCCc1ncc(Cc2cnc3ccc(OCC(N)=O)cc3c2)c2cc(OC)c(OC)cc12,,,0
,CCOc1cc(-c2nncn2C)ccc1Nc1cc2cc(-c3cnn(CC4(O)CCC4)c3)ccc2cn1,,,0
,COc1ccc(-n2c(SCC(=O)Nc3ccc([N+](=O)[O-])cc3OC)nc3ccccc32)cc1,,,0
,CCn1nc(C)c(-c2ccccc2Oc2ccc(S(=O)(=O)Nc3ncns3)cc2C#N)c1C,,,0
,COc1ccc(C2c3ccc4ccccc4c3Oc3ncn(CCCn4ccnc4)c(=N)c32)cc1OC,,,0
,COc1cc2nccc(Oc3ccc(NC(=O)Cc4cnn(C(C)C)c4)cc3)c2cc1OC,,,0
,CCCC(=O)CC1C(C(=O)OCC)=C(N)Oc2ccc(-c3cc(OC)cc(OC)c3)cc21,,,0
,Cc1ccccc1NC(=O)Cn1cnc2c(C(N)=O)nsc2c1=O,,,0
,CC(C)CSc1cccc(OS(C)(=O)=O)n1,,,0
,COc1ccccc1/C(Cl)=C(/NC(=O)c1ccccc1)C(=O)N1CCOCC1,,,0
,Cc1nc(N)nc(N)c1CCCOc1cccc(Cl)c1,,,0
,COc1ccc([N+](=O)[O-])cc1N(CC(O)CN(CC(C)C)CC(C)C)S(=O)(=O)c1ccc(C)cc1.Cl,,,0
,O=c1cc(-c2cccs2)oc2ccccc12,,,0
,CCn1c(=O)c(N2CCN(C(=O)Nc3ccc(OC)cc3OC)CC2)nc2cccnc21,,,0
,N[C@@H](Cc1ccccc1)C(=O)N1CCOC2CCCCC21,,,0
,CC(C)=CCC1(CO)CCCN(CCC(N)=O)C1,,,0
,Nc1nc(Cl)c(N)c(Cl)n1,,,0
,CCCCCCOc1c(OC)c(OC)cc2oc(-c3ccc(O)c(O)c3)c(OC)c(=O)c12,,,0
,O=C(CCCCCN1C(=O)c2ccccc2N(Cc2ccccc2)C(=O)[C@@H]1Cc1ccccc1)NO,,,0
,O=C(CC1CCCC1)Nc1nnc(CCCCc2nnc(NC(=O)CC3CCCC3)s2)s1,,,0
,CCOc1ccc(C(=O)Nc2ccc(OCc3ccccn3)c(Cl)c2)cc1NC(=O)/C=C/CN(C)C,,,0
,CCN(CC)CCCNc1ccc(-c2nnc(-c3ccc(OCC(C)C)cc3)o2)cn1,,,0
,COc1ccc(-c2oc3ccccc3c(=O)c2OCCCCCCCN2CCN(C)CC2)cc1OC,,,0
,COCCn1c(C)cc(C(=O)COc2ccc(N(C)S(=O)(=O)c3ccc(C)cc3)cc2)c1C,,,0
,O=C(O)CCCCCNC(=O)[C@H](c1ccc(CN2N=C(c3ccccc3)OCC2=O)cc1)C1CCCC1,,,0
,CN(C)C(=O)c1cc2cnc(Nc3ccc(C(=O)NCCCCN=C=S)cc3)nc2n1C1CCCC1,,,0
,COCCOc1cc(C)c(-c2cccc(COc3ccc(S(=O)(=O)CC(=O)O)cc3)c2)c(C)c1,,,0
,O=[N+]([O-])c1ccc([C@@H]2C[C@@H](OO)N[P@](=O)(N(CCCl)CCCl)O2)cc1,,,0
,CCN(Cc1ccccn1)C(=O)N[C@H]1CCN(Cc2cc(OC)cc(OC)c2)C1,,,0
,CCCn1ccc2c(OCC(=O)Nc3ccccc3C(=O)OCC)cccc2c1=O,,,0
,C[C@H](NP(=O)(Oc1ccccc1)OC1C[C@H](CO)[C@@H](O)C1)C(=O)OC(C)(C)C,,,0
,CN(C)CC(C)(C)CNC(=O)[C@@H]1CCCN1c1nccc(Nc2ccccc2)n1,,,0
,COc1ccc(-c2nc(CS(=O)(=O)CC(=O)NCCCc3ccccc3)c(C)o2)cc1,,,0
,Clc1ccc(CN(CCn2ccnc2)CCn2ccnc2)c(Cl)c1.O=[N+]([O-])O,,,0
,CC(C)C[C@H](N[C@@H](Cc1cncn1Cc1cc(Cl)cc(Cl)c1)C(=O)O)C(=O)O,,,0
,O=C(NCCc1ccccn1)c1csc(CCNCc2nc3ccccc3[nH]2)n1,,,0
,COc1ccc(NC(=O)c2cc(=O)c3cc(/C=C/C(=O)OCCN(C)C)ccc3o2)cc1,,,0
,COCCOC(=O)CCCN1C(=O)NC(c2ccc(Cl)cc2Cl)C(C(=O)OCc2ccccc2)=C1C,,,0
,CCC(=O)N(CCN(C)C)Cc1ccc(C(=O)Nc2ccc(C)c(Nc3nccc(-c4cccnc4)n3)c2)cc1,,,0
,COc1ccc(OC(c2ccccc2)(c2ccccc2)C(Oc2nc(C)cc(C)n2)C(=O)O)cc1OC,,,0
,O=C(CCCCCCn1cc(Nc2ncc3ccn(-c4ccc(Cl)cc4)c3n2)cn1)NO,,,0
,CCS(=O)(=O)c1ccc(CNC(=O)c2ccc(CCN3CCOc4ccc(CC(C)C)cc43)cc2)nc1,,,0
,CCC(=O)CCCCC[C@H](NC(=O)[C@H]1CC12CCN(C)CC2)c1ncc(-c2ccc3c(=O)n(C)ccc3c2)[nH]1,,,0
,CCOC(=O)/C=C/C(C(=O)/C=C/c1ccc(OC)c(OC)c1)=C(O)\C=C\c1ccc(OC)c(OC)c1,,,0
,COc1cc2c(Nc3ccc(NC(=O)c4ccc(C)cc4)cc3)ncnc2cc1OCCCN1CCN(C)CC1,,,0
,CCCS(=O)(=O)N(C)CCOc1ccc2c(c1)C(Cc1ccc(Cl)cc1)C(NC(=O)OCC)CC2,,,0
,O=C(O)C(=O)O.c1ccc(CCCN2C3CCC2CN(CCOC(c2ccccc2)c2ccccc2)C3)cc1,,,0
,C=CCn1c(SCC(=O)NCc2ccco2)nnc1-c1cccc(N(C)C)c1,,,0
,CCCCOc1cc(C(=O)Nc2ccccc2C(=O)O)nn1-c1ccccc1,,,0
,COc1cccc(CNc2ncc(C(=O)Nc3cc(OC)c(OC)c(OC)c3)c(C)n2)c1,,,0
,Cc1nn(-c2ccccc2)c(Cl)c1C(=O)NC(Cn1ccnc1)C(=O)OCC(C)C,,,0
,COc1cc(NC(=O)CSc2nnc(NC(C)C)s2)cc(OC)c1OC,,,0
,Fc1cccc(COc2nc3cc4c(cc3cc2CNCCn2ccnc2)OCO4)c1,,,0
,C[C@H](NC(=O)N(C)C)c1ccc(OC2CCN(c3ccnc(OCC(F)F)c3F)C2)cc1,,,0
,CCCCCn1nc(-c2ccccc2)n(CC(=O)NNC(=S)Nc2ccc(F)cc2)c1=O,,,0
,CCOC(=O)c1[nH]c(C)c(CN(CCc2ccccc2)C(=O)CCC(=O)O)c1C,,,0
,CC(CNC(=O)c1ccc(OC2CCN(Cc3ccccn3)CC2)cc1)Oc1cccnc1,,,0
,COCCCn1c(CSc2nc(C)cc(C)n2)nnc1SCC(=O)Nc1ccc(C(C)C)cc1,,,0
,COc1ccccc1CC(=O)NC(Cc1c[nH]c2ccccc12)CN(Cc1ccccc1OC)C(C)=O,,,0
,COc1cccc(-c2cc(C(=O)Nc3cc4ccc(OCCCN(C)C)c(OC)c4oc3=O)ccc2OC)c1,,,0
,C#CCN(Cc1ccc2nc(Cl)cc(Cl)c2c1)c1ccc(C(=O)N[C@@H](CCC(=O)O)C(=O)O)c(F)c1,,,0
,COc1ccc(OC)c(NC(=O)CN(c2ccccc2OC)S(=O)(=O)c2ccc(SC)cc2)c1,,,0
,CCCOCCNC(=O)c1ccccc1Nc1ccc2c(/C=C/c3ccccn3)n[nH]c2c1,,,0
,COC[C@@H](C)N[C@H]1CC[C@H](Nc2cc(-c3nc(NCC4CCOCC4)ccc3F)c(Cl)cn2)CC1,,,0
,C=CC(=O)Nc1cc2c(Nc3ccc(F)c(Cl)c3)ncnc2cc1OCCOCCCCO,,,0
,O=C(O)c1cc(Oc2cccc(CCNC[C@H](O)c3cccc(Cl)c3)c2)ccc1N1CCCC1=O,,,0
,CN(Cc1ccccc1)c1ccc(C(CC(N)=O)NC(=O)Cc2cccc3ccccc23)cc1[N+](=O)[O-],,,0
,CCCCCCCCCCOc1ccc2c(c1)Nc1nc(=O)n([C@H]3C[C@H](O)[C@@H](CO)O3)cc1O2,,,0
,Nc1ccc2cc(OCCCCCn3cc(COc4ccc5nc(N)ccc5c4)nn3)ccc2n1,,,0
,CCOc1cccc(-c2cccc(C(=O)NCNC(=O)[C@H](CC3CCCC3)CN(O)C=O)c2)c1,,,0
,CC(C)C[C@H](N)C(=O)NS(=O)(=O)c1cccc(NC(=O)COc2ccc(-c3ccccc3)cc2)c1,,,0
,CCOc1cc(NC(=O)c2cccs2)c(OCC)cc1N=C(S)NCCOC,,,0
,COC(=O)/C=C/[C@H](CCc1ccccc1)NC(=O)[C@H](CC(C)C)NC(=O)OCc1ccccc1,,,0
,COc1ccc(C(=O)NCC(c2ccco2)N(C)C)cc1S(=O)(=O)NCc1ccc(Cl)cc1,,,0
,O=C(NCCCNc1nc(Nc2cnn(C3CCC3)c2)ncc1C1CC1)C1CCC1,,,0
,COc1cc(NC(=S)NCCCn2cncc2C)ccc1OCCC1CCN(C)CC1,,,0
,C[C@@H](Nc1ccc([N+](=O)[O-])c(/C=C/CCNC(=S)NCCC(=O)O)c1)c1ccccc1,,,0
,CCOc1cc(CNC(=O)CN2CCSc3ccccc32)cc(OCC)c1OCC,,,0
,C=CCn1c(CSc2nc3ccccc3s2)nnc1SCC(=O)NCc1ccco1,,,0
,CC(=O)NC1CCN(Cc2ccc(OCCCc3ccc(Oc4ccccc4)nn3)cc2)CC1,,,0
,CCCCn1c2ccccc2c2cc(C(=O)N[C@@H](CCSC)C(=O)OCC)ncc21,,,0
,COc1cc(OC)c(OC)cc1/C=C/C(=O)/C=C(O)/C=C/c1ccc(OC)c(OC)c1,,,0
,CCc1c(COc2ccc(C(=O)CC(C)(C)CC(=O)O)cc2)ccc(C(C)=O)c1O,,,0
,CCN(CC)CCCNC(=O)c1ccc(-c2nc(CS(=O)(=O)c3ccccc3)c(C)o2)cc1,,,0
,CCCCCCNC(=O)c1cc(NCc2cc(OC)ccc2OC)ccc1O,,,0
,CCC(=O)CCCCC[C@H](NC(=O)C1CN(C)C1)c1ncc(-c2cc3ccccc3nc2OC)o1,,,0
,Cc1cc(OCC(=O)N(C)C)cc(C)c1-c1cccc(COc2ccc(OCC(=O)O)c(F)c2)c1,,,0
,CC1(C)CCC(c2ccc(OCCCOc3ccc4c(c3)O[C@@](C)(C(=O)O)CC4)c(Cl)c2)CC1,,,0
,CCCN(CCC)C(=O)Oc1c(OC)cc(-c2nc(-c3ccccc3)c(-c3cccs3)[nH]2)cc1OC,,,0
,CCCCCCc1c(O)c(Cl)cc2c1OC1(C2=O)C(Cl)=C(Cl)C(=O)N1CCc1ccccc1,,,0
,C[C@H](NC(=O)C(c1cccnc1)N(C(=O)c1ccco1)c1ccc(-c2ccco2)cc1)c1ccccc1,,,0
,COc1cccc(-c2c(C)n(Cc3ccccc3F)c3nc(C(C)(C)C)c(CNCC4CCCC4)n3c2=O)c1,,,0
,COc1cc(/C=C/C(O)=C/C(=O)/C=C/c2ccc(O[Si](C)(C)C(C)(C)C)c(OC)c2)ccc1O,,,0
,O=C(CC1CCN(Cc2ccn(-c3ccc(C(F)(F)F)cc3)c2)CC1)NC(c1ccc(F)cc1)c1cccnc1,,,0
,Cc1cc(OCc2nc(-c3cccnc3)c(-c3ccc(-c4ccccc4)cc3)o2)ccc1OCC(=O)O,,,0
,O=C(NCc1ccccc1)/C(=C/c1ccc(Oc2ccccc2Br)cc1)NC(=O)c1ccccc1,,,0
,CCCCN(c1cccc(-c2ccc(Cl)cc2)c1Cl)S(=O)(=O)c1ccc(OC(C)C(=O)O)c(C)c1C,,,0
,CCCc1ccc(C(=O)Nc2ccccc2-c2nnn(-c3ccc(OC(=O)c4ccc(CCC)cc4)cc3)n2)cc1,,,0
,CCCCCCOc1ccc(NS(=O)(=O)c2ccc3c(c2)CCN(Cc2cnc(C(C)(C)C)s2)C3)c(F)c1,,,0
,COc1cccc(-c2cc(NC(=O)Nc3ccc(N(CCCl)CCCl)cc3)c3cc4c(cc3n2)OCO4)c1,,,0
,C=CC(=O)Nc1ccc(NC2CCCC(Nc3ncc(SCc4ncc(C(C)(C)C)o4)s3)C2)cc1,,,0
,O=C(Cn1c(CSc2ccccc2)nc2ccccc21)NN=Cc1cn(Cc2ccccc2)c2ccccc12,,,0
,CO[C@@H]1C[C@@](CCN(C)CCCc2nc3ccccc3[nH]2)(OC(=O)C(C)C)[C@@H](C(C)C)c2ccc(F)cc21,,,0
,COc1cc2c(cc1OCCCCC(=O)Nc1ccc(-c3nc4ccccc4s3)cc1)N=C[C@@H]1CCCN1C2=O,,,0
,COc1cc(CN2CCN(CCCSc3cc(C(C)(C)C)c(O)c(C(C)(C)C)c3)CC2)cc(OC)c1OC,,,0
,CCn1nc(Cc2ccccc2)cc1C1CCN(C[C@H]2C[C@H](N(C)[C@@H](C(=O)O)C(C)C)C[C@@H]2c2cccc(F)c2)CC1,,,0
,COc1cccc(/C=C/C(=O)c2cccc(Nc3nc(-c4ccc(OC)c(OC)c4)nc4ccccc34)c2)c1,,,0
,O=C(O)CN1C(=O)/C(=C/c2ccc(OCCc3ccc(C(F)(F)F)cc3)c(OCc3ccccc3)c2)SC1=S,,,0
,CC(C)C[C@H](NC(=O)Cn1ccc2cc(N(Cc3ccnc4ccccc34)Cc3ccnc4ccccc34)ccc21)C(=O)O,,,0
,CC(C)[C@@H]1CNC(=N)N1C[C@@H]1CCCN1[C@@H](CC1CCCCC1)N1C[C@@H](C(C)C)N(CC23CC4CC(CC(C4)C2)C3)C1=N,,,0
,O=C(O)[C@@H](Cc1ccccc1)Oc1ccc(-c2ccc(-c3nc4cccnc4n3Cc3ccccc3)cc2)cc1,,,0
,COc1cc(NC(C(=O)c2c[nH]c3c(C)cc(OC(F)(F)F)cc23)c2ccc(Cl)cc2OC)cc(S(C)(=O)=O)c1,,,0
,CCCCCN1CCCN(Cc2cccc(NC(=O)c3ccc(-c4ccccc4)cc3)c2)CC1.O=C(O)C(F)(F)F,,,0
,CCc1cc(-c2ccccc2)c(O)cc1OCCCOc1ccc2c(=O)c3ccccc3oc2c1CCC(=O)O,,,0
,O=C(NC(c1ccc(-c2ccccc2)cc1)c1cnccn1)C1CCN(CCOc2ccc(Cl)cc2Cl)CC1,,,0
,COc1c(OC(=O)C(C)C)cc2oc3cc(OC(=O)C(C)C)c(CC=C(C)C)c(O)c3c(=O)c2c1CC=C(C)C,,,0
,CC(=O)OCC(C)(C)NC(=O)N(CCC1CCN(Cc2ccc(C)cc2)CC1)Cc1ccc(-c2cccc(C#N)c2)cc1,,,0
,CCCOc1ccc(/C=C/C(=O)Nc2ccc(NC(=O)Cc3ccccc3C)c(C(=O)c3ccccc3)c2)cc1,,,0
,O=C(CCNCCCNc1c2c(nc3ccccc13)CCCC2)Nc1ccc2c(c1)C(=O)c1cccc3ccnc-2c13,,,0
,COc1cc(-c2ccc3ncc(C(=O)C4CC4)c(N[C@H]4CC[C@H](CN5CCC(OC)C5)CC4)c3c2)cc(Cl)c1O,,,0
,Cc1cc(C)nc(OC(C(=O)O)C(OCc2ccccc2)(c2ccc(C(F)(F)F)cc2)c2cccc(C(F)(F)F)c2)n1,,,0
,CC[C@H](C)NCCC(=O)Nc1sc2c(c1-c1nc3cc(-c4ccncc4)ccc3s1)CCN(C1CCC1)C2,,,0
,O=C(O)CC1CCC(c2ccc(NC(=O)CCNC(=O)c3ccc(-c4ccccc4Cl)cc3)cc2)CC1,,,0
,O=C(N/N=C/c1ccc(OCCNCc2ccc(Cl)c(Cl)c2)c2ccccc12)c1ccc(O)c(Cl)c1,,,0
,CC(=O)c1ccc(Nc2nc3ccc(C(=O)N(CCC(C)C)CCC(C)C)cc3n2C2CCN(C)CC2)cc1,,,0
,Cc1cc(C(=O)O)ccc1CN1CCC[C@H](O[C@H](CS(C)(=O)=O)c2cc(Cl)cc(Cl)c2)[C@@H]1c1ccccc1,,,0
,COc1ccc(F)c(-c2ncc(COc3cccc([C@@H](CC(=O)O)C4CC4)c3)nc2-c2cc(C)cc(C)c2)c1,,,0
,C=C(c1ccc(Oc2cccc3c(OCCOC(=O)CCC(=O)O)cccc23)cc1)C1COC2(CCCCC2)OO1,,,0
,CCNC(CS(C)(=O)=O)c1ccc(-c2ccc3ncnc(Nc4ccc(OCc5cccc(F)c5)c(Cl)c4)c3c2)o1,,,0
,CCOc1cc2ncc(C#N)c(Nc3ccc(O[C@H](C)c4ccccc4)c(Cl)c3)c2cc1NC(=O)/C=C/CN(C)C,,,0
,O=C(O)CCNC(=O)c1ccc(CN(c2ccc3c(c2)CCC3)c2nc(-c3ccc(OC(F)(F)F)cc3)cs2)cc1,,,0
,CCCCOC(=O)NS(=O)(=O)c1sc(CC(C)C)cc1-c1cccc(C(=O)Cn2c(CC)nc3ccccc32)c1,,,0
,COc1cccc(Oc2nc(N[C@H](CO)Cc3ccccc3)c3ncn(Cc4ccc(-c5ccccc5)cc4)c3n2)c1,,,0
,CCOc1cc2ncc(C#N)c(Nc3ccc(O[C@@H]4CCc5ccccc54)c(Cl)c3)c2cc1NC(=O)/C=C/CN(C)C,,,0
,O=[N+]([O-])c1ccc(Oc2cccc(N(Cc3cccc(OC(F)(F)C(F)F)c3)CC(O)C(F)(F)F)c2)cc1,,,0
,COc1ccc(OC)c(CC(=O)N(C)CCCn2c(-c3ccccc3)cc(C(=O)Nc3cccc(C(F)(F)F)c3)c2C)c1,,,0
,CCC(CC)C(=O)N(C(=O)C(CC)CC)c1c(C(N)=O)nnn1Cc1cc(Cl)c(C(=O)c2ccc(Cl)cc2)c(Cl)c1,,,0
,CC(=O)c1cc2c(C)c3c(c(C)c2oc1=O)CC[C@@](C)(CC/C=C(\C)CC/C=C(\C)CCC=C(CO)CO)O3,,,0
,COC(=O)[C@H](Cc1ccc(OCCOc2cccc3[nH]c4ccccc4c23)cc1)NC1=C(C(=O)c2ccccc2)CCCC1,,,0
,CCCCCCCC(=O)Nc1cc(C(=O)NCCC)ccc1N1CCC2(CC1)CC(c1cccc(Br)c1)=NO2,,,0
,Cc1cccc(N2CCN(Cc3cn([C@@H](Cc4ccccc4)[C@H](Cc4ccccc4)NC(=O)OC4CCCC4)nn3)CC2C)c1,,,0
,CCOc1cc(NC(=O)Nc2ccccc2C)ccc1-c1cccn(Cc2ccc([C@H](C)CC(=O)O)cc2)c1=O,,,0
,COc1ccc(/C=C/C[C@@H]2C[C@H]([C@H](O)c3ccc(OC)c(OC)c3)CO[C@H]2c2ccc(OC)c(OC)c2)cc1OC,,,0
,CCNc1ccc2sc(C(=O)NCc3cccc(NC(=O)c4cccs4)c3)c(OCc3ccccc3)c2c1,,,0
,CCCCOc1ccc(Cl)c(C(=O)Nc2cc(C(=O)Nc3cccc(Cl)c3C)c3nc(COC)[nH]c3c2)c1,,,0
,CCCCC(=O)Nc1ncc(Oc2cc(I)c(OC)cc2C(C)C)c(NC(=O)CCCC)n1,,,0
,CCN(CC)CCCNc1cc2nc(/C=C/c3ccc(C(C)C)cc3)n(CC3CCOCC3)c(=O)c2cc1F,,,0
,O=C(O)[C@@H](C1CCCCC1)N1C[C@H](CN2CCC(CCCn3cnc4ccccc43)CC2)[C@@H](c2ccccc2)C1,,,0
,CC(C)(C)C1CCC(CN2C(=N)N(CCCC[C@H]3CNC(=N)N3CCc3cccc(F)c3)C[C@H]2Cc2ccccc2)CC1,,,0
,CC(=O)O[C@@H](C[C@@H]1C(C)=CCC(=O)C1(C)C)/C(C)=C/[C@H](O)C/C=C(\C)CC[C@H]1C(C)(C)[C@@H](O)CC[C@]1(C)OC(C)=O,,,0
,CN(C)CCCCC(=O)Nc1cccc(-c2c(-c3ccccc3)oc3ncnc(N[C@H](CO)c4ccccc4)c23)c1,,,0
,CCN(CC)Cc1ccc(-c2ccnc3ccc(-c4cnc(OC)c(NS(=O)(=O)c5ccc(F)cc5F)c4)cc23)cc1,,,0
,COc1cc(OC)cc(N(CCCNCC(F)(F)F)c2ccc3ncc(-c4cnn(C(C)C)c4)nc3c2)c1.Cl,,,0
,CC1=C(C(=O)OCc2ccccc2)C(c2ccc(C3CCCCC3)cc2)NC(=O)N1CCCCCC(=O)O,,,0
,O=C(N[C@@H](Cc1ccccc1)[C@H](Cc1ccccc1)n1cc(CN2CCC(c3ccccc3)CC2)nn1)OC1CCCC1,,,0
,CC(C)(Oc1ccc(CCOc2ccc(/N=N/c3ccccc3)cc2)cc1)C(=O)NS(=O)(=O)c1ccccc1,,,0
,CC(=O)OCC(C)(C)NC(=O)N(CCC1CCN(Cc2ccc(C)cc2)CC1)Cc1ccc(-c2ccccc2)cc1,,,0
,CCO[C@@H](Cc1ccc(OC/C=C/c2cc(OC(=O)c3ccccc3)cc(OC(=O)c3ccccc3)c2)cc1)C(=O)O,,,0
,CC(C)[C@H](NS(=O)(=O)c1ccc(-c2ccc(NC(=O)c3cc4c(OCc5ccccc5)cccc4o3)cc2)cc1)C(=O)O,,,0
,CC(=O)NCCNCc1cc(Cl)c(Oc2ncnc3c(-c4ccccc4)cccc23)cc1OCc1cccc(C#N)c1,,,0
,Cc1ccc(Cl)cc1N1CCN(Cc2cn([C@@H](Cc3ccccc3)[C@H](Cc3ccccc3)NC(=O)C3CCCCC3)nn2)CC1,,,0
,CN(c1ccccc1Cl)S(=O)(=O)C1CC2OC1C(c1ccc(NC(=O)CCCCCCC(=O)O)cc1)=C2c1ccc(O)cc1,,,0
,COc1cc2c(Oc3ccc(NC(=O)N/N=C/c4ccc(F)cc4F)cc3F)ccnc2cc1OCCCN1CCC(C)CC1,,,0
,C=CC(=O)Nc1cc(Nc2ncc(C(F)(F)F)c(-c3cn(C4CC4)c4ccccc34)n2)c(OC)cc1N(C)CCN(C)C,,,0
,CC(=O)NCCNCc1cc(Cl)c(OCc2cccc(-c3ccccc3)c2Br)cc1OCc1ccc2nonc2c1,,,0
,COC(C)(C)CCn1nc(Nc2c(C)cccc2C)c2cnc(Nc3ccc(OCCCN4CCCCC4)c(F)c3)nc21,,,0
,CCCCN(CCCC)C[C@@H]1[C@H]2COC3(CC=C(C)C)C(=O)[C@@H]1C=C1C(=O)c4c(cc(O)c(CC=C(C)C)c4O)O[C@]123,,,0
,CCOC(=O)c1[nH]c2cc(Cl)ccc2c1C(C(=O)NC(C)(C)C)N(C=O)Cc1ccc(OCc2ccsc2)cc1,,,0
,CCCC[C@H](NC(=O)O[C@@H]1CN(C(=O)Oc2ccc(-c3ccccc3)cc2)CC1(C)C)C(=O)C(=O)N[C@H](C)c1ccccc1,,,0
,Cc1ccc(NC(=O)c2ccc(OCCCCn3ccnc3)c(Br)c2)cc1Nc1nccc(-c2cccnc2)n1,,,0
,Cc1c(COc2ccc(CN(C)CCCC(=O)NO)c(OCc3cccc(C#N)c3)c2)cccc1-c1ccccc1,,,0
,C=CCc1ccc(OCC(=O)Nc2ccc(-c3nc4ccccn4c3CN3CCc4cc(OC)c(OC)cc4C3)cc2)c(OC)c1,,,0
,CCCCCCCCCCC(=O)CN1CCCN(CC(=O)NC(C)(C)C)C(=O)c2cccc(c2)Nc2cccc(c2)C1=O,,,0
,CCN(CCCCCCO[N+](=O)[O-])Cc1cc(Nc2ccnc3cc(Cl)ccc23)ccc1O.Cl.Cl.Cl,,,0
,C/C(=N\Nc1nc2ccccc2s1)c1ccc(-c2ccc(S(=O)(=O)NC(=O)CCCCCc3ccccc3)cc2)o1,,,0
,CCN(CC)CCOc1ccc(CN(C(=O)c2ccc(O)cc2O)c2ccc(-c3nc4ccccc4cc3C)cc2)cc1,,,0
,O=C(O)CCSC(CCc1ccccc1-c1nc[nH]n1)c1cccc(OCc2ccc3ccc(Cl)cc3n2)c1,,,0
,COc1cc(-c2nc(-c3ccccc3)c(-c3ccccc3)[nH]2)ccc1OCc1cn(Cc2ccccc2F)nn1,,,0
,COCc1cc(C(C)(C)C)c(SC2=C(O)OC(CCc3ccccc3)(c3ccc(OCCO)cc3)CC2=O)cc1C,,,0
,COc1c(C2CCN(CCN3CCC(CNC(=O)c4ccc(-c5ccc(C#N)cc5)cc4)CC3)CC2)ccc2c1CCCC2,,,0
,COc1ccc(CCC2=NN(CCCN)C(=O)N(Cc3ccc(-c4ccccc4)cc3)c3ccccc32)cc1.Cl,,,0
,O=C(O)/C(=N/OC(c1ccc(OCc2ccc3ccccc3n2)cc1)C1CCCCC1)c1cccs1,,,0
,CCC/C(=N\OCc1sc(-c2ccc(C(F)(F)F)cc2)nc1C)c1ccc(OCC(=O)O)c(C)c1,,,0
,OCCCN1c2cccc(-c3cccc(OC(F)(F)F)c3)c2OCC1c1cccc(OC(F)(F)C(F)F)c1,,,0
,O=C(/C=C/c1ccc(Cl)c(Cl)c1)NCCCCCN1CCCN(C(=O)Nc2cc(Cl)cc(Cl)c2)CC1,,,0
,CCCCCn1cc(C(=O)NC23CC4CC(CC(C4)C2)C3)c(=O)c2cc(-c3cnn(CC(C)C)c3)ccc21,,,0
,CCCCCCNc1cccc(CNc2ncc3cc(-c4c(Cl)cccc4Cl)c(=O)n(C)c3n2)c1,,,0
,COc1ccc([C@@H]2C[C@@H](O)C[C@H]3c4cc(OCc5ccccc5)c(OCc5ccccc5)cc4CCN23)cc1OC,,,0
,CN(CCCCCOc1ccc([C@H]2C[C@]3(C)[C@@H](O)CC[C@H]3[C@@H]3CCc4cc(O)ccc4[C@H]32)cc1)C(=O)CBr,,,0
,Cc1ncnc(Nc2ccc(OCc3cccc(F)c3)c(Cl)c2)c1C#CCCNCc1ccccc1,,,0
,CCCCCc1ccc(NC(=O)[C@@H]2Cc3ccccc3CN2C(=O)c2ccc(OC)c(OC(C)C)c2)cc1,,,0
,CCCCCCN1CCCN(Cc2cccc(NC(=O)c3cc4ccccc4s3)c2)CC1.O=C(O)C(F)(F)F,,,0
,CCN(CCO)CCOc1cccc(Nc2nc(-c3ccc(Cl)cc3)cc(-c3ccc(Cl)cc3)n2)c1,,,0
,O=C(O)Cc1cc(Cl)c(Oc2ccc(O)c(C(=O)NCC(c3ccccc3)c3ccccc3)c2)c(Cl)c1,,,0
,O=C(CCl)Nc1ccc2sc(C(=O)NCc3cccc(NC(=O)c4cccs4)c3)c(OCc3ccccc3)c2c1,,,0
,C=CC(=O)Nc1ccc(O[C@@H]2CCC[C@@H](Nc3ncc(SCc4ncc(C(C)(C)C)o4)s3)C2)cc1,,,0
,Cc1cc(-c2cc(NCCC(F)(F)F)c3ncn(-c4ccc(C(=O)NC5CC5)c(C)c4)c3c2)ccc1C(=O)NC1CC1,,,0
,C=C1[C@@H](OC(=O)CCCc2ccccc2)CC[C@@]2(C)C[C@H](OC(C)=O)C3=C(C)CC[C@@H]([C@@H](OC(C)=O)[C@H]12)C3(C)C,,,0
,CC(C)c1cc(C(C)C)c(S(=O)(=O)Oc2ccc(NC(=O)c3ccc(Cl)cc3)cc2)c(C(C)C)c1,,,0
,Cc1ccc(C(C)C)cc1Oc1nccc(-c2c(-c3ccc(C(F)(F)F)cc3)ncn2C2CCNCC2)n1,,,0
,C#Cc1cccc(Nc2nc(Nc3ccc(Oc4ccccc4)cc3)nc3cc(OC)c(OC)cc23)c1,,,0
,CC(C)CN(CC/N=C1\CC(c2ccc(Cl)c(Cl)c2)Cc2c1c(=O)c1cc(Cl)ccc1n2O)CC(C)C,,,0
,COc1ccc(-c2c(-c3cc(OC)cc(OC)c3)n(C)c3ccc(-c4ccc(OC)cc4F)cc23)cc1,,,0
,Cc1cn(-c2cc(NC(=O)c3ccc(C)c(Nc4cc(-c5ccc(F)nc5)ccn4)c3)cc(C(F)(F)F)c2)cn1,,,0
,CC(C)CCC1=C/C(=C2\C(=O)c3ccccc3[C@@](C)(CCC(C)(C)C)C2=O)Nc2ccc(NS(C)(=O)=O)cc21,,,0
,Cc1ncc([N+](=O)[O-])n1CCOc1cccc(-c2cc(-c3ccccc3)c3cc(Br)ccc3n2)c1,,,0
,COc1ccc([C@@H]2c3c(OC)cc(OC)cc3/C(=C/c3ccccc3)[C@H]2c2cc(OC)cc(OC)c2)cc1,,,0
,CN(c1ncnc2[nH]ccc12)[C@H]1CN(C(=O)Nc2ccccc2-c2ccccc2)CC12CC2,,,0
,C=C(C)c1cc2c(-c3cc(S(C)(=O)=O)ccc3Oc3ccc(F)cc3F)cn(C)c(=O)c2[nH]1,,,0
,COc1ccnc2c(-c3cnc4nc(N5CCC(N6CCCCC6)CC5)oc4c3)cccc12,,,0
,COc1cc2c(cc1OC)CN(C(=O)c1cc3cc(-c4ccc([N+](=O)[O-])cc4)ccc3[nH]1)CC2,,,0
,Cc1ccc(Nc2nc3cc(Oc4ncnc5c4cnn5C(C)C)ccc3n2C)cc1,,,0
,O=C(NCC1CCOCC1)c1cnc(Nc2cccc(Cl)c2Cl)nc1C(F)(F)F,,,0
,Cc1ccc(Nc2nc3nonc3nc2Nc2cccc(C(F)(F)F)c2)cc1Cl,,,0
,N#Cc1ncc(-c2nc(NCc3ccccn3)c3c(-c4ccccc4)cccc3n2)cn1,,,0
,Cc1cccc(NC(=O)Cn2ncc3c4ccccc4n(Cc4ccccc4)c3c2=O)c1C,,,0
,N#Cc1cc(Cl)cc(Oc2c(C(F)(F)F)ccn(Cc3n[nH]c4cncc(F)c34)c2=O)c1,,,0
,CC(C)(C)OC(=O)N1CCC(n2ncc3c(Oc4ccc(C(C)(C)C)cc4)ncnc32)CC1,,,0
,O=c1cc(-c2ccc([N+](=O)[O-])cc2)[nH]c2c(-c3ccccc3)c(Cc3ccccc3)nn12,,,0
,Cc1cc(C)n(-c2nc(Nc3cccc(C(F)(F)F)c3)c3c(ccn3C)n2)n1,,,0
,COc1cc(-c2nccc3[nH]c(-c4cc5ccccc5[nH]4)nc23)cc(OC)c1OC,,,0
,CC(=O)Nc1nc(C)c(-c2cn(S(=O)(=O)c3cccc4ccccc34)c3ccccc23)[nH]1,,,0
,[C-]#[N+]/C(=C/c1ccc(Nc2cnc3[nH]cc(C(=O)C(C)(C)C)c3n2)cc1)C(=O)N1CCCCC1,,,0
,COc1ccc(Cl)cc1C(=O)Nc1cccc(CN2CCN(C(=O)OC(C)(C)C)CC2)c1,,,0
,O=C1CC(c2nc(-c3ccc(F)c4cn[nH]c34)no2)CCCN1c1ccc(C(F)(F)F)cc1,,,0
,O=C(Nc1cnn2ccc(N3CCC[C@@H]3c3cc(F)ccc3F)nc12)c1ccc(Cl)cn1,,,0
,Cn1cc(Cc2ccccc2Oc2ccccc2)c(-c2cc(Cl)nc(N)n2)n1,,,0
,CC(C)CC(=O)c1c(O)cc(O)c2c1OC1=C(C(=O)C(C)(C)C(=O)C1(C)C)C2CC(C)C,,,0
,CNC(=O)c1c(-c2ccc(F)cc2)oc2ncc(-c3cccc(C(=O)NC(C)(C)C)c3)cc12,,,0
,CC(C)(C)C1CCN(c2cccc(Nc3cc(-c4cccc(C(=O)O)c4)nn4ccnc34)n2)C1,,,0
,COc1cc2c(cc1OC)-c1cc3ccc(OC)c(NC(=O)C4CCCCC4)c3c[n+]1CC2,,,0
,CN1Cc2c(C3=CCN([C@H]4CC[C@H](CC(=O)O)CC4)CC3)[nH]c3nccc(c23)-c2cc(F)ccc21,,,0
,CC(C)(C)C(=O)Nc1nnc(-c2ccc(Nc3ccc(F)cc3)c([N+](=O)[O-])c2)s1,,,0
,COc1ccc(Nc2nc3cc(C(=O)O)ccc3n2Cc2ccccc2C(F)(F)F)cc1,,,0
,Cc1nn(C)c(Oc2cccc(Cl)c2Cl)c1C(=O)N1CCCC1c1cccnc1,,,0
,Cn1c(COc2cccc(C(=O)O)c2)nc2ccc(Oc3ccc(Cl)c(F)c3)cc21,,,0
,CC(C)N(CC#CC(=O)Nc1ccc2ncnc(Nc3cccc(Br)c3)c2c1)C(C)C,,,0
,COc1ccc(-c2cc(OC(=O)c3ccc(F)cc3)c3c(C)oc(C)c3c(=O)c2)cc1OC,,,0
,CC(=O)c1cccc(Nc2nc(-c3sc(NC(=O)c4ccc(C)cc4)nc3C)cs2)c1,,,0
,c1ccc(COc2ccc3c(-c4nc5cc(N6CCC(N7CCCCC7)CC6)ccc5[nH]4)[nH]nc3c2)cc1,,,0
,Cc1sc2ncnc(N3CCC(C(=O)N(CC(C)C)c4nc5ccccc5s4)CC3)c2c1C,,,0
,COc1nnc(-c2ccc(N3CCCCC3)c(NC(=O)COc3ccccc3)c2)c2ccccc12,,,0
,COc1ccccc1-c1noc(CSc2nnc(-c3ccccc3)n2-c2ccc(C)c(C)c2)n1,,,0
,COc1ccc(Nc2ncnc3c2C(c2ccccc2OC)c2c(c(=O)oc4ccccc24)O3)cc1,,,0
,COc1ccc2c(c1)c(CC(=O)NC1CC(C)(C)N([O])C(C)(C)C1)c(C)n2C(=O)c1ccc(Cl)cc1,,,0
,Cc1nc(N[C@@H](C)c2cccc(-c3ccnn3C)c2)cc(-c2ccc3occ(C)c3c2)n1,,,0
,O=C1c2cc(-c3ccc(OC(F)(F)F)cc3)ccc2OCCN1Cc1cc(-c2ccccn2)on1,,,0
,Cc1cccc2nc(-c3cccc(-c4ccc(NC(=O)C(=O)c5cccn5C)cc4)c3)[nH]c12,,,0
,CCc1cccc(NC(=O)N2CCc3nc(-c4cccnc4)nc(-c4ccccc4F)c3C2)c1,,,0
,Cc1nnsc1C(=O)Nc1cccc(-c2ccc(-c3nc4cc(F)ccc4[nH]3)cc2)c1,,,0
,O=C(Nc1cccc(Cl)c1)c1ccc(Nc2ncnc3c2cnn3-c2ccccc2)cc1,,,0
,Cc1ccc2nc(-c3ccc(Cl)c(NC(=O)c4ccc5c(c4)OCCO5)c3)oc2c1,,,0
,COc1ccc(-c2c(CC#N)[nH]c3c(-c4ccccc4)c(-c4ccccc4)nn3c2=O)cc1,,,0
,CC(Oc1cccc2ccccc12)C(=O)Nc1ccc2oc(-c3ccncc3)nc2c1,,,0
,COC(=O)N(NC(=O)c1c(CC2CCNCC2)c(-c2ccccc2)nc2ccccc12)c1ccccc1,,,0
,Cc1cc(Nc2nccc(-c3sc(C4CCNCC4)nc3-c3ccc(F)cc3)n2)cc(C)n1,,,0
,COCc1nc(Cl)c(-c2cc(C(=O)N3CCC(c4ccc(C#N)cc4)CC3)ccc2C)[nH]1,,,0
,O=c1c2c[nH]nc2c2ccc(-c3cccnc3NC3CCCCC3)cc2n1CC(F)(F)F,,,0
,O=S(=O)(Nc1ncns1)c1ccc2c(N3CCCC3c3ccccc3)cccc2c1,,,0
,O=C(Nc1cncnc1)c1c(Cl)ccc2c(Nc3cccc(OC(F)(F)F)c3)noc12,,,0
,N#CSc1c(-c2ccc(Br)cc2)nc2sc(Cc3noc4ccccc34)nn12,,,0
,Cc1ccc2c(c1)oc1c(C(=O)NN3CCCCC3)nn(-c3ccc(Cl)cc3Cl)c12,,,0
,CN1c2ccc(Cl)cc2N(c2ccccc2)C(=O)c2c1ncn2Cc1cccc(O)c1,,,0
,COC(=O)[C@@]12C[C@@H](CC(=O)N3CCCC3)C(=O)N(Cc3cccc4ccccc34)C1=CCC(C)(C)C2,,,0
,Clc1ccc(-n2nc3c(cnc4ccc(-n5ccnc5)cc43)c2OCC2CC2)cc1,,,0
,Cc1cc(S(=O)(=O)Nc2ccc(-c3ccc(N4CCCCC4)nn3)cc2)c(C)cc1Cl,,,0
,CC(C)c1ccc(NC(=O)N2CCN(C(C(=O)N3CCCCC3C)C3CCCC3)CC2)cc1,,,0
,O=C(Nc1ccccc1Cl)N(Cc1nc(O)c2ccccc2n1)Cc1cccs1,,,0
,Fc1ccc(Nc2ncnc3c2oc2cc(-c4ccc5c(c4)OCO5)cnc23)cc1Cl,,,0
,COc1cc2c(cc1C(F)(F)F)N(C(=O)Nc1cc3c(c(-c4cccnc4)c1)OCC3)CC2,,,0
,O=C(O)C1CC=C(c2nn(C(=O)c3c(Cl)cccc3C(F)(F)F)c3cccnc23)CC1,,,0
,O=C1OC2(CCN(c3ccc(-c4nc5cc(C(F)(F)F)ccc5[nH]4)cn3)CC2)CN1c1ccccc1,,,0
,O=S(=O)(c1ccc(-c2cnc(C3CC3)o2)cc1)N1CCCOc2ccc(Cl)cc21,,,0
,CCC(=O)c1c(Nc2ccc(Cl)cc2F)[nH]c2c(Cl)ccc([N+](=O)[O-])c2c1=O,,,0
,Cc1noc(=O)c2ccc(NC(=O)C(O)(CC3(C(C)C)CCCc4ccccc43)C(F)(F)F)cc12,,,0
,COc1ccccc1N1C[C@@]2(CCC[C@](C)(Cn3cnc4ccc(C#N)cc43)C2)OC1=O,,,0
,CC(=O)OC1=C2C(C)(C)CCC[C@]2(C)c2c(cc(C(C)C)c(OC(C)=O)c2OC(C)=O)C1=O,,,0
,O=C(c1ccc2cc(Oc3ccc(C(F)(F)F)cn3)ccc2n1)N1CC(c2cccnc2)C1,,,0
,Cc1cccc(CN2CCC3(CC2)C(=O)N(c2ccc(-c4ccccc4)cc2)c2ccc(C(=O)O)cc23)n1,,,0
,CC1CN(C)CCc2ccc(Nc3ncc(Cl)c(Nc4ccccc4S(=O)(=O)C(C)C)n3)cc21,,,0
,COc1ccc(C2=CC(c3ccc(OC)c(OC)c3)c3c(c4ccccc4oc3=O)O2)cc1OC,,,0
,Cc1ccc2nc(Oc3ccccc3)c(C3C(CC#N)=C(N)Oc4c3c(=O)oc3ccccc43)cc2c1,,,0
,CCc1nn(-c2ccccc2)c2nc(-c3ccccc3OC)c3cc(OC)c(OC)cc3c12,,,0
,CCOC(=O)NC1CCC2C(C1)CC1C(=O)OC(C)C1C2C=Cc1ccc(-c2cccc(F)c2)cn1,,,0
,N=C1S/C(=C\c2c[nH]nc2-c2ccc(-c3ccc(F)cc3)cc2)C(=O)N1c1nccs1,,,0
,Cc1nc2sc3c(c2c2nc(Oc4ccc([N+](=O)[O-])cc4)n(-c4ccccc4)c(=O)c12)CCCC3,,,0
,Cc1nc2c(C(=O)O)cc(-c3c(F)c(F)c(-c4ccc(CN5CCOCC5)cc4)c(F)c3F)cc2[nH]1,,,0
,COc1ccc(C(F)(F)F)cc1-c1cccn2nc(Nc3cccc(N4CCN(C)CC4)c3)nc12,,,0
,CCOC(=O)C1CCN(C(=O)c2ccc3c(c2)sc2nc(-c4ccc(OCC)cc4)cn23)CC1,,,0
,COc1ccc(NC(=S)N2CCC3CC2c2cc(-c4ccc5c(c4)OCO5)ccc23)c(OC)c1,,,0
,CC(C)(C)c1ccc(C(=O)NNC(=O)c2ccc(CSc3ccc(C(F)(F)F)cn3)o2)cc1,,,0
,COc1ccc([C@@H]2[C@@H](C(=O)Nc3ccc(F)c(C#N)c3)c3ccccc3C(=O)N2CC(C)C)s1,,,0
,Cc1cc(-n2nc(C(=O)NCC(F)(F)F)cc2-c2cccnc2)c2cccc(C(F)(F)F)c2n1,,,0
,CN(c1ccc(C(C)(C)O)cn1)C1CCN(c2nnc(Cc3ccccc3)c3ccccc23)CC1,,,0
,COc1cc2c(cc1NC(=S)NC(=O)/C=C/c1ccc(OC)c(OC)c1)oc1ccccc12,,,0
,CC1(C)C=Cc2c(-c3ccc(NS(C)(=O)=O)cc3)cc3oc(=O)cc(-c4ccccc4)c3c2O1,,,0
,CC(C)(C)OC(=O)COc1ccc(CC2=C(n3ccc4ccccc43)c3ccccc3C(=O)C2=O)cc1,,,0
,Cc1ccc(C)c(-c2csc(NC(=O)c3ccc(S(=O)(=O)N4CCCCC4)cc3Cl)n2)c1,,,0
,CN(c1ccnc(Nc2ccc(C#N)cc2)n1)c1c(F)cc(-c2ccc(C#N)cc2)cc1F,,,0
,Cc1ccc(-c2c(C)c3c(c(C)c2[C@H](OC(C)(C)C)C(=O)O)N(S(C)(=O)=O)Cc2cccnc2-3)cc1,,,0
,CN1CCN(c2ccc(/C=C3/SC(Nc4ccc(Oc5ccccc5)cc4)=NC3=O)cc2)CC1,,,0
,C[C@]12C[C@H](c3ccc(OCCN=[N+]=[N-])cc3)[C@@H]3c4ccc(O)cc4CC[C@H]3[C@@H]1CC[C@@H]2O,,,0
,O=C(O)C1C2CC(Sc3ccccc3[N+](=O)[O-])C(Cl)C2c2cccc3c2N1CC1CC=CC31,,,0
,CCOCc1nnc2c(Cl)c(-c3ccc(Oc4ccc(C)nc4C)c(F)c3)ccn12,,,0
,Cc1nc(C)c(-c2csc(Nc3ccc(S(=O)(=O)Nc4ccc(Cl)cc4)cn3)n2)s1,,,0
,Cc1cc(=O)oc2c1ccc1oc(C(=O)c3ccccc3)c(-c3ccc([N+](=O)[O-])cc3)c12,,,0
,CCOC(=O)C1=Cc2ccccc2OC1(OCc1cc(-c2cccc(C(F)(F)F)c2)no1)C(F)(F)F,,,0
,O=C(O)c1cn(Cc2ccc(F)cc2)c2ccc3nc(-c4ccccc4)c(-c4ccccc4)nc3c2c1=O,,,0
,CC1=NN(/C(C)=N\OC(=O)c2ccc(F)cc2)C(c2ccc(OCc3ccc(F)cc3)cc2)C1,,,0
,COc1cccc([C@H]2O[C@H](CC(=O)O)c3noc(C(C)C)c3-c3ccc(Cl)cc32)c1OC,,,0
,COc1nc(-c2ccc([N+](=O)[O-])cc2)cc(-c2c(-c3ccccc3)nc3c(C)cccn23)c1C#N,,,0
,CN(C)c1ccc2c(Oc3ccc(NC(=O)NCc4ccc(C(F)(F)F)cc4)cc3)ncnc2c1,,,0
,COc1ccc(NC(=O)Nc2ccc(Oc3ncnc4cc(N(C)C)ccc34)cc2)cc1Cl,,,0
,O=C(O)c1ccc(-c2cn(Cc3ccccc3)nn2)cc1NC(=O)c1sc2ccccc2c1Cl,,,0
,CSc1nc(-c2ccc(F)cc2)c(-c2ccnc(NC(=O)COc3ccc(Cl)cc3Cl)c2)[nH]1,,,0
,N#C/C(=C\C1CC1)C(=O)N1CCC[C@@H](n2cc(-c3ccc(Oc4ccccc4)cc3)c3c(N)ncnc32)C1,,,0
,Cc1[nH]n(-c2ccc(F)cc2)c(=O)c1C(c1cccc([N+](=O)[O-])c1)c1c(O)ccc2ccccc12,,,0
,O=C(Nc1ncc(Cc2ccc(C(F)(F)F)cc2)s1)c1ccc(-c2cccc([N+](=O)[O-])c2)o1,,,0
,CC(=O)Nc1cccc(C2CCN(CCCn3nc(-c4ccc(Cl)c(F)c4)c4ccccc4c3=O)CC2)c1,,,0
,Cc1cc2nc(N3CCCCC3CO)n(CC(=O)c3cc(C(C)(C)C)c(O)c(C(C)(C)C)c3)c2cc1C,,,0
,Cc1cc(Nc2cc(-c3ccccc3)[nH]n2)n2nc(SCc3c(Cl)cccc3Cl)nc2n1,,,0
,Cc1ccc(-n2cc(COc3cccc(NC(=O)Nc4ccc(Cl)c(C(F)(F)F)c4)c3)nn2)cc1,,,0
,CCCCC1N(CC2CCCCC2)C(=O)OC12CCN(C1CCN(C(=O)c3c(C)cccc3C)CC1)CC2,,,0
,O=C(Nc1cccc(C(=O)c2ccc3c(/C=C/c4ccccn4)n[nH]c3c2)c1)Oc1ccccc1,,,0
,CC(=O)O[C@H]1CC[C@@H](C)[C@]23OC(C)(C)[C@H](C[C@H](OC(=O)c4ccccc4)[C@]12C)[C@H]3OC/C=C/c1ccccc1,,,0
,COc1ccc(-c2cc(-c3ccc(O[C@H]4O[C@@H]5O[C@@]6(C)CC[C@H]7[C@H](C)CC[C@@H]([C@H]4C)[C@@]57OO6)cc3)n[nH]2)cc1,,,0
,O=C(Nc1ccc(Cl)cc1)c1cc(Cl)ccc1NC(=O)c1sc(CN2CCOCC2)cc1Cl,,,0
,CSc1ncc(Cl)c(C(=O)Nc2c(C(=O)Nc3cccc(Cl)c3)oc3ccccc23)n1,,,0
,CC1(C)Cc2nc3sc4c(SCC(=O)NC(c5ccccc5)c5ccccc5)ncnc4c3cc2CO1,,,0
,C/C1=C/C(=O)O[C@@H]2C[C@@H](CC[C@H](C)/C=C\C=C\CC1)O[C@@](OCCc1ccccc1)([C@@H]1CSC(=O)N1)C2,,,0
,CC(C)(C(=O)Nc1nncs1)C(c1ccccc1)c1ccc2c(cnn2-c2ccccc2)c1,,,0
,CC(C)(C)c1cc(NC(=O)Nc2cccc(Oc3cncc(-c4ccsc4)n3)c2)no1,,,0
,COc1cc(/C=C2\CCC/C(=C\c3ccccc3[N+](=O)[O-])C2=O)cc(Br)c1OC,,,0
,Cc1ccccc1OCC(=O)Nc1ccc(-c2nc3cc(Br)cc(C(C)(C)O)c3o2)cc1,,,0
,O=C(Cn1nnc(-c2ccccc2C(F)(F)F)c1-c1ccccc1)Nc1ccc(-c2ccccc2)cn1,,,0
,CC(=O)O[C@H]1CC[C@]2(C)[C@H]3CC[C@]4(C)[C@@H]([C@H](C)/C=C/CC(C)C)CC[C@H]4[C@]34O[C@@H]4[C@H](OC(C)=O)[C@@]2(O)C1,,,0
,CCCC(=O)OC(CC)c1nc2c(C(F)(F)F)cccc2c(O)c1C(=O)Nc1nccs1,,,0
,CC(C)(O)c1cc2nc(N/N=C/c3cn(Cc4ccc(Cl)cc4)c4ccccc34)nc(N3CCOCC3)c2s1,,,0
,COc1cc2c(cc1OC)CN(C(=O)c1ccc(-c3ccc(NC(=O)c4cccc5[nH]ccc45)cc3)o1)CC2,,,0
,O=C(Nc1ccc(Oc2ccncc2-c2cccnc2)c(F)c1)c1nn(-c2cccc(F)c2)c(=O)c2ccccc12,,,0
,N#Cc1c(-c2ccccc2)cc(-c2ccccc2)nc1SCC(=O)Nc1cccc([N+](=O)[O-])c1,,,0
,CN(C)C1CCN(c2ccc(Nc3c(C(=O)C4CC4)cnc4ccc(-c5cc(F)c(O)c(Cl)c5)cc34)cn2)C1,,,0
,O=C(O)c1cc2[nH]c(-c3ccc(Oc4cccc(Cl)c4)cc3)c(C3CCCCC3)c(=O)n2n1,,,0
,COc1cc(C(=O)NC2CCN(C)CC2)ccc1Nc1ncc(C(F)(F)F)c(Oc2cccc3c2CCC3C)n1,,,0
,Cn1cccc1C(=O)C(=O)Nc1cccc(-c2ccc(-c3nc4cc(C(F)(F)F)ccc4[nH]3)cc2)c1,,,0
,O=C(Nc1cccnc1)c1cc(-c2cnn(C3CCCCO3)c2)nc2ccc(-c3ccccc3)cc12,,,0
,COCCn1c(=O)c(C(C)=O)c(NC(C)=O)c2cc(-c3ccc(Cl)cc3)c(-c3ccc(Cl)cc3Cl)nc21,,,0
,CC1=CCC[C@H]2[C@](C)(CC3=CC(=O)C=C(NCCc4c[nH]c5ccccc45)C3=O)[C@@H](C)CC[C@]12C,,,0
,FC(F)(F)c1cc(-c2cccnc2)cc(-c2nnc(Nc3ccc(CN4CCCC4)cc3)o2)c1,,,0
,Cc1c(CN2CCN(c3cccc4[nH]c(-c5ccc(C(C)(C)C)cc5)nc34)CC2)ncn1C(C)C,,,0
,CCOC(=O)c1c(C)nc(-c2ccccc2)c(C(=O)OCc2ccccc2)c1C#Cc1ccccc1,,,0
,C=C1CC[C@@H]2[C@](C)(CC[C@H](O)[C@@]2(C)CCC=C(C)C)[C@@H]1Cc1c(OC)oc(C)c(C)c1=O,,,0
,CC1(c2ccc(NC(=O)Nc3cccc(Cl)c3)cc2)CCN(Cc2ccccc2)C1,,,0
,CC/C(=N\Oc1ccc(Cl)c(Cl)c1)c1cc(Cl)ccc1NS(=O)(=O)C(F)(F)F,,,0
,Cc1ccc(NS(=O)(=O)c2ccc(-c3c(C)c(CC(=O)O)cc4ccc(Cl)cc34)cc2)cc1,,,0
,Cc1ccc(C(=O)/C=C/c2ccc(/C=C/C(=O)c3cccc4c3C(=O)c3ccccc3C4=O)cc2)cc1,,,0
,O=c1c2ccccc2nc(/C=C\c2ccccc2)n1Nc1nc(-c2ccccc2)nc2ccccc12,,,0
,CC1=CC(/C=C/C(=O)c2ccc(C)cc2)=C/C(=C\NCCNc2ccnc3cc(Cl)ccc23)C1=O,,,0
,CCOc1ccc(N/C(CSC(=S)N(CC)CC)=N/c2ccc(OC)cc2)cc1,,,0
,O=C(O)c1cccc(CCCC2(O)CCN(C[C@H]3CN(CC4CCCCC4)C[C@@H]3c3ccccc3)CC2)c1,,,0
,CCOc1cc(CN2CCC(NC(=O)c3cncc(C)c3)CC2)cc(OCC)c1-c1ccc(F)cc1,,,0
,CC(=O)NCCc1c(O)cc(OC2CCC(OCc3ccccc3C)CC2)cc1-c1cccc(F)c1,,,0
,CCC1(C(=O)O)CCc2ccc(OCCCOc3ccc(Oc4ccccc4)cc3)cc2O1,,,0
,COc1cc2ncnc(Nc3ccc(OCc4ccccc4Br)c(OC)c3)c2cc1OC,,,0
,CCN(CC)CCC(=O)Nc1ccc(Nc2nc(-c3ccccc3)nc3ccccc23)cc1,,,0
,CCCCCC(O)c1ccc(N2C(=O)CC[C@@H]2C=CCc2ccc(C(=O)O)s2)cc1,,,0
,C=CCNc1nnc(-c2ccc(Nc3ccccc3-c3nnc(NCC=C)s3)cc2)s1,,,0
,COc1ccc(/C=C2\CC(CO)(COC(=O)c3c(C(C)C)cc(C(C)C)cc3C(C)C)OC2=O)cc1,,,0
,C=CC[C@@H]1C=C[C@H](O/N=C(\C)CCN2CCc3nc(-c4ccccc4)c(-c4ccccc4)cc3C2)[C@H](CO)O1,,,0
,O=c1cc(-c2ccccc2)oc2c(OCCCCN3CCCC3)c(OCc3ccccc3)cc(O)c12,,,0
,CC(C)n1c(=O)c(C(=O)N[C@H]2C[C@H]3CC[C@@H](C2)N3CCCCCCCN2CCCCC2)cc2ccccc21,,,0
,O=C(CCCCCCNC(=O)c1ccc(N(c2cccc(Cl)c2)c2cccc(Cl)c2)cc1)NO,,,0
,CCOC(=O)CCCOc1cccc(C(C)Nc2cc(-c3ccc4ncsc4c3)nc(C)n2)c1,,,0
,C=CCCC(C(=O)NCc1ccccc1)N(C(=O)C1(C)CCc2c(C)c(O)c(C)c(C)c2O1)c1ccccc1,,,0
,O=C(NCCCCCCNC(=O)c1cccc2ccccc12)Nc1cccc2ccccc12,,,0
,COc1cccc2cc(CNCCCCCCNc3c4c(nc5ccccc35)CCC4)oc12,,,0
,CCCCCc1c(-c2cccc(OC)c2)ncn1CCc1ccccc1OC.O=C(O)C(F)(F)F,,,0
,COc1cc(NC(=O)Nc2cc(Nc3ccc(Br)cc3OC)ncn2)cc(OC)c1,,,0
,CS(=O)(=O)c1ccc(Nc2ncnc(N3CCC(Sc4ccccc4)CC3)c2[N+](=O)[O-])cc1,,,0
,Cc1ccc(Cn2nc(C)c(/C=N/NC(=O)c3ccccc3NS(=O)(=O)c3cccs3)c2C)cc1,,,0
,CCOc1cc(/C=N/NC(=O)c2nn(C)cc2Br)ccc1OCc1ccccc1Cl,,,0
,Cc1ccc(NC(=O)COc2cccc(/C=C3\SC(=S)N(CCC(=O)O)C3=O)c2)cc1Cl,,,0
,CO[C@@H]1O[C@H](COc2ccc(-c3ccccc3)cc2)[C@@H](O)[C@H](O)[C@H]1Oc1ccc(OC2CCCCC2)cc1,,,0
,CCOc1cc2c(cc1OCC)C(CC(=O)O)N(C(=O)Nc1ccc(Br)c(C)c1)CC2,,,0
,O=C(NCC(c1ccco1)N1CCCC1)c1cccc(NS(=O)(=O)c2ccc(Br)cc2)c1,,,0
,COc1ccc(OC)c(COc2cc(NC(=O)c3cccc(Cl)c3)ccc2NS(C)(=O)=O)c1,,,0
,CO/C(O)=C1\C(C)=NC(C)=C(C(=O)O[C@@H]2CCN(Cc3ccccc3)C2)[C@@H]1c1cccc([N+](=O)[O-])c1,,,0
,CC(C)(C)c1ccc(Oc2cccc(C3SCC(=O)N3[C@@H](Cc3ccccc3)C(=O)O)c2)cc1,,,0
,COc1cc(/C=C/c2ccc(NC(=O)c3cccc(Cl)c3)cc2)c(/C=C/[N+](=O)[O-])c(OC)c1,,,0
,O=c1c2c(oc(O)c1C(c1cccc(NS(=O)(=O)c3ccc4ccccc4c3)c1)C1CC1)CCCCCC2,,,0
,CN(/N=C/c1cn(Cc2ccc(Cl)cc2Cl)c2ccccc12)c1ccc(C(=O)O)cc1,,,0
,O=C(O)CCN1CCC2c3ccccc3N(Cc3cccc(/C=C/c4ccc5ccc(Cl)cc5n4)c3)C2C1,,,0
,COc1ccc(-c2nc3ccccc3o2)cc1NC(=O)C(C)Oc1ccc(Cl)cc1Cl,,,0
,CCCCCn1cc(C(=O)NC23CC4CC(CC(C4)C2)C3)c(=O)c2cc([S+]([O-])c3ccccc3)ccc21,,,0
,COC(=O)C1=CN(c2ccc(Oc3ccccc3)cc2)C(N)=C(C#N)C1c1ccc(-c2ccccc2)cc1,,,0
,CCNc1cc(-c2c(-c3ccc(F)cc3)nc(SC)n2C2CC(C)(C)NC(C)(C)C2)ccn1,,,0
,CCSc1sc(CC)cc1C1C(C(=O)Nc2ccc(C)cn2)=C(C)NC2=C1C(=O)CC(C)(C)C2,,,0
,CCOc1ccc2nc(Sc3nc(Nc4cccc(C)c4)nc(Nc4cccc(C)c4)n3)sc2c1,,,0
,O=C(C1=C(O)C(=O)N(c2nnc(SCc3ccc(Cl)cc3)s2)C1c1cccs1)c1cc2ccccc2o1,,,0
,C[C@H](Nc1cc(N(Cc2ccc(F)cc2)S(=O)(=O)c2ccc3ccccc3c2)ccn1)c1ccccc1,,,0
,Cc1cc(Nc2ccc(C(=O)/C=C/c3ccc4ccccc4c3)cc2)n2nc(SCc3ccccc3)nc2n1,,,0
,COc1ccc([C@H]2CC(=O)Nc3cccc4c3c2cn4Cc2cccc(F)c2)cc1OCCc1ccc2c(c1)CCO2,,,0
,CC(C)C[C@@H](C(=O)O)N1C(=O)/C(=C/c2cc3cc(OCc4cccc(Cl)c4)ccc3nc2Cl)SC1=S,,,0
,N#Cc1c(-c2ccc3c(c2)OCO3)cc(SCc2csc(-c3ccc(Cl)cc3)n2)nc1NC1CC1,,,0
,O=C(O)CCCN1CCC2c3ccccc3N(Cc3cccc(/C=C/c4ccc5ccc(Cl)cc5n4)c3)C2C1,,,0
,CCN1CCC(O)(c2ccc(Oc3ccc(F)cc3)cc2)C(C(=O)c2ccc(Oc3ccc(F)cc3)cc2)C1.Cl,,,0
,N#Cc1cccc(-c2ccc(C3(NCC(=O)Nc4cc(Cl)cc(Cl)c4)CCN(C4CCCC4)CC3)cc2)c1,,,0
,COc1ccc(F)c(-c2cnc(COc3cccc([C@@H](CC(=O)O)C4CC4)c3)nc2C2=CCCC2(C)C)c1,,,0
,CCOc1ccc(F)c(N2CC[C@@H](Oc3ccc(N4C[C@H](C(F)(F)F)C[C@@H]4CC(=O)O)cc3)[C@H](CC(C)C)C2)c1,,,0
,COc1ccc(CN(C)C/C=C/Cc2ccc(NC(=O)c3cccc4c(O)c5ccccc5nc34)cc2)cc1OC,,,0
,CCOc1cc(CC)ccc1C1CCN(CCN2CCC(CNC(=O)c3ccc(-c4ccc(C#N)cc4)cc3)CC2)CC1,,,0
,O=C(Nc1ccc(Cl)cc1)OCCCCN1CCC(OC(c2ccccc2)c2ccccc2)CC1,,,0
,CCc1sc(Nc2cccc(C(=O)N[C@@H](Cc3ccccc3)C(C)=O)c2)nc1-c1ccc(Cl)cc1,,,0
,CCc1ccc(NC(=O)CSc2nc(C)c(C(=O)Nc3ccc(Cl)cc3)c(-c3ccc(OC)cc3)c2C#N)cc1,,,0
,CC(C)Cc1cc(Oc2ccccc2)ccc1OCCCOc1ccc([C@@H]2SC(=O)NC2=O)cc1,,,0
,CCCC(CCC)C(=O)OCC1(CO)C/C(=C/c2ccc(-c3ccc(C(F)(F)F)cc3)cc2)C(=O)O1,,,0
,COc1cccc2c1[C@H](O)[C@]1(O)CC(=O)C(C)=C([C@@H](Sc3ccccc3)[C@@H]2OCCOCc2ccccc2)C1(C)C,,,0
,C[C@@H](Oc1cc(F)ccc1Nc1ncnc2cc(N=S3(=O)CCC3)cc(F)c12)C(=O)NC(CF)CF,,,0
,CCOC(=O)CN1C(=O)S/C(=C\c2ccc(-c3cc(C(=O)O)ccc3OCc3ccccc3)o2)C1=O,,,0
,C[C@H]1CN([C@@H](C)CO)C(=O)Cc2cc(NS(=O)(=O)c3ccc(Cl)cc3)ccc2O[C@H]1CN(C)Cc1ccccc1,,,0
,Cc1cccc(NC(=O)N[C@H](COCc2ccccc2)C(=O)N2CCCC(C(=O)Nc3ccccc3)C2)c1,,,0
,COc1ccccc1C(=O)NCCNc1cc(C)ccc1NS(=O)(=O)c1cc(C(C)C)c(C)cc1OC,,,0
,O=C(NCc1ccccc1)c1ccc(COc2ccc(CNC(=O)[C@@H]3CCC(=O)N3Cc3ccccc3)cc2)cc1,,,0
,COc1ccccc1OCCNc1cnn(Cc2ccc(OC)c(OC3CCCC3)c2)c(=O)c1Cl,,,0
,CCOC(=O)C1=C(Nc2ccc(F)cc2)S/C(=C/c2[nH]c(C)c(C(=O)NCCN(CC)CC)c2C)C1=O,,,0
,CCc1cccc(-c2c(F)cccc2C(O)(CCCNC(=O)OC)[C@@H]2CCCN(C(=O)CC3CCCN3)C2)c1,,,0
,CCCn1nc(C(C)C)c(C(N)=O)c1Cc1ccc(-c2ccccc2NS(=O)(=O)C(F)(F)F)cc1,,,0
,CC(C)CC(NC(=O)c1cc(COc2ccccc2)ccc1CCC(=O)O)c1ccc(F)c(Cl)c1,,,0
,CCC(C)C(=O)c1c(O)c(C/C=C(\C)CCC=C(C)C)c(O)c2c([C@H](CC)OC(C)=O)cc(=O)oc12,,,0
,CCCCC/C(=N\S(=O)(=O)Cc1ccc(F)cc1)Nc1ccc(Oc2ncnc3ccsc23)c(F)c1,,,0
,C=C(C)[C@@H](O)CC[C@@H](COC(C)=O)[C@H]1CC[C@@]2(C)[C@@H]3CC[C@@H](C(=C)C)[C@@]4(CCC(=O)O)C[C@@]34CC[C@]12C,,,0
,CC(C)(C)OC(=O)N(CCc1ccccc1)Cc1ccccc1OCc1ccc(NC(=O)C2CCCC2)cc1,,,0
,CCN(CC)CCNCc1c(C)[nH]c(/C=C2\C(=O)Nc3ccc(-c4ccc(-c5cccs5)s4)cc32)c1C,,,0
,CCC(CC)(Cc1nc2ccc(OCc3ccc(C)cn3)cc2n1Cc1ccc(OC(F)(F)F)c(Cl)c1)C(=O)O,,,0
,COc1ccc(-c2ccc(CN(CCC3CCN(Cc4ccc(C)cc4)CC3)C(=O)NC(C)C)cc2)cc1,,,0
,CCOc1ccc(-n2cc(-c3ccccc3)nc2[C@@H](C)N(C[C@@H]2CCCN2)C(=O)Cc2ccc(F)c(C(F)(F)F)c2)cc1,,,0
,CC(C)=CCC/C(C)=C/CC1Cc2c(OC(=O)Nc3ccc(F)c(F)c3)cc(=O)n(CCCO)c2CC1(C)C,,,0
,CCC[C@@H](CNc1ccc(OC(F)(F)F)cc1)NC(=O)O[C@@H](CC1CCCCC1)C(=O)N1CCOCC1,,,0
,CCCCN(CCCC)C(=O)CN1C[C@H](c2ccc3c(c2)OCO3)[C@@H](C(=O)O)[C@@H]1c1ccc(F)c(F)c1,,,0
,C/C(=C/CP(=O)(N[C@@H](C)C(=O)OCc1ccccc1)Oc1cccc2c1CCCC2)Cn1cc(C)c(=O)[nH]c1=O,,,0
,CCN(CC)CCCS(=O)(=O)c1ccc2nc(NC(=O)NC(=O)c3cc(-n4cccc4)ccc3Cl)sc2c1,,,0
,COc1ccc(NC(=O)NCCNS(=O)(=O)c2ccc(-c3ccccc3OCc3ccccc3)s2)cc1,,,0
,CCCc1cc(C(O)(C(F)(F)F)C(F)(F)F)ccc1OCCCCN1C(=O)NC(C)(c2ccc3c(c2)OCCO3)C1=O,,,0
,COC(=O)[C@@]12C[C@@H](CC(=O)NCCCCc3ccccc3)C(=O)N(Cc3ccco3)C1=CCC(C)(C)C2,,,0
,COc1ccc(-n2cc(-c3cccc(OC)c3)nc2NC(=O)CN(CC2CC2)S(=O)(=O)c2ccc(Cl)cc2)cc1,,,0
,CCN(CC)CCn1ncc2cc(Nc3nccc(-c4cn(S(=O)(=O)CC)c5ccccc45)n3)cc(Cl)c21,,,0
,CCc1cccc(-c2c(Cl)cccc2C(O)(CCCNC(=O)OC)[C@@H]2CCCN(C(=O)[C@@H]3CC[C@H](NC)C3)C2)c1,,,0
,COc1c(C2COc3cc(O)c(CC=C(C)C)c(O)c3C2=O)ccc(O)c1CC=C(C)C,,,0
,O=C(/C=C/c1ccccc1)SC(Cn1ccnc1)c1ccc(Cl)cc1Cl.O=[N+]([O-])O,,,0
,COC[C@@H]1C2=C(O)C(CC=C(C)C)(CC=C(C)C)C(=O)C(C(=O)C(C)C)=C2OC1(C)C,,,0
,CCCCC(CC)Nc1nc(C)nc2c1nnn2-c1ccc(C(C)C)cc1Br,,,0
,COc1ccc2c(Sc3ccccc3)c(C(=O)NCc3cccc(OC)c3OC)[nH]c2c1,,,0
,C[C@H](NC(=O)c1c(CCc2ccc(F)cc2)sc2c1CC(C)(C)OC2)c1ccc(C(=O)O)cc1,,,0
,CN(C)CCN(C)[C@H]1COc2ccccc2-c2c(C3CCCCC3)c3ccc(C(=O)O)cc3n2C1,,,0
,CC(C)Cc1cccc(-c2csc(NC(=O)c3ccc(Nc4ccncn4)cc3)n2)c1F,,,0
,Cc1cccc(-c2ncc(NC(=O)CCc3cccc(Cl)c3)nc2-c2cccnc2)c1,,,0
,COc1cc(N(CC2CC2)c2ccc(Cl)c3ccccc23)ccc1C(=O)C1CC1C(=O)O,,,0
,CCCCNc1c(-c2ccc(OC)c(Sc3ccc(OC)cc3)c2)nc2cnccn12,,,0
,COc1cc(C)ccc1OCCSc1nc2ccc(NC(=O)c3ccc(C)cc3)cc2s1,,,0
,CC(C)(C)c1cc(-c2cc(-c3ccc(C(=O)O)cc3)ccc2OCCCO)ccc1N1CCCC1,,,0
,COc1cc(C2Nc3ccccc3C(=O)N2Cc2ccccc2)ccc1OCc1ccccc1,,,0
,C/C=C/C(=O)Nc1cccc(Oc2nc(Nc3cccc(OC)c3)nc3ccsc23)c1,,,0
,CCN(CC)c1cccc(Oc2ncccc2/C(=N/O)NC2CC(C)CC(C)(C)C2)c1,,,0
,CCCCCC1CCc2nc(C3(COC)CCCC3)c(-c3nnn[nH]3)c(-c3ccccc3)c2C1,,,0
,COCCCNc1nc2cc(C)c(C)cc2n1CC(=O)c1cc(C(C)(C)C)c(O)c(C(C)(C)C)c1,,,0
,CCN(CC)c1ccc(Nc2nc(-c3ccc(-n4cnc(C)c4)nc3)cs2)c(C)c1,,,0
,CCSc1nc2ccc(/N=C\c3ccc(NS(=O)(=O)c4ccccc4)cc3O)cc2s1,,,0
,CC(C)(Cc1nc2cc(OCc3ccc4ccccc4n3)ccc2n1Cc1ccc(F)cc1F)C(=O)O,,,0
,O=C(NCc1ccccc1OCC(F)(F)F)c1nn(-c2ccccc2F)c(-c2ccccc2)c1C(F)F,,,0
,Cc1cc(C)cc([C@@H](CC(C)C)NC(=O)c2cc(Oc3ccccc3)ccc2CCC(=O)O)c1,,,0
,CCc1ccc(-c2cccc(C(=O)Cc3c(CC=C(C)C)c(OC)cc(O)c3C(=O)O)c2)cc1,,,0
,CSc1sc(C(=N)N)cc1-c1nc(-c2cnn(-c3ccccc3)c2OCCC(C)C)cs1,,,0
,CCOc1ccc(CC(=O)Nc2c(C(=O)c3ccccc3)oc3ccc(Cl)cc23)cc1OCC,,,0
,C[C@H](CC(=O)O)c1ccc(OCc2ccc3c(-c4ccc(O)cc4)nn(C4CCCC4)c3c2)cc1,,,0
,COc1cc2ccc(C#N)cc2cc1[C@@H](c1cccc(C)c1)[C@@](O)(CCN(C)C)c1cccc2ccoc12,,,0
,C[C@]1(C(=O)O)CCc2ccc(OCCCOc3ccc(C4CCCC4)cc3Cl)cc2O1,,,0
,Cc1c(NC(=O)C(c2ccc(-c3cncc(Cl)c3)cc2)C2CCCC2)cccc1N(C)CC(=O)O,,,0
,COc1ccc(-c2sc3cc(O)ccc3c2Oc2ccc(OCCN3CCCCC3)cc2)cc1,,,0
,Cc1c(C)n(Cc2cccc(OCC#N)c2)c2ccc(C(=O)N[C@@H](C)c3cccc(C(C)C)c3)cc12,,,0
,COc1ccc2cc(-c3c(C)c(-c4ccccc4)nn3C(C)c3ccc(C(=O)NCCC(=O)O)cc3)ccc2c1,,,0
,CC1CCCCN1CCC/N=c1\cc2n(-c3ccccc3)c3ccccc3nc-2cc1Nc1ccccc1,,,0
,CCCC(=O)O[C@@H]1C[C@@H]2[C@@]3(C)CC[C@H](O)C(C)(C)[C@@H]3CC[C@@]2(C)[C@]2(C)CC[C@H]([C@](C)(O)CCCC(C)(C)O)[C@@H]12,,,0
,CCN(CC)Cc1cccc(-c2cc3c(-c4ccc(C(=O)O)c(C(C)C)c4)ccnc3[nH]2)c1OC,,,0
,CC(C)NCCC(CNC(=O)Nc1cc(Cl)cc(Cl)c1)c1ccc(-c2cccc(C#N)c2)cc1,,,0
,Cc1ccc(-c2cc(Br)ccc2OCc2ccccc2)n1-c1ccc(OC(F)F)c(C(=O)O)c1,,,0
,Cc1cccc(C)c1NC(=O)C(CCc1ccccc1)n1c(=O)c(-c2ccccc2)nc2ccccc21,,,0
,CC[C@@H](CNc1nccs1)N1C(=O)[C@@H](CC(=O)O)C[C@H](c2cccc(Cl)c2)[C@H]1c1ccc(Cl)cc1,,,0
,COc1ccccc1N/N=C(\C)c1ccc(-c2ccc(/C(C)=N/Nc3ccccc3OC)cc2)cc1,,,0
,O=C(/C=C/c1cccc(-c2ccc3ncnc(Nc4ccc(OCc5cccc(F)c5)c(Cl)c4)c3c2)c1)NO,,,0
,CCC(CC)(NC(=O)c1c(C)nn2c1N[C@@H](c1ccccc1)CC2(C)C)c1ccc(Cl)c(OC)c1.Cl,,,0
,Cc1ccc(-c2ccc(NCc3ccc(Cl)cc3-c3ccc(C(=O)NCCC(=O)O)nc3)cc2Cl)cc1,,,0
,Cn1c(-c2ccc(Cl)cc2)c(CCC(=O)N2CCC(O)(Cc3ccccc3)CC2)c2cc(-c3cccnc3)ccc21,,,0
,COc1ccc(-c2ccc(Oc3cccc(C)c3C)c(NC(=O)Nc3ccc(C)cc3)c2)cc1C(=O)O,,,0
,CCCCNC(=O)O[C@@H]1CC[C@@]2(C)[C@H](CC[C@@H]3[C@@H]2CC[C@]2(C)[C@@H]([C@H](C)CCC(=O)O)CC[C@@H]32)C1,,,0
,CCc1c(CCCC(=O)O)cccc1-c1nsc(-c2ccc(N3CCCCC3)c(C(F)(F)F)c2)n1,,,0
,COc1ccc(/N=C2\S/C(=C\c3ccc(Oc4ccccc4)cc3)C(=O)N2Cc2ccc(C(=O)O)cc2)cc1,,,0
,Cc1c(C)n(C(C)c2cccc(O[C@@H](C)C(=O)O)c2)c2ccc(C(=O)N[C@@H](C)c3cccc(C4CC4)c3)cc12,,,0
,CCCC(=O)Nc1ccc(OCCCN(Cc2ccccc2F)c2ccc(C#N)c(C(F)(F)F)c2)cc1,,,0
,COC(=O)c1cc2c(c(OC)c1OC)[C@H](C)C[C@@H](OC(=O)Nc1cccc(Cl)c1)[C@H]2[C@@H](C)CCC=C(C)C,,,0
,O=C(NC(Cc1ccccc1)P(=O)(Oc1ccccc1)Oc1ccccc1)OCc1ccccc1,,,0
,COc1c(C2CCN(CCCCNC(=O)c3cc(-c4ccc(Cl)cc4)oc3C)CC2)ccc2c1CCCC2,,,0
,CCN(CC)CCCCNc1nc(/C=C/c2c(Cl)cc(Cl)cc2Cl)nc2ccc(N)cc12,,,0
,Cc1cc(Cl)c(OCCOc2ccc([C@H]3CCNC[C@@H]3C(=O)N(Cc3cccc(C)c3C)C3CC3)cc2)c(Cl)c1,,,0
,O=C(O)Cc1ccc(OCc2ccccc2Cl)c(-c2cc(-c3ccc(F)cc3)n(Cc3ccccc3)n2)c1,,,0
,CCCc1c(O)c(CCCOc2ccc(C3N=NN=N3)cc2)cc2c1CC(CCc1ccccc1)O2,,,0
,CCN(CC)[C@H]1CC[C@@H](Nc2c(C(=O)C3CC3)cnc3ccc(-c4cc(Cl)c(O)c(OC)c4)cc23)CC1,,,0
,CCCc1cc(Oc2ccc(C(C)(C)C)cc2)ccc1OCCCOc1cccc(C2SC(=O)NC2=O)c1,,,0
,CN(C)C(=O)c1cccc(Nc2nsnc2N[C@@H](c2cc3ccccc3o2)C(C)(C)C)c1O,,,0
,CCCn1cc(Cc2ccc(C(=O)O)cc2OC)c2cc(NC(=O)OC3CCCC3)ccc21,,,0
,CC(C)(O)[C@H]1CC[C@H](Nc2ncc3nc(Nc4ccc(F)cc4F)n(C4CCCC4)c3n2)CC1,,,0
,COc1ccc(Nc2ncc3nc(Nc4ccccc4F)n(-c4ccccc4)c3n2)cc1,,,0
,COc1cccc(C)c1C(=O)Nc1cc(C#N)ccc1N1CCC(Oc2ccc(F)cc2F)CC1,,,0
,COc1ccc(NC(=O)CSc2nc(-c3ccccc3)[nH]c2-c2ccccc2)cc1OC,,,0
,COc1cc(C(=O)Nc2ccc3oc(-c4ccc(C)c(Br)c4)nc3c2)cc(OC)c1OC,,,0
,CC[C@]1(O)CC[C@H](c2cccnc2Oc2ccc(C(=O)c3nc4ccccc4[nH]3)cc2)CC1,,,0
,Cc1cc(Nc2cc(-c3ccccc3)[nH]n2)n2nc(SCc3ccccc3Br)nc2n1,,,0
,COc1cc(C(=O)Nc2c(C(=O)c3ccc(Cl)cc3)[nH]c3cc(C)ccc23)cc(OC)c1OC,,,0
,CCc1ccc(S(=O)(=O)NC[C@H]2O[C@@H](C)[C@@H](O)[C@@H](O)[C@@H]2O)s1,,,0
,C[C@@H](O)[C@H](N)C(=O)NC/C=C/Cn1cnc2cnc(Cl)cc2c1=O,,,0
,CC(N)CC[S+](C)C[C@H]1O[C@@H](n2cnc3c(N)ncnc32)[C@H](O)[C@@H]1O,,,0
,COc1cccc(C(=O)N[C@@H]2[C@H](O)[C@@H](CO)O[C@H]2c2nc(C(N)=O)cs2)c1,,,0
,Nc1ncnc2c1ncn2[C@@H]1O[C@H](CS[C@@H]2CCC[C@@H]2N)[C@@H](O)[C@H]1O,,,0
,COc1ccc(NC(=S)NC[C@H]2O[C@@H](C)[C@@H](O)[C@@H](O)[C@@H]2O)cc1,,,0
,O=P([O-])(O)C(O)(C[n+]1ccc(-c2ccncc2)cc1)P(=O)(O)O,,,0
,Cc1ccc(S(=O)(=O)NC(P(=O)(O)O)P(=O)(O)O)cc1,,,0
,NCCC[n+]1c(N)n(Cc2ccccc2)c2ccccc21.O=C([O-])C(=O)O,,,0
,CC(C)C[C@@]1(NC(=O)[C@@H]2CCCN2)C[C@H]2SC[C@H](C(N)=O)N2C1=O,,,0
,COc1cccc2c1CC[C@H](NS(=O)(=O)Cc1ccccc1)C(=O)N2CC(=O)N[C@H]1CCCN(C(=N)N)C1O,,,0
,Cn1c(C(=O)NCCCC2(NCCS(=O)(=O)O)NC(=N)NC2=O)cc(Br)c1Br,,,0
,Nc1ncnc2c1c(SCCc1ccccc1)nn2[C@@H]1O[C@H](COS(N)(=O)=O)[C@@H](O)[C@H]1O,,,0
,NC(=O)[C@@H]1CCCN1C(=O)[C@H](Cc1ccccc1)NC(=O)C1COCN1C(=O)[C@@H](N)Cc1ccc(O)cc1,,,0
,CC[C@H](C)[C@H](N)C(=O)NCC(=O)N[C@H]1C[C@@H](C(=O)NO)N(S(=O)(=O)c2ccc(C)cc2)C1.Cl,,,0
,Nc1ncnc2c1nc(SCC(=O)NCCc1ccc(Br)cc1)n2[C@@H]1O[C@H](CO)[C@@H](O)[C@H]1O,,,0
,Cl.N[C@@H](Cc1ccccc1)C(=O)NCC(=O)N[C@H]1C[C@@H](C(=O)NO)N(S(=O)(=O)c2ccc(Cl)cc2)C1,,,0
,Cc1cc(O)cc(C)c1C[C@H](N)C(=O)N1Cc2ccccc2C[C@H]1C(=O)N[C@@H](CC(N)=O)C(=O)O,,,0
,COCCN(C(=O)CSc1nc(N)cc(O)n1)c1c(N)n(Cc2ccccc2)c(=O)[nH]c1=O,,,0
,C[C@@H]1C(=O)N[C@H](C)C(=O)N[C@H](C)C(=O)N[C@H](Cc2ccccc2)C(=O)N[C@@H]1C/C=C\CCC(N)=O,,,0
,COC(=O)[C@@H](N)CCCNC(=N)NC(=O)COc1ccc(C2=NC(C)(C)C(C)(C)N2O)cc1,,,0
,NCCCCNC(=O)CC1CN[C@H](C(=O)N2CCC(c3ccccc3)C2)[C@@H](C(=O)NO)C1,,,0
,CN(C(=O)[C@@H]1CCCN1C(=O)[C@@H](N)Cc1ccc(O)cc1)[C@H](Cc1ccccc1)C(=O)N1CCC[C@H]1C(N)=O,,,0
,CC(=O)N1CCN(C(=O)C(CCCN=C(N)N)NS(=O)(=O)c2cccc3c(N(C)C)cccc23)CC1,,,0
,C=CC1C(CC2=NCCc3c2[nH]c2ccccc32)C(C(=O)OC)=CO[C@H]1O[C@@H]1O[C@H](CO)[C@@H](O)[C@H](O)[C@H]1O,,,0
,O=C(C[C@H]1C(=O)Nc2ccccc21)OC[C@H]1O[C@@H](OCCc2ccc(O)cc2)[C@H](O)[C@@H](O)[C@@H]1O,,,0
,CC1=C(C(=O)N[C@@H](Cc2ccccc2)C(=O)O)N2C(=O)[C@@H](NC(=O)[C@@H](N)CC(C)C)[C@H]2SC1,,,0
,Nc1ncnc2c1ncn2[C@@H]1O[C@H](CSCCCNCC2CNCc3ccccc32)[C@@H](O)[C@H]1O,,,0
,COC(=O)[C@@H](CO)NC(=O)[C@@H]1Cc2c([nH]c3ccccc23)[C@@H](c2cc(OC)c(O)c(OC)c2)N1,,,0
,CC(=O)N[C@@H]1[C@@H](O)[C@H](O)[C@@H](CO)O[C@H]1N([C@@H](C(=O)O)C(C)C)S(=O)(=O)c1ccc(-c2ccccc2)cc1,,,0
,CC(C)C[C@H]1CC(=O)N[C@@H](C)C(=O)N[C@@H](CSCC(=O)O)C(=O)N[C@@H](Cc2c[nH]c3ccccc23)C(=O)N1,,,0
,Cn1/c(=N\N=C(\CNCCO)[C@@H](O)[C@@H]2OC(c3ccccc3)OC[C@H]2O)sc2ccccc21,,,0
,C#CCN(Cc1ccc2nc(N)nc(O)c2c1)c1ccc(C(=O)NC(CC(=O)O)C(=O)O)cc1,,,0
,COc1ccc(Cn2c(=O)nc(NCCNC(=N)N)n(Cc3ccc(Cl)cc3)c2=O)cc1,,,0
,NS(=O)(=O)OC[C@H]1C[C@@H](Nc2ncncc2C(=O)c2ccn(Cc3ccccc3)c2)C[C@@H]1O,,,0
,OC[C@H]1OC(n2cnc3c(NCCc4ccccc4)nc(NCCc4ccc(O)cc4)nc32)[C@H](O)[C@@H]1O,,,0
,NS(=O)(=O)c1ccc(CCNC(=O)CN2C(=O)NC(c3ccccc3)(c3ccccc3)C2=O)cc1,,,0
,COC(OC)[C@]1(C)Oc2ccc(NS(C)(=O)=O)cc2[C@H](/N=C(\NC#N)NCc2ccccc2)[C@@H]1O,,,0
,Cc1c(C(=O)NCCO)sc2ncnc(Nc3ccc(F)cc3OC(C)C(=O)NCCN)c12,,,0
,CCC(C)[C@H](N)C(=O)NS(=O)(=O)OC[C@H]1O[C@@H](c2nc(-c3cccc(OC)c3)cs2)[C@H](O)[C@@H]1O,,,0
,C=C1CC[C@]2(O)[C@]3(C)C[C@]4(O)O[C@@]2([C@@H]1O)[C@]1(NNC(N)=O)O[C@@]3(O)[C@H](OC(=O)c2ccc[nH]2)[C@](O)(C(C)C)[C@@]14C,,,0
,C=C1CC[C@]2(O)[C@]3(C)C[C@]4(O)O[C@@]2([C@@H]1O)[C@]1(O)O[C@@]3(NNC(N)=O)[C@H](OC(=O)c2ccc[nH]2)[C@](O)(C(C)C)[C@@]14C,,,0
,CC(=O)N[C@@H]1CSSc2ccccc2NC(=O)[C@@H](CC(=O)O)NC(=O)CNC(=O)[C@@H](CCCN=C(N)N)N(C)C1=O,,,0
,CC(=O)N[C@@H]1CSSc2ccccc2NC(=O)[C@@H](CC(=O)O)NC(=O)CNC(=O)[C@@H](CCCN=C(N)N)NC1=O,,,0
,CC(=O)N[C@H]1CSC(=O)[C@H](Cc2ccccc2)NC(=O)[C@H](Cc2ccc(O)cc2)NC(=O)CNC(=O)[C@H](CC(N)=O)NC1=O,,,0
,CC(=O)N[C@H]1CSC(=O)[C@H](Cc2ccccc2)NC(=O)[C@H](Cc2ccc(O)cc2)NC(=O)[C@H](C)NC(=O)[C@H](CC(N)=O)NC1=O,,,0
,CC(C)C[C@@H]1NC(=O)CNC(=O)[C@H](Cc2ccc(O)cc2)NC(=O)CNC(=O)[C@@H](N)CSSC[C@@H](C(=O)O)NC1=O,,,0
,CC(C)C[C@@H]1NC(=O)[C@H](C)NC(=O)CNC(=O)[C@@H]2CCCN2[C@H](C(=O)NC(C)(C)C)[C@H](C)NC(=O)[C@H](CCCCN)NC1=O,,,0
,CC(C)C[C@H]1NC(=O)CNC(=O)[C@@H](CO)NC(=O)[C@H](CC(=O)O)NC(=O)[C@H](Cc2c[nH]c3ccccc23)NC1=O,,,0
,CC(C)C[C@H]1NC(=O)[C@H]([C@H](C)O)NC(=O)[C@@H](C)NC(=O)[C@H](CC(=O)O)NC(=O)[C@H](Cc2c[nH]c3ccccc23)NC1=O,,,0
,CSCCCCN=C=S,,,0
,C#CCN(C)[C@H](CF)Cc1ccccc1,,,0
,C#CCN([11CH3])[C@H](C)Cc1ccccc1,,,0
,COc1ccc(CCCN(C)C)cc1,,,0
,CCCCCC(C)=O,,,0
,CCSCC[N+](C)(C)C,,,0
,CCCCC/C=C/CO,,,0
,CCCC(C(=O)O)C(C)C,,,0
,CCCCCCC#CC(=O)OC,,,0
,CCCCOC(=O)CCS,,,0
,N=C(N)NCCC[C@H]1C(=O)N(C(=O)c2ccc(-c3ccccc3)cc2)[C@@H]1C(=O)O,,,0
,Nc1cc(O)nc(SCC(=O)Nc2nnc(-c3ccccc3)s2)n1,,,0
,COc1cc(NCC2CCc3nc(N)nc(N)c3C2)cc(OC)c1OC,,,0
,N[C@H](CO)Cc1nc(-c2ccc(Oc3ccc(-c4cc[nH]n4)cn3)cc2)no1,,,0
,NC(=O)c1ccccc1NC(=O)CN1C(=O)S/C(=C/c2ccc(O)cc2)C1=O,,,0
,Nc1ncnc2c1nc(CCOP(=O)(O)O)n2CCc1ccccc1,,,0
,Nc1cnc(-c2ccc(-c3ccccc3S(=O)(=O)NCCO)cc2F)cn1,,,0
,C[C@H](NC(P(=O)(O)O)P(=O)(O)O)c1cccc2ccccc12,,,0
,NC(=O)c1cnc(N[C@H]2CC[C@H](OC(F)F)CC2)nc1N[C@@H]1CCC[C@H](O)C1,,,0
,CCn1c(-c2ccccc2)cs/c1=N\C(P(=O)(O)O)P(=O)(O)O,,,0
,C=C1CC[C@]2(O)[C@]3(C)C[C@]4(O)O[C@@]2([C@@H]1O)[C@]1(O)O[C@@]3(NN)[C@H](OC(=O)c2ccc[nH]2)[C@](O)(C(C)C)[C@@]14C,,,0
,CC(=O)Nc1ccc2c(c1O)C(=O)C1=C(O)[C@]3(O)C(O)=C(C(N)=O)C(=O)[C@@H](N(C)C)C3[C@@H](O)C1[C@H]2C,,,0
,CC1=C(C(=O)NNC(N)=S)C(c2ccc([N+](=O)[O-])cc2)C(C(=O)NNC(N)=S)=C(C)N1,,,0
,CN(C(=O)CC(N)c1cccc(NC(=N)N)c1)C1CN=C(NC(N)=O)NC1=O.Cl.Cl,,,0
,CN(C)c1cc(NC(=O)CN)c(O)c2c1CC1CC3[C@H](N(C)C)C(=O)C(C(N)=O)=C(O)[C@@]3(O)C(=O)C1=C2O,,,0
,CN(C)c1cc(NC(=O)CN)c(O)c2c1C[C@H]1C[C@H]3[C@H](N(C)C)C(O)=C(C(N)=O)C(=O)[C@@]3(O)C(O)=C1C2=O,,,0
,C[C@H]1c2ccc(NC=O)c(O)c2C(=O)C2=C(O)[C@]3(O)C(O)=C(C(N)=O)C(=O)[C@@H](N(C)C)C3[C@@H](O)C21,,,0
,N#CC1=C(NC[C@]2(O)O[C@H](O)[C@@H](O)[C@@H](O)[C@H]2O)Oc2[nH]c(=S)[nH]c(=O)c2C1c1ccc(Cl)cc1,,,0
,N.N.O=C(CBr)c1cn(C2CC(O)C(OP(=O)(O)O)O2)c(=O)[nH]c1=O,,,0
,N=C1/C(=N\Nc2ccc(S(N)(=O)=O)cc2)C(N)=NN1c1ccc(S(N)(=O)=O)cc1,,,0
,C/C(=N\Nc1nc(N)c2ncn(C3O[C@H](CO)[C@@H](O)[C@H]3O)c2n1)c1cccs1,,,0
,Nc1nc(N/N=C/c2ccc(Br)cn2)nc2c1ncn2[C@@H]1O[C@H](CO)[C@@H](O)[C@H]1O,,,0
,Cn1ccc(-c2cn([C@@H]3O[C@H](C(=O)NC[C@H]4CC[C@H](O)CC4)[C@@H](O)[C@H]3O)c3ncnc(N)c23)n1,,,0
,N#Cc1c(N)n([C@@H]2O[C@H](COC(=O)c3ccccc3)[C@@H](O)[C@H]2O)c2ncnc(N)c12,,,0
,Nc1ncnc2c1nc(-c1ccccc1)n2[C@@H]1O[C@H](COP(=O)(O)O)[C@@H](O)[C@H]1O,,,0
,Nc1nc(NC(=O)CC2CCCCC2)nc2c1ncn2[C@@H]1O[C@H](CO)[C@@H](O)[C@H]1O,,,0
,CC(C)[C@@]1(O)[C@@H](OC(=O)c2ccc[nH]2)[C@@]2(O)[C@@]3(C)C[C@]4(O)O[C@@]5(C(=O)[C@@H](C)CC[C@]35O)[C@@]2(O)[C@]14C,,,0
,Brc1c(NC2=NCCN2)ccc2nccnc12.O=C(O)C(O)C(O)C(=O)O,,,0
,C=C1CCC2(O)C3(OC4(O)C[C@]2(C)C2(O)[C@H](OC(=O)c5ccc[nH]5)C(O)(C(C)C)C4(C)C32O)[C@@H]1O,,,0
,CN(C)c1ccc(O)c2c1CC1CC3[C@@H](N(C)C)C(O)=C(C(N)=O)C(=O)[C@]3(O)C(O)=C1C2=O,,,0
,C1CNCCN1.COc1cc(C(O)CO)ccc1O.COc1cc(C(O)CO)ccc1O,,,0
,CC(=O)N[C@H]1[C@H]([C@H](O)[C@H](O)CO)OC(C(=O)O)=C[C@@H]1NC(=O)Nc1ccc(Cl)cc1,,,0
,CC(=O)N[C@H]1[C@H]([C@H](O)[C@H](O)CO)OC(C(=O)O)=C[C@@H]1NC(=O)Nc1ccccc1Cl,,,0
,CC(=O)N[C@H]1[C@H]([C@H](O)[C@H](O)CO)OC(C(=O)O)=C[C@@H]1NC(=S)Nc1ccc(C(F)(F)F)cc1,,,0
,CC(=O)N[C@H]1[C@H]([C@H](O)[C@H](O)CO)OC(C(=O)O)=C[C@@H]1NC(=S)Nc1cccc(C(F)(F)F)c1,,,0
,CC(=O)c1cc(-c2csc(NC(=O)C(=O)O)n2)ccc1O.NCCO.NCCO,,,0
,CC(=O)c1cccc(N[C@H]2[C@H](N)[C@@](NC(=O)N3CCCC3)([C@H](C)O)[C@@](C)(O)[C@@]2(O)CO)c1,,,0
,CC(=O)c1cccc(N[C@H]2[C@H](N)[C@@](NC(=O)N3CCCCC3)([C@H](C)O)[C@@](C)(O)[C@@]2(O)CO)c1,,,0
,CC(NC(=O)c1ccc(N(C)Cc2cnc3nc(N)nc(N)c3n2)cc1)C(=O)O.O,,,0
,CC1=C(NN)SC(NNS(=O)(=O)c2ccc3[nH]c(=O)c(=O)[nH]c3c2)N1C(=O)c1ccccc1,,,0
,Cl.NC1=NCCc2ccccc21,,,0
,NC1CCc2c[nH]cc2C1,,,0
,O=c1[nH]cnc2c(Cl)nccc12,,,0
,Cn1cc2ccc(CN)cc2n1,,,0
,CC(C)(C)C1CCC(O)C(N)C1,,,0
,O=C1CC(c2ccccc2)=NN1,,,0
,CN1CC=CC=C1/C=N/O,,,0
,Nc1ccc2[nH]ccc(=O)c2c1,,,0
,CCOC(=O)N(C)C1CCNCC1,,,0
,ONCc1ccc2c(c1)OCO2,,,0
,CCN1CCCC1c1cccnc1,,,0
,O=CN(C1CCC1)C1CCC1,,,0
,CC(=O)CC(=O)C1CC(C)CCC1=O,,,0
,CC[n+]1cccc(Br)c1,,,0
,C=C(C)n1c(O)nc2ccccc21,,,0
,c1ccn(CCc2ccncc2)c1,,,0
,C=CCCC1CCCNC1=S,,,0
,Cn1c(CN)nc2cc(Cl)ccc21,,,0
,Fc1cccc(N2CC3CC2CN3)c1,,,0
,N#Cc1cccc(Cc2ncccn2)c1,,,0
