id,smiles,inchikey,category,activity
PT_0006,C=CC(C)(O)CCC=C(C)C,CDOSHBSSFJOMGT-UHFFFAOYSA-N,natural,1
PT_0007,CC(=O)OC/C=C(\C)CCC=C(C)C,HIGQPQRQIQDZMP-DHZHZOJOSA-N,natural,1
PT_0008,CC1=CCC(C(C)C)=CC1,YKFLAYDHMOASIY-UHFFFAOYSA-N,natural,1
PT_0012,CN1CCc2cc3c(c4c2[C@H]1Cc1ccccc1-4)OCO3,JCTYWRARKVGOBK-CQSZACIVSA-N,natural,1
PT_0013,COc1cc2c3cc1Oc1c(OC)c(OC)cc4c1[C@@H](Cc1ccc(O)c(c1)Oc1ccc(cc1)C[C@@H]3N(C)CC2)N(C)CC4,DFOCUWZXJBAUSQ-URLMMPGGSA-N,natural,1
PT_0014,COc1cc2c3cc1Oc1c(OC)c(OC)cc4c1[C@H](Cc1ccc(cc1)Oc1cc(ccc1O)C[C@H]3N(C)CC2)N(C)CC4,HGNHIFJNOKGSKI-WDYNHAJCSA-N,natural,1
PT_0015,COc1ccc2cc1Oc1ccc(cc1)C[C@H]1c3cc(c(OC)cc3CCN1C)Oc1c(OC)c(OC)cc3c1[C@H](C2)N(C)CC3,WVTKBKWTSCPRNU-KYJUHHDHSA-N,natural,1
PT_0016,COc1ccc2cc1Oc1ccc(cc1)C[C@H]1c3cc(c(OC)cc3CCN1C)Oc1c(O)c(OC)cc3c1[C@H](C2)N(C)CC3,IIQSJHUEZBTSAT-VMPREFPWSA-N,natural,1
PT_0017,COc1cc2c(cc1O)[C@@H](Cc1ccc(OC)c(Oc3ccc(C[C@H]4c5cc(O)c(OC)cc5CCN4C)cc3)c1)N(C)CC2,ZKGBUDJODLZAHS-IOWSJCHKSA-N,natural,1
PT_0018,C=C1C(OC(=O)CC(c2ccccc2)N(C)C)CCC2(C)C(O)C(OC(C)=O)C3=C(C)C(=O)CC(O)(C(O)C12)C3(C)C,XMZFIBDTPOUHMW-UHFFFAOYSA-N,natural,1
PT_0033,COc1cc2c(c(O)c1OC)C(=O)C[C@@H](c1cc(O)ccc1O)O2,LJTSNTOXRSAZNS-LBPRGKRZSA-N,natural,1
PT_0039,O=C1C=CC[C@H](C[C@@H](O)CCc2ccc(O)cc2)O1,ILSJICRXKSNXIV-UONOGXRCSA-N,natural,1
PT_0063,CC#CC#CC#Cc1ccccc1,ACKWHAMNCLDPRO-UHFFFAOYSA-N,natural,1
PT_0064,CCCCC/C=C\C/C=C\CCCCCCCC(=O)O,OYHQOLUKZRVURQ-HZJYTTRNSA-N,natural,1
PT_0073,CC12CCC(CC1=O)C2(C)C,DSSYKIVIOFKYAU-UHFFFAOYSA-N,natural,1
PT_0074,C=C1C2CCC(C2)C1(C)C,CRPUJAZIXJMDBK-UHFFFAOYSA-N,natural,1
PT_0075,C=C(C)C1CC=C(C)C(=O)C1,ULDHMXUKGWMISQ-UHFFFAOYSA-N,natural,1
PT_0076,CC12CCC(CC1)C(C)(C)O2,WEEGYLXZBRQIMU-UHFFFAOYSA-N,natural,1
PT_0077,Cc1ccc(C(C)C)cc1,HFPZCAJZSCWRBC-UHFFFAOYSA-N,natural,1
PT_0078,COc1c2ccoc2cc2cc(C)oc(=O)c12,BUZQIMYNOWPYHH-UHFFFAOYSA-N,natural,1
PT_0079,C=C(C)C1CC=C(C)CC1,XMGQYMWWDOXHJM-UHFFFAOYSA-N,natural,1
PT_0080,C=CC(=C)CCC=C(C)C,UAHWPYUMFXYFJY-UHFFFAOYSA-N,natural,1
PT_0081,CCCCCCCCCCCCCC(=O)O,TUNFSRHWOTWDNC-UHFFFAOYSA-N,natural,1
PT_0082,CCCCCCCC/C=C\CCCCCCCC(=O)O,ZQPPMHVWECSIRJ-KTKRTIGZSA-N,natural,1
PT_0083,CCCCCCCCCCCCCCCC(=O)O,IPCSVZSSVZVIGE-UHFFFAOYSA-N,natural,1
PT_0084,CC1=CCC(C(C)C)C=C1,OGLDWXZKYODSOB-UHFFFAOYSA-N,natural,1
PT_0085,C=C1C=CC(C(C)C)CC1,LFJQCDVYDGGFCH-UHFFFAOYSA-N,natural,1
PT_0086,CC1=CC=C(C(C)C)CC1,YHQGMYUVUMAZJR-UHFFFAOYSA-N,natural,1
PT_0091,COc1c(O)cc(O)c2c(=O)cc(-c3ccccc3)oc12,XLTFNNCXVBYBSX-UHFFFAOYSA-N,natural,1
PT_0103,O=C1C[C@@H](c2ccc(O)cc2)Oc2cc(O)cc(O)c21,FTVWIRXFELQLPI-ZDUSSCGKSA-N,natural,1
PT_0104,O=C1C[C@@H](c2ccccc2)Oc2cc(O)cc(O)c21,URFCJEUYXNAHFI-ZDUSSCGKSA-N,natural,1
PT_0105,O=c1c(O)c(-c2ccc(O)c(O)c2)oc2cc(O)cc(O)c12,REFJWTPEDVJJIY-UHFFFAOYSA-N,natural,1
PT_0114,O=c1cc(-c2ccc(O)cc2)oc2c(C3OC(CO)C(O)C(O)C3O)c(O)c(C3OC(CO)C(O)C(O)C3O)c(O)c12,FIAAVMJLAGNUKW-UHFFFAOYSA-N,natural,1
PT_0115,CC[C@@H]1CN2CCc3c([nH]c4cccc(OC)c34)[C@@H]2C[C@@H]1/C(=C\OC)C(=O)OC,LELBFTMXCIIKKX-QVRQZEMUSA-N,natural,1
PT_0116,COC(=O)C1=CO[C@@H](C)[C@H]2CN3CC[C@]4(C(=O)Nc5ccccc54)[C@@H]3C[C@H]12,JMIAZDVHNCCPDM-DAFCLMLCSA-N,natural,1
PT_0175,COc1cc(/C=C/C(=O)O[C@H]2[C@H](O[C@@H]3O[C@@H](C)[C@H](O)[C@@H](O)[C@H]3O)[C@@H](O)[C@H](OCCc3ccc(O)c(O)c3)O[C@@H]2CO)ccc1O,ZMYQRHSOVRDQDL-CPPDSBOHSA-N,natural,1
PT_0176,COc1ccc(CCO[C@@H]2O[C@H](CO)[C@@H](OC(=O)/C=C/c3ccc(O)c(OC)c3)[C@H](O[C@@H]3O[C@@H](C)[C@H](O)[C@@H](O)[C@H]3O)[C@H]2O)cc1O,WLWAYPFRKDSFCL-CNMJWYMJSA-N,natural,1
PT_0178,COC(=O)C1CC(=O)c2oc(=O)c3cc(O)c(O)c(O)c3c21,JNWDNAASYHRXMG-UHFFFAOYSA-N,natural,1
PT_0179,O=C(/C=C/c1ccc(O)c2c1[C@H](C(=O)O)[C@@H](c1ccc(O)c(O)c1)O2)O[C@H](Cc1ccc(O)c(O)c1)C(=O)O,UJZQBMQZMKFSRV-RGKBJLTCSA-N,natural,1
PT_0180,O=c1cc(-c2ccc(O)c(-c3c(O)cc(O)c4c(=O)cc(-c5ccc(O)cc5)oc34)c2)oc2cc(O)cc(O)c12,YUSWMAULDXZHPY-UHFFFAOYSA-N,natural,1
PT_0181,CCCCC[C@H](O)CC(=O)CCc1ccc(O)c(OC)c1,NLDDIKRKFXEWBK-AWEZNQCLSA-N,natural,1
PT_0182,CCCCC/C=C/C(=O)CCc1ccc(O)c(OC)c1,OQWKEEOHDMUXEO-BQYQJAHWSA-N,natural,1
PT_0183,COc1cc(CCC(C)=O)ccc1O,OJYLAHXKWMRDGS-UHFFFAOYSA-N,natural,1
PT_0184,CCCCCCCC(=O)CCc1ccc(O)c(OC)c1,CZNLTCTYLMYLHL-UHFFFAOYSA-N,natural,1
PT_0185,c1ccc2c(c1)C[C@H]1NCCc3cc4c(c-2c31)OCO4,VZTUKBKUWSHDFM-CYBMUJFWSA-N,natural,1
PT_0186,CN1CCc2cc3c(c4c2[C@H]1Cc1cccc(O)c1-4)OCO3,IKMXUUHNYQWZBC-GFCCVEGCSA-N,natural,1
PT_0189,O=c1c2ccccc2nc2n1CCc1c-2[nH]c2ccccc12,ACVGWSKVRYFWRP-UHFFFAOYSA-N,natural,1
PT_0193,COc1cc2c3c(c1OC)-c1cc4c(cc1C[C@@H]3N(C)CC2)OCO4,WSVWKHTVFGTTKJ-AWEZNQCLSA-N,natural,1
PT_0194,COc1cc2c3c(c1OC)Oc1ccc(cc1)C[C@@H]1c4c(cc(OC)c(OC)c4Oc4ccc(cc4)C[C@H]3N(C)CC2)CCN1C,ANOXEUSGZWSCQL-LOYHVIPDSA-N,natural,1
PT_0195,CC[C@H]1CN2CCc3c([nH]c4ccccc34)[C@H]2C[C@@H]1/C(=C\OC)C(=O)OC,NMLUOJBSAYAYEM-AZQGJTAVSA-N,natural,1
PT_0196,CC[C@H]1CN2CC[C@]3(C(=O)Nc4ccccc43)[C@@H]2C[C@@H]1/C(=C\OC)C(=O)OC,DAXYUDFNWXHGBE-KAXDATADSA-N,natural,1
PT_0197,COc1cc(C(=O)OCCCCN=C(N)N)cc(OC)c1O,WNGSUWLDMZFYNZ-UHFFFAOYSA-N,natural,1
PT_0198,COc1ccc([C@@H]2[C@@H](C(=O)NCCCCNC(N)=NCC=C(C)C)[C@@H](C(=O)NCCCCNC(N)=NCC=C(C)C)[C@@H]2c2ccc(OC)c(OC)c2)cc1OC,RFPXODBPOYUIKB-XGEXKBAQSA-N,natural,1
PT_0199,CC(C)=CCC/C(C)=C/COc1ccc2ccc(=O)oc2c1,RSDDHGSKLOSQFK-RVDMUPIBSA-N,natural,1
PT_0202,CC1=CC(=O)C[C@H]2[C@H]1CC[C@@H](C)[C@]21C[C@H](c2ccoc2)OC1=O,PHTWCRQCDPNVLQ-WCARXYILSA-N,natural,1
PT_0203,C[C@@H]1C[C@@H](O)[C@H]2[C@@](C)(CO)CCC[C@]2(C)[C@@]1(O)CCc1ccoc1,NZMHIKFTAXRIDL-FQFOHHTNSA-N,natural,1
PT_0204,CC(C)=C1CC[C@]2(C)O[C@@H]2C1=O,AKASWINDKIEEBO-ZJUUUORDSA-N,natural,1
PT_0207,C/C=C(/C)C(=O)O[C@@H]1CCC2=CC(=O)C(=C(C)C)C[C@]2(C)[C@H]1C,OFDHBFFGRFCQOW-KSEJUSODSA-N,natural,1
PT_0209,C=C1C[C@@]23CC[C@H]4[C@@](C)(CCC[C@@]4(C)C(=O)O[C@@H]4O[C@H](CO)[C@@H](O)[C@H](O)[C@H]4O)[C@@H]2CC[C@]1(O[C@@H]1O[C@H](CO)[C@@H](O)[C@H](O)[C@H]1O[C@@H]1O[C@H](CO)[C@@H](O)[C@H](O)[C@H]1O)C3,UEDUENGHJMELGK-HYDKPPNVSA-N,natural,1
PT_0210,C=C[C@]1(C)C=C2C(=O)C[C@H]3[C@@](C)(CCC[C@@]3(C)C(=O)O)[C@@H]2CC1,TWQIAJPCUCIDQX-YANNOABASA-N,natural,1
PT_0211,CO[C@]1(C)CC23CCC4[C@@](C)(CCC[C@@]4(C)C(=O)O)C2C=CC1C3,ROBMOMXXAIGYDT-OXYUPUKRSA-N,natural,1
PT_0234,O=C(/C=C/c1ccc(O)c(O)c1)O[C@@H]1CC(O)(C(=O)O)C[C@@H](OC(=O)/C=C/c2ccc(O)c(O)c2)C1O,KRZBCHWVBQOTNZ-RDJMKVHDSA-N,natural,1
PT_0235,O=C(/C=C/c1ccc(O)c(O)c1)O[C@H]1[C@H](O)C[C@](O)(C(=O)O)C[C@H]1OC(=O)/C=C/c1ccc(O)c(O)c1,UFCLZKMFXSILNL-RVXRWRFUSA-N,natural,1
PT_0236,O=c1cc(-c2ccc(O)cc2)oc2c([C@@H]3O[C@H](CO)[C@@H](O)[C@H](O)[C@H]3O)c(O)c([C@@H]3O[C@H](CO)[C@@H](O)[C@H](O)[C@H]3O)c(O)c12,FIAAVMJLAGNUKW-VQVVXJKKSA-N,natural,1
PT_0239,Oc1cc(O)c2c(c1)O[C@H](c1ccc(O)c(O)c1)[C@H](O)[C@H]2c1c(O)cc2c(c1O)C[C@@H](O)[C@@H](c1ccc(O)c(O)c1)O2,GMISZFQPFDAPGI-CVJZBMGUSA-N,natural,1
PT_0240,Oc1cc(O)c2c(c1)O[C@H](c1ccc(O)c(O)c1)[C@@H](O)[C@@H]2c1c(O)cc(O)c2c1O[C@H](c1ccc(O)c(O)c1)[C@@H](O)C2,XFZJEEAOWLFHDH-AVFWISQGSA-N,natural,1
PT_0241,Oc1cc(O)c2c(c1)O[C@H](c1ccc(O)c(O)c1)[C@@H](O)C2,PFTAWBLQPZVEMU-DZGCQCFKSA-N,natural,1
PT_0242,Oc1cc(O)c2c(c1)O[C@H](c1ccc(O)c(O)c1)[C@H](O)[C@H]2c1c(O)cc(O)c2c1O[C@H](c1ccc(O)c(O)c1)[C@H](O)[C@H]2c1c(O)cc(O)c2c1O[C@H](c1ccc(O)c(O)c1)[C@H](O)C2,MOJZMWJRUKIQGL-XILRTYJMSA-N,natural,1
PT_0243,O=c1cc(-c2ccc(O)c(O)c2)oc2cc(O)c([C@@H]3O[C@H](CO)[C@@H](O)[C@H](O)[C@H]3O)c(O)c12,ODBRNZZJSYPIDI-VJXVFPJBSA-N,natural,1
PT_0244,O=c1cc(-c2ccc(O)cc2)oc2cc(O)c([C@@H]3O[C@H](CO)[C@@H](O)[C@H](O)[C@H]3O)c(O)c12,MYXNWGACZJSMBT-VJXVFPJBSA-N,natural,1
PT_0264,O=C(O)/C=C/c1ccccc1,WBYWAXJHAXSJNI-VOTSOKGWSA-N,natural,1
PT_0270,CCCCCCC(=O)c1cc(O)c(O)c(O)c1,LJPMCPHSTVMALD-UHFFFAOYSA-N,natural,1
PT_0271,C=C1CC[C@@H]2[C@](C)(CO)[C@H](O)CC[C@@]2(C)[C@@H]1/C=C/C1=CCOC1=O,XMJAJFVLHDIEHF-CRBRZBHVSA-N,natural,1
PT_0272,C=C1CC[C@@H]2[C@](C)(CO)[C@H](O)CC[C@@]2(C)[C@@H]1CCC1=CCOC1=O,GVRNTWSGBWPJGS-YSDSKTICSA-N,natural,1
PT_0273,CC1=C(C=O)C(C)(C)C[C@H](O[C@@H]2O[C@H](CO)[C@@H](O)[C@H](O)[C@H]2O)C1,WMHJCSAICLADIN-WYWSWGBSSA-N,natural,1
PT_0274,CC(/C=C/C=C(\C)C(=O)O)=C\C=C\C=C(C)\C=C\C=C(/C)C(=O)O,PANKHBYNKQNAHN-MQQNZMFNSA-N,natural,1
PT_0275,CC(C)=CCC/C(C)=C/C=O,WTEVQBCEXWBHNA-JXMROGBWSA-N,natural,1
PT_0276,CC(C)=CCCC(C)CC=O,NEHNMFOYXAPHSD-UHFFFAOYSA-N,natural,1
PT_0282,Cc1coc2c1C(=O)C(=O)c1c-2ccc2c(C)cccc12,AIGAZQPHXLWMOJ-UHFFFAOYSA-N,natural,1
PT_0283,Cc1coc2c1C(=O)C(=O)c1c-2ccc2c1CCCC2(C)C,HYXITZLLTYIPOF-UHFFFAOYSA-N,natural,1
PT_0284,O=C(/C=C/c1ccc(O)c(O)c1/C=C/c1ccc(O)c(O)c1)O[C@H](Cc1ccc(O)c(O)c1)C(=O)O,YMGFTDKNIWPMGF-UCPJVGPRSA-N,natural,1
PT_0307,COc1ccc(-c2cc(=O)c3c(OC)c(OC)c(OC)cc3o2)cc1OC,LKMNXYDUQXAUCZ-UHFFFAOYSA-N,natural,1
PT_0308,COc1ccc(-c2cc(=O)c3c(OC)c(OC)c(OC)cc3o2)cc1,URSUMOWUGDXZHU-UHFFFAOYSA-N,natural,1
PT_0309,COc1ccc(-c2cc(=O)c3c(O)c(OC)c(OC)cc3o2)cc1O,KLAOKWJLUQKWIF-UHFFFAOYSA-N,natural,1
PT_0310,COc1ccc(-c2cc(=O)c3c(O)c(OC)c(OC)cc3o2)cc1OC,QEWSAPKRFOFQIU-UHFFFAOYSA-N,natural,1
PT_0311,C=C[C@@]1(C)C[C@@H](OC(=O)c2ccccc2)[C@H]2[C@](O)(C1=O)[C@H](OC(C)=O)C[C@H]1C(C)(C)[C@H](O)[C@H](OC(C)=O)[C@H](OC(=O)c3ccccc3)[C@@]12C,HIBFBUSEUDRQMX-OFUWLHILSA-N,natural,1
PT_0312,C=C[C@@]1(C)C[C@@H](OC(=O)c2ccccc2)[C@H]2[C@](O)(C1=O)[C@H](OC(C)=O)C[C@H]1C(C)(C)[C@H](OC(C)=O)[C@H](O)[C@H](OC(=O)c3ccccc3)[C@@]12C,BXKNTIMTKVZYDP-OFUWLHILSA-N,natural,1
PT_0313,C=C[C@@]1(C)CC(=O)[C@H]2[C@](O)(C1=O)[C@H](OC(C)=O)C[C@H]1C(C)(C)[C@H](OC(=O)c3ccccc3)[C@H](OC(C)=O)[C@H](OC(=O)c3ccccc3)[C@@]12C,VGFQEWWZGREADO-WFHOPHNXSA-N,natural,1
PT_0314,C=C[C@@]1(C)C[C@@H](OC(=O)c2ccccc2)[C@H]2[C@](O)(C1=O)[C@H](OC(C)=O)C[C@H]1C(C)(C)C(=O)[C@H](OC(C)=O)[C@H](OC(=O)c3ccccc3)[C@@]12C,DCFZKBTZZMFTED-ZHKQRIMUSA-N,natural,1
PT_0315,C=C[C@H]1[C@@H](OC(=O)c2ccccc2)[C@H]2[C@](O)(C(=O)[C@@]1(C)O)[C@H](OC(C)=O)C[C@H]1C(C)(C)[C@H](O)[C@H](OC(C)=O)[C@H](OC(=O)c3ccccc3)[C@@]12C,PBUZGANPVDYQRM-FRZINCLTSA-N,natural,1
PT_0318,C=C1[C@@H]2CCC3[C@]4(C)CCC[C@@](C)(C(=O)O)C4CC[C@]3(C2)[C@@H]1OC(C)=O,AQBQBBLJTDSVLC-HOFSRGTRSA-N,natural,1
PT_0319,C=C1C[C@@]23CC[C@H]4[C@@](C)(CCC[C@@]4(C)C(=O)O)[C@@H]2CC[C@@H]1C3,NIKHGUQULKYIGE-OTCXFQBHSA-N,natural,1
PT_0320,C=C1CC2(CCC3[C@@]4(C)CCC[C@]3(C)OC4=O)CC1CCC2=O,SDHYQVFLSXLIHA-KTWDLTJZSA-N,natural,1
PT_0321,C=C1C(=O)C23CCC4[C@@](C)(CCC[C@@]4(C)C(=O)O)C2CCC1C3,WQBNGXOJBVBQKP-SBAGUILYSA-N,natural,1
PT_0323,CN1C2=C3N=c4ccccc4=C3CCN2C(=O)c2ccccc21,VXHNSVKJHXSKKM-UHFFFAOYSA-N,natural,1
PT_0325,CC[C@H]1CN2CC[C@@]3(C(=O)Nc4ccccc43)[C@@H]2C[C@@H]1/C(=C\OC)C(=O)OC,DAXYUDFNWXHGBE-VKCGGMIFSA-N,natural,1
PT_0326,COc1ccc(C[C@@H]2c3cc(Oc4cc(C[C@@H]5c6cc(O)c(OC)cc6CCN5C)ccc4O)c(OC)cc3CCN2C)cc1,AJPXZTKPPINUKN-FIRIVFDPSA-N,natural,1
PT_0327,CN1[C@@H](CC(=O)c2ccccc2)CCC[C@H]1C[C@H](O)c1ccccc1,MXYUKLILVYORSK-HBMCJLEFSA-N,natural,1
PT_0330,C=C/C(C)=C/C[C@@H]1C(=C)CCC2[C@@](C)(C(=O)O)CCC[C@]21C,YGBZFOQXPOGACY-VWVWZHDJSA-N,natural,1
PT_0350,COc1c(O)ccc2c1-c1c3c(cc4c1[C@H](C2)NCC4)OCO3,CFUKKPQRQGCLAT-NSHDSACASA-N,natural,1
PT_0351,c1cc2c(c3c1CC1NCCc4cc5c(c-3c41)OCO5)OCO2,UXVJNYDGHSTBCL-UHFFFAOYSA-N,natural,1
PT_0353,COc1c2ccccc2nc2occc12,WIONIXOBNMDJFJ-UHFFFAOYSA-N,natural,1
PT_0057,C[C@@]12C[C@@H](c3ccoc3)OC(=O)[C@@H]1CC[C@]1(C)[C@H]2[C@H]2C=C[C@]1(O)C(=O)O2,AALLCALQGXXWNA-QJNFORGASA-N,natural,1
PT_0150,COc1cc2ccc(=O)oc2cc1O,RODXRVNMMDRFIK-UHFFFAOYSA-N,natural,1
PT_0151,COc1cc([C@H]2Oc3c(OC)cc4ccc(=O)oc4c3O[C@@H]2CO)ccc1O,OCBGWPJNUZMLCA-NVXWUHKLSA-N,natural,1
PT_0152,COc1cc([C@H]2Oc3c(OC)cc4ccc(=O)oc4c3O[C@@H]2CO)cc(OC)c1O,GZXPCBAETDEQAX-CRAIPNDOSA-N,natural,1
PT_0161,C[C@@H]1O[C@@H](O[C@@H]2[C@@H](O)[C@H](OCCc3ccc(O)c(O)c3)O[C@H](CO[C@@H]3O[C@H](CO)[C@@H](O)[C@H](O)[C@H]3O)[C@H]2O)[C@H](O)[C@H](O)[C@H]1O,ASDOWCHSFUIEHY-JBJDDMAESA-N,natural,1
PT_0162,C[C@@H]1O[C@@H](CO[C@@H]2[C@@H](O)[C@H](O)O[C@H](CO[C@@H]3O[C@H](CO)[C@@H](O)[C@H](O)[C@H]3O)[C@H]2OC(=O)/C=C/c2ccc(O)c(O)c2)[C@H](O)[C@H](O)[C@H]1O,KNOFCZGZWCPZEU-QTPUSYSKSA-N,natural,1
PT_0163,C[C@@H]1O[C@@H](O[C@@H]2[C@@H](O)[C@H](OCCc3ccc(O)c(O)c3)O[C@H](CO[C@@H]3O[C@H](CO)[C@@H](O)[C@H](O)[C@H]3O)[C@H]2OC(=O)/C=C/c2ccc(O)c(O)c2)[C@H](O)[C@H](O)[C@H]1O,FSBUXLDOLNLABB-ISAKITKMSA-N,natural,1
PT_0164,C[C@@H]1O[C@@H](O[C@@H]([C@H](OC(=O)/C=C/c2ccc(O)c(O)c2)[C@H](O)CO)[C@@H](O)C=O)[C@H](O)[C@H](O)[C@H]1O,KARNWFDIYRKBOE-BHSPTIPFSA-N,natural,1
PT_0174,Cc1nc(C)c(C)nc1C,FINHMKGKINIASC-UHFFFAOYSA-N,natural,1
PT_0009,COc1ccc2ccc(=O)oc2c1CC=C(C)C,MBRLOUHOWLUMFF-UHFFFAOYSA-N,natural,1
PT_0265,COc1cc2ccc(=O)oc2c(OC)c1OC,RAYQKHLZHPFYEJ-UHFFFAOYSA-N,natural,1
PT_0266,COc1cc2ccc(=O)oc2cc1OC,GUAFOGOEJLSQBT-UHFFFAOYSA-N,natural,1
PT_0267,C=C1CC[C@@H]2[C@H]([C@H]3[C@H]1CC[C@]3(C)O)C2(C)C,FRMCCTDTYSRUBE-BGPZULBFSA-N,natural,1
PT_0332,C/C=C(/C)C(=O)O[C@H]1[C@@H](OC(C)=O)c2c(ccc3ccc(=O)oc23)OC1(C)C,XGPBRZDOJDLKOT-NXIDYTHLSA-N,natural,1
PT_0333,C/C=C(/C)C(=O)O[C@H](COc1c2ccoc2cc2oc(=O)ccc12)C(C)(C)O,WXULKGXQMWVWMP-OMLDUKLJSA-N,natural,1
PT_0334,O=c1cc(-c2ccc(O)c(O)c2)oc2c([C@@H]3O[C@H](CO)[C@@H](O)[C@H](O)[C@H]3O)c(O)cc(O)c12,PLAPMLGJVGLZOV-VPRICQMDSA-N,natural,1
PT_0335,COc1cc(O)cc(O)c1C(=O)/C=C/c1ccccc1,NYSZJNUIVUBQMM-BQYQJAHWSA-N,natural,1
PT_0336,COc1cc(O)cc2c1C(=O)C[C@@H](c1ccccc1)O2,QQQCWVDPMPFUGF-ZDUSSCGKSA-N,natural,1
IPT_031,COc1c(-c2ccc(O)cc2)oc2cc(O)cc(O)c2c1=O,VJJZJBUCDWKPLC-UHFFFAOYSA-N,natural,0
IPT_032,COc1cc(C(C)=O)cc2c1OC(C)(C)C=C2,UZSIRLFMNAGZAL-UHFFFAOYSA-N,natural,0
IPT_033,COc1c(C(C)O)cc2c(c1OC)OC(C)(C)C=C2,WLLPYKPZYOAPQI-UHFFFAOYSA-N,natural,0
IPT_034,C=CC1[C@@H](OC(=O)c2ccccc2)[C@H]2[C@](O)(C(=O)[C@]1(C)O)[C@H](OC(C)=O)C[C@H]1C(C)(C)[C@H](OC(C)=O)[C@H](O)[C@H](OC(=O)c3ccccc3)[C@@]12C,HTQXQVMIWWLNLG-ZTIVOSPZSA-N,natural,0
IPT_036,C=CCC1=C[C@]2(OC)C(=CC1=O)O[C@H](c1ccc(OC)c(OC)c1)[C@H]2C,VDYACOATPFOZIO-HBUDHLSFSA-N,natural,0
SD_339,O=C(CO[N+](=O)[O-])NNC(=O)c1ccc(NCC(O)CN2C(=O)/C(=C\c3ccccc3)S/C2=N/c2ccccc2)cc1,QYIPOXNEMKTMBY-VCUCLJMBSA-N,synthetic,1
SD_340,O=C(CO[N+](=O)[O-])NNC(=O)c1ccc(NCC(O)CN2C(=O)/C(=C\c3ccc(O)cc3)S/C2=N/c2ccccc2)cc1,LDTPGUBUVSYFHT-MXDAADOSSA-N,synthetic,1
SD_341,O=C(CO[N+](=O)[O-])NNC(=O)c1ccc(NCC(O)CN2C(=O)/C(=C/c3ccccc3O)S/C2=N/c2ccccc2)cc1,DGBMTRDXBIUCKR-ADKUPVABSA-N,synthetic,1
SD_342,COc1cc(/C=C2/S/C(=N/c3ccccc3)N(CC(O)CNc3ccc(C(=O)NNC(=O)CO[N+](=O)[O-])cc3)C2=O)cc(OC)c1OC,PZFVWPFXYLISTC-PZRUTKPKSA-N,synthetic,1
SD_343,CC1=C(C(=O)OC(C)C)C(c2cccc([N+](=O)[O-])c2)N(C(=O)N(C)C)C(=O)N1,MYCQCVOMONBCIS-UHFFFAOYSA-N,synthetic,1
SD_344,CNC(=O)N1C(=O)NC(C)=C(C(=O)OC(C)C)C1c1cccc([N+](=O)[O-])c1,DEZXGDQOCSRRMP-UHFFFAOYSA-N,synthetic,1
SD_345,CC1=C(C(=O)OC(C)C)C(c2cccc([N+](=O)[O-])c2)N(C(N)=O)C(=O)N1,JTILQSIVPVPOTG-UHFFFAOYSA-N,synthetic,1
SD_346,CC1=C(C(=O)OC(C)C)C(c2cccc([N+](=O)[O-])c2)NC(=O)N1,UDLOBPWBPRYOTP-UHFFFAOYSA-N,synthetic,1
SD_347,CCOC(=O)C1=C(C)NC(=O)N(C(N)=O)C1c1cccc([N+](=O)[O-])c1,NGEFFDYYNIRRME-UHFFFAOYSA-N,synthetic,1
SD_348,COC(=O)C1=C(C)NC(=O)N(C(N)=O)C1c1cccc([N+](=O)[O-])c1,CIKULUBECDKHFL-UHFFFAOYSA-N,synthetic,1
SD_349,CCNC(=O)N1C(=O)NC(C)=C(C(=O)OC(C)C)C1c1cccc([N+](=O)[O-])c1,DZEHOACOQBAKNP-UHFFFAOYSA-N,synthetic,1
SD_350,CC1=C(C(=O)OC(C)C)C(c2cccc([N+](=O)[O-])c2)N(C(=O)NC(C)C)C(=O)N1,OAKKHOGCUWAIRH-UHFFFAOYSA-N,synthetic,1
SD_351,CC1=C(C(=O)OC(C)C)C(c2cccc([N+](=O)[O-])c2)N(C(=O)NCc2ccccc2)C(=O)N1,YIOFPEQCJMBGBV-UHFFFAOYSA-N,synthetic,1
SD_352,CC1=C(C(=O)OC(C)C)C(c2cccc([N+](=O)[O-])c2)N(CCN(C)Cc2ccccc2)C(=O)N1,YMQZIAHMOKVIEJ-UHFFFAOYSA-N,synthetic,1
SD_353,CC1=C(C(=O)OC(C)C)C(c2ccccc2[N+](=O)[O-])N(C(N)=O)C(=O)N1,FCVDBJYRGKUHBC-UHFFFAOYSA-N,synthetic,1
SD_354,CC1=C(C(=O)OC(C)C)C(c2cccc(C(F)(F)F)c2)N(C(N)=O)C(=O)N1,IYHLOUNZKOVOAZ-UHFFFAOYSA-N,synthetic,1
SD_355,CC1=C(C(=O)OC(C)C)C(c2ccccc2C(F)(F)F)N(C(N)=O)C(=O)N1,LFRCBGUYFGOVRU-UHFFFAOYSA-N,synthetic,1
SD_356,CC1=C(C(=O)OC(C)C)C(c2cccc(Cl)c2)N(C(N)=O)C(=O)N1,NEORKLPGSMVSDS-UHFFFAOYSA-N,synthetic,1
SD_357,CC1=C(C(=O)OC(C)C)C(c2ccccc2Cl)N(C(N)=O)C(=O)N1,MJHVURZZWVIJRK-UHFFFAOYSA-N,synthetic,1
SD_358,CC1=C(C(=O)OC(C)C)C(c2cccc(Br)c2)N(C(N)=O)C(=O)N1,LSGMRPZJMHTJQV-UHFFFAOYSA-N,synthetic,1
SD_359,CC1=C(C(=O)OC(C)C)C(c2ccccc2Br)N(C(N)=O)C(=O)N1,CUFVZMKVSMNLPY-UHFFFAOYSA-N,synthetic,1
SD_360,CC1=C(C(=O)OC(C)C)C(c2c(Cl)cccc2Cl)N(C(N)=O)C(=O)N1,MVLYZUNXOOVSTL-UHFFFAOYSA-N,synthetic,1
SD_361,CC1=C(C(=O)OC(C)C)C(c2cccc(Cl)c2Cl)N(C(N)=O)C(=O)N1,XCKMRLIWGNQJMU-UHFFFAOYSA-N,synthetic,1
SD_362,CC1=C(C(=O)OC(C)C)C(c2cccc(-c3conn3)c2-c2conn2)N(C(N)=O)C(=O)N1,GCLSFQQANUXQHJ-UHFFFAOYSA-N,synthetic,1
SD_363,CC1=C(C(=O)OC(C)C)[C@@H](c2cccc([N+](=O)[O-])c2)N(C(N)=O)C(=O)N1,JTILQSIVPVPOTG-CYBMUJFWSA-N,synthetic,1
SD_364,CC1=C(C(=O)OC(C)C)[C@H](c2cccc([N+](=O)[O-])c2)N(C(N)=O)C(=O)N1,JTILQSIVPVPOTG-ZDUSSCGKSA-N,synthetic,1
SD_365,COC(=O)C1=C(C)NC(C)=C(C(=O)OC)C1c1ccccc1[N+](=O)[O-],HYIMSNHJOBLJNT-UHFFFAOYSA-N,synthetic,1
SD_366,CCOC(=O)C1=C(COCCN)NC(C)=C(C(=O)OC)C1c1ccccc1Cl,HTIQEAQVCYTUBX-UHFFFAOYSA-N,synthetic,1
SD_367,COc1ccc(OC)c2c1C[C@H](NCCc1ccccc1)[C@@H](O)C2,YAAPKISLLAABEK-ROUUACIJSA-N,synthetic,1
SD_368,COc1ccc(OC)c2c1C[C@H](NCCCc1ccccc1)[C@@H](O)C2.Cl,PURLUGHPESZSPL-HLRBRJAUSA-N,synthetic,1
SD_369,COc1ccc(OC)c2c1C[C@H](NCCCCc1ccccc1)[C@@H](O)C2.Cl,OJYNMTOQYHTSDW-FKLPMGAJSA-N,synthetic,1
SD_370,COc1ccc(OC)c2c1C[C@H](NCCCc1c[nH]c3ccccc13)[C@@H](O)C2.Cl,KVAVCBCHSXWXDA-GUTACTQSSA-N,synthetic,1
SD_371,COc1ccc(OC)c2c1C[C@H](NCCCc1nc3ccccc3s1)[C@@H](O)C2.Cl,CTEICORIZQCHMV-APTPAJQOSA-N,synthetic,1
SD_372,COc1ccc(OC)c2c1C[C@H](NCC(c1ccccc1)c1ccccc1)[C@@H](O)C2.Cl,PDRHRBGJGIOAJG-UKOKCHKQSA-N,synthetic,1
SD_373,COc1ccc(OC)c2c1C[C@H](NCCC(c1ccccc1)c1ccccc1)[C@@H](O)C2.Cl,FMBCOIIKBCPCFX-DKIIUIKKSA-N,synthetic,1
SD_374,C=C/C(=C\C)C(CCCN[C@H]1Cc2c(OC)ccc(OC)c2C[C@@H]1O)c1ccccc1.Cl,XAOSKPDNUZYJKQ-VDZUMBPESA-N,synthetic,1
SD_375,COc1ccc(OC)c2c1C[C@H](NCCCCC(c1ccccc1)c1ccccc1)[C@@H](O)C2.Cl,MEHGKBPEHRVCRH-WMXJXTQLSA-N,synthetic,1
SD_376,COc1ccc(OC)c2c1C[C@H](NCCC(C1CCCCC1)C1CCCCC1)[C@@H](O)C2.Cl,ZKXNBWBDVVMICH-DKIIUIKKSA-N,synthetic,1
SD_377,COc1ccc(CCN(C)CCCC(C#N)(c2ccc(OC)c(OC)c2)C(C)C)cc1OC,SGTNSNPWRIOYBX-UHFFFAOYSA-N,synthetic,1
,c1ccc(CCc2cccnc2)nc1,,,0
,C=C(C)[C@@H]1CC=C(/C=N/OC)CC1,,,0
,CCCCCCNC1=NCCS1,,,0
,CCCc1ccc(OC)cc1,,,0
,CCOC(=O)/C=C/c1ccc(C)cc1,,,0
,Cc1ccsc1C(=O)/C=C/N(C)C,,,0
,CCCNC1CCCc2ccncc21,,,0
,Cn1cccc1CNC1CCCCC1,,,0
,CCCCCBr,,,0
,Nc1ccc(CCc2ccccn2)cc1,,,0
,CC(C)C(=O)NCc1ccc(-c2ccoc2)cc1,,,0
,COc1cc(O)cc(/C=C/Oc2ccccc2)c1,,,0
,CC(C)[C@H](/N=C/C=C/c1ccccc1)C(=O)O,,,0
,CC(C)Cc1ccc(/C=C/C(=O)N(C)O)cc1,,,0
,CCCCN[C@@H]1CCc2c(F)cccc2C1,,,0
,Cc1cc(C)c(C)c(OCCCN(C)C)c1,,,0
,CCCCCCCn1ccc(=N)cc1,,,0
,CN(C)CC[C@@](C)(O)c1ccc2ccccc2c1,,,0
,CC(C)c1ccc([C@@H](C)CC(=O)NCC#N)cc1,,,0
,CN/N=C/c1ccc(Oc2ccc(F)cc2)cc1,,,0
,C=C1[C@@H]2CC[C@@H](C2)C1(C)C,,,0
,CCC(C)(C)CC,,,0
,OC1(C2CCCCC2)CCCCC1,,,0
,C[C@H](O)c1ccc2ccccc2c1,,,0
,c1ccc(C2CCCCC2)cc1,,,0
,C#Cc1ccc(-c2ccccc2)s1,,,0
,CNc1ccc(C=C2C=CC=C2)cc1,,,0
,FC(F)(F)c1ccccc1Cl,,,0
,O=C1Sc2cccc3cccc1c23,,,0
,Cc1cc2c(cc1C)C(=O)CCC2,,,0
,CN1C2C=C(c3cccc(Cl)n3)CC1CC2,,,0
,C1=C(c2ccccc2)C(N2CCNCC2)=Nc2ccccc2C1,,,0
,C[C@H]1NS(=O)(=O)c2cc(Cl)ccc2O[C@@H]1c1ccccc1,,,0
,O=C1CCC2(CC1)CCN([C@H]1CCc3ccccc31)C(=O)O2,,,0
,Cc1cc(Cl)cc2c1C(O)(c1ccccc1)CCO2,,,0
,C[n+]1c(-c2ccccc2)cn2c1-c1ccccc1C2,,,0
,C=C(C)[C@@H]1CC[C@]2(C)C(=C(C)C(=O)C[C@H]2O)C1,,,0
,C1CCN2CC34CC(CC5CCCN(C6CCCC3N6)C54)C2C1,,,0
,Cc1ccc2scc(N3CCCCC3)c(=O)c2c1,,,0
,CN1c2c(ccc3cccnc23)-c2ccccc2S1(=O)=O,,,0
,C=C(C)[C@@H]1CC[C@]2(C(=O)N3CCOCC3)CC[C@]3(C)[C@H](CC[C@@H]4[C@@]5(C)Cc6nccnc6[C@@](C)(COC(C)=O)[C@@H]5CC[C@]43C)[C@@H]12,,,0
,Cc1cn2c(nc1=O)S/C(=C\c1cn(-c3ccccc3)nc1-c1cc3ccccc3o1)C(c1cc3ccccc3o1)=N2,,,0
,COC(=O)[C@@]1(C)CC[C@]2(C)CC[C@]3(C)C(=CC(=O)[C@@H]4[C@@](C)(CC#N)[C@H](C(C)(C)[C@H]5OC(C)=NN5C(C)=O)CC[C@]43C)[C@@H]2C1,,,0
,Cc1c2c(cc3ncoc13)C1=CC[C@@]3(C)[C@@H]4C[C@](C)(NC(=O)N5CCN(CCN6CCOCC6)CC5)CC[C@]4(C)CC[C@]3(C)[C@]1(C)C=C2,,,0
,CC1(C)CC[C@]2(C(=O)On3nnc4ccccc43)CC[C@]3(C)C(=CC[C@@H]4[C@@]5(C)CC[C@H](O)[C@@](C)(CO)[C@@H]5CC[C@]43C)[C@@H]2C1,,,0
,COC(=O)Nc1ccc2c(c1)NC(=O)[C@H](C)CCC[C@H](n1ncc(-c3c(Br)ccc(Cl)c3F)cc1=O)c1cc-2ccn1,,,0
,CC1(C)CC[C@]2(C(=O)OCN3C(=O)c4ccccc4C3=O)CC[C@]3(C)C(=CC[C@@H]4[C@@]5(C)CC[C@H](O)[C@@](C)(CO)[C@@H]5CC[C@]43C)[C@@H]2C1,,,0
,CC1(C)[C@@H](O)CC[C@]2(C)[C@H]3C(=O)C=C4[C@@H]5C[C@@](C)(C(=O)On6nnc7ccccc76)CC[C@]5(C)CC[C@@]4(C)[C@]3(C)CC[C@@H]12,,,0
,Cc1c(C(=O)N[C@H]2CCCN(C(=O)NC(C)(C)C)C2)nn(-c2ccc(Cl)cc2Cl)c1-c1ccc(Cl)cc1,,,0
,CC1(C)CC(=O)C2=C(C1)N(c1ccc(F)c(F)c1)C(N)=C(C#N)C2c1cc2ccccc2nc1Oc1ccc(C#N)cc1,,,0
,O=C1c2ccc(-c3ccc(Cl)c(C(F)(F)F)c3)cc2S(=O)(=O)c2cccc(C(=O)N3CCN(c4ccc(Cl)cn4)CC3)c21,,,0
,O=C(Nc1ccc(F)c(F)c1)N1CCN(c2ncnc3c2nc(-c2ccccc2Cl)n3-c2ccc(Cl)cc2)CC1,,,0
,CNC(=O)O[C@H](C(C)C)[C@H]1C[C@@H](C)[C@H]2[C@H](O1)[C@H](O)[C@@]1(C)[C@@H]3CC[C@H]4C(C)(C)[C@@H](OC(=O)N5CCC5)CC[C@@]45C[C@@]35CC[C@]21C,,,0
,CC(C)(C)OC(=O)N1CCC2(CC1)OCCC2Oc1ccc2c(c1)C(C)(C)c1[nH]c3cc(Br)ccc3c1C2=O,,,0
,O=C(NN1c2ccc(Cl)cc2N=C(N2CCN(Cc3cccc4c3OCO4)CC2)c2ccccc21)c1ccccc1Cl,,,0
,CC(=O)OC[C@@]1(C)[C@@H]2CC[C@]3(C)[C@H](C[C@@H](F)[C@]45OC(=O)[C@@]6(CC[C@@H](C)[C@H](C)[C@H]64)CC[C@]53C)[C@@]2(C)C[C@@H](OC(C)=O)[C@@H]1OC(C)=O,,,0
,CC(=O)N(C1=NN(C(C)=O)C(c2cn(-c3ccc(Br)cc3)nc2-c2ccc(C)cc2)S1)c1ccccc1,,,0
,COC(=O)Nc1ccc2c(c1)NC(=O)[C@H](C)CCC[C@H](n1ncc(-c3c(F)ccc(Cl)c3F)cc1=O)c1cc-2ccn1,,,0
,O=C1N=C(c2ccc(-n3c(-c4ccncc4)nc4ccc(Br)cc4c3=O)cc2)CC(c2ccc(Cl)cc2)N1,,,0
,CC1=C(O)C(=O)C=C2C1=CC=C1[C@@]2(C)CC[C@@]2(C)[C@@H]3C[C@](C)(C(=O)OCC(=O)Nc4ccc(F)cn4)CC[C@]3(C)CC[C@]12C,,,0
,COc1cc2c(c3c1c(=O)c1cc4ccccc4nc1n3C)[C@@H](OC(C)=O)[C@@H](OC(=O)/C=C/c1ccc(C(F)(F)F)cc1)C(C)(C)O2,,,0
,Cc1cc(-c2cccc3c(NC(=O)N4CCc5cc6nccc(N7CCN8CCC[C@H]8C7)c6cc54)cccc23)cc(C)n1.Cl,,,0
,CC(=O)N1CCC(C(=O)N2C[C@@H](c3noc(C(C)(C)c4cc(C(F)(F)F)cc(C(F)(F)F)c4)n3)[C@H](c3ccc(F)cc3C)C2)CC1,,,0
,Cc1nnc(-c2c(-c3nnc(C4(C(F)(F)F)CC4)o3)nn(-c3ccc(Cl)cc3Cl)c2-c2ccc(Br)cc2)o1,,,0
,COC(=O)[C@]12CC[C@@H](C)[C@H](C)[C@H]1C1=CC[C@@H]3[C@@]4(C)C[C@@H](OC)[C@H](OC(C)=O)[C@@](C)(COC(C)=O)[C@@H]4CC[C@@]3(C)[C@]1(C)CC2,,,0
,CO[C@H]1CCN(c2nc(-c3c(C)ccc4[nH]nc(Cl)c34)nc3c2CN(c2cc(C(C)C)ccc2C)CC3)CC1(C)C,,,0
,CC1=C(O)C(=O)C=C2C1=CC=C1[C@@]2(C)CC[C@@]2(C)[C@@H]3C[C@](C)(C(=O)OCCOc4cc(C)oc(=O)c4)CC[C@]3(C)CC[C@]12C,,,0
,Cn1ccc2c(Oc3ccc(NC(=O)c4cn(-c5ccc(Br)cc5)c5ccccc5c4=O)cc3F)ccnc21,,,0
,O=C(NC1CCCCC1)C1c2cccc(c2)-c2ccc(cc2)OCc2cn(nn2)CCOc2ccc(cc2)CC(=O)N1Cc1ccccc1,,,0
,CO[C@@H]1CCN(c2nc(-c3c(C)ccc4[nH]nc(C)c34)nc3c2CN(c2cc(C(F)(F)F)ccc2C)CC3)CC1(C)C,,,0
,C[C@@]12CO[C@@H](c3ccccc3)O[C@H]1CC[C@@]1(C)[C@H]2C[C@H](OC(=O)c2ccccc2)[C@@]2(C)Oc3cc(-c4cccnc4)oc(=O)c3[C@H](O)[C@H]12,,,0
,N#CC1=C(N)N(c2cccc(C(F)(F)F)c2)C2=C(C(=O)CCC2)C1c1cc2ccccc2nc1Oc1ccc(C#N)cc1,,,0
,CC(=O)Oc1cccc2c1[nH]c1c(C3=C[C@]4(OC(C)=O)CC/C=C\CCCCN5CC[C@H]3[C@@]3(C[C@H]6/C=C\CCCCN6[C@@H]34)C5)nccc12,,,0
,COC(=O)Nc1ccc2c(c1)NC(=O)[C@H](C)CCC[C@H](N1CC[C@@H](c3c(F)ccc(Cl)c3F)OC1=O)c1cc-2ccn1,,,0
,CNC(=O)O[C@H]1CC[C@]23C[C@]24CC[C@]2(C)[C@@H]5[C@H](O[C@@H]([C@H](OC(=O)N6CCC6)C(C)C)C[C@H]5C)[C@H](O)[C@@]2(C)[C@@H]4CC[C@H]3C1(C)C,,,0
,CNC(=O)c1c(-c2ccc(F)cc2)oc2cc(N3CCOC3=O)c(-c3ccc4c(n3)-c3cc5cc(F)ccc5n3CO4)cc12,,,0
,Cc1c(C(=O)N[C@@H]2CCCN(C(=O)OC(C)(C)C)C2)nn(-c2ccc(Cl)cc2Cl)c1-c1ccc(Cl)cc1,,,0
,O=c1c2cc(Br)cc(Br)c2[nH]c(=S)n1-c1ccc(/N=N/c2ccc(O)c3cccnc23)cc1,,,0
,CC1=C(C)C2(C[C@@H](C)[C@H]3[C@@H](C[C@@]4(C)C5=C(CC[C@]34C)[C@@]3(C)CC[C@@H](OC(=O)CC(=O)O)C(C)(C)[C@@H]3CC5)O2)OC1=O,,,0
,C[C@H]1CC[C@@]2(OC1)O[C@H]1C[C@H]3[C@@H]4CC[C@@H]5C[C@@H](OC(=O)N6CCN(C(=O)c7ccc(N)cc7)CC6)CC[C@]5(C)[C@H]4CC[C@]3(C)[C@H]1[C@@H]2C,,,0
,C[C@H](NC(=O)[C@@H]1CC[C@H](NC(=O)OC(C)(C)C)C1)c1ccc(CN2Cc3ccc(OCC4CC4)cc3C(F)C2)cc1,,,0
,C/C(=N\OC(=O)N(C)CCNCCOC(F)(F)F)[C@H]1CC[C@H]2[C@@H]3CCC4=CC(=O)CC[C@]4(C)[C@H]3CC[C@]12C.Cl,,,0
,CCCCc1nn(CC(C)(C)C)c(=O)n1Cc1ccc(-c2ccccc2S(=O)(=O)NC(=O)c2ccccc2)cc1.ClCCl,,,0
,COc1ccc(Cl)cc1S(=O)(=O)Nc1ccc2oc(-c3ccc(NS(=O)(=O)c4ccc(Cl)s4)cc3)nc2c1,,,0
,CCOC(=O)c1c(C(C(=O)NCc2ccccc2)N(CC(C)C)C(C)=O)c2ccc(Cl)cc2n1C(=O)OC(C)(C)C,,,0
,C=CC(=O)Nc1ccc(C(=O)N2CCCC(Nc3ncc(SCc4ncc(C(C)(C)C)o4)s3)C2)cc1C(F)(F)F,,,0
,NS(=O)(=O)c1ccc(Cc2c(-c3cccc(-c4ccccc4)c3)nn(-c3nc(C(=O)O)cs3)c2C2(C(F)(F)F)CC2)cc1,,,0
,CC(C)(C)C1CCC(N(Cc2ccc(C(=O)NCCCC(=O)O)cc2)C(=O)Nc2ccc(OC(F)(F)F)cc2)CC1,,,0
,CN(CC(=O)N(Cc1ccc(C2CCCCC2)cc1)c1ccc(O)c(C(=O)O)c1)S(=O)(=O)c1ccc(-c2ccccc2)cc1,,,0
,COc1ccc(OC)c(CN2C(=O)c3cc4c(OC)ccc(OC)c4n3C[C@]2(C(=O)NC2CCCCCC2)c2ccccc2)c1,,,0
,CCN1C(=O)[C@H]2[C@@H](c3ccc(OC)cc3)N[C@]3(CCCN(Cc4ccc(OC)cc4)C3=O)[C@H]2C1=O.O=C(O)C(F)(F)F,,,0
,COC(=O)C1=C(C)NC(=O)N(C(=O)NCCCN2CCC3(CC2)C(=O)Oc2ccccc23)C1c1ccc(F)c(F)c1,,,0
,COc1c2c3c4c(c(OC)c(=O)c5c(O)cc(OC)c(c6c(OC)cc(O)c(c1=O)c63)c54)C(C(C)O)C2C(C)O,,,0
,CC1(C(=O)N2CC(c3nc(-c4ccc(C(=O)Nc5cc(C(F)(F)F)ccn5)cc4)c4c(N)nccn34)C2)COC1,,,0
,Cn1cc(-c2ccc3nc(-c4cnn(CC(C)(C)O)c4)nc(N4CCOC[C@@H]4C4CC4)c3c2)c2cc[nH]c2c1=O,,,0
,COc1ccc2c(c1F)C(=O)N(C[C@@]1(C#Cc3ccc(-c4cccc(N5CCSCC5)n4)cc3)NC(=O)NC1=O)C2,,,0
,C=CCn1c(=O)c2cnc(Nc3ccc(N4CCN(C)CC4)c(C)c3)nc2n1-c1ccc2c(n1)[C@@](O)(CC)CC2,,,0
,C=C(C)C(=O)O[C@@H]1/C=C\[C@]2(O)C3=CC(=O)O[C@@H](c4ccoc4)[C@]3(C)CC[C@]2(O)[C@]2(C)C(=O)C[C@@]1(C)[C@@H]2CC(=O)OC,,,0
,CCNC(=O)Nc1sc2ccccc2c1C(=O)N1CCN(C2CCN(C(=O)C3CCN(C(C)=O)CC3)CC2)CC1,,,0
,O=C1CC(c2ccc(CC(NS(=O)(=O)c3cccc(Cl)c3)c3nc4ccccc4[nH]3)cc2)S(=O)(=O)N1,,,0
,O=C(CN1CCCC(c2ccn[nH]2)C1)Nc1nc2c(s1)CCC2,,,0
,Cc1c(NC(=O)Nc2ccc(C#N)cc2)c(=O)n(-c2ccccc2)n1C,,,0
,Cc1cc(C)c2c(N)c(C(=O)N/N=C/c3cccn3C)sc2n1,,,0
,Cc1oc2nc(SCC(=O)N3CCCCC3)nc(N)c2c1C,,,0
,COc1ccc(NC(=O)c2c(O)c3cc(OC)ccc3[nH]c2=O)cc1,,,0
,C[C@H](c1ccc2c(c1)CCCC2)N(C)c1ncc2c(N)nc(N)nc2n1,,,0
,Cc1nc(NC2CCN(C3CCOCC3)CC2)cc([C@H]2C[C@H](N)C2)n1,,,0
,CC(=O)Nc1ccc(-n2c(-c3cccnc3N)nc3cccnc32)cc1,,,0
,O=C(c1nn[nH]c1Nc1ccc(Cl)cc1)N1CCSCC1,,,0
,O=C(c1nn[nH]c1Nc1cccc(Cl)c1)N1CCSCC1,,,0
,O=C(CCNc1ccc(Cl)cc1Cl)NO,,,0
,CC1CCN(CCC(=O)Nc2sccc2C(N)=O)CC1,,,0
,CN1C[C@H]2CC[C@@H](C1)N(Cc1cccc(OCCO)c1)C2,,,0
,COc1cc2c(CCNC(C)=O)coc2cn1,,,0
,CCOC(=O)/C=C/c1cccc(C(=O)O)c1,,,0
,CC(C)C[C@H]1COCCN1Cc1ccc(C#CCO)s1,,,0
,O=C(CNC(=O)Cc1ccc(Cl)cc1)NCc1ccco1,,,0
,COc1ccc(CNC(=O)CCn2c(C)csc2=O)cc1,,,0
,CC[C@@H](C[C@H]1COC(N)=N1)Oc1cccc(O)c1,,,0
,OCCn1nc(C2CC2)nc1-c1ccc(N2CCCC2)cc1,,,0
,Cl.c1ccc2c(c1)CC1(CCCN1)C2,,,0
,CN1CC2CC2(c2ccc(F)cc2F)C1,,,0
,O[C@H]1C2CCCC3C[C@H]1CC[C@H]32,,,0
,Fc1ccc2c(c1Cl)CCNCC2,,,0
,Cc1ccc(C23CNCC2C3)cc1.Cl,,,0
,CC1=CC(=O)CC(C)(C)C1,,,0
,C[C@H]1NC[C@@H]2C[C@@]21c1cccs1,,,0
,c1cc2c3c(c1)CCCN3CCC2,,,0
,Fc1ccc2ncccc2c1,,,0
,CC1CC23CNCC2(C1)CC(C)C3,,,0
,C#CCCC[C@@H]1OC(=O)[C@H]1CCCCCCCCCCCC,,,0
,C#C[C@@H](O)/C=C/CCCCCCCCCCCCCC(C)C,,,0
,C#C[C@H](O)/C=C/CCCCCCCCCCCCCC(C)C,,,0
,C/C(=C\CO)CCCC(C)CCCC(C)CCCC(C)C,,,0
,C/C(=C\CO)CCC[C@H](C)CCC[C@H](C)CCCC(C)C,,,0
,C=C1C(=O)OC(CCCCCCCCCCCCC)C1CC,,,0
,C=CC(C)(O)CCCC(C)CCCC(C)CCCC(C)C,,,0
,C=CCCCCCCCC1=NC(CCCCC=C)CC1,,,0
,C=CCCCCCCCC1CCC(CCCCC=C)N1,,,0
,C=CCCCCCCCCCCCC1CCC(CC)N1,,,0
,CC1Cc2ccccc2C1=O,,,0
,c1ccc2c(c1)CCCC2c1ncc[nH]1,,,0
,CC1/C(=N/O)C[C@@H]2C[C@H]1C2(C)C,,,0
,C[N+]1(C)CCCC1c1ccco1,,,0
,COC1Sc2ccccc2S1,,,0
,CC(C)(C)c1cccc(C(=O)O)c1,,,0
,c1cncc(-c2cccnc2)c1,,,0
,C1=C(c2cccnc2)C2CCN1CC2,,,0
,Cc1ccc2c(c1)SCC(=O)N2,,,0
,CC1(C)CCCC2(C)OC(=O)C=C12,,,0
,CC1=CC2C3CC(C=C3C)C2C1,,,0
,Cc1ccc(C(C)(C)C)cc1,,,0
,CC(C)(C)c1cc2c([nH]1)CCC2,,,0
,FC(F)=C(F)C(F)(F)F,,,0
,Cc1coc2c1CCC(C)C2,,,0
,Cc1cc(C)c2c(c1)[C@H](O)CCC2,,,0
,CC(C)(C)c1ccc(C=O)cc1,,,0
,Clc1ccccc1Cl,,,0
,CC(=O)c1cc2ccccc2s1,,,0
,CC(C)CC(C)(C)C,,,0
,Cc1c2nc3ccccc3c-2ccn1C,,,0
,O=C(O)c1ccc2cc(F)ccc2c1,,,0
,Sc1nccc(-c2cccs2)n1,,,0
,CCc1ccccc1C,,,0
,Cc1nc2c(C)cccc2c2c1COC2,,,0
,COc1cc(Cl)ccc1O,,,0
,Cc1cccc(C2CCNCC2)c1C,,,0
,O=C1CCc2cc3ccccc3cc2O1,,,0
,CC1(O)C2CC3CC(C2)CC1C3,,,0
,O=C(Cl)OCc1ccccc1,,,0
,CSC1Nc2ccccc2S1,,,0
,Brc1nc2ccccc2o1,,,0
,CNC1CC2CCC1c1ccccc12,,,0
,CN[C@@]1(C)[C@@H]2CC[C@@H](C2)C1(C)C.Cl,,,0
,Cc1ccc2nc(C)cc(S)c2c1,,,0
,Sc1ccccc1S,,,0
,CNC(=O)c1ccc(Cl)c(Cl)c1,,,0
,S=c1[nH]c(-c2cccnc2)cs1,,,0
,C=CC1CC(=O)c2ccccc2S1,,,0
,CC1(C)CC(=O)CC(C)(C)N1Cl,,,0
,C1C2CC3CC1CC(C2)C3,,,0
,CC(C)CC1OCCC=CC1C,,,0
,Clc1cccc2cc[nH]c12,,,0
,CCCc1c[nH]c2ccc(F)cc12,,,0
,Cc1ccc(C(=O)C2CC2)c(C)c1,,,0
,CCN[C@@H]1C[C@@H]2C[C@H]([C@H]1C)C2(C)C,,,0
,O=Cc1cccc(-c2ccccc2)c1,,,0
,C(#Cc1ccccc1)c1ccccc1,,,0
,Cc1cnc2ccc(F)cc2c1,,,0
,C=C1[C@H]2CC[C@H](C2)C1(C)C,,,0
,CC1(C)CCC[C@]2(C)C3=C(CC[C@@H]12)C(O)OC3=O,,,0
,CS/C(=N/C#N)NC1CCCc2cc(C)cnc21,,,0
,C=C[C@H]1[C@H]2COC(C)(C)O[C@@H]2CC(=O)C1(C)C,,,0
,CN(O)C(=O)/C=C/c1cccc2ccccc12,,,0
,Cc1cc(C(=O)N(C)C2CCCCC2)no1,,,0
,COc1ccc2c(-c3cccnc3)cc(O)nc2c1,,,0
,O=S1(=O)C=C(Oc2ccc(F)cc2)c2ccccc21,,,0
,FC(F)(F)c1cnn2cc(Br)cnc12,,,0
,Cc1cccc(NC(=O)c2nccc3ccccc23)n1,,,0
,Cc1ccnc(NC(=O)c2c(C)oc(C)c2C)c1,,,0
,Cc1cc2ccccc2cc(C)c1=O,,,0
,C=C(C)c1cccc(C(=C)C)c1,,,0
,Cc1cc(C)c2ccccc2c1,,,0
,Cc1cccc(C(C)C2CC2)c1O,,,0
,CCC(C)c1ccc(O)cc1,,,0
,COc1ccc(-c2ccccc2)cc1,,,0
,C=CC1(C)CCC(C)(C)CC1,,,0
,C=C(c1ccccc1)c1ccccn1,,,0
,CC(=O)/C=C/c1ccccc1Cl,,,0
,Cc1ccsc1-c1cccnc1,,,0
,C/C(=C\C[Si](C)(C)C)CCC=O,,,0
,C/C=C/CSSC/C=C/C,,,0
,C=C(CC)Cc1ccc(OC)cc1,,,0
,C=C/C=C\C=C\[PH](=O)/C=C/C,,,0
,C=CC(=O)c1ccc(CCC)cc1,,,0
,C=CCCCCCC,,,0
,C=CCCCn1ccc2ccccc21,,,0
,CC#CCCCc1ccccc1,,,0
,CC(=CC[Si](C)(C)C)CCC=O,,,0
,CC(=O)C(F)(F)CCC(C)(C)C,,,0
,C#CCN(C)C(C)CCCCCCCCCC,,,0
,C#CCN(C)C(C)CCCCCCCCCC.Cl,,,0
,C/C=C/C/C=C\CCCCCCCCOC(C)=O,,,0
,C=CCCCCCCCCCCC1=C[C@H](C)OC1=O,,,0
,C=CCc1ccc(OCCCCCCCC)c(OC)c1,,,0
,CC(C)(CO)CCCCCCCCCC(C)(C)CO,,,0
,CC/C=C/CCCCCCCCCCOC(C)=O,,,0
,CC/C=C\CCCCCCCCCCOC(C)=O,,,0
,CCCCC(CC)CNCC(CC)CCCC,,,0
,CCCCCCC/C=C\CCCCC1CCC(=O)O1,,,0
,C#CC(O)c1cccc(CCCCCCCCCCCCCC)c1,,,0
,C#C[C@H](O)CCCCCCCCCCCCC(C)CCCC,,,0
,C#C[C@H](O)CCCCCCCCCCCCCCCC(C)C,,,0
,C/C(=C\COC=O)CCCC(C)CCCC(C)CCCC(C)C,,,0
,CC(C)CCCC(C)CCCC(C)CCCC(C)CC(=O)O,,,0
,CC(C)CCCC(C)CCCC(C)CCCC(C)CCO,,,0
,CC(C)CCCCC/C=C\CCCCCCc1ccc(C=O)[nH]1,,,0
,CC(C)CCCCCCCCC/C=C\CCc1ccc(C=O)[nH]1,,,0
,CC(C)CCC[C@@H](C)CCC[C@@H](C)CCCC(C)CC(=O)O,,,0
,CCCCCCCCCCCCCCCC[C@]1(O)C=CC(=O)C1,,,0
,C=CCCCCC1CCC(CCCCCCCCC)N1,,,0
,CC(C)(CO)CCCCCCCCCCCC(C)(C)CO,,,0
,CC/C=C/C/C=C/C/C=C/C/C=C/C/C=C/CCCC(N)=O,,,0
,CCCCC/C=C\C/C=C\C=C\C=C\C(O)CCC/C=N/O,,,0
,CCCCC/C=C\C/C=C\C=C\C=C\[C@@H](O)CCC/C=N/O,,,0
,CCCCC/C=C\C/C=C\C=C\C=C\[C@H](O)CCC/C=N/O,,,0
,CCCCCC/C=C/C=C\C/C=C\C/C=C\CCCNO,,,0
,O=C(O)c1ccc(OCCCCCCCCCCCO)cc1,,,0
,CCCCCC[C@H]1C(=O)N[C@H](C(=O)N[C@H](CCCCN)C(N)=O)Cc2ccc(cc2)OCCC[C@@H]1C(=O)NO,,,0
,COC(=O)/C(=C\Nc1ccc(Cl)cc1Cl)NC(=O)c1ccc(OC)cc1,,,0
,C#Cc1cncc(-c2ccsc2)c1,,,0
,O=CC1CCCCCCCC1,,,0
,Cc1cc(C)c(C)c(C)c1C,,,0
,C=Cc1ccccc1Cl,,,0
,CC1=C[C@](C)(/C=C/Cl)C=CC1=O,,,0
,CC(C)(C)c1ccccc1O,,,0
,c1ccc2c(c1)CCc1ccccc1-2,,,0
,Fc1cccc(Cl)c1CCl,,,0
,CC(=O)c1ccc2ccc(C)cc2c1,,,0
,CSSc1ccccc1,,,0
,Br/C=C/c1ccccc1,,,0
,C/C=C/C#CC#Cc1cccs1,,,0
,C/C=C/c1ccc(OC)cc1,,,0
,C/C=C\c1ccc(OC)cc1,,,0
,C1=CC2SSSC2C1,,,0
,C1CCC(NC2CCCCC2)CC1,,,0
,C1CCC2CCCCC2C1,,,0
,C1CCCCCCNCCCCC1,,,0
,C1SCSSCS1,,,0
,C=CC(O)c1ccc2ccccc2c1,,,0
,C=C(C)/C=C/c1ccc2cc[nH]c2c1,,,0
,C=C1CCC2CC1C2(C)C,,,0
,Cc1ccc(Nc2ccccc2)cc1,,,0
,Cc1cccc(Oc2ccccc2)c1,,,0
,O=CC1CCCCCCCCCC1,,,0
,c1ccc(-c2cs[s+]c2)cc1,,,0
,CCCCCCCCCCCCC(=O)/C=C/CCCOC[C@H](O)CO,,,0
,COc1cc(-c2cc(=O)c3c(O)cc(OC(C)=O)cc3o2)cc(OC)c1O[Si](C)(C)C(C)(C)C,,,0
,COc1cc(C)[nH]c(=O)c1CNC(=O)c1c(C)n([C@H](C)C2CCN(CCC(F)(F)F)CC2)c2ccccc12,,,0
,CCN1CC[C@@H](CN(Cc2ccccc2)Cc2c(F)cccc2F)OC1=O,,,0
,Cn1nnc2cc(NC(=O)Nc3cccc(Cl)c3)ccc21,,,0
,Cc1cc(S(=O)(=O)Nc2ccc3c(c2)COC3=O)ccc1F,,,0
,COc1ccc(-c2c(NC(C)=O)n(C)c3ccccc3c2=O)cc1,,,0
,CN(C)CC(=O)Nc1ccc2c(c1)Cc1c-2nc(O)c2ccccc12,,,0
,COc1ccc(F)cc1-c1cccc(-c2n[nH]c(=O)o2)c1,,,0
,C=C1CCC2[C@](C)(CO)[C@H](O)CC[C@@]2(C)[C@@H]1/C=C/C1=CCOC1=O,,,0
,Fc1cccc(-c2ccnc3[nH]c(C4=CCNCC4)cc23)n1,,,0
,O=C1N[C@]2(CCc3cc(Cl)ccc32)C(=O)N1Cc1ccccn1,,,0
,CCOc1ccccc1-c1nc(O)c2nc3cccc(C)n3c2n1,,,0
,Cc1ccc(NC2CCN(C(=O)c3ccc(F)c(C)c3)CC2)nn1,,,0
,CCN1c2cc(-c3c[nH]nc3C)ccc2C(=O)NC1(C)C,,,0
,Cc1cnc2[nH]c3cnc(C(=O)O)cc3c2c1,,,0
,Cc1ccc2[nH]c(-c3c(N)c4ccccc4[nH]c3=O)nc2c1,,,0
,CN1C(=N)NC(=O)/C1=C\c1c[nH]c2cc(Cl)ccc12,,,0
,Nc1nc2ccnc(-c3cccc(Cl)c3)n2n1,,,0
,O=C(NC1CCCCC1)c1cnc2ccccc2c1O,,,0
,Cc1ccc2[nH]cc(C3=C(O)C(O)=CC(=O)C3=O)c2c1,,,0
,O=C(c1c(O)nc2cc(Cl)ccc2c1O)C1CC1,,,0
,Nc1cc2c(cc1Br)-c1c(C(=O)O)cccc1C2O,,,0
,Nc1ncn(Cc2ccccc2Br)c2ncnc1-2,,,0
,COc1ccc(-c2cc(=O)oc3cc(O)ccc23)cc1,,,0
,CC1CN(C(=O)CC2CCC2)c2ccccc2C(=O)N1,,,0
,COc1c(Cl)cc(NC(=S)C#N)cc1Cl,,,0
,Nc1nc(-c2ccccc2)nc2sccc12,,,0
,CC12CC(O)C3c4ccc(O)cc4CCC3C1CCC2=O,,,0
,O=C(c1cc(F)c(F)cc1Cl)N1CCC2CCC(C1)N2,,,0
,CC(C(=O)O)c1ccc2c(c1)OCc1cc(F)ccc1C2=O,,,0
,O=C(O)Cc1ccc2c(=O)c3ccccc3ccc2c1,,,0
,O=c1[nH]c2c(nc3ccccn32)c2ccccc12,,,0
,Cc1n[nH]c(CN2CCc3cc(C(F)(F)F)ccc3C2)n1,,,0
,O=C1/C(=C/c2cc(O)c(O)c(O)c2)Cc2cc(O)cc(O)c21,,,0
,Cc1cc(O)c2c(c1)C[C@@H](O)C1=C2C(=O)c2c(O)ccc(O)c2C1=O,,,0
,Nc1nc(N)c2nc(-c3ccc(Br)cc3)cnc2n1,,,0
,NC1=C2C(=O)N(Cc3ccc(N)cc3)C(=O)CC2c2ccccc2O1,,,0
,NC1=NC2(CCCCC2)NC(Nc2cccc(C(=O)O)c2)=N1,,,0
,c1ccc(NC2=NNC(Nc3ccccc3)=NN2)cc1,,,0
,CC1(N)CCN(c2cnc(-c3ccc(C#N)cc3)c(N)n2)CC1,,,0
,Nc1nc(S)c2c(N)n[nH]c2c1C(=O)Nc1ccc(Cl)cc1,,,0
,Nc1n[nH]c2nc3scc(-c4ccc(O)cc4)n3c(=O)c12,,,0
,O=C1/C(=C/c2cc(O)c(O)c(O)c2)Oc2c(O)cccc21,,,0
,C[S+]1CC[C@@H](C(=O)O)NC(=O)CNC(=O)CNC(=O)[C@H](CCCNC(=N)N)NC(=O)[C@@H](N)CSCc2cccc(c2)C1,,,0
,C[S+]1CC[C@H](N)C(=O)N[C@@H](CCCNC(=N)N)C(=O)NCC(=O)NCC(=O)N[C@H](C(=O)O)CSCc2cccc(c2)C1,,,0
,Cn1c(=O)n(CC(=O)O)c(=O)c2cc(Cl)ccc21,,,0
,Cc1nc2cc3ccccc3cc2s1,,,0
,CC1CCc2ccc(F)cc2N1S(=O)(=O)c1cccs1,,,0
,CCN(CC)c1cc(C)c2cc(NC(=O)C3CCC(C(C)(C)C)CC3)ccc2n1,,,0
,CCN(CC)c1ccc(CNCCc2ccccc2F)cc1,,,0
,CC(O)(CSc1ccc(F)cc1)C(=O)Nc1ccc([N+](=O)[O-])cc1C(F)(F)F,,,0
,COC(=O)c1c(NC(=O)c2cc3ccccc3oc2=O)sc2c1CCN(Cc1ccccc1)C2,,,0
,Cc1cn([C@@H]2O[C@H](CO[Si](C)(C)C(C)(C)C)[C@@]3(OS(=O)(=O)C=C3N)[C@H]2O[Si](C)(C)C(C)(C)C)c(=O)n(CC(=O)O)c1=O,,,0
,Cc1cc(CNC(=O)c2ccc3nc(Cc4ccccc4F)oc3c2)nn1C,,,0
,O=C(O)Cc1sc(/C=C2\NC(=O)CS2)nc1-c1sccc1Br,,,0
,CC(C)c1ccc(N(C)C(=O)Cc2c(C(=O)O)n(C)c3ccccc23)cc1,,,0
,COc1ccc(-c2nc(S(=O)(=O)CC(F)(F)F)[nH]c2-c2ccc(OC)cc2)cc1,,,0
,COc1ccc(Nc2ncc3c(n2)n(C2CCCCC2)c(=O)n3C)c(C)c1,,,0
,CCn1nc(C)cc1C(=O)NCCN1Cc2ccccc2OC(c2ccccc2F)C1,,,0
,CCCOC(=O)c1[nH]c2c(c1C)C(=O)CC(c1ccc(OC)c(OC)c1)C2,,,0
,O=C(Cc1ccc(F)cc1)NCCCn1c2c(c3ccccc31)C(=O)CN1CCCCC21,,,0
,COc1ccc(NC(=O)CN2C(=O)CC(c3ccccc3)=Nc3cccnc32)cc1Cl,,,0
,COc1ccccc1Nc1ncc2c(n1)CCN(Cc1cc(F)cc(F)c1)C2,,,0
,CCOC(=O)c1c2c(n3cccc(Cl)c13)C(=O)c1cnncc1C2=O,,,0
,O=C(c1ccc(F)cc1)N1CCN(C(=O)c2cc(O)cs2)CC1,,,0
,C#CCC1(O)C(=O)OCc2c1cc1n(c2=O)Cc2cc3ccccc3nc2-1,,,0
,O=C(c1ccncc1)N1CCC2(CC1)CCN(C(=O)c1cccnc1)C2,,,0
,Cc1cc2c(=O)n3c(nc2s1)CCN(C(=O)c1ccnn1C(C)C)CC3,,,0
,CN1C(=O)N(C)C(=O)C2(Cc3c(ccc4ccccc34)N(C)C2)C1=O,,,0
,Cc1ccc(CN2C(=O)c3c(c(O)c4nccnc4c3O)C2=O)cc1,,,0
,O=C1NC(=O)/C(=C2\C(=O)Nc3ccc(Br)cc32)S1,,,0
,COc1ccc2c(c1O)[C@@]13C=C(C#N)CC[C@@]1(OC)[C@@H](C2)N(C)CC3,,,0
,CCc1cn(C2=NCC(=O)N3CCc4c(cccc4C4(F)COC4)C3=C2)cn1,,,0
,C#CCN(CC(N)=O)C(=O)C[C@@H](Cc1c[nH]c2ccccc12)NC(=O)[C@H]1CC(NC(=O)Cn2c(=O)[nH]c3ccccc3c2=O)CN1,,,0
,C/C=C/[n+]1c(N)cc(N)nc1SCC1=C(C(=O)[O-])N2C(=O)C(NC(=O)/C(=N\OC(C)(C)C(=O)O)c3cnc(N)s3)C2SC1,,,0
,CC(=O)N[C@H](C(=O)N[C@@H](CC(=O)O)C(=O)N[C@H](C(=O)N1CCc2cc(O)ccc2C1C(=O)N[C@H]1CC(=O)OC1O)C(C)C)C(C)C,,,0
,CC(=O)N[C@H](C(=O)N[C@@H](CC(=O)O)C(=O)N[C@H](C(=O)N1CCc2ccc(O)cc2C1C(=O)N[C@H]1CC(=O)OC1O)C(C)C)C(C)C,,,0
,CC(=O)N[C@H]1CC(=O)NCCCC[C@@H](C(=O)N[C@@H](CCCNC(=N)N)C(=O)c2nccs2)NC(=O)[C@H](CC(C)C)NC1=O,,,0
,CC(=O)N[C@H]1[C@H]([C@H](O)[C@H](O)CO)O[C@@](Oc2ccc(-n3cc(C4(NC(N)=O)CCCCC4)nn3)cc2C(F)F)(C(=O)O)C[C@@H]1O,,,0
,CC(=O)N[C@H]1[C@H]([C@H](O)[C@H](O)CO)O[C@@](Oc2ccc(-n3cc(CSc4nnc(N)s4)nn3)cc2C(F)F)(C(=O)O)C[C@@H]1O,,,0
,CC(C)(C)C#Cc1nc(N)c2ncn([C@@H]3O[C@H](COS(=O)(=O)NC(=O)CCCC[C@@H]4SC[C@@H]5NC(=O)N[C@@H]54)[C@@H](O)[C@H]3O)c2n1,,,0
,CC(C)(O/N=C(\C(=O)NC1C(=O)N2C(C(=O)[O-])=C(CSc3nc(N)cc(N)[n+]3-c3ccccc3)CSC12)c1cnc(N)s1)C(=O)O,,,0
,CC(C)C[C@H]1NC(=O)[C@H](C(C)C)NC(=O)[C@@H](CCC(N)=O)NC(=O)[C@H](CC(=O)O)NC(=O)[C@H](Cc2c[nH]c3ccccc23)NC1=O,,,0
,C=C(CC[C@]12O[C@H](CNS(=O)(=O)C(F)(F)F)[C@@](O)(C(=O)O)[C@](C(=O)O)(O1)[C@H](O)[C@H]2O)[C@@H](OC(C)=O)[C@H](C)Cc1ccccc1,,,0
,C=C[C@H]1[C@H](O[C@@H]2O[C@H](CO)[C@@H](O)[C@H](O)[C@H]2O)OC=C(C(=O)OC)[C@H]1CC(=O)c1[nH]c2ccccc2c1[C@H](OC)C(=O)NC,,,0
,CC(=O)N(c1ccc(CC(=O)Nc2ccc(CC(=O)NCCN)cc2)cc1)c1ncnc2c1ncn2C1O[C@H](CO)[C@@H](O)[C@H]1O,,,0
,CC(=O)N[C@@H](Cc1ccc(OP(=O)(O)O)cc1)C(=O)N[C@@H](C)C(=O)N1CCC[C@H]1C(=O)N[C@@H](Cc1ccccc1)C(N)=O,,,0
,CC(=O)N[C@@H](Cc1ccc(OP(=O)(O)O)cc1)C(=O)N[C@@H](CC(C)C)C(=O)N1CCC[C@H]1C(=O)N1CCN(CC(N)=O)CC1,,,0
,CC(=O)N[C@H](C(=O)N[C@@H](CC(=O)O)C(=O)N[C@H](C(=O)N1CC[C@H](C2CCCCC2)[C@H]1C(=O)N[C@H]1CC(=O)OC1O)C(C)C)C(C)C,,,0
,CC(=O)N[C@H](C(=O)N[C@@H](CC(=O)O)C(=O)N[C@H](C(=O)N1CC[C@H](CC(C)(C)C)[C@H]1C(=O)N[C@H]1CC(=O)OC1O)C(C)C)C(C)C,,,0
,CC(=O)N[C@H](C(=O)N[C@@H](CC(=O)O)C(=O)N[C@H](C(=O)N1CC[C@H](c2ccc(C)cc2)[C@H]1C(=O)N[C@H]1CC(=O)OC1O)C(C)C)C(C)C,,,0
,CC(=O)N[C@H](C(=O)N[C@@H](CC(=O)O)C(=O)N[C@H](C(=O)N1CC[C@H](c2ccccc2)[C@H]1C(=O)N[C@H]1CC(=O)OC1O)C(C)C)C(C)C,,,0
,CC(=O)N[C@H](C(=O)N[C@@H](CC(=O)O)C(=O)N[C@H](C(=O)N1CCc2cc(C)ccc2C1C(=O)N[C@H]1CC(=O)OC1O)C(C)C)C(C)C,,,0
,O=C1OCc2c(cc3n(c2=O)Cc2cc4ccccc4nc2-3)C1(O)CO,,,0
,Cc1c(C(N)=O)nnn1-c1ccc2c(c1)OCCO2,,,0
,CN1C[C@@H](N)C[C@H]1c1nc(-c2ccc3c(c2)OCO3)no1,,,0
,O=C(NC1CCCCCCC1)c1cc2n(n1)C[C@@H](O)CNC2=O,,,0
,Nc1c(Cl)ncnc1N1CCN(c2ncnc(Cl)c2N)CC1,,,0
,O=C1Cc2cc3c(=O)[nH]c(=O)[nH]c3nc2-c2ccccc2N1,,,0
,O=C1C(O)=C(O)O/C1=C\Cn1cc(C(F)(F)F)c(=O)[nH]c1=O,,,0
,Cc1cc(=O)[nH]c(-n2nc(-c3ccco3)cc2N)n1,,,0
,CC(=O)N/N=C/c1c(O)ccc2c3c(c(=O)oc12)CN(C)CC3,,,0
,COc1ccccc1C(=O)NNC1=NS(=O)(=O)c2ccccc21,,,0
,O=C(NC1CNCCC[C@H]1OC(=O)c1cc(O)c(C(=O)C2CCCC[C@@H]2C(=O)O)c(O)c1)c1ccc(O)cc1,,,0
,CCN(CC)CCCC(C)Nc1ccnc2cc(Cl)ccc12.O=P(O)(O)O.O=P(O)(O)O,,,0
,Nc1nc2ccc3ccc(CNc4ccc5c(c4)CN([C@@H](CCC(=O)O)C(=O)O)C5=O)cc3c2c(=O)[nH]1,,,0
,CCCCCCNC(=O)/N=C(\N)NCCCc1nnc(N)s1.O=C(O)C(F)(F)F.O=C(O)C(F)(F)F,,,0
,COc1ccc(-c2ccc(C(=O)N[C@H](CO)C(C)(C)C)cc2C(=O)O)c(C(=O)Nc2cccc(C(N)=O)c2)n1,,,0
,Cc1ccc(-c2nn(-c3cccc(C(=O)NCCCP(=O)(O)CP(=O)(O)O)c3)c3ncnc(N)c23)cc1,,,0
,Cn1cc(NC=O)cc1C(=O)Nc1cc(C(=O)Nc2cc(C(=O)Nc3cccc(C(=N)N)c3)n(C)c2)n(C)c1,,,0
,O=C(O)C[C@@H](NC(=O)CNC(=O)c1cc(O)cc(NC2=NCCCN2)c1)c1cc(Cl)cc(Br)c1O,,,0
,Nc1nc2sc3cccc(CNc4ccc(C(=O)N[C@@H](CCC(=O)O)C(=O)O)cc4)c3c2c(=O)[nH]1,,,0
,Cc1ccn2nc([C@H](C)Nc3ncnc(N)c3C(=O)Nc3cc(C(N)=O)ccc3O)n(-c3ccccc3)c(=O)c12,,,0
,CC(=O)O.c1cc2cc(-c3ccc(-c4cc5ccc(C6=NCCCN6)cc5[nH]4)nc3)[nH]c2cc1C1=NCCCN1,,,0
,CC(=O)Oc1cc([C@@H]2c3c(O)cc(O)cc3[C@H]3[C@H](c4ccc(O)c(OC(C)=O)c4)c4c(O)cc(O)cc4[C@@H]23)ccc1O,,,0
,CC(=O)c1c(O)c(C)c(O)c(Cc2c3c(c(O)c4c2OC(c2ccc(O)cc2)CC4=O)C=CC(C)(C)O3)c1O,,,0
,CC(C)(C)NC(=O)Nc1cc(C(F)(F)F)ccc1-c1cc(Oc2cccc3[nH]c(=O)c(N)nc23)ncn1,,,0
,CC(C)(C)S(=O)(=O)c1ccc2cc1CNC(=O)C(Nc1ccc3c(N)nccc3c1)c1ccc(cc1)CCCC(=O)N2,,,0
,CC(C)=CCC12Oc3cc(O)c(C4=CC5(C)CC(C4)c4ccc(O)cc4O5)c(O)c3C(=O)C1(O)Oc1cc(O)ccc12,,,0
,CC(C)S(=O)(=O)c1ccc2cc1CNC(=O)[C@H](Nc1ccc3c(N)nccc3c1)c1ccc(cc1)CCCC(=O)N2,,,0
,CC(c1c[nH]c(N)n1)c1ccc(O)c2[nH]cc(-c3cnc(-c4c[nH]c5cc(Br)ccc45)c(O)n3)c12,,,0
,CCS(=O)(=O)c1ccc2cc1CNC(=O)[C@H](Nc1ccc3c(N)nccc3c1)c1cc(C)c(c(C)c1)CCOC(=O)N2,,,0
,CCS(=O)(=O)c1ccc2cc1CNC(=O)[C@H](Nc1ccc3c(N)nccc3c1)c1ccc(c(C)c1)CCCC(=O)N2,,,0
,C=CCc1ccccc1OCCN(C)Cc1ccc(CO)o1,,,0
,COCCCNCCOc1ccccc1-c1ccccc1,,,0
,CCCCCCCCCC(=O)Nc1ncccn1,,,0
,CCCN(Cc1cccc(OCCO)c1)Cc1ccccc1OC,,,0
,CCCCCCCCCCCC(=O)NC1CCS(=O)(=O)C1,,,0
,Cc1cnn(CCCNCc2csc(COc3ccccc3)n2)c1,,,0
,CCCCCCC(=O)NCc1c(O)c(=O)cc(C)n1CCC,,,0
,COc1ccc(CNCCCSc2ncccn2)c(OC)c1,,,0
,COCCNCc1ccc(OCc2ccc(Cl)nc2)c(OC)c1,,,0
,Cc1ccccc1OCC(O)CNCCSCc1ccccc1,,,0
,CCCCCCCC[C@@]1(C)SC(O)=C(C(C)O)C1=O,,,0
,C=CCCC(=O)N1CC([C@@H](C)OCCCCc2ccccc2)C1,,,0
,CCOc1ccccc1OCCOc1ccccc1CC,,,0
,CCCCCCCCc1sc(N)c(C(=O)OC)c1C,,,0
,CCCN(CCC)CC(O)COc1cccc2ccccc12,,,0
,CCC(C)c1ccccc1OCCOCCN1CCCC1,,,0
,CCC(CC)[C@H](NCc1nc(C2CC2)nn1C)c1cccs1,,,0
,COC(=O)c1cc(CCCCCCc2ccccc2)sc1N,,,0
,CCC(C=O)(CC)SSC(C=O)(CC)CC,,,0
,CCCCCCCCNC1CCc2c(O)cccc2C1,,,0
,COc1ccccc1/C=C/C1=NNC(=O)CC1,,,0
,CC(C)CNCCc1ccccn1,,,0
,CCCCNCc1ccc2[nH]nnc2c1,,,0
,Clc1ccc(OCCN2CCOCC2)cc1,,,0
,O=C1CC(CSc2ccc(Cl)cc2)=NN1,,,0
,N#CCCn1cc(C=O)c(-c2cccs2)n1,,,0
,C#CC(C)(O)C1CC(CC(=O)O)C1(C)C,,,0
,OCc1ccncc1Oc1ccccc1,,,0
,Cn1nc(COCc2ccccc2)ccc1=O,,,0
,COc1ccc(C(=O)NCc2cccnc2)cc1,,,0
,Cc1ccc(CN(C[C@H](O)COCc2ccccc2)C(C)C)cc1,,,0
,CCCCCC(/C=C/n1ccnc1)OCc1ccccc1,,,0
,COP(=S)(OC)OCCC(C)CCC=C(C)C,,,0
,CC(C)=CCC/C(C)=C/CC/C(C)=C/Cn1cc(CO)nn1,,,0
,Clc1ccc(SCCNCCCOc2ccccc2)cc1,,,0
,CCN(CC)CCOC(=O)C1(CCC(C)C)CCCCC1,,,0
,CCCCCCCC/C=C1\CCC(CN(C)C)C1=O,,,0
,CCCCCCCC[C@@](C)(O)CCc1oc(=O)c(C)c(O)c1C,,,0
,CCCCCCCCCOC1=CC(=O)C(=O)c2ccccc21,,,0
,CCCCCCCCCCCC[N+]12CCC(CC1)C(O)C2,,,0
,Cn1ccc2c(C(=O)N3CC[C@@]4(O)CCCC[C@H]4C3)cccc21,,,0
,CC(C)(C)C#CC1=C[C@@H]2C[C@@]3(OC(=O)C=C13)[C@H]1CCCCN21,,,0
,Cc1ccc2c(c1)C(=O)C1(OC(=O)c3ccccc31)O2,,,0
,O=C1CN(C(=O)c2cccc(Cl)c2)c2ccccc2N1,,,0
,Cc1ccc2c(c1)P(=O)(O)c1cc(C)ccc1O2,,,0
,COc1ccc2c(c1)OCC1(O)Cc3ccccc3OC21,,,0
,O=c1cc(C(F)(F)F)c2cc(N3CCCC3)ccc2[nH]1,,,0
,O=c1c2c3c(sc2nc2sc(=S)[nH]n12)CCCC3,,,0
,Clc1ccc2[nH]cc(C3=CCNCC3)c2c1,,,0
,C[C@H]1SC(N)=N[C@@]2(c3ccccc3F)COCC[C@@H]12,,,0
,COc1cc(C)c2c(O)c3c(cc2c1)[C@@H](O)CCC3=O,,,0
,Cc1nc2ccccc2c(=O)n1-c1n[nH]c2ccccc12,,,0
,Nc1ncnc2sc3c(c12)CCc1ccccc1-3,,,0
,Clc1ccc2nc3n(c2c1)C[C@@]1(CN2CCC1CC2)O3,,,0
,Cn1c2c(c3cc(O)ccc31)CCc1ncccc1-2,,,0
,C[C@@H]1C/C=C/CCC(=O)N[C@H](c2ccccc2)COC1=O,,,0
,O=C1Nc2ccccc2/C1=C1/Nc2ccccc2C1=O,,,0
,CN(C)C1[C@H](O)C[C@H]2[C@@H]3CCc4cc(O)ccc4[C@H]3CC[C@]12C,,,0
,CC(=O)Nc1cc(C(F)(F)F)cc2sc(=O)sc12,,,0
,COC(=O)c1c[nH]c2ccc(Br)cc12,,,0
,CC(C)(C)NC1=NCCNC(c2ccccc2Cl)=C1,,,0
,C[C@H]1CCc2sc(C(=O)N3CCc4n[nH]cc4C3)cc2C1,,,0
,O=C1/C(=C/c2cccc(O)c2)Oc2cc(O)ccc21,,,0
,Cn1c(O)c(C2=Nc3ccccc3C2=O)c2cccc(F)c21,,,0
,O=C1Nc2ccccc2/C1=C1/Cc2ccccc2C1=O,,,0
,O=[N+]([O-])c1ccc2c(c1)Cc1c-2nc(O)c2ccccc12,,,0
,C=C1C(C)=C(C#N)C(=O)N1c1ccccc1Br,,,0
,C[C@@H]1C[C@H]2OC(=O)[C@@]3(C)CCC[C@@](C)([C@@H]23)[C@@]12CCC(=O)O2,,,0
,COc1cccc2c3c(n4c5ccccc5c(=O)n4c12)CCC3=O,,,0
,CSC1=Nc2c(cnn2-c2cccc(Cl)c2)C2=NCCCN12,,,0
,CN1CCN(C2=Nc3ccccc3N=C(c3ccccc3)C2)CC1,,,0
,O=C1c2ccccc2OC(c2ccccc2)C1n1ccnc1,,,0
,Cc1c(C(=O)N2CCC[C@H]2C(=O)N2CCCCC2)[nH]c2c(F)cccc12,,,0
,Cc1[nH]c2ccccc2c1-c1ccnc(N2CCOCC2)n1,,,0
,Cc1ccc(-c2nnc(-c3cnc4ccccn4c3=O)o2)cc1,,,0
,CN1C2CCC1CC(NC(=O)N1CCc3cc(Cl)ccc31)C2,,,0
,CC(=O)NC1(c2cccc(Cl)c2)C2=NCCCN2c2ccccc21,,,0
,O=C(NN1C(=O)CCSC1c1ccccc1Cl)c1ccncc1,,,0
,c1cncc(C2CCCCN2Cc2ccc3c(c2)OCO3)c1,,,0
,c1ccc(-c2noc(CN3CCc4sccc4C3)n2)cc1,,,0
,CC(C)(C)c1nnc(-c2nn(-c3ccc(Cl)cc3Cl)c(-c3ccc(Br)cc3)c2Cn2cncn2)s1,,,0
,C[C@@H]1CC[C@@]2(OC1)O[C@H]1C[C@H]3[C@@H]4CC=C5C[C@@H](OCc6cn(-c7ccccc7C#N)nn6)CC[C@]5(C)[C@H]4CC[C@]3(C)[C@H]1[C@@H]2C,,,0
,N#Cc1ccc(-c2cc3c(o2)C(=O)N(Cc2ccccc2-c2cncnc2)c2ccc(C4CCNCC4)cc2C3(F)F)cc1,,,0
,COc1cc2c3c(cc(O)c2cc1C)C(C)(C)C(=O)[C@@]1(OC)Oc2c(cc4c(cc(OC)c5cc(C)c(OC)cc54)c2C)O[C@@H]31,,,0
,COc1cc(-c2nc3ccccc3n2Cc2ccc(Cl)c(Cl)c2)c2c(c1O)CN1CCc3cc4c(cc3C1C2)OCO4,,,0
,CC(C)=C[C@@H]1C[C@](O)([C@H]2CC[C@@H]3[C@@H]2CC[C@H]2[C@@]3(C)CC[C@H]3C(C)(C)[C@@H](OC(=O)c4ccccc4[N+](=O)[O-])CC[C@]23C)C(=O)O1,,,0
,COc1cc2c(c3c1c(=O)c1cc4ccccc4cc1n3C)[C@@H](OC(C)=O)[C@@H](OC(=O)/C=C/c1cccc(Br)c1)C(C)(C)O2,,,0
,O=c1nc(N2CCC3(CCN(Cc4ccc(C(F)(F)F)cc4C(F)(F)F)C3)CC2)sc2c([N+](=O)[O-])cc(C(F)(F)F)cc12,,,0
,Cc1c(NC(=O)/C(C#N)=C2\SC=C(c3ccc(Cl)cc3)N2c2ccc(Cl)cc2)c(=O)n(-c2ccccc2)n1C,,,0
,Cc1c(C(=O)N(c2ccccc2)c2ccc(O)cc2)cc(-c2cc3c(cc2C(=O)N2Cc4ccccc4C[C@H]2C)OCO3)n1C,,,0
,CCc1ccc(S(=O)(=O)Nc2ccc(O)c3ccccc23)cc1,,,0
,Cc1ccc(/C=N/n2c(S)nnc2COc2ccccc2)cc1,,,0
,O=C(O)c1ccc(Nc2cnc3ccc(C(F)(F)F)cc3n2)cc1,,,0
,CCSC1=N/C(=C\C=C2/Oc3ccccc3N2CC)C(=O)S1,,,0
,COc1cccc(CNC(=O)c2ccc3c(c2)nc2n3CCC(C)C2)c1,,,0
,Cc1nc(-c2ccc3ccccc3c2)sc1-c1nnc(N2CCC(N)C2)o1,,,0
,N#Cc1cccc(OCCCc2c(O)c3ccccc3oc2=O)c1,,,0
,Cc1ccccc1OCC(=O)Nc1ccccc1C(=O)N1CCCCC1,,,0
,CN1CCC(C(=O)c2cncc(-c3cccc(Cl)c3Cl)c2)C1=O,,,0
,CCC(=O)NC(c1ccc(OC)cc1)c1cc(Cl)c2cccnc2c1O,,,0
,O=C1CC2(CCCC2)CC(=O)N1CCN1CCN(c2cc(F)c(F)cc2F)CC1,,,0
,CC(C)C12C=CC(C)(CC1)C1C(=O)N(NC(=S)NCc3ccccc3)C(=O)C12,,,0
,COc1cc(CC2CN(C(=O)c3cc(C)nc(C)c3)C2)cc(OC)c1,,,0
,CC1Cc2ccccc2N1C(=O)CSc1nnnn1-c1ccccc1,,,0
,COC(=O)C1C(c2ccc(C(C)=O)c(C(C)=O)c2)CC2CCC1N2C,,,0
,Cc1c(Cl)nc(CO)nc1N1CC[C@@H](Oc2ccc3[nH]ncc3c2)[C@@H](F)C1,,,0
,CC1(OC(=O)c2ccco2)C(=O)C=C2C=C(c3ccc(C#N)cc3)OC=C2C1=O,,,0
,COCCN1CCCC2(CCN(c3nc(C)nc4ccsc34)C2)C1=O,,,0
,O=C(CN(C(=O)c1csnn1)c1ccccc1Cl)NC1CCCC1,,,0
,CN1CCC(C(=O)N2CC=C(c3ccc(NC(=O)N4Cc5ccncc5C4)cc3)CC2)C1,,,0
,Cc1cccnc1NC(=O)CCNC(=O)[C@H](O)C(C)(C)CO,,,0
,COc1ccc(C)cc1NC(=O)CNc1ccn(CC(N)=O)n1,,,0
,N[C@@H](Cc1c[nH]cn1)C(=O)N[C@@H](Cc1cc2ccccc2[nH]1)C(=O)O,,,0
,CC(C)OC(=O)[C@@](C)(NC(=O)[C@@H](N)CC(=O)O)C(C)C,,,0
,CC(C)C[C@@H](NC(=O)O[C@H](CCC(=O)O)C(=O)O)C(=O)O,,,0
,CCOC(=O)CCNC(=O)CC1CC(c2ccc(C(=N)N)cc2)=NO1,,,0
,COC(=O)[C@H](CCOC1CCCCC1)NC(=O)[C@@H](N)CC(=O)O,,,0
,CSCC[C@H](NCc1oc(CO)cc(=O)c1O)C(=O)O,,,0
,COc1ccc(NCC(=O)NCc2ccc(S(N)(=O)=O)cc2)cc1,,,0
,Cl.O=C(O)CCNC(=O)CCC(=O)Nc1ccc2c(c1)CNC2,,,0
,CC(Cn1cccn1)NCc1csc(Cc2ccccc2)n1,,,0
,CN(C(=O)CN1C(=O)S/C(=C\c2ccccc2)C1=O)C1CCS(=O)(=O)C1,,,0
,CC(NC(=O)COC(=O)c1ccc([N+](=O)[O-])o1)c1ccccc1,,,0
,Cc1ccc2nc(C)c3nnc(-c4cc(OCCCO)ccc4Cl)n3c2n1,,,0
,Cc1ccc2cccc(/N=C/c3c(C)[nH]n(-c4ccccc4)c3=O)c2n1,,,0
,Cc1ccc(C(=O)NCC(=O)N2CCN(c3ccccc3)CC2)cc1,,,0
,Clc1cccc(-c2nc3cccc4c3n2Cc2ncccc2-4)c1,,,0
,CC(C)(C)OC(=O)N1CCC(CNC(=O)c2ccno2)CC1,,,0
,CCc1c(-c2ccc(O)cc2)cnc(N)c1-c1ccc(S(C)(=O)=O)cc1,,,0
,Cc1ccccc1NC(=O)Cc1nnc(SCC(=O)c2ccc(Br)cc2)n1C,,,0
,CCc1nc2ccccc2n1CCCCOc1ccc(Cl)cc1F,,,0
,CCCN(Cc1cccs1)C(=O)Nc1ccccc1C,,,0
,CN(Cc1ccc(Cl)cc1)Cc1ccc(C2CCCN(C)C2)cc1,,,0
,COc1ccc(/C=C/C(=O)/C=C/C2=C(C)CCCC2(C)C)cc1O,,,0
,c1csc(-c2nnc(CCCc3c[nH]c4ccccc34)o2)c1,,,0
,COCCCc1ccc2oc(-c3ccc(OC)c(OC)c3)cc2c1,,,0
,Cn1cc(CCNCc2ccc(-c3ccccc3)o2)c2ccccc21,,,0
,COc1cc(/C=C\c2cc(Cl)cc(Cl)c2)cc(OC)c1OC,,,0
,COc1ccc2c(CCCN3CCCC[C@@H]3C)cccc2c1.Cl,,,0
,COc1ccnc(Nc2ccc(Cl)c(Sc3ccccc3)c2)n1,,,0
,CC(C)(C)/N=C/c1c(O)ccc2oc3c(c12)CCCC3,,,0
,Cc1ccc2cnc(C3COC4(CCCCC4)O3)cc2c1,,,0
,FC(F)(F)c1ccc2c(N3CCOCC3)cc(C(F)(F)F)nc2c1,,,0
,Cc1cccc(C2C3=C(CCCC3=O)OC3=C2C(=O)CCC3)c1,,,0
,Brc1ccc(-c2nc3ccc(Br)cn3n2)cc1,,,0
,c1ccc2c3c([nH]c2c1)CN1CCc2cc4c(cc2[C@@H]1C3)OCO4,,,0
,O=C(c1ccc2ccccc2n1)N1CCC[C@H]1c1ccc2c(c1)OCCO2,,,0
,CN1CCCN(C2c3ccccc3Oc3ccccc32)CC1,,,0
,Cc1cc(NC(=O)N2CCC(C)(C)[C@@H](c3ccccc3)C2)nn1C,,,0
,Cc1ccc(C(=O)NN(C(=O)c2ccccc2Cl)C(C)(C)C)cc1,,,0
,Nc1nc(-c2cccnc2)cn1/N=C/C1CCCc2ccccc21,,,0
,O.c1ccc2cc(OCC3CCN(CC4CC4)CC3)ccc2c1,,,0
,Cc1ccc(NS(=O)(=O)c2ccc3c(c2)CCCC(=O)N3)cc1C,,,0
,Cc1ccc2[nH]c3c(c2c1)CCN(C(=O)CCCN)C3c1cccc(O)c1,,,0
,Cc1nccc(-c2cc(O)cc(CC[C@H]3CCCCN3)c2)n1,,,0
,NC[C@@H]1OC(CCc2ccccc2)Cc2c1ccc(O)c2O,,,0
,CC(C)c1ccc(/C=C/C(=O)NN=c2nc[nH]c3ccccc23)cc1,,,0
,COc1ccc2[nH]c(C(=O)N3CCC(CC(C)(C)O)CC3)cc2c1,,,0
,NC(=O)C1CCCN(Cc2ccc3c(c2)CN(Cc2ccccc2)CCO3)C1,,,0
,CCC(c1ccc(Cl)c(Cl)c1)n1c(C(N)=O)cnc1S,,,0
,O=c1[nH]cnc2c(Cl)cccc12,,,0
,O=C1OC[C@@H]2CCCC[C@H]12,,,0
,CC(=O)Nc1ccc2c(c1)CCCC2=O,,,0
,O=C(O)c1cc(=S)ss1,,,0
,C1NC2CC3CC1CC(C3)C2,,,0
,C[C@@]12CCC[C@](C)(O)C1=CC(=O)CC2,,,0
,O=C(O)c1ccc([18F])cc1,,,0
,CN(C)C(=S)SC(=S)N(C)C,,,0
,C1=C(c2cccnc2)C[C@@H]2CNC[C@H]1C2,,,0
,C#CC[n+]1csc2ccccc21,,,0
,CC1=C(O)c2c(oc(-c3cc(C)cc(C)c3)cc2=O)C(C)(C)C1=O,,,0
,Cc1cc(=O)oc2c1ccc1oc(C(=O)c3ccccc3)c(C)c12,,,0
,CC(C)(C)c1cc(C(=O)c2ccc(F)cc2)cc2c1OCC2(C)C,,,0
,CN(Cc1ccccc1)C1CCc2[nH]c3c(F)cc(F)cc3c2C1,,,0
,Brc1ccc(Cn2ccc3nc(-c4cccnc4)nc-3c2)cc1,,,0
,COc1ccc(-c2c3c(nc4nc(N5CCCC5)sc24)CCCC3)cc1,,,0
,Cc1ccc2oc(=S)n(Cc3ccccc3F)c2c1,,,0
,Cc1ccc2c(CC(=O)Nc3cccc(C(F)(F)F)c3)coc2c1,,,0
,Cc1ccc2c(c1)CCCN2C(=O)c1sc2ccccc2c1F,,,0
,C[n+]1c(/C=C/c2cc3ccccc3[nH]2)cc(N2CCCC2)c2ccccc21,,,0
,CC(C)[C@H]1NC(=O)[C@@H](CC(N)=O)NC(=O)C2(CCCCC2)NC(=O)[C@@H](Cc2ccc(OP(=O)(O)O)cc2)NC(=O)C[S@+]([O-])C[C@H](C(N)=O)NC1=O,,,0
,CC(C)[C@H]1NC(=O)[C@@H](CC(N)=O)NC(=O)C2(CCCCC2)NC(=O)[C@@H](Cc2ccc(OP(=O)(O)O)cc2)NC(=O)C[S@@+]([O-])C[C@H](C(N)=O)NC1=O,,,0
,CCC(C)C1NC(=O)[C@H](C)NC(=O)[C@H](CC(C)C)N2C[C@@H](O)[C@@H](O)[C@H](NC(=O)[C@H](CC(N)=O)NC(=O)[C@H](Cc3ccccc3)NC(=O)[C@@H]3CCC(N3)C1=O)C2=O,,,0
,CC[C@@H]1NC(=O)[C@@H]2CSC(=N2)c2cc(ccn2)C[C@@H](C(N)=O)NC(=O)[C@H](CO)NC(=O)[C@H](CCC(N)=O)NC(=O)[C@H](CC2CC2)NC(=O)[C@H](C(C)(C)C)NC1=O,,,0
,COC(=O)c1cc(C(=O)OC)c2c(Cl)cc(NC(C)=O)cc2n1,,,0
,Oc1ccc(C(=C2CCCCCC2)c2ccc(O)cc2)cc1,,,0
,COc1cc(N)c(Cl)cc1C(=O)OCC[N+]12CCC(CC1)CC2,,,0
,O/N=C/c1cc[n+](CCOCCCl)cc1,,,0
,CC1COCc2cc3c(cc21)C(C)(C)C(C)C3(C)C,,,0
,CC(C)C(NCC(N)=O)c1ccc(F)cc1,,,0
,CC(C)(C)C(=O)OCc1nc(-c2ccc(Cl)cc2)cs1,,,0
,O=C(O)c1ccc2nc(-c3ccccc3)c(-c3ccsc3)nc2c1,,,0
,Cl.O=C1C=C(c2ccccc2)OC12CCCN(Cc1ccccc1)C2,,,0
,Fc1ccc(/C=N/NC(=S)Nc2nc3ccc(Cl)cc3s2)cc1,,,0
,Fc1ccccc1-c1nc(NC2CCCC2)c2ccccc2n1,,,0
,Cc1ccc(-c2cc3c(c(C)n2)C(=O)c2ccccc2C3=O)cc1,,,0
,O=c1c(-c2cccc3ccccc23)cc2c(F)cccc2n1O,,,0
,CC(C)Cc1c2[nH]c3ccccc3nc-2c2ccccc2c1=O,,,0
,CCCc1cc(O)n2nc(C)c(-c3ccc(Cl)cc3)c2n1,,,0
,CN(C)C1(c2ccc(C(C)(C)C)cc2)CCC2(CC1)OCCO2,,,0
,Cc1ccccc1-c1nnc(-c2ccc(Br)cc2)o1,,,0
,Clc1ccc(CNC2=Nc3ccccc3CS2)cc1,,,0
,O=c1oc(C2(O)CCCCC2)cc2ccc(-c3ccc4[nH]ccc4c3)cc12,,,0
,CN(C)c1nc(-c2ccccc2C(F)(F)F)nc2ccccc12,,,0
,Cc1cc(Nc2cc(C(F)(F)F)ccn2)nc(-c2ccnc(F)c2)c1,,,0
,CC(C)[C@]1(c2ccccc2)ON(c2ccccc2C(F)(F)F)C1=O,,,0
,O=C(N/N=C/c1cccc2ccccc12)c1coc2ccccc12,,,0
,N=c1sc2ccccc2n1CC(O)c1ccc(Cl)c(Cl)c1,,,0
,O=C1/C(=C/c2cccc(C(F)(F)F)c2)Cc2ccc(O)cc21,,,0
,CCc1ccc(-n2c(=O)oc3ccc(Br)cc3c2=S)cc1,,,0
,Nc1nc(N)c2nc(CN3CCSc4cc(C(=O)NC(CCC(=O)O)C(=O)O)ccc43)cnc2n1,,,0
,CN(C)[C@@H]1C(O)=C(C(N)=O)C(=O)[C@@]2(O)C(O)=C3C(=O)c4c(O)c(NCCNC(C)(C)C)cc(F)c4C[C@H]3C[C@@H]12,,,0
,COc1cc2c(c(OC)c1OC)-c1ccc(OC)c(=O)cc1C(N)CC2.O=C(O)C(O)C(O)C(=O)O,,,0
,COc1ccc(-c2nn(-c3ccccc3)cc2CNC[C@H]2O[C@@H](n3cnc4c(O)nc(N)nc43)[C@H](O)[C@@H]2O)cc1,,,0
,CC(O)[C@H](NS(=O)(=O)c1ccc2ccccc2c1)C(=O)N1CCC[C@H]1CNC(=O)[C@H]1CCCN(C(=N)N)C1,,,0
,C=C[C@H]1[C@H](O[C@@H]2O[C@H](CO)[C@@H](O)[C@H](O)[C@H]2O)OC=C(C(=O)OC)[C@H]1C[C@@H]1NCCc2c1[nH]c1ccc(F)cc21,,,0
,OC[C@H]1O[C@@H](n2cnc3c(NCCNC(=S)Nc4ccc(N=C=S)cc4)ncnc32)[C@H](O)[C@@H]1O,,,0
,Nc1nc(N)c2nc(CNc3ccc(C(=O)NCCc4ccc(S(N)(=O)=O)cc4)cc3)cnc2n1,,,0
,Nc1ncnc2c1nc(Sc1ccc(Cl)cc1)n2C1O[C@H](COP(=O)(O)O)[C@@H](O)[C@H]1O,,,0
,COCC(=O)[C@]1(O)Cc2c(O)c3c(c(O)c2[C@@H](OC2CC(N)C(O)C(C)O2)C1)C(=O)c1c(OC)cccc1C3=O,,,0
,NC[C@@H]1NC(=O)N([C@@H](Cc2c(Sc3ccccc3[N+](=O)[O-])[nH]c3ccccc23)C(N)=O)C1=O,,,0
,CC1(C)N=C(N)N=C(N)N1c1ccc(OCCOc2ccc(N3C(N)=NC(N)=NC3(C)C)cc2)cc1,,,0
,CN(Cc1cccc(-c2ccc(N3CCOCC3)cc2)c1)C(=O)C(C)(C)N.O=C(O)[C@H](O)[C@@H](O)C(=O)O,,,0
,CC(C)[C@H]1NC(=O)[C@@H](C)[C@@H](C/C=C\CCC(=O)O)NC(=O)[C@@H](Cc2ccc(O)cc2)NC(=O)[C@@H](C)NC1=O,,,0
,O=C(NC[C@H]1OC(n2cnc3c(NCc4ccccc4)ncnc32)[C@H](O)[C@@H]1O)c1cc(O)cc(O)c1,,,0
,Cn1nccc1-c1coc(C(=O)NC2CNCCC2c2ccc(F)c(F)c2)c1.O=C(O)[C@H](O)[C@@H](O)C(=O)O,,,0
,N=C(N)c1cccc(S(=O)(=O)NCC(=O)Nc2ccc(C(=O)O)cc2)c1.O=C(O)C(F)(F)F,,,0
,CC1(C)N=C(N)N=C(N)N1OCc1cc(Cl)c(CON2C(N)=NC(N)=NC2(C)C)cc1Cl,,,0
,COc1ccc(Cn2cc(C(=O)NCCCNC(=N)N)nn2)cc1Br.O=C(O)C(F)(F)F,,,0
,N=c1oc2c(O)c(O)ccc2cc1C(=O)NCCCNC(=O)c1cc2ccc(O)c(O)c2oc1=N,,,0
,CC(O)C(NS(=O)(=O)c1ccc(Cl)cc1)C(=O)OCCOc1ccc(F)cc1,,,0
,O=C(Nc1cc(-c2ccnc(NC3CC3)n2)c[nH]c1=O)c1ccccc1,,,0
,CC(C)C[C@H](NC(=O)[C@H](C)NC(=O)[C@@H](N)Cc1ccc(O)cc1)C(=O)N1CCC[C@H]1C(=O)N[C@@H](CCC(=O)O)C(=O)N[C@H](C)P(=O)(O)CCC(=O)N[C@@H](CCC(=O)O)C(=O)N[C@@H](CCC(=O)O)C(N)=O,,,0
,Cc1ccc(/C=C2\SC(=S)N(CC(=O)Nc3cc([N+](=O)[O-])ccc3O)C2=O)cc1,,,0
,O=C(c1ccc(-c2cccc(C(F)(F)F)c2)o1)N1CCN(c2ccccc2)CC1,,,0
,O=C(CCCc1cn(C23CC4CC(CC(C4)C2)C3)nn1)N[C@H](CO)Cc1ccc(O)cc1,,,0
,O=C1NC(=O)/C(=C/c2ccc(C(=O)NC[C@@H]3C[C@@H](SCc4ccccc4-c4ccccc4)CN3C(=O)c3ccccc3C(=O)c3ccc(F)cc3)cc2)S1,,,0
,COc1ccc(/C=N/N2CCN(c3ccccc3)CC2)cc1O,,,0
,Cc1ccccc1OC(=O)CSc1nnc(-c2cccs2)o1,,,0
,CC1CN(Cc2ccccc2)CCCN1CCNS(C)(=O)=O,,,0
,CC1(C)N=C(N)N=C(N)N1c1cccc(NC(=O)Nc2cccc(N3C(N)=NC(N)=NC3(C)C)c2)c1.Cl.Cl,,,0
,Cc1ccc(N2C(N)=NC(N)=NC2(C)C)cc1NC(=O)Nc1cc(N2C(N)=NC(N)=NC2(C)C)ccc1C.Cl.Cl,,,0
,Cc1ccc(NC(=O)Nc2ccc(C)c(N3C(N)=NC(N)=NC3(C)C)c2)cc1N1C(N)=NC(N)=NC1(C)C.Cl.Cl,,,0
,COc1ccc(-c2[nH]ncc2CN2CCC(C(=O)c3ccc(F)cc3)CC2)cc1,,,0
,CSCC[C@@H](C=O)NC(=O)OC(C)(C)C,,,0
,OC[C@H]1O[C@@H](n2cnc3c(NC4CCCCC4)nc(Cl)nc32)[C@H](O)[C@@H]1O,,,0
,CC(C)C[C@@H]1NC(=O)[C@H](Cc2ccccc2)NC(=O)CN(C)C(=O)[C@H](CC(C)C)N(C)C(=O)[C@H](Cc2ccc(O)cc2)NC(=O)[C@@H]2CCCN2C1=O,,,0
,N[C@@H](Cc1c[nH]cn1)C(=O)O.O=C(O)C(Oc1nn(Cc2ccc(Cl)cc2)c2ccccc12)C(=O)O,,,0
,Nc1ncc(-c2ccc(Cl)cc2)n1C1CCC1,,,0
,Fc1cccc(-c2ccc3ncnc(Nc4cccc5[nH]ncc45)c3c2)c1,,,0
,CN(C)c1ccc(/C=N\NC(=O)c2csnn2)cc1,,,0
,Cc1ncccc1NC(=O)c1ccc2c(c1)CC[C@@H]1C[C@@](OC(=O)OCC(C)C)(C(F)(F)F)CC[C@@]21Cc1ccccc1,,,0
,Cc1cccc(-n2nnnc2SCC(=O)Nc2ccccc2[N+](=O)[O-])c1C,,,0
,O=C(O)C1CCN(CCO/N=C/c2ccccc2-c2cccc(F)c2F)C1,,,0
,CN(C)[C@@H]1[C@H]2CC[C@H](C2)[C@H]1c1cccnc1,,,0
,Cc1cc(NCCO)nc2ccccc12,,,0
,COc1ccc(C(O)C(=O)Nc2nnc(CCCCc3nnc(NC(=O)C(O)c4ccc(OC)cc4)s3)s2)cc1,,,0
,C=C(C)[C@@H]1CC[C@]2(C)[C@H](C[C@@H](F)C34OC(=O)[C@@]5(CC[C@@H](C)[C@H](C)[C@@H]35)CC[C@]42C)[C@@]1(C)CCC(N)=O,,,0
,Cc1nc2c3ccccc3c3ccccc3n2c1C(=O)NCc1cn(-c2cccc(C(F)(F)F)c2)nn1,,,0
,CC(C)(N)C(=O)N[C@H](COCc1ccccc1)C(=O)N1CCC2(CC1)CSc1ccccc12,,,0
,Cc1[nH]nc2[nH]c(=O)cc([C@H]3CC[C@H](N)CC3)c12,,,0
,Cc1c(C(=O)N=C(N)N)cc(-n2cccc2)c(C)c1C,,,0
,Cl.Nc1nc(O)c2[nH]c(N)c(Cc3ccccc3)c2n1,,,0
,Nc1ncnc2c1c(-c1ccc(F)c(O)c1)nn2[C@H]1CCNC1,,,0
,Cc1cc2ccnc(N[C@H]3CCC[C@H](N)C3)c2[nH]c1=O,,,0
,CC1N=C(N)N=C(N)N1c1ccc(Br)cc1,,,0
,Nc1nc(N)nc(-c2cc(Br)ccc2F)n1,,,0
,Cc1ccnc(NC(=N)N)c1.O=C(O)C(F)(F)F,,,0
,Nc1nc(O)c2c(n1)CCc1cc(N)c(Br)cc1-2,,,0
,C[C@H]1O[C@@H](n2cc(-c3ccccc3)c3c(N)ncnc32)[C@H](O)[C@@H]1O,,,0
,O=C(CN1c2nc(N3C[C@@H]4C[C@H]3CO4)cc(=O)n2CC[C@H]1C(F)(F)F)c1ccc(NCCO)nc1,,,0
,O=C(NCC1CC1)c1n[nH]c2c1CNCC2,,,0
,CC[C@H](C)[C@@H]1NC(=O)[C@@H](NC(=O)[C@H](CO)NC(=O)[C@@H](N)CCCNC(=N)N)CSSC[C@@H](C(=O)O)NC(=O)[C@H]([C@@H](C)O)NC(=O)CNC(=O)[C@@H]2CSSC[C@@H]3NC(=O)[C@H](CCC(N)=O)NC(=O)[C@H](Cc4ccccc4)NC(=O)[C@H](C)NC(=O)[C@H]([C@@H](C)O)NC(=O)[C@H](CSSC[C@H](NC(=O)[C@H](Cc4ccccc4)NC(=O)[C@H](CO)NC(=O)[C@H](CCC(=O)O)NC(=O)[C@H](CCCNC(=N)N)NC(=O)[C@H](Cc4ccc(O)cc4)NC(=O)[C@H](CCCCN)NC(=O)[C@H](CCSC)NC(=O)[C@H](CO)NC(=O)[C@H](Cc4cnc[nH]4)NC(=O)[C@H](CCCCN)NC3=O)C(=O)N[C@@H](CCCNC(=N)N)C(=O)N[C@@H](CCCCN)C(=O)N[C@@H]([C@@H](C)O)C(=O)N2)NC(=O)[C@H](CCCNC(=N)N)NC(=O)[C@H](CO)NC(=O)[C@H](CCCCN)NC(=O)[C@@H]2CCCN2C(=O)[C@H]([C@@H](C)CC)NC(=O)[C@H]([C@@H](C)O)NC(=O)[C@H](CC(=O)O)NC1=O,,,0
,CCN1CCCC(CNC(=O)N2CCC(OCC(C)C)C2)C1,,,0
,CC(OC(=O)c1ccc(S(=O)(=O)N2CCOCC2)cc1)c1ccccc1,,,0
,COC(=O)C1=C(C)N(C)C(=O)NC1c1cc(Cl)c(O)c(OC)c1,,,0
,COc1ccccc1OCc1ccc(C(=O)NCC(C)C)o1,,,0
,CC(C)(C)CCOc1cccc2ccc(N)nc12,,,0
,OC(COc1ccc(Cc2ccccc2)cc1)CSc1ccccc1Cl,,,0
,COC(=O)C(=O)NC(C)C#Cc1cnc(Oc2ccc(OC(C)C)cc2)s1,,,0
,CC1c2cccc(O)c2C(=O)C2=C(O)C3(O)C(O)=C(C(N)=O)C(=O)C(N(C)C)C3C(O)C21,,,0
,CN(C)[C@@H]1C(O)=C(C(N)=O)C(=O)[C@]2(O)C(O)=C3C(=O)c4c(O)ccc(Cl)c4[C@H](O)[C@H]3C[C@@H]12,,,0
,O=C1CC(c2ccc(O)cc2)Oc2cc(O[C@@H]3O[C@H](C(=O)O)[C@@H](O)[C@H](O)[C@H]3O)c(O)c(O)c21,,,0
,CS(=O)(=O)O.CS(=O)(=O)O.Cc1[nH]c(-c2cc(F)ccc2F)nc1C(=O)N=C(N)N,,,0
,C=C1CC[C@]2(O)[C@]3(C)C[C@]4(O)O[C@@]2([C@@H]1O)[C@]1(O)[C@@]3(O)[C@H](OC(=O)c2ccc[nH]2)[C@](O)(C(C)C)[C@@]14C,,,0
,CN(C)[C@@H]1C(=O)C(C(N)=O)=C(O)[C@@]2(O)C(=O)C3=C(O)c4c(O)ccc(Cl)c4C(O)C3C[C@@H]12,,,0
,CN(C)C1C(O)=C(C(N)=O)C(=O)[C@@]2(O)C(O)=C3C(=O)c4c(O)ccc(Cl)c4[C@@H](O)[C@H]3C[C@@H]12,,,0
,NCc1cc2oc1CNC(=O)c1cc(CN)c(o1)CNC(=O)c1cc(CN)c(o1)CNC2=O,,,0
,C[C@H]1c2cccc(O)c2C(=O)C2=C(O)[C@]3(O)C(=O)C(C(N)=O)=C(O)[C@@H](N(C)C)[C@@H]3[C@@H](O)[C@@H]21.Cl,,,0
,CN(C)C1C(O)=C(C(N)=O)C(=O)[C@@]2(O)C(O)=C3C(=O)c4c(O)ccc(Cl)c4C(O)[C@H]3C[C@@H]12,,,0
,CN(C)[C@@H]1C(=O)C(C(N)=O)=C(O)[C@@]2(O)C(O)=C3C(=O)c4c(O)ccc(Cl)c4[C@@](C)(O)[C@H]3C[C@@H]12,,,0
,C=CC(=O)N[C@H]1C(O)=C(C(N)=O)C(=O)[C@@]2(O)C(=O)c3c(c(C)c4ccc(C)c(O)c4c3O)C[C@@H]12,,,0
,Nc1nc2c(nc(Sc3ccc(Cl)cc3)n2C2OC(CO)C(O)C2O)c(=O)[nH]1,,,0
,CN(C)c1ccc2c(c1O)C(O)=C1C(=O)[C@]3(O)C(O)=C(C(N)=O)C(=O)[C@@H](N(C)C)[C@@H]3CC1C2,,,0
,Brc1c(NC2=NCCN2)ccc2nccnc12.O=C(O)C(O)C(O)C(=O)O,,,0
,CC(=O)N[C@H]1/C(=N/NC(=O)Nc2ccc(C(F)(F)F)cc2)O[C@H](CO)[C@@H](O)[C@@H]1O,,,0
,CN(C)[C@@H]1C(=O)C(C(N)=O)=C(O)[C@H]2C(O)C3C(=O)c4c(O)cccc4[C@@](C)(O)C3CC21,,,0
,O=S(=O)(O)c1cc(O)ccc1O.O=S(=O)(O)c1cc(O)ccc1O.[Ca+2],,,0
,CN(C)[C@@H]1C(O)=C(C(N)=O)C(=O)[C@@]2(O)C(O)=C3C(=O)c4c(O)c(N)cc(F)c4C[C@H]3C[C@@H]12,,,0
,C[C@]12CC[C@@H]3c4ccc(O[C@@H]5O[C@H](C(=O)O)[C@@H](O)[C@H](O)[C@H]5O)cc4CC[C@H]3[C@@H]1C[C@H](O)[C@@H]2O,,,0
,Cc1nc(-c2cccnc2)c[nH]1,,,0
,NCc1ccc(-c2nccs2)cc1,,,0
,COC(=O)c1ccc2cc[nH]c2c1,,,0
,Cc1c(O)cc(CC(C)C)[nH]c1=O,,,0
,Oc1ccc(-c2ccccn2)cc1O,,,0
,Cc1ccccc1C12CNCC1C2,,,0
,O=C(O)C12CCC(CC1)C2,,,0
,CC(C)n1cc(C(=O)C(F)F)cn1,,,0
,COc1ccc2c(c1)CCN(C)C2,,,0
,CCC(C)c1nnc(N)s1,,,0
,O=C(NCCCc1ccccc1)c1ccc(O)cc1,,,0
,Cc1ccccc1OCCNC(=O)NCc1ccoc1,,,0
,CCOc1ccc(NC(=O)c2ccccc2CO)cc1,,,0
,OC(c1ccc(OCCCc2c[nH]cn2)cc1)C1CC1,,,0
,CCCOc1ccc2occc2c1[C@H]1C[C@@H]1CN,,,0
,CC(O)CC(C)CNCc1cccc(OC(C)(C)C)n1,,,0
,O=C(NCCCCn1ccnc1)c1cc2ccccc2[nH]1,,,0
,CC(C)CCC(C)NC(=O)Nc1ccccn1,,,0
,CCC(CO)Nc1nccnc1-c1cccc(F)c1,,,0
,CC(O)c1ccc(OCCCc2c[nH]cn2)cc1,,,0
,Cc1ccc(C(=O)O)cc1NC(=S)NC(=O)Cc1ccccc1,,,0
,CC(C)NC1=NN=C(c2cccs2)C(CC(=O)O)S1,,,0
,CO[C@](C)(C(=O)O)C(=O)N1CCc2cc(-c3ccccc3)ccc21,,,0
,COc1cc(OC)c(OC)cc1/C=C1\Cc2ccc(O)cc2C1=O,,,0
,O=c1cc(CCC2CCC2)c2c(=O)[nH]c(C(F)F)nc2o1,,,0
,COc1cc(NC(=O)c2ccccn2)ccc1Br,,,0
,Cc1nc2ccccc2c(=O)n1NC(=O)/C=C/c1ccccc1,,,0
,C#CCNC(=O)c1cc(C(=O)c2ccc(Cl)cc2)n2ccccc12,,,0
,CC(C)(OCC(=O)N1Cc2ccc(O)cc2C2(CC2)C1)C(F)(F)F,,,0
,Cn1c(=O)c(C(=O)Nc2ccc(F)cn2)cc2ccccc21,,,0
,CN1CCOC(C(NCc2cscn2)c2ccc(Cl)cc2)C1,,,0
,N#Cc1cccc(-c2ccc(OCCCO)c(C(F)(F)F)c2)n1,,,0
,CC(C)(N)CNc1nc(-c2ccncc2)cc2cnccc12,,,0
,COc1cc(-c2cc(C3CC4CCC3N4)cnc2F)ccn1,,,0
,CCC(=O)NC1CCc2c(-c3ccc(C#N)cc3)cncc21,,,0
,CC(NC(=O)c1ccc(S(=O)(=O)C(F)F)cc1)c1ccccc1,,,0
,CCc1c(C)nc(O)c(N(C)C)c1C(=O)c1cccc(N(C)C)c1,,,0
,Cl.O=C(NCCN1CCCC1)c1ccc(Cl)cc1,,,0
,Cc1ccc(NC(=O)c2ccccc2Cl)cc1NS(C)(=O)=O,,,0
,CCN1C(=S)NC(c2cccc(F)c2)C(C(=O)OC)=C1C,,,0
,CC1CCN(CCNC(=O)C2CCN(S(N)(=O)=O)CC2)CC1,,,0
,O=c1[nH]c(=O)n([C@H]2C[C@H](O)[C@@H](CO)O2)cc1/C=C/C(F)(F)F,,,0
,Nc1ccn(CC(=O)NCc2ccc3c(c2)OCO3)c(=O)n1,,,0
,Nc1nc(N)nc(Nc2ccc([As]=O)cc2)n1,,,0
,OCC[C@@H]1C[C@H](O)[C@@H](O)[C@@]2(OCc3ccc(CO)cc32)O1,,,0
,Cc1c(O)c(/C=N/NC(=O)c2cc[n+](C)cc2)c(CO)c[n+]1C,,,0
,O=c1[nH]c(=O)n([C@@H]2O[C@H](CO)[C@@H](O)[C@@H]2F)cc1CCCF,,,0
,NC(=O)Cc1csc(NC(=O)C2CSCCC(=O)N2)n1,,,0
,O=c1[nH]c(=O)n(C/C=C/CP(=O)(O)O)cc1Cl,,,0
,NS(=O)(=O)c1ccc(C(=O)N2CCNC[C@@H]2CCO)cc1,,,0
,CCN(CCC(=O)Nc1ccc(Br)c(C)c1)Cc1ccccc1,,,0
,CCOc1ccc(NC(=O)/C(C#N)=C(\Nc2ccccc2)SC)cc1,,,0
,CCCCOc1ccccc1NC(=O)CC1Sc2ccccc2NC1=O,,,0
,NC(=O)c1ccccc1Nc1cccc(OCCCc2ccccc2)c1,,,0
,CCCNC[C@@H](O)c1oc2ccccc2c1CCc1ccccc1,,,0
,CCCCNCc1ccc(OCc2ccc(Cl)nc2)c(OC)c1,,,0
,CCOc1ccccc1CN1CCC(CO)(CCOc2ccccc2)CC1,,,0
,CC/C(=C(/c1ccc(O)cc1)c1ccc(OCCN)cc1)c1ccccc1,,,0
,Cc1nc(NCCOc2ccccc2)sc1C(=O)Nc1ccccc1,,,0
,COc1ccc(C(=O)C(Nc2ccc(C)cc2)c2ccc(OC)cc2)cc1,,,0
,CCCCCCc1cc(C)oc(=O)c1,,,0
,CCC(=O)NC(C)c1ccccc1C,,,0
,CCNC(C)Cc1ccccc1.Cl,,,0
,CC(C)NCc1cccc(Cl)c1,,,0
,c1ccc(CSc2ncc[nH]2)cc1,,,0
,CCCCc1ccc(Cl)oc1=O,,,0
,C[C@H](Cc1ccccc1)NCC1CC1,,,0
,CC(C)CC=C(C=O)c1ccccc1,,,0
,O=C(Cc1cccnc1)c1ccccc1,,,0
,CCCc1cccc(CC)c1O,,,0
,CC(=O)/C=C\C=C\C(=O)c1ccccc1,,,0
,c1ccc(CCCN2CCCCC2)cc1,,,0
,CC=C=CCN(C)CCc1ccccc1,,,0
,C[C@@H](CNC1CCCC1)c1ccccc1,,,0
,ClCCCCN1CCCCC1,,,0
,CCC(C)(CCC(C)C)C(=O)O,,,0
,CCCSC(=O)N(CCC)CCC,,,0
,C=C=CCN(C)Cc1ccccc1,,,0
,CC(C)CNC(=O)/C=C/c1ccccc1,,,0
,CCC(Cc1ccccc1)NC.Cl,,,0
,Cc1ccc2nc3c(cc2c1)c(C)nn3-c1ccccc1,,,0
,CC(=O)O[C@@H]1c2c(C)coc2C(=O)C2=CCC[C@H](C)[C@]21C,,,0
,Clc1ccc(-c2nc3cc(Cl)cnc3[nH]2)cc1,,,0
,CCC12CCC(=O)C(C)=C1c1ccc3[nH]nc(Cl)c3c1C2,,,0
,C[C@]1(O)CC[C@H]2[C@@H]3CCC4=CC(=O)CCC4=C3C=C[C@@]21C,,,0
,Cc1cccc2c(N3CC[C@H]4CCCC[C@H]43)ncnc12,,,0
,Cc1ccc(NC(=O)N2CCc3ccccc3C2)cc1C,,,0
,CC(=O)C1CCC2C3CC=C4CC(O)CC[C@@]4(C)C3CC[C@]12C,,,0
,O=C1OCN(c2cccc(C(F)(F)F)c2)c2ccccc21,,,0
,Cc1cccc(-n2sc3cc(F)ccc3c2=O)c1C,,,0
,O=c1c2ccccc2sn1-c1cccc2ccccc12,,,0
,CC(C)n1c2c(c3ccccc31)C(=O)c1cnc3ccccc3c1C2=O,,,0
,C[C@]12CC[C@H]3[C@@H](CCC4=CC(=O)CC[C@@]43CS)[C@@H]1CCC2=O,,,0
,C[C@@H]1CC=C2C(C)(C)CCC[C@]2(C)[C@@]12CC[C@]1(COC(=O)C1)O2,,,0
,O=C1CC2CCOc3ccc(Cl)cc3C2=NN1c1ccccc1,,,0
,O=C(O)c1cc2c(s1)-c1cc(F)ccc1SC2,,,0
,Cn1c2ccccc2c2c3[nH]c4ccccc4c3ncc21,,,0
,CC(O)c1ccc2c(c1)[C@@]13CCCC[C@H]1[C@@H](C2)N(C)CC3.Cl,,,0
,Cn1c2c(c3cccc(O)c31)CSc1cc(F)ccc1-2,,,0
,Cn1c(-c2cc(=O)c3ccccc3o2)cc2ccccc21,,,0
,CC(=O)c1c(O)c(C(C)=O)c(O)c(C(c2ccco2)c2c(O)c(C(C)=O)c(O)c(C(C)=O)c2O)c1O,,,0
,O=C(CC1NCCc2ccccc21)NNC(=O)N[C@H](Cc1c[nH]c2ccccc12)C(=O)NCCc1ccccc1,,,0
,COc1ccc(-c2cc(C(CC(=O)O)C(=O)O)cc(-c3nc4cc(C(=N)N)ccc4[nH]3)c2O)cc1,,,0
,N=C(N)c1ccc2[nH]c(-c3cc(C(CC(=O)O)C(=O)O)cc(-c4cccc(CO)c4)c3O)nc2c1,,,0
,N=c1oc2c(O)cccc2cc1C(=O)NCCCCCNC(=O)c1cc2cccc(O)c2oc1=N,,,0
,CCCCOc1nc(N)c2nc(O)n(Cc3ccc(CCCN)cc3)c2n1.O=C(O)C(F)(F)F,,,0
,Cc1ccc(C(=O)N[C@@H](CC2CCCCC2)C(N)=O)cc1NC(=O)c1cnn(-c2ccccc2)c1N,,,0
,N=C(N)c1ccc2[nH]c(-c3cc(C(CC(=O)O)C(=O)O)cc(-c4ccc(O)cc4)c3O)nc2c1,,,0
,NC(=O)[C@H]1CC[C@H](CNc2nc(NCc3cccc(S(N)(=O)=O)c3)cc(-c3ccccc3)n2)CC1,,,0
,CC(NC(=O)CNC(=O)Nc1ccc(C(=N)N)cc1)c1ccc(C(=O)Nc2ccccc2)cc1,,,0
,COc1cc(CNc2ncc3ccn(-c4ccccn4)c3n2)cc(OC)c1OC,,,0
,CC(OC(=O)CCOc1ccccc1)C(=O)Nc1ccc(Cl)cn1,,,0
,COc1cccc(Sc2ncnc3c(OC)c(OC)c(OC)cc23)c1,,,0
,C=CCn1/c(=N/C(=O)c2cccc(N3C(=O)CCC3=O)c2)sc2cccc(OC)c21,,,0
,Cc1cc(C)n(-c2ccc(C(=O)OCC(=O)N(CCC#N)c3ccccc3)cc2)n1,,,0
,COCc1cccc(S(=O)(=O)c2ccc(NC(=O)/C=C/c3cccnc3)cc2)c1,,,0
,COc1cc2c(cc1OCc1ccccn1)Cc1c(-c3ccc(C#N)nc3)n[nH]c1-2,,,0
,CSc1ccc(OCc2nc(Br)c([N+](=O)[O-])n2C)cc1,,,0
,COC(=O)C1=C(C)N(c2ccccc2OC)C(=O)/C1=C\c1ccc(C(=O)O)cc1,,,0
,COc1ccc2[nH]c([S+]([O-])Cc3nccc(OC(C)C)c3C)nc2c1,,,0
,CSc1ccc(CN(C)CC(=O)N2c3ccccc3NC(=O)CC2C)cc1,,,0
,CN(CCCn1cccn1)C1CCN(c2nc3ccccc3o2)CC1,,,0
,COc1cccc(C(=O)Nc2nc3ccc(F)cc3s2)c1OC,,,0
,CCc1nnsc1C(=O)N(Cc1ccc2c(c1)CCO2)C1CCCC1,,,0
,COC(=O)c1c(C)oc2ccc(N(C(C)=O)S(=O)(=O)c3ccccc3)cc12,,,0
,Cc1cccc(CN(Cc2cnn(C)c2)Cc2cccc(C)n2)n1,,,0
,Cc1cnc(NC2CCCCC2)nc1-c1ccc(S(C)(=O)=O)cc1,,,0
,CCOC(=O)c1cn(-c2ccccc2[N+](=O)[O-])nc1CC(C)C,,,0
,CCS(=O)(=O)c1ccc2[nH]c(N3CCOC(c4ccc(C)cc4)C3)nc2c1,,,0
,CCc1oc(NC(=O)Cc2nn(C)c(=O)c3ccccc23)nc1-c1ccccc1,,,0
,Cc1nc([N+](=O)[O-])cn1C/C(=N\O)c1ccc(Br)cc1,,,0
,CCOC(=O)C1=C(C)NC(=O)NC1c1coc2cc3occc3cc2c1=O,,,0
,CCc1nnc(NC(=O)C2CCCN(C(=O)c3ccc(Cl)cc3)C2)s1,,,0
,COC(=O)c1ccc(NC(=O)CNC(=O)C2CCCCC2)c(C)c1,,,0
,CNC(=O)c1ccc2c(c1)nc(-c1cc(C)c(O)c(C)c1)n2CC1CCNCC1,,,0
,CC(C)(C)c1cc(-c2cnc(NC(=O)N3CCCC3C(N)=O)s2)ccn1,,,0
,CN1CC[C@@H](NC(=O)c2ccc3c(c2)OCCO3)C[C@@H]1c1nc2ccccc2[nH]1,,,0
,O=C(C[C@H]1CCCCO1)Nc1ncc(Oc2ccccc2)cn1,,,0
,C/C(=N\NC(=S)Nc1ccc([N+](=O)[O-])cc1)c1ccccn1,,,0
,Cc1ccccc1OC1CCN(S(=O)(=O)c2c(C)n[nH]c2C)CC1,,,0
,Cn1nc(C(F)(F)F)cc1COc1ccc(S(=O)(=O)N2CCCC2)cc1,,,0
,C#CCNc1ccnc2sc3c(=O)n(-c4ccc(OC)cc4)cnc3c12,,,0
,Cc1ccc(S(=O)(=O)Nc2ccc(NC(=O)c3cccnc3)cc2)cc1,,,0
,CC(=O)NCCNc1nc2c(-c3cccc(C)c3)nnn2c2ccccc12,,,0
,N#Cc1ncc(Nc2ncc(-c3ccc(F)cc3)cn2)cc1OC1CCCNC1,,,0
,CC(C)c1ccc(NC(=O)c2ccc(NS(=O)(=O)N(C)C)cc2)cc1,,,0
,N#Cc1ccc2c(c1)CN(CC[C@@H]1C[C@H]1CNC(=O)c1cc3cccnc3[nH]1)CC2,,,0
,COc1cccc(-c2cncnc2N2CCC(c3[nH]cnc3C)CC2)c1,,,0
,Cc1cc(SCC(=O)N/N=C/c2ccc(C(=O)O)cc2)nc2ccccc12,,,0
,COc1ccc([C@H]2C[C@@H]2COc2nc(C)ncc2-c2ccc(=O)n(C)c2)nc1,,,0
,C[C@@H]1CN([C@H](C)CO)C(=O)c2cc(NC(=O)Nc3ccc4c(c3)OCO4)ccc2O[C@H]1CN(C)S(=O)(=O)c1ccc(Cl)cc1,,,0
,COc1ccc2c(c1F)C(=O)N(C[C@@]1(C#Cc3ccc(-c4cccc(N5CCN(C6CCCCC6)CC5)n4)cc3)NC(=O)NC1=O)C2,,,0
,C=C1[C@@H](OC(=O)C[C@H](c2ccccc2)N(C)C)CC[C@@]2(C)[C@@H](OC(C)=O)[C@H](OC(C)=O)C3=C(C)[C@]4(O)C[C@@H]([C@@H](OC(C)=O)[C@H]12)[C@@]3(C)CO4,,,0
,CC[C@@]1(OC(=O)[C@H](CC(C)C)NC(=S)NC(=O)c2ccc(OC)cc2)C(=O)OCc2c1cc1n(c2=O)Cc2cc3ccccc3nc2-1,,,0
,CC(C)CC[C@@]1(C)C(=O)N2CCCC2[C@]2(O)O[C@](NC(=O)[C@@H]3C=C4c5cccc6[nH]c(Br)c(c56)C[C@H]4N(C)C3)(C(C)C)C(=O)N12,,,0
,Cc1cc(C)c2cccc(OCc3c(Cl)ccc(S(=O)(=O)NC4(C(=O)N5CC[N+]6(CC5)CC[N+](C)(C)CC6)CCOCC4)c3Cl)c2n1,,,0
,CC[C@@]1(OC(=O)CNC(=O)[C@H](Cc2ccccc2)NC(=O)OC(C)(C)C)C(=O)OCc2c1cc1n(c2=O)Cc2cc3ccccc3nc2-1,,,0
,CC(C)CCN1CCc2c(C(=O)N(C)Cc3ccccn3)nn(C)c2C1.O=C(O)C(F)(F)F.O=C(O)C(F)(F)F.O=C(O)C(F)(F)F,,,0
,COc1ccc(N(C(=O)Nc2ccc(F)cc2)C(C)c2nc3ccccc3c(=O)n2N2CCN(C(=O)[C@@H]3CCCN3C)CC2)c(OC)c1,,,0
,O=C(CN1CCN(c2ccccc2)CC1)Nc1nc2cc3nc(NC(=O)CN4CCN(c5ccccc5)CC4)sc3cc2s1,,,0
,COc1ccc2c(c1)C1CC1(C(=O)N1CCN(C(C)=O)CC1)Cn1c-2c(C2CCCCC2)c2ccc(C(=O)NS(=O)(=O)N(C)C)cc21,,,0
,COc1ccc2c(c1)COCCCCCCCCN(C[C@@H](O)[C@H](Cc1ccccc1)NC(=O)O[C@H]1CO[C@H]3OCC[C@H]31)S2(=O)=O,,,0
,O=C(O)c1cn(C2CC2)c2cc(N3CCN(CCOc4cc(O)c5c(=O)c(-c6ccc(O)cc6)coc5c4)CC3)c(F)cc2c1=O,,,0
,CCS(=O)(=O)N1CC[C@H](Nc2c(Br)cnc3[nH]c(-c4cc(C)n(-c5cccc(C(=O)N6CCOCC6)c5)c4C)nc23)C1,,,0
,CC(CO)N1C(=O)c2cccc(NC(=O)Nc3cccc4ccccc34)c2OC(CN(C)S(=O)(=O)c2ccc3c(c2)OCCO3)[C@@H]1C,,,0
,COc1ccc2c(c1)C1CC1(C(=O)N1CC3CCC(C1)N3C)Cn1c-2c(C2CCCCC2)c2ccc(C(=O)NS(=O)(=O)N(C)C)cc21,,,0
,CS(=O)(=O)N1CCN(Cc2cc3nc(-c4ccc(NC(=O)Nc5ccncc5)cc4)nc(N4CC5CCC(C4)O5)c3s2)CC1,,,0
,CCN(C[C@H]1N[C@@](CC)(C(=O)OC)[C@H]2C(=O)N(Cc3ccccc3)C(=O)[C@@H]12)C(=O)Nc1ccc(Cl)cc1.O=C(O)C(F)(F)F,,,0
,O=C(c1ccc(Cl)c(Cl)c1)N1CCN(c2cc(=O)[nH]c(=O)n2Cc2ccc(OS(=O)(=O)c3cccc4cnccc34)cc2)CC1,,,0
,CC[C@]12c3[nH]c4ccc(OC)cc4c3CCN1C(=O)C(CC(=O)NCC13C[C@H]4C[C@@H](C1)C[C@@H](C3)C4)C[C@@H]2C(=O)N1CCN(C(=O)C2CC2)CC1,,,0
,CC(C)(/C=C(/C#N)C(=O)N1CCC[C@@H](n2nc(-c3ccc(Oc4ccccc4)cc3F)c3c(N)ncnc32)C1)N1CCN(C2COC2)CC1,,,0
,COc1ccc2c(O[C@@H]3C[C@H]4C(=O)N[C@]5(C(=O)NS(=O)(=O)C6CC6)C[C@H]5/C=C\CCCCN(C)C(=O)[C@@H]4C3)nc(-c3ccccc3)nc2c1C,,,0
,CC(=O)OC[C@H]1O[C@@H](Oc2c(-c3ccc(Br)cc3)oc3cc(C)ccc3c2=O)[C@H](OC(C)=O)[C@@H](OC(C)=O)[C@@H]1OC(C)=O,,,0
,O=C(O)c1ccc(N(Cc2cnc(C3CCCC3)cn2)C(=O)[C@H]2CCN2S(=O)(=O)c2c(F)c(F)c(F)c(F)c2F)cc1O,,,0
,COc1ccc2c(OC[C@H]3C[C@@H]4C(=O)N(C)CCCC/C=C\[C@H]5C[C@]5(C(=O)NS(=O)(=O)C5CC5)NC(=O)N34)cc(-c3ccccc3)nc2c1,,,0
,COCC/N=C1/OC(=O)N2C(=O)C3=C4[C@@H](C[C@H]5C(=O)N(c6ccccc6)C(=O)[C@H]5[C@H]4[C@@]12Cc1ccccc1)[C@H]1C(=O)N(c2ccccc2)C(=O)[C@H]1[C@H]3C,,,0
,COc1ccc2c(O[C@@H]3C[C@H]4C(=O)N[C@]5(C(=O)NS(=O)(=O)C6CC6)C[C@H]5/C=C/CCCCN(C)C(=O)[C@@H]4C3)cc(-c3ccccc3)nc2c1,,,0
,O=C1OC(c2ccc(OS(=O)(=O)O)cc2)(c2ccc(OS(=O)(=O)O)cc2)c2c(Br)ccc(Br)c21,,,0
,Cc1ccc(C(c2cn(C3CCCC3)nc2-c2ccccc2)n2cccc(N3C[C@H](C(=O)NC45CCC(CC4)NC5=O)N(C)C3=O)c2=O)cc1,,,0
,CN1CCN(Cc2ccc(NC(=O)[C@@H]3CCN(c4ccc5ncc(-c6cnn(C7CCOCC7)c6)n5n4)C3)cc2C(F)(F)F)CC1,,,0
,COC(=O)[C@@]1(Cc2ccc(OC)cc2)[C@H]2c3cc(C(=O)N(C)C)n(Cc4nc5ccccc5[nH]4)c3C[C@H]2CN1C(=O)c1ccccc1,,,0
,COc1cc(-c2cn(C)c(=O)c(C)c2C)cc(Cl)c1CN1CCC(N2CCN(c3ccc(NC4CCC(=O)NC4=O)cc3F)CC2)C(F)(F)C1,,,0
,CC[C@@]1(C)CC(=O)[C@]2(O)[C@@]3(C)[C@@H](OCc4cc(-c5ccc(OC)c(OC)c5)no4)CCC(C)(C)[C@@H]3[C@H](O)[C@H](OC(C)=O)[C@@]2(C)O1,,,0
,CN[C@@H](C)C(=O)N[C@@H]1C(=O)N(Cc2c(C#N)n(-c3ccccc3C#N)c3ccccc23)c2ccccc2OC12CCOCC2.Cl,,,0
,C[C@@]1(c2ccccc2NS(=O)(=O)c2ccccc2)O[C@H]2CO[C@@H]3N2[C@H]1O[C@@]3(C)c1ccccc1NS(=O)(=O)c1ccccc1,,,0
,CNC(=O)c1c(-c2cnn(CCO)c2)oc2cc(N(C)S(C)(=O)=O)c(-c3ccc4c(n3)-c3cc5c(F)cccc5n3CC4)cc12,,,0
,Cn1cc(-c2ccnc(N3CCn4c(cc5c4CC(C)(C)C5)C3=O)c2CO)cc(Nc2ccc(N3CCN(C4CCOCC4)CC3)cn2)c1=O,,,0
,O=C(CN1CCN(c2ccc([N+](=O)[O-])cc2)CC1)N1CCN(c2nnc(-c3ccc(Cl)cc3)c(-c3ccc(Cl)cc3)n2)CC1,,,0
,C[C@@]1(c2ccccc2NS(=O)(=O)c2ccccc2)O[C@@H]2N3[C@H](CO[C@H]31)O[C@]2(C)c1ccccc1NS(=O)(=O)c1ccccc1,,,0
,COC(=O)c1c(C)[nH]c2c1C1C(=CC2OC(=O)N2CCN(C)CC2)N(C(=O)/C=C/c2ccc(OC)c(N(C)C)c2)C[C@H]1CBr.Cl,,,0
,CC(C)C[C@@H]1OC(=O)CCNC(=O)[C@H](Cc2ccccc2)N(C)C(=O)[C@H](C(C)C)N(C)C(=O)[C@H](Cc2ccccc2)NC(=O)[C@@H]2CCCN2C1=O,,,0
,CC[C@H](C)[C@H]1C(=O)N[C@H](COC(C)=O)C(=O)N[C@@H](C(C)(C)O)C(=O)O[C@H](c2ccccc2)[C@H](C)/C=C/C=C(\C)[C@H](OC)C[C@@H]2O[C@@]2(C)C(=O)N1C,,,0
,CC[C@H](C)[C@@H]1NC(=O)[C@@H](Cc2ccccc2)NC(=O)[C@@H]2CCCN2C(=O)[C@@H](Cc2ccccc2)N(C)C(=O)[C@@H]2CCCCN2C(=O)[C@H]2CCCCN2C1=O,,,0
,COC(=O)[C@]1(Cc2ccccc2)N[C@H](CN(C)C(=O)Nc2ccc(C(F)(F)F)cc2)[C@@H]2C(=O)N(C)C(=O)[C@@H]21.O=C(O)C(F)(F)F,,,0
,COC(=O)/C(C)=C1\C(=O)[C@H](O)[C@]2(C)C3=C(C[C@@H]4[C@]5(OC(=O)C(COC(C)=O)=C5C[C@H]5[C@](O)(COC(=O)C=C(C)C)[C@H]6C[C@H]6[C@]45C)[C@H]31)[C@H]1C[C@H]12,,,0
,CN(C)CCn1c2c(ccc1=O)CC(NCc1cccnc1)CC2.O=C(O)C(F)(F)F.O=C(O)C(F)(F)F.O=C(O)C(F)(F)F,,,0
,C=C[C@@H]1C[C@]1(NC(=O)[C@@H]1C[C@@H]2CN1C(=O)[C@H](C(C)C)CC(=O)N(C(C)C)CCCCCc1cccc3c1CN(C3)C(=O)O2)C(=O)NS(=O)(=O)C1CC1,,,0
,CC[C@H]1OC(=O)[C@H](C)[C@@H](OC(=O)Cc2ccccc2)[C@H](C)[C@@H](O[C@@H]2O[C@H](C)C[C@H](N(C)C)[C@H]2O)[C@@](C)(OC)C[C@@H](C)C(=O)[C@H](C)[C@@H](O)[C@]1(C)O,,,0
,O=C(O)c1ccc(NC(=O)[C@@H]2c3cccc(N4CCOCC4=O)c3CCN2C(=O)/C=C/c2c(-n3cnnn3)ccc(Cl)c2F)cc1,,,0
,CC[C@H]1OC(=O)[C@H](C)[C@@H](O[C@H]2C[C@@](C)(OC)C[C@H](C)O2)[C@H](C)[C@@H](O[C@@H]2O[C@H](C)C[C@H](N(C)C)[C@H]2O)[C@@]2(C)C[C@@H](C)[C@@H](O2)[C@H](C)[C@@H](O)[C@]1(C)O,,,0
,Fc1ccc(NC(=S)N2CCC(c3cccc(Cl)c3)=N2)c(F)c1,,,0
,O=C(O)c1cccn2cc(-c3ccc(-c4ccccc4)cc3)nc12,,,0
,Cc1c(NP(=S)(C(C)(C)C)C(C)(C)C)c(=O)n(-c2ccccc2)n1C,,,0
,CC(C)(C)C1COc2ccccc2N1C(=O)c1ccccc1Cl,,,0
,CC(C)(C)N1CC(c2nc3ccccc3n2Cc2ccc(Cl)cc2)CC1=O,,,0
,CCn1c2ccccc2c2cc(-n3nncc3-c3ccccc3)ccc21,,,0
,CC1(C)C2CC[C@@H](Cc3ccc(C(=O)O)cc3)C[C@@]2(C)CC[C@@H]1O,,,0
,O=C(O)C1=Cc2c(ccc(Cl)c2-c2ccccc2)OC1C(F)(F)F,,,0
,CCn1c2ccncc2c2cc(NC(=O)c3ccccc3O)ccc21,,,0
,O=C(Nc1ccc(Br)cc1)c1cc2ccccc2[nH]1,,,0
,C=CCc1cc2c(cc1O)CC[C@@H]1[C@@H]2CC[C@]2(C)C(=O)CCC[C@@H]12,,,0
,O=C1CCCC2=C1C(c1ccccc1O)c1ccc3ccccc3c1N2,,,0
,O=c1cc(-c2cccc(F)c2)oc2c1ccc1ccccc12,,,0
,Clc1cccc(Nc2nc3ccccc3nc2Cl)c1,,,0
,Cn1c2c(c3cc(F)ccc31)CSc1cc(F)ccc1-2,,,0
,CN1C2CCC1CC(=C1c3ccccc3CCc3ccccc31)C2,,,0
,C[C@]12CC[C@H]3[C@@H](CC=C4C[C@@H](O)CC[C@@]43C)[C@@H]1CC[C@H]2c1ccncc1,,,0
,CC1=CP(=O)(OC(C)C)C=C(C)C1=C(Cl)Cl,,,0
,Cc1cccc2c(/C=N/c3sc4c(c3C#N)CCC4)c[nH]c12,,,0
,N#Cc1ccc(C2=CC(=O)C[C@H](c3ccc(Cl)cc3)C2)cc1,,,0
,Cc1cc2c(cc3c(SCc4cccc(F)c4)nnc(C)n32)o1,,,0
,O=C(c1ccccc1)c1ccc(Nc2ccccc2)cc1,,,0
,O=c1c2ccccc2nc(CBr)n1-c1ccccc1Cl,,,0
,c1cc(Nc2nc(-c3nccs3)cs2)c2cccnc2c1,,,0
,CCOC1(OCC)C2c3ccccc3C([n+]3c(C)cccc32)C1(C)C,,,0
,N#Cc1ccc(-n2cc(-c3ccccc3)nn2)cc1C(F)(F)F,,,0
,Cc1cc(C)nc(Nc2ncc(-c3ccccc3)cc2C#N)c1,,,0
,FC(F)(F)CNc1ccc(-c2ccc3nnc(C(F)(F)F)n3c2)cc1,,,0
,O=c1[nH]nc(-c2cccs2)cc1Cc1ccc(Cl)c(Cl)c1,,,0
,CC(C)c1ccc(NC(S)=NC2CC3C=CC2C3)cc1,,,0
,Cc1cccc(C2C3=C(O)CCCC3=Nc3ccnn32)c1,,,0
,Fc1ccccc1Cn1c2cccc3cccc(c32)n2cnnc12,,,0
,O=C(O)c1cc(=O)c2c(ccc3sc4ccc(Cl)cc4c32)[nH]1,,,0
,CC1(C)CCC[C@]2(C)C3=CC4=CC(=O)C(=O)C=C4O[C@]3(C)CC[C@@H]12,,,0
,CCN1C2=C(C(=O)CCC2)C(c2ccc(O)cc2)C2=C1CCCC2=O,,,0
,C=CCn1c2ccccc2c(=O)c2cc(Cl)ccc21,,,0
,O=C(Nc1ccc(F)cc1F)Nc1ccc(F)cc1F,,,0
,C[C@]12CC[C@H](O)CC1=CC[C@@H]1[C@@H]2CC[C@]2(C)C(n3cncn3)=CC[C@@H]12,,,0
,O=C(Nc1ccc2ccccc2n1)Nc1cccs1,,,0
,Oc1ccc(-c2n[nH]cc2-c2nc3ccccc3s2)cc1,,,0
,C[C@@H]1CC[C@H]2[C@@H](CO)CO[C@@H]3O[C@]4(C)CC[C@@H]1[C@]32OO4,,,0
,CC(=O)/N=C1\SC2CS(=O)(=O)CC2N1c1ccccc1Cl,,,0
,C=C1C(=O)O[C@]2(C)CC[C@H](CBr)[C@]12O,,,0
,CC(=O)N1CC(=O)N/C(=C/c2ccccc2Cl)C1=O,,,0
,Cc1cc(=O)cc2c3c1C[C@@H]1[C@H]4CC(C)[C@@](C=C2)(C(=O)O4)[C@]31O,,,0
,O=c1[nH]c2ccccc2c2nnc(C(F)(F)F)n12,,,0
,CN1CNS(=O)(=O)c2c(Cl)sc(Cl)c21,,,0
,CC1(C)CN(C(=O)c2cnc3ccc(F)cc3c2)CCS1(=O)=O,,,0
,O=C1C(CBr)=CS(=O)(=O)c2ccccc21,,,0
,CC1CCN(C(=O)C(=O)N2CC(C)(C)[C@@H]2C2CC2)CC1,,,0
,COc1ccc(/C=C/C(=O)N2CCN(C(=O)c3cccc(C)c3)CC2)cc1,,,0
,CC1(C(=O)NS(=O)(=O)c2ccccc2)CCN1C(=O)Cc1cccc2ccccc12,,,0
,CCc1c(C(=O)N2C[C@H]3CC[C@@H]2CN(c2cnccn2)C3)csc1C,,,0
,N#Cc1ccc(N2CCC3(CC2)COCCN3Cc2cccnc2)cc1,,,0
,Cc1ccccc1C(=O)Nc1ccnn1C1CCN(Cc2cnn(C)c2)CC1,,,0
,CC(=O)NCC1CCC2(CCN(c3nccc(C4CCCC4)n3)CC2)O1,,,0
,COc1nnc(NC(=O)c2cnc(C)cc2-c2ccc3c(c2)CCN(C)C3)s1,,,0
,CC(=O)C(Sc1ccc2nnc(-c3ccc(C)cc3)n2n1)C(C)=O,,,0
,Cc1ccc(NC(=O)Cn2nc3ccc(-c4ccc(Cl)cc4)nn3c2=O)cc1,,,0
,COCCN(Cc1cc2cc3c(cc2nc1Cl)OCO3)C(C)=O,,,0
,CCC(CC)CC1(O)CCN(C(=O)Nc2cc(Oc3ccc(F)cc3)cc(Oc3ccc4c(c3)CCNC4=O)c2)CC1,,,0
,Cc1ccc(C(=O)NCCCN(C)CCCNC(=O)c2ccc(C)c3cc4ccccc4nc23)c2nc3ccccc3cc12,,,0
,CN(C(=O)[C@H](Cc1ccccc1)NC(=O)c1cccc(C(=O)Nc2ccc(Br)cc2)c1)c1ccc2scnc2c1,,,0
,CSc1nccc(-c2ccc(S(=O)(=O)NC3CCC(CN4CCC(c5c[nH]c6ccccc56)CC4)CC3)s2)n1,,,0
,C/C=C/C=C/C(=O)N1Cc2cc(OCCc3nc(/C=C/C(C)(C)CC)oc3C)ccc2C[C@H]1C(=O)O.CC(C)(C)N,,,0
,OC[C@H](Cc1ccccc1)Nc1nc(Oc2ccc3c(c2)CCC3)nc2c1ncn2Cc1ccc(-c2ccccc2)cc1,,,0
,Cc1ccccc1S(=O)(=O)N1[C@@H](c2ccc(Cl)cc2)C(C(=O)N[C@@H](Cc2ccccc2)C(N)=O)=C[C@H]1C(C)CC(C)(C)C,,,0
,O=C(Cn1c(=O)ccn(Cc2ccc(Oc3ccc(Br)cc3)cc2)c1=O)Nc1ccc(Oc2ccccc2)cc1,,,0
,CCCc1ccccc1NS(=O)(=O)c1cccc2c(NC(=O)/C=C/c3ccc(OC(C)=O)c(OC(C)=O)c3)cccc12,,,0
,COc1cc2ncnc(-c3c(-c4ccc(C(F)(F)F)cc4)[nH]c4ccccc34)c2cc1OCCCN1CCOCC1,,,0
,CN(C)c1ccc(Oc2ccc(Cl)cc2Cl)c(CC(=O)O)c1,,,0
,CC(=O)OC1(c2ccccc2)CCN(CCc2ccccc2)CC1,,,0
,CCCCCOc1ccc2c(c1)Cc1ccccc1C2CN,,,0
,COc1ccc(CCC(=O)NCC23CC4CC(CC(C4)C2)C3)cc1,,,0
,OCCNc1nc(Sc2ccc(Cl)cc2)nc2ccccc12,,,0
,CCCCCCc1oncc1/C(S)=N/c1ccc(C#N)cc1,,,0
,CCCCNC(=O)c1cnc(S)n1C(CC)c1ccc(F)c(F)c1,,,0
,COc1ccc(C(=O)NCC2(c3ccccc3)CCCC2)cc1OC,,,0
,Clc1ccc(OCc2cccs2)c(CNCc2cccnc2)c1,,,0
,COc1ccc(-c2ccc(CN3CC(N=C=S)C3)c(F)c2)cc1F,,,0
,CCOc1ccccc1Nc1cc(C)nc2ccc(C)cc12,,,0
,Cc1ccc(Nc2nc(-c3cccnc3)cs2)cc1Cl,,,0
,CCCCO[C@H]1C[C@@H]2[C@H](CC[C@]3(C)C(=O)CC[C@@H]23)c2ccc(O)cc21,,,0
,CCCCCc1cc(O)c2c(c1)OC(C)(C)C1CC[C@@H](C)CC21,,,0
,C=CCC(Nc1cccc2ccccc12)c1ccccc1,,,0
,Brc1ccccc1CN1CCC(Cc2ccccc2)CC1,,,0
,CN(C)c1ccc(-c2nc(-c3ccccc3)c(-c3ccccc3)[nH]2)cc1,,,0
,CCCC[Si](C)(C)c1cc(O)c(C2CCCCCC2)c(O)c1,,,0
,CC1=C(/C=C/C(=O)/C=C/c2ccc(C)cc2)C(C)(C)CCC1,,,0
,CC(C)c1ccccc1NC(=O)NCC1(c2ccccc2)CCCCC1,,,0
,CC12CC3CC(C1)CC(C(=O)NNC(=O)c1ccncc1)(C3)C2,,,0
,NNc1ccc2c(C(F)(F)F)cc(C(F)(F)F)nc2n1,,,0
,CC1=NN(C(N)=S)C(=O)C1N=Nc1ccc(Cl)cc1Cl,,,0
,Clc1cc2ncc(N3CCNCC3)nc2cc1Cl,,,0
,Nn1c(-c2ccccc2)nc2cc(Cl)ccc2c1=O,,,0
,COn1c(-c2cccs2)cc2cc3c(cc21)C(=O)NC3=O,,,0
,Cc1cc(O)c2c(c1)Cc1c(Cl)c(O)cc(O)c1C2=O,,,0
,CC1=NC2C(=O)C(Nc3ccc(C)cc3)=CC(=O)C2S1,,,0
,Cc1ccc(NC(=O)NC2OC(=O)c3ccccc32)cc1,,,0
,CC(=O)N1CCC[C@@]2(CCN(C(=O)Nc3cccc(C#N)c3)C2)C1,,,0
,O=C1c2cccc(O)c2C(=O)c2c(O)cc(CBr)cc21,,,0
,O=C(Nc1ccccc1)N1CC2CC(C1)c1cccc(=O)n1C2,,,0
,CC1=NN2C(=O)C(C)Oc3ccc(Br)cc3C2C1,,,0
,O=c1[nH]c(S)nc2c1sc(=S)n2-c1ccccc1,,,0
,C[C@]12CCC[C@]3(COC1=O)[C@@H]2CC[C@@]12C[C@@H](CC[C@]13O)[C@](C)(O)C2,,,0
,N#Cc1ccc(-c2cc(=O)c3c(O)cc(O)cc3o2)cc1,,,0
,O=c1c(-c2ccc3c(c2)OCO3)coc2cc(O)cc(O)c12,,,0
,Cc1nn(-c2ccc(F)cc2F)c(=O)c2noc(C)c12,,,0
,C[C@@]12CC=C3OC(=O)C=C3[C@H]1CC[C@@]13C[C@@H](CC[C@H]12)[C@@](O)(CO)C3,,,0
,CC1(C)c2ccccc2-n2c1cc1oc(=O)cc(O)c1c2=O,,,0
,O=c1c2ccccc2sn1-c1ccccc1O,,,0
,On1c(=S)ccc2ccccc21,,,0
,Cc1ccc(CC2[C@]3(C)OO[C@@]2(C)OO3)cc1,,,0
,O=C(O)c1ccc2noc(-c3ccccc3)c2c1,,,0
,CC1=Nc2nc3ccccc3n2C(C)(C)C1,,,0
,O=C(Nc1ccc(Cl)cc1)c1ccno1,,,0
,Cc1sc2nc3n(c(=O)c2c1C)CCCCC3,,,0
,O=C(NC1CCCCC1)Oc1ccccc1,,,0
,c1ccc(-n2cccc2)c(N2CCCCC2)c1,,,0
,Cc1cc(Cl)ccc1OC(C)C#N,,,0
,CC(NC1=NS(=O)(=O)c2cc(Cl)cnc2N1)C(C)(C)C,,,0
,O=C1CN(c2csc(-c3ccccc3)c2Cl)S(=O)(=O)N1,,,0
,Cc1nc2cccc(-c3cc4n(n3)CCNC4=O)c2nc1NC(C)(C)C,,,0
,O=c1oc2c(ccc3ccccc32)c(=O)n1-c1ccccc1[N+](=O)[O-],,,0
,CC1(C)Oc2ccncc2C(NC(=O)c2ccc(F)cc2)[C@@H]1O,,,0
,O=C1c2cccnc2S(=O)(=O)N1Cc1ccc(Cl)c(Cl)c1,,,0
,COc1ccc2c(c1)C=C1C(=O)NC(c3ccc(O)cc3)=NC1O2,,,0
,O=c1c2c3c(ccc2cc2n1CCc1cc4c(cc1-2)OCO4)OCO3,,,0
,CCOC(=O)c1ncn2c1C1CCCN1C(=O)c1cc(Cl)ccc1-2,,,0
,N#Cc1c(Nc2ccccc2)[n+]([O-])c2ccc(Cl)cc2[n+]1[O-],,,0
,CNC(=O)Oc1cccc(C=O)c1,,,0
,Cc1cc2[nH]c(=O)n(O)c2cc1F,,,0
,CC1Cc2c([nH]c3ccccc23)C(=O)N1,,,0
,Cc1oc(C(N)=O)nc1-c1ccccc1,,,0
,O=C1c2ccccc2C2C1N2C(=O)C(F)(F)F,,,0
,c1cncc(-c2nn3cnnc3s2)c1,,,0
,CC(=O)Nc1ccsc1C#CC(C)(C)O,,,0
,Cc1ccccc1S(=O)(=O)O,,,0
,Cc1cc(NC=C2C(=O)CCCC2=O)no1,,,0
,Cc1nn(C)c2c1C(c1ccccc1)=NCCN2,,,0
,O[C@H]1[C@@H](O)C[C@@]2(n3cnc4c(NC5CCCCC5)nc(Cl)nc43)C[C@@H]12,,,0
,CC(C)Oc1cc2c(-c3cc(N4CC[S+]([O-])CC4)ncn3)n[nH]c2cc1F,,,0
,CC(C)(C)OC(=O)N1CCC(C(=O)Nc2ccc(C(=O)N3CCOCC3)cc2)CC1,,,0
,Cc1cc(NC(=O)CSC2=NS(=O)(=O)c3cc(F)ccc3N2)no1,,,0
,CCCn1c(=O)c(C(=O)NNC(=O)Cc2ccccc2)c(O)c2ccccc21,,,0
,O=C(NCc1ccccc1)O[C@H]1CO[C@H]2[C@@H]1OC[C@H]2OC(=O)c1ccc(O)cc1,,,0
,O=C(Nc1cc(Cl)ccc1N1CCC(CO)CC1)c1cnn2nc(O)cnc12,,,0
,COc1ccc(C(=O)N2CCN(C(=O)C(=O)c3c[nH]c4ccccc34)CC2)cc1,,,0
,COc1ccccc1Nc1nc(N)nc(CSC(=S)N2CCOCC2)n1,,,0
,CC[C@@H]1CN2CC[C@]3(O)c4c(cccc4OC)N[C@@H]3[C@@H]2C[C@@H]1/C(=C\OC)C(=O)OC,,,0
,COc1ccccc1-n1c(=O)[nH]c2c(C(N)=O)nc(-c3cccs3)nc21,,,0
,Cn1ncc2ccnc(N(C(=O)c3ccc(-n4nnc5cccnc54)cc3)[C@@H]3CCCNC3)c21,,,0
,CC(C)CC(=O)NC[C@H]1CN(c2ccc(-c3nnc4ncccn34)cc2)C(=O)O1,,,0
,COC1(c2ccccc2)CCN(c2ccc(-c3nc(CO)no3)nn2)CC1,,,0
,Cc1ccc(S(=O)(=O)NC(=O)Nc2c(C)n(C)n(-c3ccccc3)c2=O)cc1,,,0
,O=C(NNC(=O)c1ccccc1Cl)c1ccc(-n2cncn2)c([N+](=O)[O-])c1,,,0
,COc1ccc(N)cc1[C@H]1CN(c2nc(-c3ccncc3F)cc(=O)n2C)CCO1,,,0
,COc1ccc2c(c1)c1nc3n(c(=O)c1n2CC(=O)Nc1cc(C)[nH]n1)CCS3,,,0
,O=C(O)[C@@H]1C[C@H]2C[C@@H](Oc3ccc(Cl)cc3-c3nnn[nH]3)CC[C@H]2CN1,,,0
,Cc1[nH]n(-c2ccccc2)c(=O)c1/C=N/Nc1nncc(-c2ccccc2)n1,,,0
,CC(=O)NC1C(O)CC(C(=O)O)([C@@H](O)C2C(O)C(CO)OC(OC(=O)c3ccccc3)C2O)OC1C(O)C(O)CO,,,0
,CC(=O)NC1C(O)CC(C(=O)O)([C@H](O)C2C(O)C(CO)OC(OC(=O)c3ccccc3)C2O)OC1C(O)C(O)CO,,,0
,CC(C)C[C@@H]1NC(=O)C[S+]([O-])C[C@@H](C(=O)O)NC(=O)[C@H](CC(=O)O)NC(=O)CNC(=O)[C@H](CCCN=C(N)N)NC1=O,,,0
,CC(C)C[C@@H]1NC(=O)[C@@H](CCC(N)=O)NC(=O)[C@H](N)CC(=O)NCCCC[C@H](C(=O)NCC(=O)O)NC(=O)[C@@H](CO)NC1=O,,,0
,N=C(N)c1ccc(C2=NOC(CC(=O)NC[C@H](NS(=O)(=O)Cc3ccccc3)C(=O)O)C2)cc1,,,0
,O=C(O[C@H]1Cc2c(O)cc(O)cc2OC1c1cc(O)c(=O)c2c(O)c(O)cc([C@H]3Oc4cc(O)cc(O)c4C[C@H]3O)c2c1)c1cc(O)c(O)c(O)c1,,,0
,Cc1ccc(NC(=O)c2sc3nc4c(c(-c5cccs5)c3c2N)CCCCC4)cc1,,,0
,Cc1cc(C2CCCN(Cc3nc(Cc4ccccc4)no3)C2)n[nH]1,,,0
,CC(C)(C)c1nn2c(=O)cc(-c3cccc(C(N)=O)c3)[nH]c2c1-c1ccc(Cl)cc1,,,0
,CCCCn1c(=O)c2c(c3cc(C(=O)N(CC)CC)ccc31)CCCC2,,,0
,CC(=O)N[C@H]1CSSC[C@@H](C(N)=O)NC(=O)CNC(=O)[C@H]([C@@H](C)O)NC(=O)[C@H](CCC(=O)O)NC(=O)[C@H](CCC(=O)O)NC1=O,,,0
,N=C(N)NCCC[C@@H]1NC(=O)[C@@H](CCC(=O)O)NC(=O)CSC[C@@H](C(=O)O)NC(=O)[C@H](CC(=O)O)NC(=O)CNC1=O,,,0
,N=C(N)NCCC[C@@H]1NC(=O)[C@@H](Cc2c[nH]cn2)NC(=O)CSC[C@@H](C(=O)O)NC(=O)[C@H](CC(=O)O)NC(=O)CNC1=O,,,0
,N=C(N)NCCC[C@@H]1NC(=O)[C@@H](Cc2ccc(O)cc2)NC(=O)C[S+]([O-])C[C@@H](C(=O)O)NC(=O)[C@H](CC(=O)O)NC(=O)CNC1=O,,,0
,N=C(N)NCCC[C@@H]1NC(=O)[C@H](CCC(=O)O)NC(=O)CSC[C@@H](C(=O)O)NC(=O)[C@H](CC(=O)O)NC(=O)CNC1=O,,,0
,N=C(N)NCCC[C@@H]1NC(=O)[C@H](Cc2c[nH]cn2)NC(=O)CSC[C@@H](C(=O)O)NC(=O)[C@H](CC(=O)O)NC(=O)CNC1=O,,,0
,N=C(N)NCCC[C@@H]1NC(=O)[C@H](Cc2ccc(O)cc2)NC(=O)C[S+]([O-])CC(C(=O)O)NC(=O)[C@H](CC(=O)O)NC(=O)CNC1=O,,,0
,N=C(N)NCCC[C@@H]1NC(=O)[C@H](Cc2ccc(O)cc2)NC(=O)C[S+]([O-])C[C@@H](C(=O)O)NC(=O)[C@H](CC(=O)O)NC(=O)CNC1=O,,,0
,O=C(CSc1nnc(O)n1C1CC1)NCc1ccccc1,,,0
,CC1CC(O)(c2cccc(COc3ccc4c(-c5ccccc5)c5c(cc4c3)C(=O)OC5)c2)CC(C)O1,,,0
,CC(=O)N[C@H](C(=O)N[C@H]1CSSC[C@@H](C(=O)N[C@@H](C)C(N)=O)NC(=O)[C@H](CC(C)C)NC(=O)[C@H](CCC(=O)O)NC(=O)[C@H](CO)NC1=O)C(C)C,,,0
,COc1ccc(O[C@@H]2O[C@H](CO[C@]3(C(=O)O)C[C@H](O)[C@@H](NC(=O)CO)[C@H]([C@H](O)[C@H](O)CNC(=O)c4cc(Cl)ccc4O)O3)[C@H](O)[C@H](O)[C@H]2O)cc1,,,0
,NC(N)=NCCC[C@H](NC(=O)[C@@H](N)Cc1ccc(O)cc1)C(=O)N[C@H]1CSSC[C@@H](C(=O)O)NC(=O)[C@@H]2CCCN2C(=O)[C@H](CC(=O)O)NC1=O,,,0
,CS(=O)(=O)Nc1ccc(C(=O)N2CC(=O)Nc3ccccc32)cc1,,,0
,CCC(C)S(=O)(=O)N(Cc1ccco1)Cc1ccccc1O,,,0
,COc1cc(C=C2CCCC(=Cc3ccc(OCC4CO4)c(OC)c3)C2=O)ccc1OCC1CO1,,,0
,COc1ccc(/C=C2\Oc3cc(OCC(=O)N4CC(O)C[C@H]4C(=O)O)ccc3C2=O)cc1OC,,,0
,CC1OC(OC2CCC3(C)C(CCC4C3CCC3(C)[C@@H](C5=CC(=O)OC5)C(OC=O)CC43O)C2)CC(O)C1O,,,0
,CCOC(=O)CCCCC(=O)c1[nH]c(O)nc1CN1CCOCC1,,,0
,COc1ccccc1NC(=O)C(C)N1C(=O)c2ccccc2C1=O,,,0
,C#CCNC(=O)[C@H]1O[C@@H](n2ccc(N)nc2=O)C=C[C@@H]1NC(=O)C[C@@H](N)CCN(C)C(=N)N,,,0
,C#Cc1nc(N)c2ncn(C3O[C@H](COS(=O)(=O)NC(=O)[C@@H](N)CCSC)[C@@H](O)[C@H]3O)c2n1,,,0
,C/C(=C\CO[C@@H]1O[C@H](CO)[C@@H](O)[C@H](O)[C@H]1O)CC/C=C(\C)C(=O)O[C@@H]1O[C@H](CO)[C@@H](O)[C@H](O)[C@H]1O,,,0
,C/C=C/C=C/C(=O)N(CC(=O)O)C(CC1OC(CO)C(O)C(O)C1O)C(=O)NCC(=O)O,,,0
,CC(=O)N[C@H](C(=O)NCC(=O)N[C@@H](CC(N)=O)C(N)=O)c1ccc(OP(=O)(O)O)cc1,,,0
,CC(=O)N[C@H]1[C@H]([C@H](O)[C@H](O)CO)OC(C(=O)O)=C[C@@H]1N(CCCC(=O)N1CCN(C)CC1)C(=N)N,,,0
,CC(=O)N[C@H]1[C@H]([C@H](O)[C@H](O)CO)OC(C(=O)O)=C[C@@H]1N(CCCC(=O)N1CCOCC1)C(=N)N,,,0
,CC(=O)N[C@H]1[C@H]([C@H](O)[C@H](O)CO)OC(C(=O)O)=C[C@@H]1NC(=N)NC(=O)CCC1CCOC1,,,0
,CC(C)(CO)[C@@H](O)CNS(=O)(=O)NC[C@H]1O[C@@H](n2cnc3c(N)ncnc32)[C@H](O)[C@@H]1O,,,0
,CC(C)(CO)[C@H](O)C(=O)NCCCc1cn(C[C@H]2O[C@@H](n3ccc(N)nc3=O)[C@H](O)[C@@H]2O)nn1,,,0
,CC1Cc2cccc(O)c2C(=O)O1,,,0
,c1[nH]nc2c1CCN1CCCCC21,,,0
,Cc1nsc(C2CCN(C)C2)n1,,,0
,CC(C)(C)NC(=O)C(Cl)Cl,,,0
,C=C(C)c1cccc(=O)c(O)c1,,,0
,Cc1ccn2c(=O)cc(C)nc2c1,,,0
,C=C1CC(C)(C)CC(=O)O1,,,0
,COc1ccc2ccn(C)c2c1,,,0
,O=C1C=C(O)C(=O)c2ccccc21,,,0
,O=C(O)c1ccc2ccncc2c1,,,0
,COc1cccc(C2CCN(C(=O)CC(C)C)CC2)c1,,,0
,c1ccc(CC[n+]2ccc3ccc4c(c3c2)OCO4)cc1,,,0
,Cc1ccc2oc(=O)c(C(=O)Oc3ccccc3)cc2c1,,,0
,Cc1cc(C)n(C(=O)C(C(=O)c2ccccc2)C(C)C)n1,,,0
,CCO/C=C(\C#N)C(=O)c1oc2ccccc2c1C,,,0
,CC(C)c1cc(C(=O)N2C[C@@H]3[C@H]4CC[C@H](CC4)[C@@H]3C2)[nH]n1,,,0
,Cn1cc(C(=O)c2ccc(Cl)cc2)cc1/C=C/C(=O)O,,,0
,CCc1nc(C)cn1Cc1coc(-c2ccc(F)cc2)n1,,,0
,CC(C)(C)c1csc(NC(=O)C2=CCCC2)n1,,,0
,CN(Cc1cnc[nH]1)c1ccc(Cl)c(Cl)c1,,,0
,COc1ccnc(N2Cc3cnc(C(C)(C)C)nc3C2)n1,,,0
,Cc1ncc(CN(C)C(=O)C2CC(=O)NC(C)C2)s1,,,0
,Cc1noc2ncc(C(=O)NCC3CCCOC3)cc12,,,0
,Cc1ccn(-c2ccc([N+](=O)[O-])cc2)n1,,,0
,COc1ccc(Oc2cncnc2O)cc1,,,0
,CCn1c(SCC(=O)O)nc2ccccc21,,,0
,CC(=O)c1cccc(-n2nnc3c(Cl)ncnc32)c1,,,0
,Cc1ccccc1OCC(=O)NC1=NCCS1,,,0
,Cc1occc1C(=O)NCC1(N(C)C)CCOCC1,,,0
,CCN(CC)C(=S)NC(=O)c1cccnc1,,,0
,Cc1nsc(-c2ccncc2)n1,,,0
,CC1(C)C=C(C=O)C(C)(C)N1[O],,,0
,O=C(c1ccncc1)N1Cc2ccccc2C1,,,0
,Cc1noc(C)c1C(=O)Nc1cccnc1,,,0
,COC(=O)[C@@H]1C[C@H](C#N)[C@H](c2ccccc2F)N1,,,0
,CC(C)(C)/[N+]([O-])=C\c1cccnc1,,,0
,Cc1occc(=O)c1OC(=O)C(C)C,,,0
,O=C1C=C/C(=N\c2ccccc2)O1,,,0
,CCC1CCC(C)N(N=O)C1,,,0
,CC(C)COc1ncnc2[nH]cc(C#N)c12,,,0
,CC(C)(C)C(=O)N1CCSC1c1ccccc1,,,0
,CC1(C)CC(C#Cc2ccccc2)CC(C)(C)N1O,,,0
,Cc1ccc2c(c1)/C(=C/c1ccccc1)C(=O)N2,,,0
,N[C@H]1[C@H]2Cc3cc(-c4ccc(F)cc4)ccc3[C@@H]12,,,0
,c1ccc([C@H]2c3ccccc3[C@H]3NCCC[C@@H]23)cc1,,,0
,OC1=C2Sc3ccccc3N=C2CCC1,,,0
,C[C@@]12Cc3ccc(O)cc3C[C@@H](N1)c1ccccc12,,,0
,c1ccc(-c2ccc3c(c2)NCCN3)cc1,,,0
,Brc1nc(-c2ccccc2)cs1,,,0
,Oc1ccc(-c2ccccc2)c(Cl)c1,,,0
,C[C@]1(CN2C(=O)c3ccccc3C2=O)Nc2ccccc2C(=O)N1c1ccccc1,,,0
,Cc1nc(N2CCN(C(=O)COc3ccc(Cl)cc3)CC2)c2cc(F)sc2n1,,,0
,O=c1cc(-c2ccc([N+](=O)[O-])cc2)oc2c(CN3CCOCC3)cccc12,,,0
,CC(C)C(=O)N1CCN(c2ccc(NC(=O)c3ccco3)cc2Cl)CC1,,,0
,COc1ccc(-n2nc3c(NC(=O)c4ccccc4)nc4ccccc4n3c2=O)cc1,,,0
,CNC1CCN(c2ccc(N3Cc4cn(-c5ccc(Cl)cc5)nc4C3=O)cc2)C1,,,0
,O=C(c1cc(-c2ccc(=O)[nH]c2)on1)N1CCC(Cc2ccccc2)CC1,,,0
,Fc1cccc(CN2CCc3nc(Nc4ccc5c(c4)OCCO5)ncc3C2)c1F,,,0
,COc1cc([C@H]2c3cc4c(cc3C[C@H]3COC[C@@H]32)OCO4)cc(OC)c1OC,,,0
,CCOC(=O)N1Cc2nc(-c3ccc(OC)cc3)nn2-c2cc(C)ccc21,,,0
,Cc1ccnc(NC(=O)c2cccc(NS(=O)(=O)c3ccccc3C)c2)c1,,,0
,CCCCN1C(=O)C2(N=C1N)c1cc(OCC3CC3)ccc1CC21CCC(OC)CC1,,,0
,Cc1cc(C(=O)N/N=C/c2ccccc2)c(C)n1-c1ccccc1C(=O)O,,,0
,O=C(CSc1nnc(-c2ccccc2F)n1C1CC1)NCc1ccco1,,,0
,COc1ccc2c(c1)/C(=N\OCCCN(C)C)c1c-2c(O)nc2ccccc12,,,0
,COc1ccc(CNC(=O)c2c(O)c3sccc3n(Cc3ccccc3)c2=O)cc1,,,0
,COc1ccnc(Nc2cc(C3CCCN(C(=O)c4ccccc4)C3)nc(C)n2)c1,,,0
,CCOc1ccccc1NC(=O)C(C)Sc1nc(-c2ccccc2)c(C#N)c(=O)[nH]1,,,0
,Cc1ccc(C2CN(CCCSc3nnc(-c4ocnc4C)n3C)CCO2)cc1,,,0
,CCCN1C(=O)CS/C1=N\NC(=O)c1[nH]c2ccc(F)cc2c1-c1ccccc1,,,0
,C=C1c2c(Cl)ccc(O)c2C(=O)C2=C(O)[C@]3(O)C(=O)C(C(N)=O)=C(O)[C@@H](N(C)C)[C@@H]3[C@@H](O)C12,,,0
,CC(C)[C@]1(O)C(OC(=O)c2ccc[nH]2)[C@@]2(O)[C@@]3(C)C[C@]4(O)O[C@@]5([C@H](O)[C@@H](C)CC[C@]35O)[C@@]2(O)[C@@]14C,,,0
,CC1=C(C(=O)NNC(N)=S)C(c2ccc(N(C)C)cc2)C(C(=O)NNC(N)=S)=C(C)N1,,,0
,CC1OC(Oc2c(-c3cc(O)c(O)c(O)c3)oc3cc(O)cc(O)c3c2=O)C(O)C(O)C1O,,,0
,CN(C)[C@@H]1C(=O)C(C(N)=O)=C(O)[C@@]2(O)C(=O)C3=C(O)c4c(O)ccc(N)c4CC3C[C@@H]12,,,0
,CN(C)[C@@H]1C(=O)C(C(N)=O)=C(O)[C@@]2(O)C(=O)C3=C(O)c4c(ccc(N)c4O)CC3CC12,,,0
,CN(C)[C@@H]1C(=O)C(C(N)=O)=C(O)[C@@]2(O)C(=O)C3=C(O)c4c(ccc(NC=O)c4O)CC3CC12,,,0
,CN(C)[C@H]1C(O)=C(C(N)=O)C(=O)[C@]2(O)C(O)=C3C(=O)c4c(O)cccc4[C@@](C)(O)[C@H]3C[C@@H]12,,,0
,CS(=O)(=O)O.CS(=O)(=O)O.Cc1[nH]c(-c2cccc(F)c2F)nc1C(=O)N=C(N)N,,,0
,C[C@@H]1O[C@@H](Oc2c(-c3cc(O)c(O)c(O)c3)oc3cc(O)cc(O)c3c2=O)[C@@H](O)[C@H](O)[C@H]1O,,,0
,CC(C)(Oc1ccc(Cl)cc1)C(=O)Nc1ncccn1,,,0
,CC(C)Oc1cccc(C(=O)Nc2nncs2)c1,,,0
,O=C(NCCc1ccc[nH]1)C1CC1c1ccc(F)c(F)c1,,,0
,O=C(O)c1cc(C2CC2)n2nc(-c3ccccc3)cc2n1,,,0
,CCc1cc(O)c(Oc2ccc[nH]c2=O)cc1F,,,0
,C[C@H](NC(=O)c1cc[nH]c1C1CCC1)c1cncs1,,,0
,CC(C)(C)SCCNC(=O)Nc1ccccc1,,,0
,CCCCNC(=O)N1C(C)CC2CCCCC21,,,0
,COc1ccc2c(Br)c(CCNC(C)=O)[nH]c2c1,,,0
,O=C(NO)c1ccc(CNc2cccc3c2CCC3)cc1,,,0
,CN1CCN(c2nnc(-c3cccs3)c3ccccc23)CC1,,,0
,CC1(C)[C@@H]2CC[C@@]1(c1nc(-c3ccncc3)no1)C(=O)C2,,,0
,CC(=O)c1cc(-c2cccc(O)c2)c2ccccn12,,,0
,CC(C)C1=C2[C@@H](CC[C@@](C)(O)[C@H]2O)[C@](C)(N=S)CC1,,,0
,Cn1c2ccsc2c2ncn(Cc3ccccc3F)c(=O)c21,,,0
,Cc1oc2ccccc2c(=O)c1Cn1nnc2ccccc21,,,0
,CN(C)C1CSC(C#N)(c2cccc([N+](=O)[O-])c2)SC1,,,0
,O=c1[nH]c(-c2ccccc2)nc2sc3c(c12)CCC3,,,0
,Cc1cc(C=C2C(=O)c3ccccc3C2=O)c(C)n1C,,,0
,COc1ccc(Cl)cc1N=C(S)N1CC(C)OC(C)C1,,,0
,COc1ccc(S(=O)(=O)N(CC(N)=O)c2ccc(N(CC(N)=O)S(=O)(=O)c3ccc(N=C=S)cc3)c3ccccc23)cc1,,,0
,CC(C)OC(=O)[C@H](C)NP(=O)(OC[C@@]1(F)O[C@@H](n2ccc(=O)[nH]c2=O)[C@](C)(F)[C@@H]1O)Oc1cccc2ccccc12,,,0
,COc1ccc([C@H]2[C@H](CNC(=O)c3ccc(C(=O)NO)cc3)C(=O)N2c2cc(OC)c(OC)c(OC)c2)cc1O,,,0
,COc1cc(OC)cc(C(=O)N[C@@H]2C(Cn3cnc4c(N)ncnc43)OC(CNC(=O)C(c3ccccc3)c3ccccc3)[C@@H]2O)c1,,,0
,CCCCCOC(=O)N1CCN(C(=O)[C@H](CCC(=O)O)NC(=O)c2cc(N3CCC[C@@H](O)C3)cc(-c3ccccc3)n2)CC1,,,0
,CCOC(=O)c1c(N2CCCC2)[nH]c(=O)c(C(c2ccc(OC)cc2)c2c(O)c(C(=O)OCC)c(N3CCCC3)[nH]c2=O)c1O,,,0
,CCCC(NC(=O)[C@@H]1C2CCC(C2)N1C(=O)[C@@H](NC(=O)OC(C)(C)C)C(C)(C)C)C(=O)C(=O)NCC(=O)OCc1ccccc1,,,0
,[2H]C([2H])([2H])NC(=O)c1nnc(NC(=O)C2CC2)cc1Nc1cccc(C(=O)Nc2ccc(C3CCCNC3=O)cc2)c1OC,,,0
,COc1cc(OC)c(S(=O)(=O)NCc2ccccc2N2CCC(C(=O)O)CC2)cc1NC(=O)CCC(=O)O,,,0
,CC(C)OC(=O)[C@H](C)NP(=O)(OC[C@H]1O[C@@H](n2ccc(N)nc2=O)[C@](F)(Br)[C@@H]1O)Oc1ccccc1,,,0
,CC[C@H](C)OC(=O)[C@H](C)NP(=O)(OC[C@H]1O[C@@H](c2cnc3c(N)ncnn23)[C@](C)(F)[C@@H]1O)Oc1ccccc1,,,0
,CC(C)OC(=O)[C@H](C)NP(=O)(OC[C@H]1O[C@@H](n2cnc3c(=O)[nH]c(N)nc32)[C@](F)(Br)[C@H]1O)Oc1ccccc1,,,0
,CCCC(=O)Nc1nc(N)nc2c1ncn2[C@H]1CO[C@@H](COP(=O)(N[C@@H](C)C(=O)OCC)c2ccccc2)O1,,,0
,C[C@H](NP(=O)(OC[C@H]1O[C@@H](n2cnc3c(=O)[nH]c(N)nc32)[C@](C)(O)[C@@H]1O)Oc1cccc2ccccc12)C(=O)OC1CCCC1,,,0
,Cn1c(NC(=O)Nc2ccc(C(=O)N[C@@H](CCC(=O)O)C(=O)O)cc2)cc(=O)n(Cc2ccc(Cl)c(Cl)c2)c1=O,,,0
,COC(=O)CC[C@H](NC(=O)c1ccc2c(c1)/C(=C/c1[nH]c(C)c(C(=O)N[C@@H](Cc3ccccc3)C(=O)O)c1C)C(=O)N2)C(=O)OC,,,0
,Cc1cn(C2C[C@@H](N=[N+]=[N-])[C@@H](COP(=O)(O)N[C@@H](Cc3c[nH]c4ccccc34)C(=O)NC(C)C)O2)c(=O)[nH]c1=O,,,0
,CN(NC(=O)c1cc(=O)cc(C(=O)N[C@@H](Cc2ccccc2)[C@H](O)C(=O)Nc2cccc(-c3nn[nH]n3)c2)o1)c1ccccc1,,,0
,O=C(N[C@@H](Cc1ccccc1)[C@H](O)C(=O)Nc1cccc(-c2nn[nH]n2)c1)c1cccc(C(=O)N2COC[C@@H]2c2ccccc2)n1,,,0
,CCNC(=O)[C@H]1O[C@@H](n2cnc3c(Nc4ccc(OCC(=O)Nc5ccc(OC)cc5)cc4)nc(Cl)nc32)[C@H](O)[C@@H]1O,,,0
,C#C[C@@]1(O)[C@@H](COC(Cc2ccccc2)(C(=O)O)C(=O)O)O[C@@H](n2cnc3c(N[C@H](C)c4ccccc4)nc(Cl)nc32)[C@@H]1O,,,0
,CCCc1nc(C(C)(C)O)c(C(=O)OCc2c[nH]c(=O)[nH]c2=O)n1Cc1ccc(-c2ccccc2-c2nnn[nH]2)cc1,,,0
,O=C(O)CC[C@@H](NC(=O)c1cccc(CN(C(=O)CC(=O)O)c2ccc(/C=C3\SC(=O)NC3=O)cc2)c1)C(=O)O,,,0
,C#C[C@@]1(O)[C@H](O)[C@@H](COP(=O)(N[C@@H](C)C(=O)OC(CC)CC)Oc2ccccc2)O[C@H]1n1ccc2c(N)ncnc21,,,0
,CNc1nc(N)nc2c1ncn2[C@@H]1O[C@H](CO[P@@](=O)(N[C@@H](C)C(=O)OC(C)C)Oc2ccccc2)[C@@H](O)[C@@]1(C)F,,,0
,CNC(=O)c1ccccc1Nc1nc(Nc2ccc3c(NC(=O)CN4CCN(CCO)CC4)n[nH]c3c2)ncc1Cl,,,0
,Cc1c(F)c(=O)[nH]c(=O)n1[C@@H]1O[C@H](COP(=O)(N[C@@H](C)C(=O)OCc2ccccc2)Oc2cccc3ccccc23)[C@@H](O)[C@H]1O,,,0
,CCOC(=O)[C@@H](NP(=O)(OC[C@H]1O[C@@H](n2ccc(N)nc2=O)[C@](C)(O)[C@@H]1O)Oc1ccc(Cl)cc1)c1ccccc1,,,0
,CN(C[C@@H](C(=O)O)N(C)C(=O)OCc1ccccc1)C(=O)CC1CC(c2ccc(C(=N)N)cc2)=NO1.O=C(O)C(F)(F)F,,,0
,O=C(CCC(=O)Nc1ccc(S(=O)(=O)Nc2ncccn2)cc1)Nc1ccc(S(=O)(=O)Nc2ncccn2)cc1,,,0
,C=Cc1cnc(NC[C@@H]2C[C@]3(CC(C(=O)NC[C@H](NS(=O)(=O)c4c(C)cc(C)cc4C)C(=O)O)=NO3)CN2C(=O)OCCCC)[nH]1,,,0
,CC(=O)N[C@@H](Cc1ccc(OP(=O)(OCCSC(=O)C(C)(C)C)OC[C@H]2O[C@@H](n3cc(C)c(=O)[nH]c3=O)C[C@@H]2N=[N+]=[N-])cc1)C(N)=O,,,0
,CC(=O)Nc1cc(C(=O)N2CCC[C@H]2C(=O)N[C@@H](C(=O)N[C@@H](CCC(=O)O)C(=O)Nc2ccc(F)c(Cl)c2)C(C)C)ccc1[N+](=O)[O-],,,0
,CC(=O)Nn1c(Cc2csc(NC(=O)CCl)n2)nnc1SCSc1nnc(Cc2csc(NC(=O)CCl)n2)n1NC(C)=O,,,0
,CC(C)(C)CNC(=O)C[C@H](NC(=O)N1CCC(C(=O)Nc2cnccn2)CC1)C(=O)N[C@@H](CCc1ccccc1)C(=O)NCc1ccc2c(c1)OCO2,,,0
,CC(C)(C)CNC(=O)C[C@H](NC(=O)N1CCC(NC(=O)c2cnccn2)CC1)C(=O)N[C@@H](CCc1ccccc1)C(=O)NCc1ccc2c(c1)OCO2,,,0
,CC(C)(C)OC(=O)NC(Cc1ccc([N+](=O)[O-])cc1)C(=O)NC(CCCCNC(=O)OCc1ccccc1)C(=O)ON1C(=O)CCC1=O,,,0
,CC(C)(NC(=O)c1cc(OS(C)(=O)=O)cc(C(=O)N[C@@H](Cc2ccccc2)[C@H](O)C(=O)Nc2cccc(-c3nn[nH]n3)c2)n1)c1ccccc1,,,0
,CC(C)CCn1c(Cn2c(=O)n(Cc3ccc(Cn4c(=O)ccn(CC(=O)N[C@@H](CC(=O)O)C(=O)O)c4=O)cc3)c3ccccc32)nc2ccccc21,,,0
,CC(C)C[C@@H](NP(=O)(OC[C@@]1(N=[N+]=[N-])O[C@@H](n2ccc(N)nc2=O)[C@H](O)[C@@H]1O)Oc1ccccc1)C(=O)OCc1ccccc1,,,0
,COc1cccc(-n2c(CN3CCOCC3)nc3ccc([N+](=O)[O-])cc3c2=O)c1,,,0
,Cn1ncc2nc(N3CCN(c4ccccc4)CC3)n3nc(-c4ccco4)nc3c21,,,0
,COc1cnc(OC)n2nc(NS(=O)(=O)c3cc(Cl)ccc3Cl)nc12,,,0
,Cc1cncc(-c2cc3c(cn2)cnn3-c2ccc(C#N)c(N3CCC[C@H](N)C3)n2)n1,,,0
,COc1ccc(-c2ccc(O[C@@H]3COc4nc([N+](=O)[O-])cn4C3)nc2)cn1,,,0
,CC(=O)Nc1nn2c(=O)cc(-c3ccc4c(c3)OCO4)[nH]c2c1-c1ccccn1,,,0
,CC(=O)N1CCN(Cc2cc(Nc3nc(C)cn4c(-c5cn[nH]c5)cnc34)sn2)CC1,,,0
,O=C(CNC1CCCCC1)N1CCCN1C(=O)Nc1cccc([N+](=O)[O-])c1,,,0
,CN1CCN(c2cc3c(cc2F)c(=O)c(C(=O)O)cn3-c2ccc([N+](=O)[O-])cc2)CC1,,,0
,CCn1cc2c(nc(NC(=O)Cc3cccs3)n3nc(-c4ccco4)nc23)n1,,,0
,O=C(/N=C/c1ccc(O)cc1)Nc1ccc2c(c1)C(=O)C(=O)N2CN1CCOCC1,,,0
,COc1cc2nc(N3CCN(C(=O)c4ccco4)CC3)nc(O)c2cc1OC,,,0
,Cn1cc(-c2n[nH]c3cnc(-c4cncc(N5CCC(N)CC5)n4)cc23)cn1,,,0
,Cc1ccc(OCC(=O)N2c3ccccc3NC(=O)C2(C)C)c([N+](=O)[O-])n1,,,0
,O=C1COc2ccc(CN3CCC(c4nnn5cnc6[nH]ccc6c45)CC3)cc2N1,,,0
,CC(C)c1n[nH]c(Cl)c1-c1ccnc(Nc2cnc(N3CCNCC3)cn2)n1,,,0
,O=C(CCc1nnn2c1ncc1cc(O)ccc12)Nc1ccccc1C(=O)O,,,0
,COC(=O)[C@@H]1Cc2ccc(NS(=O)(=O)O)cc2CN1C(=O)OC(C)(C)C,,,0
,CO[C@@H]1CN(c2cc(-c3n[nH]c4cc(F)c(-c5cnn(C)c5)cc34)ncn2)C[C@H]1O,,,0
,C[C@@H]1CCCN1c1c(C#N)c2c(N)nc(Nc3cn(C)nc3Cl)nc2n1C,,,0
,O=C1NC(=O)/C(=C/c2cnn3c(NC4CC4)nc(Oc4ccc(Cl)cc4)nc23)N1,,,0
,COc1cc(/C=N/NC(=O)c2cncc(Br)c2)cc([N+](=O)[O-])c1O,,,0
,Cc1cnc(Cn2cnc3c(Cl)nc(N)nc32)c(C)c1[N+](=O)[O-],,,0
,CCc1cc(C(=O)N[C@@H]2C[C@@H](C(=O)O)N(C(=O)c3coc4ccccc34)C2)n(C)n1,,,0
,C[C@H](Nc1nc(Nc2cn(C)cn2)c2cnn(C)c2n1)c1ncc(F)cn1,,,0
,COc1ccccc1-n1c(O)nc2c(C(N)=O)nc(-c3cccnc3)nc21,,,0
,CCc1cc2cc3c(cc2nc1SCC(=O)Nc1cnc(O)nc1O)OCO3,,,0
,CCOC(=O)c1nc2c(=O)[nH]c3cc([N+](=O)[O-])c(NC(C)=O)cc3n2c1C,,,0
,C/C(=N\NC(=O)Cn1nc(C)c([N+](=O)[O-])c1C)c1ccc(O)cc1,,,0
,CC1(c2cc(NC(=O)c3cnn4cccnc34)n(-c3ccc(CN)cn3)n2)CC1,,,0
,O=C(NC1CC1)c1cccc(Oc2ccc3nncn3n2)c1,,,0
,Cc1nc(NC(=O)c2c(-n3cnnn3)sc(C)c2C)sc1C,,,0
,O=C(Cn1c(-c2ccccn2)nc2ccccc21)N/N=C/c1ccccn1,,,0
,C/C=C/c1cc2c(c(=O)o1)-c1c(O)c(O)c(OC)c(C=O)c1CO2,,,0
,CCOC(=O)C1CCN(c2nc(N)c3cc(OC)c(OC)cc3n2)CC1,,,0
,COc1ccccc1NC(=O)CSc1nc(=O)n2cc(C)ccc2n1,,,0
,N#C/C(=C\c1cc(O)c(O)c([N+](=O)[O-])c1)C(=O)OCc1ccccc1,,,0
,COCc1ncc(-c2noc([C@@H]3CCc4cc(C)ccc4O3)n2)c(N)n1,,,0
,O=C(NCCc1ccco1)c1ccc(-n2nnc3cccnc32)cc1,,,0
,NC(=O)c1cccc2c1O/C(=C\c1ccc(-c3nn[nH]n3)c(F)c1)C2=O,,,0
,C[C@H](OC(=O)CCc1nc2c([nH]1)c(=O)[nH]c(=O)n2C)c1cnc2ccccc2c1,,,0
,N[C@@H]1CCCN(c2cc(=O)n3nccc3n2Cc2ccc([N+](=O)[O-])cc2)C1,,,0
,COc1cccc(NC(S)=NNC(=O)c2c([N+](=O)[O-])c(C)nn2C)c1,,,0
,COc1cnc(C(=O)Nc2ccc(F)c([C@@]3(C)N=C(N)O[C@@H]4C[C@@H]43)n2)cn1,,,0
,Cc1ccc2c(c1)[nH]c(=O)c1c(C(=O)NCc3c(C)nn(C)c3C)nnn12,,,0
,COC1CCN(C(=O)[C@@H](C)Nc2nc3c(cnn3C3CCCC3)c(=O)[nH]2)CC1,,,0
,Cn1c([N+](=O)[O-])cnc1-c1nnc(N/N=C\c2ccc(O)cc2)s1,,,0
,CCOc1nc(C)nc(NC(=O)NS(=O)(=O)c2ccccc2Cl)n1,,,0
,C/C(=N\NC(N)=O)c1cnc2ncc(Cc3ccc4ncccc4c3)n2n1,,,0
,CNc1nc(Nc2cc(F)c(C(=O)N3CCOCC3)cc2OC)ncc1C#N,,,0
,Cn1c(CC(=O)NNC(=O)c2ccccc2[N+](=O)[O-])nc2ccccc21,,,0
,Cc1sc(C)c2c(=O)n3cc(C(=O)Nc4nn[nH]n4)ccc3nc12,,,0
,Cc1cc(N)n(-c2ccc(S(=O)(=O)N3CCCC3)cc2[N+](=O)[O-])n1,,,0
,NC(=O)c1cc2c(cc1[N+](=O)[O-])[n+]([O-])c1n2CCc2c-1cccc2[N+](=O)[O-],,,0
,CC1=NNC(=O)/C1=N\Nc1ccc(-c2n[nH]c(=O)n2-c2ccccc2)cc1,,,0
,Cc1cc(NC(=O)Cn2nnc(-c3ccc(N)cc3)n2)no1,,,0
,Cc1cc(N)n(-c2ccc(S(=O)(=O)N3CCOCC3)cc2[N+](=O)[O-])n1,,,0
,COc1ccc(OC)c(NC(=O)C2CC(=O)n3ncnc3N2)c1,,,0
,NC1=NC(Cn2nc(-c3ccccc3)c3ccccc3c2=O)=NNC(=O)N1,,,0
,CN(C(=O)c1ccc(-c2nn[nH]n2)cc1)c1ccc(-c2nn[nH]n2)cc1,,,0
,COc1ncc(-c2ccc3nc(N)nn3c2)cc1NS(=O)(=O)c1ccc(Cl)cc1,,,0
,CC(C)Oc1ccc(-c2nnn[nH]2)c(O[C@H]2CC[C@H]3CN[C@H](C(=O)O)C[C@H]3C2)c1,,,0
,CC(=O)Nc1cnc2ccn(-c3cc(NC4CC4)n4ncc(C#N)c4n3)c2c1,,,0
,Cc1ccc2[nH]c(Sc3nc4c(c(=O)[nH]c(=O)n4C)n3Cc3cncs3)nc2c1,,,0
,CC(C)n1cc(C(=O)c2cncc(NC(=O)c3cccnn3)c2)c2cncnc21,,,0
,COc1ccc(Nc2ncc(CN3CCC3)cc2-c2nc(C)nc(N)n2)cn1,,,0
,COc1ccc(CC(=O)Nc2cc([C@H]3CC[C@@H](OC(=O)N4C[C@@H](C#N)[C@@H]4C)C3)[nH]n2)cn1,,,0
,COc1cccc2c(C)nc(NC3=NCN(Cc4ccc5c(c4)OCO5)CN3)nc12,,,0
,CC(C)[C@H]1CNC(=O)N1c1ccn2ncc(-c3ccc(-c4nc[nH]n4)cc3)c2n1,,,0
,CC(C)n1cc(-c2ccnc(NC[C@H](C)O)n2)c(-c2cnc3[nH]ncc3c2)n1,,,0
,CN1CCN(c2cc3c(cc2[N+](=O)[O-])c(=O)c(C(=O)O)cn3C2CC2)CC1c1ccccc1,,,0
,O=C1COc2ccc(C(=O)COC(=O)c3ccc(Cl)cc3[N+](=O)[O-])cc2N1,,,0
,C[C@@H](NC(=O)Nc1cc2[nH]nc(-c3ccn(C4COC4)n3)c2cn1)c1ccccc1,,,0
,Cc1ccc(S(=O)(=O)Nc2c(C(=O)O)sc3ncccc23)cc1[N+](=O)[O-],,,0
,Cn1cnnc1-c1ccnc(NCc2cnc(NC(=O)OC(C)(C)C)s2)c1,,,0
,Cc1ncnc(Nc2[nH]nc3c2CN(C(=O)N[C@H](CN(C)C)c2ccccc2)C3(C)C)c1F,,,0
,COc1cc(C#N)cc(-c2nc(-c3ccc4c(c3)CCN4C(=O)CCC(=O)O)no2)c1,,,0
,CC[C@@H]1C(=O)N(C)c2cnc(-c3cn[nH]c3-c3ccc(F)cc3F)nc2N1c1cnn(C)c1,,,0
,CN1CCN(c2cnc3cccc(NS(=O)(=O)c4cccc([N+](=O)[O-])c4)c3c2)CC1,,,0
,CO[C@H]1C(=O)N2C(C(=O)O)=C(CSc3nc4ccc([N+](=O)[O-])cc4s3)CS[C@H]12,,,0
,CC(Nc1ncc(F)c(N2C(=O)OC[C@@H]2[C@@H](C)O)n1)c1ncc(-c2ccc(Cl)cc2)o1,,,0
,COc1ccc2nc(/C=C/c3cccc([N+](=O)[O-])c3)n(-c3ccc(C(=O)O)cc3)c(=O)c2c1,,,0
,CCOc1ccc(NC(=O)Cn2nc3c4cc(-c5ccc(Cl)cc5)nn4ccn3c2=O)cc1,,,0
,COc1ccccc1S(=O)(=O)Nc1ccc2c3c(cc(NCC4CCN(C)CC4)nc13)C(=O)N2C,,,0
,COc1cc([C@@H]2c3cc4c(cc3[C@@H](OC(=O)NC(C)C)[C@H]3COC(=O)[C@H]23)OCO4)cc(OC)c1OC,,,0
,Cn1ncc2cc(-c3cnc(Nc4ccc([N+](=O)[O-])cc4)nc3N3CCC4(CCNC4=O)CC3)ccc21,,,0
,C[C@H]1CC(NC(=O)CCc2nc(-c3ccc(O)cn3)no2)=C(C(=O)O)C[C@H]1c1cccc(F)c1,,,0
,COc1cc(C(=O)N2CC(C)OCC2C2CC(O)C2)cc2nc(NCc3cc(Cl)ccn3)oc12,,,0
,CC(C)(CNC(=O)c1cnn(-c2nccc(-c3cc4ccccc4o3)n2)c1C1CC1)N1CCOCC1,,,0
,COc1cc(OC)nc(NC(=S)NC(=O)c2c(-c3ccc(Cl)cc3Cl)noc2C)n1,,,0
,CCCC1(CCC)NC(=O)N(CC(=O)c2cc(C)n(-c3ccc4c(c3)OCO4)c2C)C1=O,,,0
,CCC(=O)Nc1ccc(C(=O)CSc2nnc(-c3ccc(O)cc3)n2CC2CCCO2)cc1,,,0
,CCCS(=O)(=O)Nc1ccc(F)c(C(=O)c2n[nH]c3ncc(-c4ccccc4OC)cc23)c1F,,,0
,CCOc1ccc(-c2ccc(S(=O)(=O)N[C@@H](C(=O)O)C3CCN(C(=O)OC(C)C)CC3)s2)cc1,,,0
,CCC(=O)Nc1cc(-c2ccc(OC)cc2OC)nc(-c2ccc(OC)cc2OC)n1,,,0
,COc1ccc(N2C(=O)C(CC(=O)Nc3ccccc3)N(CCc3ccc(OC)c(OC)c3)C2=O)cc1,,,0
,CC(=O)O[C@@H]1C=C[C@H](OCCCOc2cc(O)c3c(=O)c(-c4ccc(O)cc4)coc3c2)O[C@H]1C,,,0
,CN1CCN(CCCOc2cccc(CC(=O)Nc3nc(-c4c[nH]c5ncc(F)cc45)cs3)c2)CC1,,,0
,COc1ccc(C(C(=O)Nc2ccc(F)cc2)N(C(=O)Cn2nnc3ccccc32)C2CC2)cc1,,,0
,CCOCCc1nn2c(=O)cc(COC(=O)c3ccccc3NC(=O)C3CCCCC3)nc2s1,,,0
,Cc1nc(N2CCC(c3cc(CC(=O)O)n[nH]3)CC2)cc(-n2cccn2)n1,,,0
,COc1ncc(Nc2ncc(CO)cc2-c2nc(C)nc(N)n2)cc1F,,,0
,COc1ccc(Nc2ncc(-c3ccnnc3)cc2-c2nc(C)nc(N)n2)cn1,,,0
,COc1ccc(-n2c(Nc3cc(O)[nH]c(=O)n3)nc3ccccc3c2=O)cc1,,,0
,COc1ccc(Nc2ncnc3c(=N)n(NC(=O)c4ccco4)cnc23)cc1,,,0
,Br.CC(C)(NCc1cc([N+](=O)[O-])cc2nc(O)c(O)nc12)C(=O)O,,,0
,Cc1n[nH]c(CCC(=O)N2CCn3nc(C(=O)Nc4ccccc4)cc3C2)n1,,,0
,CCn1cc(NC(=O)c2coc(-c3ccnc(C)c3)n2)c(C(N)=O)n1.Cl,,,0
,Cc1cc(-c2n[nH]c3cc(NC(=O)NC[C@H]4COCCO4)ncc23)ccn1,,,0
,COc1c(-c2cc(=O)n3nc(N)c(-c4ccccn4)c3[nH]2)ccc2[nH]nnc12,,,0
,N#Cc1nn(-c2ccc(S(N)(=O)=O)cc2)c(-c2ccc(Cl)cc2)c1Cl,,,0
,Cc1n[nH]c2c1C(c1c(C)nn(-c3ccccc3)c1C)C(C#N)=C(N)O2,,,0
,Cc1cccnc1N1CC=C(C(=O)Nc2ccc(C(=O)NC(F)(F)F)cc2)CC1,,,0
,Nc1nc(-c2ccccc2)c2c(n1)-c1cc(N3CCOCC3)ccc1C2=O,,,0
,COc1cc(OC)c(-c2coc3cc(O)cc(O)c3c2=O)cc1OC,,,0
,CC(C)[C@]1(c2ccc(-c3ccc4ccccc4c3)[nH]c2=O)OC(=O)NC1=O,,,0
,O=C1NC(=O)N(c2ccccc2)C(=O)C1C(=O)Nc1ccc(-c2ccccc2)cc1,,,0
,COc1ccc(C2C(C#N)=C(N)Oc3cc(OC)ccc32)c(OC)c1,,,0
,CN(c1ncnc2[nH]ccc12)[C@H]1CN(C(=O)NC2CCCCC2)CC12CC2,,,0
,O=S(=O)(Nc1ncn(C2CCCC2)n1)c1cc(Br)cc(Cl)c1O,,,0
,O=C1CC(c2cccc(O)c2)c2c(nc(SCc3ccccc3F)[nH]c2=O)N1,,,0
,CCOC(=O)C1(C(F)(F)F)C(C#N)=C(N)Oc2c1c1ccccc1n2C,,,0
,Cc1ccc(N2CC(=O)N(NC(=O)Nc3ccc(Cl)c(Cl)c3)CC2=O)cc1,,,0
,Nc1nc(-c2ccc(Cl)cc2)cc(-c2nc3ccccc3c(=O)[nH]2)n1,,,0
,O=C(NO)c1ccc(CN2C(=O)c3ccccc3C2=O)cc1-c1ccccc1,,,0
,C[C@@H]1C[C@H](O)C2=C(COC(=O)/C=C/c3ccccc3)C(=O)O/C2=C/[C@@]2(C)CC[C@]1(O)O2,,,0
,CC1(C)CC(=O)C2=C(C1)OC(N)=C(C#N)C2c1ccccc1[N+](=O)[O-],,,0
,COc1ccc(/C=C/c2ccc3ccc(C(=O)O)c(O)c3n2)cc1O,,,0
,CC1CN(C(=O)c2nsc3cc(Nc4n[nH]c5cccnc45)ccc23)CC(C)O1,,,0
,Cc1cn2c(/C=N/NC(=N)N)c(-c3cc(Cl)sc3Cl)nc2s1,,,0
,CN1CCC(C(=O)Nc2n[nH]c3nc(-c4ccc(O)cc4)ccc23)CC1,,,0
,COc1cc(Sc2cnc(N)nc2N)cc(OC)c1Br,,,0
,O=C(O)c1cc(S(=O)(=O)Nc2ccccc2)c2ccccc2c1O,,,0
,Cc1cc2c(nc1N1CCC(Oc3ccc4[nH]ncc4c3)CC1)CNC2=O,,,0
,Cc1ncn(CCNC(=O)Nc2ccc(F)c(Cl)c2)c(=O)c1C,,,0
,CNC(=O)N(O)CC1COc2ccc(Oc3ccccc3)cc2O1,,,0
,Cl.c1cc(Cc2ccc(NC3=NCCN3)cc2)cc(NC2=NCCN2)c1,,,0
,Cc1cc(NC(=O)c2cnn3ccc(N)nc23)n(-c2cccc(Cl)c2)n1,,,0
,O=C(NNC1CC(=O)N(c2ccc(Cl)cc2)C1=O)c1ccccc1Cl,,,0
,Cc1nc2ccc(NC(=O)Cc3n[nH]c(=O)c4ccccc34)cc2s1,,,0
,COc1cc2c(cc1OC)C1=NN(C(N)=O)C(c3ccc(F)cc3)C1C2,,,0
,Cc1csc2nc(O)c(C(=O)NC3CCCCCC3)c(=O)n12,,,0
,CC(=O)N1CCN([C@H]2CC[C@@H](Nc3ncnc4[nH]cc(C(C)C)c34)CC2)CC1,,,0
,CC(C)(C)NC(=O)C(=O)Nc1ccc(-c2cnco2)c(F)c1,,,0
,C=CCc1c2nc(C(=O)O)cc(Cl)c2cc2c(=O)cc(C(=O)O)oc12,,,0
,CN(C)c1ccccc1/C=N/NC(=O)Nc1n[nH]c(=S)s1,,,0
,c1cc(-c2nc3c(c(N[C@@H]4COC5(CCCCC5)C4)n2)CNC3)ccn1,,,0
,COc1c(C)cc(NC(=O)c2ccc3c(c2)NC(=O)CO3)cc1C,,,0
,O=C(O)C(=O)N(c1ccccc1C(=O)O)c1cccc2c1CCCC2,,,0
,COc1cc2c(cc1O)NC(=O)C[C@H]2c1c(C)nn(C)c1Cl,,,0
,CC(C)S(=O)(=O)c1ncccc1-c1ccc(-c2cnc(N)cn2)c(F)c1,,,0
,Cc1cc(C)nc(NS(=O)(=O)c2ccc(NC(=O)NC(F)(F)F)cc2)n1,,,0
,Cc1csc(NC(=O)c2sc3nc4c(cc3c2N)CN(C)CC4)n1,,,0
,O=C(c1cccnc1)N1C[C@H]2[C@@H](c3ccccc31)[C@@H](CO)N2C(=O)Nc1ccc(F)cc1,,,0
,CC(=O)N[C@@H]1CCC[C@H](C(=O)Nc2cc(-c3cnn4c3CC(C)(C)C4)c(F)cn2)C1,,,0
,COC(=O)Cc1cc(O)cc2oc(-c3ccc(OC)c(O)c3)cc(=O)c12,,,0
,CC(C)(C)c1ccc(Nc2cccc3c2C(=O)N(C2CCC(=O)NC2=O)C3=O)cc1,,,0
,C/C=C(/C)C(=O)O[C@H]1C(C)=C[C@]23C(=O)[C@@H](C=C(CO)[C@@H](OC)[C@]12O)[C@H]1[C@@H](C[C@H]3C)C1(C)C,,,0
,O=C1N(Cc2ccccc2)C[C@@H]2[C@@H](c3cccs3)[C@]3(O[C@]12O)C(=O)Nc1ccccc13,,,0
,COc1ccc(-c2oc3cc(O)c(OC)c(O)c3c(=O)c2OC)cc1O,,,0
,CCOc1ccc2nc3sc(C(=O)N4CCOCC4)c(N)c3cc2c1,,,0
,COc1cccc(-c2cccc(NC(=O)c3nc4c(n3C)CCNC4)c2C#N)c1F,,,0
,Nc1ccc(S(=O)(=O)c2cccc(-c3cnc(N)nc3)c2)c(C(F)(F)F)c1,,,0
,Nc1ncnc2ccc(-c3cc(F)cc(NC(=O)CN4CCCC4)c3)cc12,,,0
,COc1cc(F)c([C@@H]2CNC(=O)[C@H]2NC(=O)Nc2ccc(Cl)cc2)c(F)c1,,,0
,C[C@@]1(c2cc(NC(=O)c3ccc(Cl)cn3)ccc2F)COCC(N)=N1,,,0
,CN1CCN(C(=O)c2ccc3c(c2)CC(C(=O)Nc2ccc(-c4cn[nH]c4)cc2)CO3)CC1,,,0
,CCc1cc(O)c(Oc2ccc(C(=O)N3CCNC(=O)C3)cc2F)cc1F,,,0
,CN1CCN(c2ccc(NC(=O)c3cc(C#N)c[nH]3)c(N3CCCCC3)c2)CC1,,,0
,CCS(=O)(=O)N1CCc2ccc(NC(=O)Nc3cccc(C#N)c3)cc21,,,0
,COc1cc(NC(=O)C2CC(=O)NC3=C2C(=O)CC(C)(C)C3)c(OC)cc1Cl,,,0
,O=C(Nc1ccc(F)c(-c2cc3nc(N4CCOCC4)cnc3[nH]2)c1)N1CCCC1,,,0
,COc1cc(Nc2cc(O)ccc2C)nc(-n2cnc3ccccc32)n1,,,0
,COc1cc(-c2cn[nH]c2)ccc1C(=O)Nc1ccc2c(c1)CCNCC2.Cl,,,0
,Nc1nccnc1C(=O)N[C@@H](c1ccccc1)c1ccc2c(c1)CCCO2,,,0
,COc1cc(-c2cn[nH]c2)cc2c(=O)[nH]c(C(N)c3ccc(Cl)cc3)nc12,,,0
,COc1ccc2nc(NC(=O)c3cc(-c4ccccc4O)n[nH]3)sc2c1,,,0
,COc1ccc(NC(=O)NNC(=O)c2ccc3ccccc3c2)c(OC)c1,,,0
,N[C@@H]1CCN(c2nc3ccccc3n(C3CCN(C4CCCCCCC4)CC3)c2=O)C1,,,0
,Cc1ccc(-c2nn3c(-c4cnc(N)c(C(F)(F)F)c4)cnc3s2)cn1,,,0
,CCOC(=O)NC(=O)c1ccsc1NC(=O)c1nc2cnccc2s1,,,0
,Cc1cc(N)c2ccc(OCc3cncc(-n4ccc5c(N)ncnc54)c3)cc2n1,,,0
,Nc1[nH]cnc1C(=O)N1CCc2c(n(C3CC3)c3c(Cl)cc(Cl)cc23)C1,,,0
,C[C@H](N)CNc1nc(-c2ccncc2)nc2c1sc1ncccc12,,,0
,COc1cccc2c1Oc1cc(N[C@H]3CC[C@H](O)CC3)ncc1N(C)C2=O,,,0
,NS(=O)(=O)N1CC2(CCN(C(=O)Nc3ccccc3Cl)CC2)c2ccccc21,,,0
,NC(=O)c1ccc(NC(=O)c2ccc(C(F)(F)F)cc2[N+](=O)[O-])cc1,,,0
,CC1(C)Cc2c(sc(NC(=O)NC(=O)c3ccccc3)c2C(=O)O)CO1,,,0
,Cc1c(Cl)cccc1S(=O)(=O)Nc1c(C(=O)O)[nH]c2ccccc12,,,0
,CC1(c2cc(NC(=O)c3ccc(C#N)cn3)ccc2F)N=C(N)c2ccccc2O1,,,0
,Nc1nonc1-n1nnc(C(=O)N/N=C2\C(=O)Nc3ccccc32)c1-c1ccc(Cl)c(Cl)c1,,,0
,O=C1CC(c2cccc([N+](=O)[O-])c2)C2(C(=O)NC(=O)NC2=O)C(c2cccc([N+](=O)[O-])c2)C1,,,0
,Cc1nonc1C(=O)Nc1ccc(-n2ncc3c2CCCC3NC(=O)c2nonc2C)cc1,,,0
,N=C(N)N/N=C/c1cn(-c2ccc([N+](=O)[O-])cc2[N+](=O)[O-])nc1-c1ccccc1F,,,0
,C[C@H]1CN([C@@H](C)CO)C(=O)CCCn2nncc2CO[C@H]1CN(C)C(=O)Nc1ccc2c(c1)OCO2,,,0
,Cn1cc2c(nc(NC(=O)Nc3ccc(S(=O)(=O)F)cc3)n3nc(-c4ccco4)nc23)n1,,,0
,Cc1nc(N)nc(-c2cc(CN3CCN(S(C)(=O)=O)CC3)cnc2Nc2ccc3ncoc3c2)n1,,,0
,CN1CCC(n2cc(Nc3nc(NC4(C)CC4)c4c(=O)n(-c5cn(C)nn5)ccc4n3)cn2)CC1,,,0
,Cc1nnc(-c2nn(C)c3ccc(Nc4nccc(-n5cc(N[C@@H]6CCOC[C@@H]6N)c(C)n5)n4)cc23)o1,,,0
,Cc1ccc(/C=N/NC(=O)c2nnn(-c3nonc3N)c2-c2ccc3c(c2)OCO3)s1,,,0
,C[C@H](Nc1ccc2c(c1)OCCn1cc(N3C(=O)OC[C@H]3C(F)F)nc1-2)C(N)=O,,,0
,Nc1nc(NC(=O)c2ccncc2)c([N+](=O)[O-])c(-c2ccco2)n1,,,0
,Cc1ncncc1NC(=O)Nc1cnc(-n2nccn2)c(Cl)c1,,,0
,Nc1ncnc2c1nc(-c1ccc(P(=O)(O)O)o1)n2CCC1CCCCC1,,,0
,C[C@@H](CO)n1c2cnccc2c2cnc(Nc3ccc(N4CC[C@@H](O)C4)nn3)nc21,,,0
,O=C(CSc1nnc(O)nc1O)Nc1ccc2c(c1)C(=O)c1ccccc1C2=O,,,0
,COc1ccc(NC(=O)C2C(=O)N(c3ccc(OC)cc3)C(=O)/C2=N/O)cc1,,,0
,COc1cc([N+](=O)[O-])cc(/C=N/NC(=O)c2ccc(C)nc2)c1O,,,0
,CO/N=C1\CN(c2nc3c(cc2F)c(=O)c(C(=O)O)cn3C2CC2)CCC1(C)N,,,0
,COc1ccc(NC(=O)N2CCN(c3nc(N)nc4c3cnn4C)[C@H](C)C2)c(C)c1,,,0
,COc1c(-c2cc(=O)n3nc(O)c(-c4ccccn4)c3[nH]2)ccc2[nH]nnc12,,,0
,COc1ccc2c(OC(C)C)c(C(=O)Nc3nn[nH]n3)oc2c1,,,0
,Cc1cc2cc(N/C(=N\C#N)N[C@@H]3CCN(CC(=O)N4CCCC4)C3=O)ccc2o1,,,0
,[C-]#[N+]c1cnc2c(NC3CC3)nc(Nc3cccc(C#N)n3)nn12,,,0
,Cc1nn(-c2ccnc(Nc3cccc(S(N)(=O)=O)c3)n2)c2ncccc12,,,0
,COc1cc(-c2nnc3n2NC=C(C(=O)O)S3)cc(OC)c1OC,,,0
,COc1ccc(NC(=O)NNC(=O)c2cc3occc3n2C)c(OC)c1,,,0
,CCN(CC)C(=S)SCc1cc(O)n2nc(N)c([N+](=O)[O-])c2n1,,,0
,COc1ccccc1[C@H]1CC(=O)Nc2c1c(C)nn2-c1ncnc2[nH]cnc12,,,0
,O=C(NNC(=O)c1cc([N+](=O)[O-])c[nH]1)Nc1ccc(Br)cc1,,,0
,COc1ccnc(N2CCN(C(=O)c3ccc(Cl)o3)CC2)n1,,,0
,O=C(Nc1cc(S(=O)(=O)N2CCCC2)ccc1Cl)C1=COCCO1,,,0
,CC1CC1c1ccc(C(=O)Nc2nnc(NS(C)(=O)=O)s2)o1,,,0
,Cc1cc(C(=O)N2CCN(S(=O)(=O)c3ccc(Cl)s3)CC2)on1,,,0
,CC(C)COc1cncc(N2CCn3c(nnc3C(F)(F)F)C2)n1,,,0
,Cc1cnc(C)c(-c2cc(O)c3c(c2)CN(CCCn2cnnn2)CCO3)n1,,,0
,O=C(Cn1ncc2c([nH]c3ccccc32)c1=O)Nc1ccccn1,,,0
,Cn1c(CN2CCCCCC2)nnc1C1CCN(C(=O)Cn2cccn2)CC1,,,0
,N#CC1(NC(=O)COc2cccnc2[N+](=O)[O-])CCCCC1,,,0
,O=C(CC1CCCC1)NC1CCN(C(=O)c2ccc3[nH]nnc3c2)CC1,,,0
,CCN(CC(=O)NCCc1ccc(F)cc1)Cc1nc(O)c2ccccc2n1,,,0
,COc1ccccc1NC(=O)CN1CCN(CC(=O)Nc2ccc(C)c(F)c2)CC1,,,0
,CC(=O)c1ccc(N(CC(=O)NC2CCCCC2)C(=O)CNC(=O)c2ccco2)cc1,,,0
,CN[C@@H](C)C(=O)N[C@H](C(=O)N1Cc2ccccc2C1C(=O)Nc1ccccc1OC)C(C)C,,,0
,O=C(O)c1ccc(CCN2C(=O)CCN2CCC(O)Cc2cccc(F)c2)cc1,,,0
,CCCCNC(=S)NS(=O)(=O)c1ccc(-n2nc(C(=O)O)cc2C)cc1,,,0
,CC(C)(CNS(=O)(=O)c1ccccc1)CNS(=O)(=O)c1ccccc1,,,0
,COc1ccc(Cl)cc1NC(=O)CN(C)CC(=O)Nc1ccc2c(c1)OCO2,,,0
,O=C(CSc1nnc(NC(=O)Cc2ccccc2)s1)NCC1CCCO1,,,0
,C#CCN(Cc1ccc2nc(N)nc(O)c2c1)c1cc(OC)c(OC)c(OC)c1,,,0
,CCN(CC(=O)Nc1ccc(Br)c(C)c1)CC(=O)NC(C)C,,,0
,CCN(CC)CCNC(=O)c1cc(I)ccc1OC,,,0
,O=C(CNC(=O)c1ccc(F)cc1)NCc1ccc(Cl)cc1,,,0
,CCC(C)C(=O)Nc1ccc(CCN2CCOCC2)cc1,,,0
,N#CC1(NC(=O)[C@@H](N)Cc2cccs2)CC1c1ccccc1,,,0
,COCCN(Cc1ccsc1)C(=O)c1c(C)cc(C)[nH]c1=O,,,0
,CN(CC(=O)Nc1ccc(OC(F)(F)F)cc1)C(=O)C1CCC1,,,0
,CCOc1ccc(C(=O)c2ccc(OC)c(O)c2O)cc1,,,0
,COc1ccc(NS(=O)(=O)Cc2ccccc2Cl)cn1,,,0
,CC(=O)SCC(C)C(=O)N(CC(=O)O)c1cccc(F)c1,,,0
,CCc1cc(NC2CCN(CC(F)F)CC2)nc(-c2ccncc2)n1,,,0
,COc1ccc(CCNS(=O)(=O)c2ccc(Br)cc2)cc1OC,,,0
,COCCNC(=O)C1(C)CCCN(C(=O)c2ccc(-c3ccccc3)cc2)C1,,,0
,Cc1ccccc1OCC(=O)NCC(c1ccc(N(C)C)cc1)N(C)C,,,0
,O=C(COC(=O)c1cncc(Br)c1)NCCC1=CCCCC1,,,0
,O=C(N[C@@H](Cc1c[nH]c2ccccc12)C(=O)O)[C@H](S)Cc1ccccc1,,,0
,C[C@H](CS)C(=O)N1[C@@H](SCCCc2ccccc2)CC[C@H]1C(=O)O,,,0
,Cc1ccc(NC(=O)[C@@H](CC(C)C)NC(=O)[C@@H]2Cc3ccccc3CN2)cc1,,,0
,CN(C)CC(=O)NC[C@@H]1CCCc2cc(S(=O)(=O)c3cccc(F)c3)ccc21,,,0
,O=C(NCC1CCNCC1)c1cccc(CN[C@@H]2C[C@H]2c2ccc(F)c(F)c2)c1,,,0
,CCOc1cc2c(cc1OCCCOC)C1CC(O)C(CC(C)C)CN1CC2,,,0
,O=C(Cc1ccccc1)Nc1ccc(CCNC[C@H](O)c2cccnc2)cc1,,,0
,CCc1ccc(CN2CCCC(CNC(=O)c3cccc(OC)c3OC)C2)cc1,,,0
,Cc1[nH]c2ccccc2c1CC(C)(C)NCC(O)COc1ccccc1C#N,,,0
,O=S(=O)(NCCCCCO)c1ccc(-c2ccc(Br)cc2)cc1,,,0
,CN(C)CCSSCCNC(=O)c1ccc(C#Cc2ccccc2)o1,,,0
,O=S(=O)(NCCc1cccc(OCc2ccc3ccccc3n2)c1)C(F)(F)F,,,0
,O=C(NCCC(=O)N1CCCC1)c1ccc(SCc2cccnc2)cc1,,,0
,COc1ccc(C[C@@H](O)/C=C/C=C/C(=O)NCc2ccc(Cl)cc2)cc1OC,,,0
,CCN(CC)CCN1C(=O)c2ccccc2NC1c1ccc(N(C)C)cc1,,,0
,O=S(=O)(NCCNCC=Cc1ccc(Br)cc1)c1cccc2cnccc12,,,0
,Cc1ccc(NC(S)=NNC(=O)Cn2nc(C(F)F)cc2C(F)F)cc1,,,0
,C#Cc1cn2c(-c3ccc(C(=O)NCC)c(C)c3)cnc2c(NCCC(F)(F)F)n1,,,0
,CCCc1ccc(-c2onc3c2CCc2cc(OC[C@H](O)CO)ccc2-3)cc1,,,0
,Cc1cc(C)cc(NC2=C(NS(=O)(=O)Cc3ccccc3)C(=O)c3ccccc3C2=O)c1,,,0
,O=C(/C=C/c1cccc(O)c1)c1ccc(NS(=O)(=O)c2cccs2)cc1,,,0
,CC(O)CNC(=O)c1cnc(Oc2ccc3c(c2)CCC(c2ccccc2)O3)s1,,,0
,NC(=O)c1ccc(NS(=O)(=O)c2ccccc2)c(Oc2ccccc2)c1,,,0
,CCCS(=O)(=O)N1CCC(c2ccccc2)([C@H](C)NC(=O)c2c(N)cccc2Cl)CC1,,,0
,COc1ccccc1CCNCc1cccc(C(F)(F)F)c1.O=C(O)C(=O)O,,,0
,CC1CCCC(NC(=O)COC(=O)c2ccccc2C(=O)N(C)C2CCCCC2)C1C,,,0
,CCCCCCCCC#C[C@]1(O)C(C)(C)C(=O)N2[C@@H](C(C)(C)C)OC[C@@]21C(=O)OC,,,0
,CCn1c(C(O)(c2ccccc2)c2ccccc2)nc2ccc(C(=O)NCC3CCNCC3)cc21,,,0
,CN(C)Cc1ccc(N2CCC(NS(=O)(=O)c3ccc(Cl)cc3)CC2)cc1,,,0
,CCN(CC)C[C@H]1Cc2c(C3=C(Nc4ccccc4)C(=O)NC3=O)c3ccccc3n2C1,,,0
,CCOC(=O)c1c(NC(=O)Cn2nc(C(F)F)cc2C(F)F)sc(C)c1C,,,0
,CC(C)=CCCN1CCC(NC(=O)[C@](O)(c2ccccc2)[C@H]2CC[C@H](F)C2)CC1,,,0
,N#Cc1ccc(C(=O)NCCCc2ccn(-c3ccc(C#N)c(C(F)(F)F)c3)n2)cc1,,,0
,Cc1ccc(C(=O)c2cn(CC(=O)NCc3ccccc3)c3nc(C)ccc3c2=O)cc1,,,0
,Cc1ccccc1S(=O)(=O)Cc1ccc(C(=O)NCc2ccc(F)cc2)o1,,,0
,CCOC(=O)CCc1ccc2c(c1)C[C@H](NC[C@H](O)c1cccc(Cl)c1)CC2.Cl,,,0
,CS(=O)(=O)c1ccccc1C(=O)Nc1cccc(OCc2ccc(F)cc2)c1,,,0
,O=C(O)C1CCCN(CCOC2(c3ccccc3)c3ccccc3-c3ccccc32)C1,,,0
,Cc1ccccc1OCC(O)Cn1c(=N)n(Cc2ccccc2)c2ccccc21.Cl,,,0
,CN(C)c1ccc(-c2csc(C(=O)NC3CCN(CCC(C)(C)C)C3)c2)cc1,,,0
,O=C(NCc1ccc(OCc2cccnc2)cc1)c1ccc(Br)cc1F,,,0
,C/C=C/CC(=O)N[C@H]1CC[C@H](CCN2CCC(c3cccc4c3CCO4)CC2)CC1,,,0
,O=C(C[C@@H]1C[C@@H](O)CN1C(=O)Cc1ccccc1)c1ccc(-c2ccccc2)cc1,,,0
,O=C(NCCCCc1ccccc1)C1CC(c2ccccc2C(F)(F)F)=NO1,,,0
,Cl.N=C(N)c1cc2ccc(N(Cc3ccccc3)Cc3ccccc3)cc2oc1=O,,,0
,Cl.Fc1ccc(COc2ccc(Br)cc2CNCC2CCCO2)cc1,,,0
,O=C(C[C@H]1COc2ccc(Cl)cc2N1Cc1ccccc1)NCCCc1ccccc1,,,0
,COc1cccc(OC)c1OCCNCC1CC(c2ccccc2)c2ccccc2C1=O,,,0
,O=C(O[C@H]1C[N+]2(CCCOc3ccccc3)CCC1CC2)C(O)(c1ccsc1)c1ccsc1,,,0
,CN(CCC=C1c2ccccc2-c2ccccc21)C(CCO)C(=O)NCc1ccc(Cl)cc1,,,0
,CCCCCOc1ccc2[nH]c(-c3ccccc3)c(C3=C(Br)C(=O)NC3=O)c2c1,,,0
,CCC1(C)CC(CCNCc2ccccc2O)(c2ccc(OC)cc2)CCO1.Cl,,,0
,CC/C(=C\c1ccc(OC)c(C(=O)NCc2ccc(C(F)(F)F)cc2)c1)C(=O)O,,,0
,CCCCC(CC)C(=O)OCC1(CO)C/C(=C/c2ccc(C(F)(F)F)cc2)C(=O)O1,,,0
,O=C1c2ccccc2C(OCC2(CO)CC2)(c2ccc(Cl)cc2)N1Cc1cccnc1,,,0
,CC(C)OC(CCc1ccccc1)c1ccccc1OCC(O)CN1CCCCC1,,,0
,COc1cccc(OCCCN2CCC(C(O)(c3ccc(F)cc3)c3ccc(F)cc3)CC2)c1,,,0
,O=C(O)CCC/C=C\C[C@@H]1[C@H]2CC[C@H](C2)[C@H]1NS(=O)(=O)c1ccc(-c2ccccc2)cc1,,,0
,O=C(NC1CCCC1)C(c1ccsc1)N(CCc1ccccc1)C(=O)Cc1cccs1,,,0
,CN(CCCCCCN1CCN(c2ccnc3cc(Cl)ccc23)CC1)c1cccc(O)c1,,,0
,OC(Cc1ccccc1)CN1CCN(CCSC(c2ccc(F)cc2)c2ccc(F)cc2)CC1,,,0
,CCCCN1CCN(CCCCNc2c3ccccc3nc3ccccc23)CC1.Cl,,,0
,NCCCCN(C/C(Cl)=C/c1ccccc1)C(=O)CCCc1c[nH]c2ccccc12,,,0
,c1ccc(OCCCCOc2ccc(-c3cc4ccc(C5=NCCN5)cc4o3)cc2)cc1,,,0
,O=C(COc1ccc(F)cc1)Nc1ccc2nc(SCCOc3ccccc3)sc2c1,,,0
,COc1nc2ccc(CO)cc2cc1C(c1ccccc1)C(O)(CCN(C)C)c1cccc2ccccc12,,,0
,CCOC(=O)c1cc2cc(OCCCC3CCN(Cc4ccccc4)CC3)ccc2[nH]1.Cl,,,0
,CC[C@H](C)[C@H](N)CN(C(=O)[C@@H]1C[C@H]1c1ccc(F)cn1)c1ccc(-c2ccc(COC)cc2)cc1,,,0
,Cc1ccc(OCC(C)C)cc1-c1cccc(COc2ccc(OCC(=O)O)c(F)c2)c1,,,0
,CC[N+](CC)(CC)CC(O)COC(=O)[C@]1(C)CCC[C@]2(C)c3ccc(C(C)C)cc3CC[C@@H]12,,,0
,CC(C)COc1cc(-c2ccc(C[C@@H](C)NC[C@H](O)c3ccccc3)cc2)ccc1C(=O)O,,,0
,CC(C)CC(N)c1ccccc1N1CCN(C(=O)[C@@H](Cc2ccc(Cl)cc2Cl)NC(C)C)CC1,,,0
,C=CCOc1c(Br)cc(CNc2ccc(NC(=O)C(C)C)cc2)cc1OCC,,,0
,Cl.Cl.O=C(CCNc1c2ccccc2nc2ccccc12)OCCN(CCCl)CCCl,,,0
,CN1CCC[C@@H]1CCOc1ccc(/C(=C(/CCCO)c2ccccc2)c2ccc(O)cc2)cc1,,,0
,Cc1cc(CC2SC(=O)NC2=O)cc(C)c1N(CC1CC1)c1ccc(O)c(C(C)C)c1,,,0
,Cc1c(Cl)cc(NC(=O)Nc2ccc(OCCCN3CCCCC3)cc2)cc1Cl,,,0
,C=CC(=O)Nc1cccc(Nc2cc(C(F)(F)F)nc(SCC3CCCCC3)n2)c1,,,0
,COC(=O)c1ccc(CC(C)NCC(O)c2cccc(Oc3cccc(C(F)(F)F)c3)c2)cc1,,,0
,COc1ccc(NC(=O)Cc2ccc(N(Cc3cccc(F)c3)C(=O)CC(C)C)cc2)cc1,,,0
,CC(C)n1nc(C(=O)NCC2CCN(CCC3CCCCC3)CC2)c2ccccc21.Cl,,,0
,CC1=C(C(=O)OCc2ccccc2)C(CC(C)(C)C)C(C(=O)OCc2ccccc2)=C(C)N1,,,0
,Cc1c(CNCCCNc2cc(=O)c3ccccc3[nH]2)sc(-c2ccco2)c1Br.Cl,,,0
,O=C(Nc1ccc(S(=O)(=O)N(Cc2ccccc2)c2ccccc2)cc1)c1ccccc1F,,,0
,O=C(O)C(SC(=S)c1ccc(C(=S)SC(C(=O)O)c2ccccc2)cc1)c1ccccc1,,,0
,CCCCCCCCN1C(=O)[C@H](CC(=O)NCCCOC)C[C@@]2(C(=O)OC)CC(C)(C)CC=C12,,,0
,C#CCOc1ccc(/C=C/C(=O)c2ccc(OCc3cn(CCCCCC)nn3)cc2O)cc1,,,0
,CCCCCCCC[N+](C)(C)CC(=O)Nc1ccc(C(=O)/C=C/c2ccccn2)cc1,,,0
,COc1cc2c(NCCCCCN3CCCC3)nc(N3CCCC3)nc2cc1OCc1ccccc1,,,0
,CCCCN(CCCC)C(=O)CN1C[C@H](c2ccc3c(c2)OCO3)[C@@H](C(=O)O)[C@@H]1CCC=C(C)C,,,0
,CCCCCCCCc1ccc(OCC(=O)Cn2ccc3cc(C(=O)NC)ccc32)cc1,,,0
,CCO/N=C/c1ccc(OCCCCCCCN2CCN(c3ccncc3)C2=O)cc1,,,0
,N#CCOc1ccc(C(=O)O)cc1C(=O)/C=C/c1ccc(OCCCCOc2ccccc2)cc1,,,0
,CCCCCCCC[N+](C)(C)CC(=O)Nc1ccc(C(=O)/C=C/c2ccco2)cc1,,,0
,CCCCCCCC(=O)c1ccc(OCCCN2CCN(C(=O)OCC)CC2)cc1,,,0
