smiles,activity
C=CCSS/C=C/C[S+]([O-])CC=C,1
C=CCSC[C@H](N)C(=O)O,1
C=CCSSCC=C,1
COS([O-])=S,1
C=CCSSSCC=C,1
C=CC(C)(O)CCC=C(C)C,1
CC(=O)OC/C=C(\C)CCC=C(C)C,1
CC1=CCC(C(C)C)=CC1,1
COc1ccc2ccc(=O)oc2c1CC=C(C)C,1
O=C1O[C@H]2[C@@H]3OC(=O)c4cc(O)c(O)c(O)c4-c4c(cc(O)c(O)c4O)C(=O)OC[C@H]2O[C@@H](OC(=O)c2cc(O)c(O)c(O)c2)[C@@H]3OC(=O)c2cc(O)c(O)c3c2[C@@H]2C1=CC(=O)[C@](O)(O3)C2(O)O,1
CN1CCc2cc3c(c4c2[C@H]1Cc1ccccc1-4)OCO3,1
COc1cc2c3cc1Oc1c(OC)c(OC)cc4c1[C@@H](Cc1ccc(O)c(c1)Oc1ccc(cc1)C[C@@H]3N(C)CC2)N(C)CC4,1
COc1cc2c3cc1Oc1c(OC)c(OC)cc4c1[C@H](Cc1ccc(cc1)Oc1cc(ccc1O)C[C@H]3N(C)CC2)N(C)CC4,1
COc1ccc2cc1Oc1ccc(cc1)C[C@H]1c3cc(c(OC)cc3CCN1C)Oc1c(OC)c(OC)cc3c1[C@H](C2)N(C)CC3,1
COc1ccc2cc1Oc1ccc(cc1)C[C@H]1c3cc(c(OC)cc3CCN1C)Oc1c(O)c(OC)cc3c1[C@H](C2)N(C)CC3,1
COc1cc2c(cc1O)[C@@H](Cc1ccc(OC)c(Oc3ccc(C[C@H]4c5cc(O)c(OC)cc5CCN4C)cc3)c1)N(C)CC2,1
C=C1C(OC(=O)CC(c2ccccc2)N(C)C)CCC2(C)C(O)C(OC(C)=O)C3=C(C)C(=O)CC(O)(C(O)C12)C3(C)C,1
COc1c(O)c(CC=C(C)C)c2c(c1O)C(=O)[C@H](O)[C@@H](c1ccccc1O)O2,1
Oc1cc(O)cc(/C=C/c2ccc(O)c(O)c2)c1,1
Oc1ccc(/C=C/c2cc(O)cc(O)c2)cc1,1
COc1ccc(/C=C/c2cc(O)cc(O)c2)cc1,1
Oc1ccc(/C=C/c2cc(O)cc3c2[C@@H](c2cc(O)cc(O)c2)[C@H](c2ccc(O)cc2)O3)cc1,1
O=C(/C=C/c1ccc(O)c2c1[C@H](C(=O)O[C@H](Cc1ccc(O)c(O)c1)C(=O)O)[C@@H](c1ccc(O)c(O)c1)O2)O[C@H](Cc1ccc(O)c(O)c1)C(=O)O,1
C/C=C/c1ccc(O)c(OC)c1O,1
C[C@@]12C[C@@]3(O)O[C@@H](O1)[C@]1(COC(=O)c4ccccc4)[C@H]3C[C@@]12O[C@@H]1O[C@H](CO)[C@@H](O)[C@H](O)[C@H]1O,1
COC1C[C@@]2(C)CC(=O)[C@@H]3C[C@]2(O[C@@H]2O[C@H](CO)[C@@H](O)[C@H](O)[C@H]2O)[C@@]13COC(=O)c1ccccc1,1
CO[C@]12C[C@]3(C)O[C@H](O1)[C@]1(COC(=O)c4ccccc4)[C@@H]2C[C@]13O[C@@H]1O[C@H](CO)[C@@H](O)[C@H](O)[C@H]1O,1
O=C(OC[C@H]1O[C@@H](OC(=O)c2cc(O)c(O)c(O)c2)[C@H](OC(=O)c2cc(O)c(O)c(O)c2)[C@@H](OC(=O)c2cc(O)c(O)c(O)c2)[C@@H]1OC(=O)c1cc(O)c(O)c(O)c1)c1cc(O)c(O)c(O)c1,1
O=C(O[C@H]1O[C@@H](CO)[C@H](OC(=O)c2cc(O)c(O)c(O)c2)[C@@H](OC(=O)c2cc(O)c(O)c(O)c2)[C@@H]1OC(=O)c1cc(O)c(O)c(O)c1)c1cc(O)c(O)c(O)c1,1
O=C1OC[C@@H](O)[C@H]([C@@H]2OC(=O)c3cc(O)c(O)c(O)c3-c3c(O)c(O)c(O)c4c3C(=O)O[C@H]2[C@H]4O)OC(=O)c2cc(O)c(O)c(O)c2-c2c1cc(O)c(O)c2O,1
COc1cc2c(c(O)c1OC)C(=O)C[C@@H](c1cc(O)ccc1O)O2,1
C=C(C)[C@@H]1C[C@H](O)[C@]2(C(=O)O[C@@H]3O[C@H](CO[C@@H]4O[C@H](CO)[C@@H](O[C@@H]5O[C@@H](C)[C@H](O)[C@@H](O)[C@H]5O)[C@H](O)[C@H]4O)[C@@H](O)[C@H](O)[C@H]3O)CC[C@]3(C)[C@H](C[C@H]4OC(=O)C[C@@H](O)[C@]5(C)[C@@H]4[C@@]3(C)CC[C@H]5C(=C)C)[C@@H]12,1
C=C(C)[C@@H]1C[C@H](O)[C@]2(C(=O)O)CC[C@]3(C)[C@H](C[C@H]4OC(=O)C[C@@H](O)[C@]5(C)[C@@H]4[C@@]3(C)CC[C@H]5C(=C)C)[C@@H]12,1
C=C(C)[C@@H]1CC[C@]2(C(=O)O[C@@H]3O[C@H](CO[C@@H]4O[C@H](CO)[C@@H](O[C@@H]5O[C@@H](C)[C@H](O)[C@@H](O)[C@H]5O)[C@H](O)[C@H]4O)[C@@H](O)[C@H](O)[C@H]3O)CC[C@]3(C)[C@H](C[C@H]4OC(=O)C[C@@H](O)[C@]5(C)[C@@H]4[C@@]3(C)CC[C@H]5C(=C)C)[C@@H]12,1
C=C(C)[C@@H]1CC[C@]2(C(=O)O)CC[C@]3(C)C(C[C@H]4OC(=O)C[C@@H](O)[C@]5(C)C4[C@@]3(C)CC[C@H]5C(=C)C)C12,1
CC1(C)CC[C@]2(C(=O)O)CC[C@]3(C)C(=CC[C@@H]4[C@@]5(C)CC[C@H](O[C@@H]6O[C@H](C(=O)O)[C@@H](O)[C@H](O)[C@H]6O)C(C)(C)[C@@H]5CC[C@]43C)[C@@H]2C1,1
O=C1C=CC[C@H](C[C@@H](O)CCc2ccc(O)cc2)O1,1
C=CCSS(=O)OC,1
O=C(O)c1ccc(O)c(O)c1,1
COc1cc(C(=O)O)ccc1O,1
O=C(O)c1ccc(O)cc1,1
COc1cc(/C=C/C(=O)O)ccc1O,1
COc1cc(/C=C/C(=O)O)cc(OC)c1O,1
O=C(O)[C@H]1O[C@@H](Oc2c(-c3ccc(O)cc3)oc3cc(O)cc(O)c3c2=O)[C@H](O)[C@@H](O)[C@@H]1O,1
CC1=CC(=O)CC(C)(C)[C@@]1(O)/C=C/[C@@H](C)O[C@@H]1O[C@H](CO)[C@@H](O)[C@H](O)[C@H]1O,1
COc1cc(C2c3cc(O)c(OC)cc3CC(COC3OC(CO)C(O)C(O)C3O)C2CO)ccc1O,1
COc1cc([C@H]2Oc3c(O)cc(CCCO)cc3[C@@H]2CO)ccc1O[C@@H]1O[C@@H](C)[C@H](O)[C@@H](O)[C@H]1O,1
COc1cc([C@@H]2Oc3c(OC)cc(CCCO)cc3[C@H]2CO)ccc1O[C@@H]1O[C@@H](C)[C@H](O)[C@@H](O)[C@H]1O,1
C[C@@H]1O[C@@H](OC[C@H]2O[C@@H](Oc3c(-c4ccc(O)cc4)oc4cc(O)cc(O)c4c3=O)[C@H](O)[C@@H](O)[C@@H]2O)[C@H](O)[C@H](O)[C@H]1O,1
CC(C)=CCOc1c2occc2cc2ccc(=O)oc12,1
CC(C)=CC(=O)O[C@H]1Cc2cc3ccc(=O)oc3cc2OC1(C)C,1
CC(C)(O[C@@H]1O[C@H](CO)[C@@H](O)[C@H](O)[C@H]1O)[C@H]1Cc2cc3ccc(=O)oc3cc2O1,1
CCCCC1OC(=O)c2ccccc21,1
C[C@@]12C[C@@H](c3ccoc3)OC(=O)[C@@H]1CC[C@]1(C)[C@H]2[C@H]2C=C[C@]1(O)C(=O)O2,1
Cc1cc(O)c2c(c1)C(=O)c1cccc(O)c1C2=O,1
COc1c(O)cc2c(c1O)C(=O)c1c(cc(C)c(O)c1OC)C2=O,1
Cc1cc2c(c(O)c1O)C(=O)c1c(O)cc(O)cc1C2=O,1
COc1cc2c(c(OC)c1OC)C(=O)c1c(cc(C)c(O)c1OC)C2=O,1
CC[C@H](CC[C@@H](C)[C@H]1CC[C@H]2[C@@H]3CC=C4C[C@@H](O)CC[C@]4(C)[C@H]3CC[C@]12C)C(C)C,1
CC#CC#CC#Cc1ccccc1,1
CCCCC/C=C\C/C=C\CCCCCCCC(=O)O,1
COc1cc2c(O[C@@H]3OC[C@@H](OC)[C@H](OC)[C@H]3O)c3c(c(-c4ccc5c(c4)OCO5)c2cc1OC)C(=O)OC3,1
COc1cc2c(O[C@@H]3O[C@H](CO)[C@@H](O)[C@H](O)[C@H]3O)c3c(c(-c4ccc5c(c4)OCO5)c2cc1OC)C(=O)OC3,1
O=c1c(O[C@@H]2O[C@H](CO)[C@H](O)[C@H](O)[C@H]2O)c(-c2ccc(O)c(O)c2)oc2cc(O)cc(O)c12,1
CC1OC(OC2C(OC(=O)C34CCC(C)(C)CC3C3=CCC5C6(C)CCC(OC7OC(C(=O)O)C(O)C(O)C7O)C(C)(C)C6CCC5(C)C3(C)CC4O)OCC(O)C2O)C(O)C(O)C1OC1OCC(O)C(OC2OCC(O)C(O)C2O)C1O,1
C[C@H](NC(=O)CN)C(=O)N[C@@H](C)C(=O)NCC(=O)NCC(=O)N[C@@H](C)C(=O)N[C@@H](Cc1ccccc1)C(=O)O,1
OC[C@H]1OC(O)[C@@H](O)[C@@H](O)[C@@H]1O,1
OC[C@H]1OC(O)[C@H](O)[C@@H](O)[C@@H]1O,1
OC[C@H]1OC(O)[C@H](O)[C@@H](O)[C@H]1O,1
CC12CCC(CC1=O)C2(C)C,1
C=C1C2CCC(C2)C1(C)C,1
C=C(C)C1CC=C(C)C(=O)C1,1
CC12CCC(CC1)C(C)(C)O2,1
Cc1ccc(C(C)C)cc1,1
COc1c2ccoc2cc2cc(C)oc(=O)c12,1
C=C(C)C1CC=C(C)CC1,1
C=CC(=C)CCC=C(C)C,1
CCCCCCCCCCCCCC(=O)O,1
CCCCCCCC/C=C\CCCCCCCC(=O)O,1
CCCCCCCCCCCCCCCC(=O)O,1
CC1=CCC(C(C)C)C=C1,1
C=C1C=CC(C(C)C)CC1,1
CC1=CC=C(C(C)C)CC1,1
CC(/C=C/C=C(\C)C(=O)O[C@@H]1O[C@H](CO[C@@H]2O[C@H](CO)[C@@H](O)[C@H](O)[C@H]2O)[C@@H](O)[C@H](O)[C@H]1O)=C\C=C\C=C(C)\C=C\C=C(/C)C(=O)O[C@@H]1O[C@H](CO[C@@H]2O[C@H](CO)[C@@H](O)[C@H](O)[C@H]2O)[C@@H](O)[C@H](O)[C@H]1O,1
CC(/C=C/C=C(\C)C(=O)O)=C\C=C\C=C(C)\C=C\C=C(/C)C(=O)O,1
CC1=C(C=O)C(C)(C)CC=C1,1
COc1ccc(-c2cc(=O)c3c(O)cc(O[C@@H]4O[C@H](CO[C@@H]5O[C@@H](C)[C@H](O)[C@@H](O)[C@H]5O)[C@@H](O)[C@H](O)[C@H]4O)cc3o2)cc1,1
COc1c(O)cc(O)c2c(=O)cc(-c3ccccc3)oc12,1
CC1(C)CC[C@]2(C)CC[C@]3(C)C(=CC[C@@H]4[C@@]5(C)CC[C@H](O)C(C)(C)[C@@H]5CC[C@]43C)[C@@H]2C1,1
C=C(C)[C@@H]1CC[C@]2(C)CC[C@]3(C)[C@H](CC[C@@H]4[C@@]5(C)CC[C@H](O)C(C)(C)[C@@H]5CC[C@]43C)[C@@H]12,1
CC1(C)CCC2(C)CCC3(C)C(=CCC4C5(C)CCC(OC(=O)/C=C/c6ccccc6)C(C)(C)C5CCC43C)C2C1,1
COc1c2ccoc2cc2oc(=O)ccc12,1
CC(C)=CCC/C=C(\C)CCC=C(C)C,1
C=C[C@]1(C)CC[C@@H](C(=C)C)C[C@H]1C(=C)C,1
CC[C@H](/C=C/[C@@H](C)[C@H]1CC[C@H]2[C@@H]3CC=C4C[C@@H](O)CC[C@]4(C)[C@H]3CC[C@]12C)C(C)C,1
C=C(C)[C@@H]1CC[C@]2(C)CC[C@]3(C)[C@H](CC[C@@H]4[C@@]5(C)CCC(=O)C(C)(C)[C@@H]5CC[C@]43C)[C@@H]12,1
C[C@H]1[C@H](C)CC[C@]2(C)CC[C@]3(C)C(=CC[C@@H]4[C@@]5(C)CCC(=O)C(C)(C)[C@@H]5CC[C@]43C)[C@H]12,1
Oc1ccc([C@H]2COc3cc(O)ccc3C2)cc1,1
O=C1C[C@@H](c2ccc(O)cc2)Oc2cc(O)cc(O)c21,1
O=C1C[C@@H](c2ccccc2)Oc2cc(O)cc(O)c21,1
O=c1c(O)c(-c2ccc(O)c(O)c2)oc2cc(O)cc(O)c12,1
CC(C)=CCc1cc(C(=O)CCc2ccccc2)c(O)c(CC=C(C)C)c1O,1
CC(C)=CCc1c(O)ccc(C(=O)/C=C/c2ccccc2)c1O,1
Cc1c(C)c2c(c(C)c1O)CC[C@@](C)(CCC[C@H](C)CCC[C@H](C)CCCC(C)C)O2,1
CC(C)=CCC/C(C)=C/C=C/C(C)=C/C=C/C(C)=C/C=C/C=C(C)/C=C/C=C(C)/C=C/C=C(\C)CCC=C(C)C,1
CC1=C(/C=C/C(C)=C/C=C/C(C)=C/C=C/C=C(C)/C=C/C=C(C)/C=C/C2=C(C)CCCC2(C)C)C(C)(C)CCC1,1
CC(C)=CCC/C(C)=C/CC/C(C)=C/CC/C(C)=C/C=C/C=C(\C)CC/C=C(\C)CC/C=C(\C)CCC=C(C)C,1
CC(C)=CCC/C(C)=C/CC/C(C)=C/C=C/C(C)=C/C=C/C=C(\C)CC/C=C(\C)CC/C=C(\C)CCC=C(C)C,1
O=c1cc(-c2ccc(O)cc2)oc2c(C3OC(CO)C(O)C(O)C3O)c(O)c(C3OC(CO)C(O)C(O)C3O)c(O)c12,1
CC[C@@H]1CN2CCc3c([nH]c4cccc(OC)c34)[C@@H]2C[C@@H]1/C(=C\OC)C(=O)OC,1
COC(=O)C1=CO[C@@H](C)[C@H]2CN3CC[C@]4(C(=O)Nc5ccccc54)[C@@H]3C[C@H]12,1
COC(=S)NCc1ccc(O[C@@H]2O[C@@H](C)[C@H](OC(C)=O)[C@@H](O)[C@H]2O)cc1,1
CCOC(=O)NCc1ccc(OC2OC(C)C(OC(C)=O)C(O)C2O)cc1,1
CCOC(=S)C=NCc1ccc(O[C@@H]2O[C@@H](C)[C@H](OC(C)=O)[C@@H](O)[C@H]2O)cc1,1
CC1OCc2c(ccc(O)c2O)C1=O,1
CC(C)[C@@H]1CC[C@]2(C)CCCC(=O)[C@]2(C)C1,1
CC1CCC=C2CCC3C(C3(C)C)C21C,1
C=C1CC[C@@H](C(C)C)C[C@@]12CCC[C@]2(C)O,1
C[C@@H]1CCCC2=CC(=O)[C@@H]3[C@@H](C3(C)C)[C@]21C,1
C=C(C)[C@@H]1CCC2=CCC[C@@H](C)[C@]2(C)C1,1
C[C@H]1CC[C@@]2(O)C(C)(C)[C@@H]3CC[C@@]2(C)[C@H]1C3,1
CC1=CCC2CC1C2(C)C,1
CC1=C2C3C(CCC2(C)CCC1)C3(C)C,1
O=C(/C=C/c1ccc(O)c(O)c1)Oc1ccc2c(c1)C(=O)OCC2,1
CC(C)=CCC[C@](C)(O[C@@H]1O[C@H](CO)[C@@H](O)[C@H](O)[C@H]1O)[C@H]1CC[C@]2(C)[C@@H]1[C@H](O)C[C@@H]1[C@@]3(C)CC[C@H](O)C(C)(C)[C@@H]3[C@@H](O[C@@H]3O[C@H](CO)[C@@H](O)[C@H](O)[C@H]3O)C[C@]12C,1
CC(C)=CCC[C@](C)(O[C@@H]1O[C@H](CO[C@@H]2O[C@H](CO)[C@@H](O)[C@H](O)[C@H]2O)[C@@H](O)[C@H](O)[C@H]1O)[C@H]1CC[C@]2(C)[C@@H]1[C@H](O)C[C@@H]1[C@@]3(C)CC[C@H](O[C@@H]4O[C@H](CO)[C@@H](O)[C@H](O)[C@H]4O[C@@H]4O[C@H](CO)[C@@H](O)[C@H](O)[C@H]4O)C(C)(C)[C@@H]3CC[C@]12C,1
COc1cc(OC)c(OC)cc1CC1=c2c(OC)c(OC)cc(OC)c2=CC1,1
COc1ccc([C@H]2CC[C@H]2c2ccc(OC)c(OC)c2OC)c(OC)c1OC,1
NCCCC(=O)O,1
CC(C)=CCC/C(C)=C/CC/C(C)=C/CC/C=C(\C)CC/C=C(\C)CCC=C(C)C,1
CCCCCCCCCCCC(=O)O,1
CCCCCCCCCC(=O)[O-],1
CCCCCCCCCCCCCCCCCC(=O)[O-],1
C/C(=C\CO)CCC[C@H](C)CCC[C@H](C)CCCC(C)C,1
O[C@@H]1CO[C@H]2[C@@H]1OC[C@@H]2O,1
O=C(/C=C/C=C/c1ccc2c(c1)OCO2)N1CCCCC1,1
N#C[C@H](O[C@@H]1O[C@H](CO[C@@H]2O[C@H](CO)[C@@H](O)[C@H](O)[C@H]2O)[C@@H](O)[C@H](O)[C@H]1O)c1ccccc1,1
N#C[C@H](O[C@@H]1O[C@H](CO)[C@@H](O)[C@H](O)[C@H]1O)c1ccccc1,1
O=c1c(O)c(-c2ccc(O)cc2)oc2cc(O)cc(O)c12,1
O=C(O)/C=C/c1ccc(O)cc1,1
C[C@@H]1O[C@@H](Oc2c(-c3ccc(O)c(O)c3)oc3cc(O)cc(O)c3c2=O)[C@H](O)[C@H](O)[C@H]1O,1
O=C(O)C1(O)C[C@@H](O)C(O)[C@H](O)C1,1
O=C(/C=C/c1ccc(O)c2c1[C@H](C(=O)O[C@H](Cc1ccc(O)c(O)c1)C(=O)[O-])[C@@H](c1ccc(O)c(O)c1)O2)O[C@H](Cc1ccc(O)c(O)c1)C(=O)[O-].[Mg+2],1
CC(=O)O[C@H]1C[C@]2(C)[C@@H]3C(=CC(=O)[C@@H]2C[C@H]1OC(C)=O)[C@]1(O)CC[C@H]([C@@](C)(O)[C@@H](CCC(C)C)OC(C)=O)[C@@]1(C)C[C@H]3OC(C)=O,1
COc1cc2ccc(=O)oc2cc1O,1
COc1cc([C@H]2Oc3c(OC)cc4ccc(=O)oc4c3O[C@@H]2CO)ccc1O,1
COc1cc([C@H]2Oc3c(OC)cc4ccc(=O)oc4c3O[C@@H]2CO)cc(OC)c1O,1
COc1ccc(-c2oc3cc(OC)c(OC)c(O)c3c(=O)c2OC)cc1OC,1
C=C(C)C(O)CC/C(C)=C/Cc1c(O)ccc(C(=O)/C=C/c2ccc(O)cc2)c1O,1
COc1ccc(C(=O)/C=C/c2ccc(O)cc2)c(O)c1CC=C(C)C,1
O=c1cc(-c2ccccc2)oc2cc(O)cc(O)c12,1
COc1ccc([C@@H]2CC(=O)c3c(O)cc(O)cc3O2)cc1O,1
C[C@@H]1O[C@@H](O[C@@H]2[C@@H](O)[C@H](OCCc3ccc(O)c(O)c3)O[C@H](CO[C@@H]3O[C@H](CO)[C@@H](O)[C@H](O)[C@H]3O)[C@H]2O)[C@H](O)[C@H](O)[C@H]1O,1
C[C@@H]1O[C@@H](CO[C@@H]2[C@@H](O)[C@H](O)O[C@H](CO[C@@H]3O[C@H](CO)[C@@H](O)[C@H](O)[C@H]3O)[C@H]2OC(=O)/C=C/c2ccc(O)c(O)c2)[C@H](O)[C@H](O)[C@H]1O,1
C[C@@H]1O[C@@H](O[C@@H]2[C@@H](O)[C@H](OCCc3ccc(O)c(O)c3)O[C@H](CO[C@@H]3O[C@H](CO)[C@@H](O)[C@H](O)[C@H]3O)[C@H]2OC(=O)/C=C/c2ccc(O)c(O)c2)[C@H](O)[C@H](O)[C@H]1O,1
C[C@@H]1O[C@@H](O[C@@H]([C@H](OC(=O)/C=C/c2ccc(O)c(O)c2)[C@H](O)CO)[C@@H](O)C=O)[C@H](O)[C@H](O)[C@H]1O,1
O=C(/C=C/c1ccc(O)c(O)c1)O[C@@H]1C[C@](O)(C(=O)O)C[C@@H](O)[C@H]1O,1
C[C@@H]1O[C@@H](O[C@H]2C(=O)c3c(O)cc(O)cc3O[C@@H]2c2ccc(O)c(O)c2)[C@H](O)[C@H](O)[C@H]1O,1
O=C(O[C@@H]1O[C@@H]2COC(=O)c3cc(O)c(O)c(O)c3-c3c(cc(O)c(O)c3O)C(=O)O[C@H]([C@H]1O)[C@@H]2O)c1cc(O)c(O)c(O)c1,1
COc1cc(O)c2c(=O)c3c(OC)c(O)ccc3oc2c1,1
COc1cc(O)c2c(=O)c3c(O)c(O)ccc3oc2c1,1
O=C1OC[C@@H](O)[C@H]([C@@H]2OC(=O)c3cc(O)c(O)c(O)c3-c3c(O)c(O)c(O)c4c3C(=O)O[C@H]2[C@@H]4O)OC(=O)c2cc(O)c(O)c(O)c2-c2c1cc(O)c(O)c2O,1
Oc1cc(O)c2c(c1)OC(c1ccc(O)c(O)c1)C(OC1(c3ccc(O)c(O)c3)Oc3cc(O)cc(O)c3C(O)C1O)C2,1
Cc1nc(C)c(C)nc1C,1
COc1cc(/C=C/C(=O)O[C@H]2[C@H](O[C@@H]3O[C@@H](C)[C@H](O)[C@@H](O)[C@H]3O)[C@@H](O)[C@H](OCCc3ccc(O)c(O)c3)O[C@@H]2CO)ccc1O,1
COc1ccc(CCO[C@@H]2O[C@H](CO)[C@@H](OC(=O)/C=C/c3ccc(O)c(OC)c3)[C@H](O[C@@H]3O[C@@H](C)[C@H](O)[C@@H](O)[C@H]3O)[C@H]2O)cc1O,1
COc1cc2c(cc1OC)-c1c3c(cc4c1[C@H](C2)N(C)CC4)OCO3,1
COC(=O)C1CC(=O)c2oc(=O)c3cc(O)c(O)c(O)c3c21,1
O=C(/C=C/c1ccc(O)c2c1[C@H](C(=O)O)[C@@H](c1ccc(O)c(O)c1)O2)O[C@H](Cc1ccc(O)c(O)c1)C(=O)O,1
O=c1cc(-c2ccc(O)c(-c3c(O)cc(O)c4c(=O)cc(-c5ccc(O)cc5)oc34)c2)oc2cc(O)cc(O)c12,1
CCCCC[C@H](O)CC(=O)CCc1ccc(O)c(OC)c1,1
CCCCC/C=C/C(=O)CCc1ccc(O)c(OC)c1,1
COc1cc(CCC(C)=O)ccc1O,1
CCCCCCCC(=O)CCc1ccc(O)c(OC)c1,1
c1ccc2c(c1)C[C@H]1NCCc3cc4c(c-2c31)OCO4,1
CN1CCc2cc3c(c4c2[C@H]1Cc1cccc(O)c1-4)OCO3,1
COc1cc2c(cc1OC)-c1c3c(c(OC)c4c1[C@H](C2)N(C)CC4)OCO3,1
COc1cc2c(cc1OC)C1Cc3ccc(OC)c(OC)c3CN1CC2,1
O=c1c2ccccc2nc2n1CCc1c-2[nH]c2ccccc12,1
COc1cc2c(cc1O)CC1c3c(cc4c(c3-2)OCO4)CCN1C,1
COc1cc2c3c(c1O)-c1cc4c(cc1C[C@@H]3N(C)CC2)OCO4,1
COc1cc2c3c(c1OC)-c1cc4c(cc1C[C@@H]3N(C)CC2)OCO4,1
COc1cc2c3c(c1OC)Oc1ccc(cc1)C[C@@H]1c4c(cc(OC)c(OC)c4Oc4ccc(cc4)C[C@H]3N(C)CC2)CCN1C,1
CC[C@H]1CN2CCc3c([nH]c4ccccc34)[C@H]2C[C@@H]1/C(=C\OC)C(=O)OC,1
CC[C@H]1CN2CC[C@]3(C(=O)Nc4ccccc43)[C@@H]2C[C@@H]1/C(=C\OC)C(=O)OC,1
COc1cc(C(=O)OCCCCN=C(N)N)cc(OC)c1O,1
COc1ccc([C@@H]2[C@@H](C(=O)NCCCCNC(N)=NCC=C(C)C)[C@@H](C(=O)NCCCCNC(N)=NCC=C(C)C)[C@@H]2c2ccc(OC)c(OC)c2)cc1OC,1
CC(C)=CCC/C(C)=C/COc1ccc2ccc(=O)oc2c1,1
C=C1CC[C@@H]2[C@](C)(CO)[C@H](O)CC[C@@]2(C)[C@@H]1/C=C/C1=CCOC1=O,1
C=C[C@@]1(C)CC(=O)[C@]2(O)[C@@]3(C)[C@@H](O)CCC(C)(C)[C@@H]3[C@H](O)[C@H](OC(C)=O)[C@@]2(C)O1,1
CC1=CC(=O)C[C@H]2[C@H]1CC[C@@H](C)[C@]21C[C@H](c2ccoc2)OC1=O,1
C[C@@H]1C[C@@H](O)[C@H]2[C@@](C)(CO)CCC[C@]2(C)[C@@]1(O)CCc1ccoc1,1
CC(C)=C1CC[C@]2(C)O[C@@H]2C1=O,1
C=C1CCC2C(C)(C)CCCC2(C)C1CCC(C)CC(=O)O,1
C=CCc1ccc(O)c(OC)c1,1
C/C=C(/C)C(=O)O[C@@H]1CCC2=CC(=O)C(=C(C)C)C[C@]2(C)[C@H]1C,1
CC1=CCC[C@@H]2[C@@](C)(CC/C(C)=C/C(=O)O)[C@H](C)CC[C@@]12C,1
C=C1C[C@@]23CC[C@H]4[C@@](C)(CCC[C@@]4(C)C(=O)O[C@@H]4O[C@H](CO)[C@@H](O)[C@H](O)[C@H]4O)[C@@H]2CC[C@]1(O[C@@H]1O[C@H](CO)[C@@H](O)[C@H](O)[C@H]1O[C@@H]1O[C@H](CO)[C@@H](O)[C@H](O)[C@H]1O)C3,1
C=C[C@]1(C)C=C2C(=O)C[C@H]3[C@@](C)(CCC[C@@]3(C)C(=O)O)[C@@H]2CC1,1
CO[C@]1(C)CC23CCC4[C@@](C)(CCC[C@@]4(C)C(=O)O)C2C=CC1C3,1
C[C@@H]1CC[C@@]2(OC1)O[C@H]1C[C@H]3[C@@H]4CC=C5C[C@@H](O)[C@H](O)C[C@]5(C)[C@H]4CC[C@]3(C)[C@H]1[C@@H]2C,1
C[C@@H]1CC[C@@]2(OC1)O[C@H]1C[C@H]3[C@@H]4CC[C@@]5(O)C[C@@H](O)[C@H](O)C[C@]5(C)[C@H]4CC[C@]3(C)[C@H]1[C@@H]2C,1
CCCCC(CC)COC(=O)c1ccccc1C(=O)[O-],1
O=C(O)c1ccccc1C(=O)O,1
C=CCSS(=O)CC=C,1
O=C(O)c1cccnc1,1
Cc1ncc(C[n+]2csc(CCO)c2C)c(N)n1,1
Cc1cc2nc3c(=O)[nH]c(=O)nc-3n(C[C@H](O)[C@H](O)[C@H](O)CO)c2cc1C,1
O=C1O[C@H]([C@@H](O)CO)C(O)=C1O,1
OC[C@H]1O[C@@H](OCCc2ccc(O)cc2)[C@H](O)[C@@H](O)[C@@H]1O,1
OC[C@H]1O[C@@H](OCc2ccccc2)[C@H](O)[C@@H](O)[C@@H]1O,1
CCCCCCCCCCCCCCCCCCCCCC(=O)O,1
O=C(O)C1=N[C@H](C(=O)O)CC(/C=C/N2c3cc(O)c(O)cc3C[C@H]2C(=O)O)=C1,1
O=C(O)C1=N[C@@H](C(=O)O)CC(/C=C/N2c3cc(O)c(O[C@@H]4O[C@H](CO)[C@@H](O)[C@H](O)[C@H]4O)cc3C[C@H]2C(=O)O)=C1,1
CC1=CC(=O)C(C(C)C)=CC1=O,1
C/C=C1/[C@H](O[C@@H]2O[C@H](CO)[C@@H](O)[C@H](O)[C@H]2O)OC=C(C(=O)OC)[C@H]1CC(=O)OCCc1ccc(O)c(O)c1,1
O=c1ccc2cc(O[C@@H]3O[C@H](CO)[C@@H](O)[C@H](O)[C@H]3O)c(O)cc2o1,1
COc1cc2ccc(=O)oc2cc1O[C@@H]1O[C@H](CO)[C@@H](O)[C@H](O)[C@H]1O,1
CC1(C)CC[C@]2(C(=O)O)CC[C@]3(C)C(=CC[C@@H]4[C@@]5(C)CC[C@H](O)C(C)(C)[C@@H]5CC[C@]43C)[C@@H]2C1,1
O=C(/C=C/c1ccc(O)c(O)c1)O[C@H](Cc1ccc(O)c(O)c1)C(=O)O,1
O=C(O)[C@H]1O[C@@H](Oc2cc3oc(-c4ccccc4)cc(=O)c3c(O)c2O)[C@H](O)[C@@H](O)[C@@H]1O,1
O=C(/C=C/c1ccc(O)c(O)c1)O[C@@H]1CC(O)(C(=O)O)C[C@@H](OC(=O)/C=C/c2ccc(O)c(O)c2)C1O,1
O=C(/C=C/c1ccc(O)c(O)c1)O[C@H]1[C@H](O)C[C@](O)(C(=O)O)C[C@H]1OC(=O)/C=C/c1ccc(O)c(O)c1,1
O=c1cc(-c2ccc(O)cc2)oc2c([C@@H]3O[C@H](CO)[C@@H](O)[C@H](O)[C@H]3O)c(O)c([C@@H]3O[C@H](CO)[C@@H](O)[C@H](O)[C@H]3O)c(O)c12,1
COc1ccc2cc3[n+](cc2c1OC)CCc1cc2c(cc1-3)OCO2,1
CCCCCCCC(O)CC(=O)CCc1ccc(O)c(OC)c1,1
Oc1cc(O)c2c(c1)O[C@H](c1ccc(O)c(O)c1)[C@H](O)[C@H]2c1c(O)cc2c(c1O)C[C@@H](O)[C@@H](c1ccc(O)c(O)c1)O2,1
Oc1cc(O)c2c(c1)O[C@H](c1ccc(O)c(O)c1)[C@@H](O)[C@@H]2c1c(O)cc(O)c2c1O[C@H](c1ccc(O)c(O)c1)[C@@H](O)C2,1
Oc1cc(O)c2c(c1)O[C@H](c1ccc(O)c(O)c1)[C@@H](O)C2,1
Oc1cc(O)c2c(c1)O[C@H](c1ccc(O)c(O)c1)[C@H](O)[C@H]2c1c(O)cc(O)c2c1O[C@H](c1ccc(O)c(O)c1)[C@H](O)[C@H]2c1c(O)cc(O)c2c1O[C@H](c1ccc(O)c(O)c1)[C@H](O)C2,1
O=c1cc(-c2ccc(O)c(O)c2)oc2cc(O)c([C@@H]3O[C@H](CO)[C@@H](O)[C@H](O)[C@H]3O)c(O)c12,1
O=c1cc(-c2ccc(O)cc2)oc2cc(O)c([C@@H]3O[C@H](CO)[C@@H](O)[C@H](O)[C@H]3O)c(O)c12,1
O=c1c(O)c(-c2ccc(O)c(O)c2)oc2cc(O[C@@H]3O[C@H](CO)[C@@H](O)[C@H](O)[C@H]3O)c(O)c(O)c12,1
O=C1C[C@@H](c2ccc(O)c(O)c2)Oc2c1ccc(O[C@@H]1O[C@H](CO)[C@@H](O)[C@H](O)[C@H]1O)c2O,1
O=C(/C=C/c1ccc(O)c(O)c1)c1ccc(O[C@@H]2O[C@H](CO)[C@@H](O)[C@H](O)[C@H]2O)c(O)c1O,1
O=C(O)c1ccccc1O,1
O=C1c2c(O)cc(O)cc2O[C@H](c2ccc(O)cc2)C1O,1
O=C1c2c(O)cc(O)cc2O[C@H](c2ccc(O)c(O)c2)[C@H]1O,1
COc1cc(-c2oc3cc(O)cc(O)c3c(=O)c2O)ccc1O,1
O=C(/C=C/c1ccc(O)c(O)c1)O[C@@H]1C[C@@](OC(=O)/C=C/c2ccc(O)c(O)c2)(C(=O)O)C[C@@H](O)[C@@H]1O,1
COc1c(O)c(-c2c(O)c(OC)c(OC)c3c2cc(OC)c2cc(O)ccc23)c2cc(OC)c3cc(O)ccc3c2c1OC,1
COc1cc(C[C@@H](CO[C@@H]2O[C@H](CO)[C@@H](O)[C@H](O)[C@H]2O)[C@H](CO[C@@H]2O[C@H](CO)[C@@H](O)[C@H](O)[C@H]2O)Cc2ccc(O)c(OC)c2)ccc1O,1
CO[C@H]1OC(OC(=O)c2cc(O)c(O)c(O)c2)[C@H](O)[C@@H](O)[C@@H]1O,1
O=C(O)C1=C[C@@H](OC(=O)c2cc(O)c(O)c(O)c2)[C@@H](O)[C@H](OC(=O)c2cc(O)c(O)c(O)c2)C1,1
COC(=O)c1cc(O)c(O)c(O)c1,1
O=C(Oc1c(O)cc(C(=O)O[C@@H]2C[C@@](O)(C(=O)O)C[C@@H](OC(=O)c3cc(O)c(O)c(O)c3)[C@@H]2OC(=O)c2cc(O)c(O)c(O)c2)cc1O)c1cc(O)c(O)c(O)c1,1
O=C(O)c1cc(O)c(O)c(OC(=O)c2cc(O)c(O)c(O)c2)c1,1
O=C(C(=O)[C@@](O)(C(=O)c1cc(O)c(O)c(O)c1)[C@](O)(C(=O)c1cc(O)c(O)c(O)c1)[C@H](O)[C@H](O)CO)c1cc(O)c(O)c(O)c1,1
O=C(O)C1(O)C[C@@H](O)C(O)(C(=O)c2cc(O)c(O)c(O)c2)[C@@](O)(C(=O)c2cc(O)c(O)c(O)c2)C1(C(=O)c1cc(O)c(O)c(O)c1)C(=O)c1cc(O)c(O)c(O)c1,1
COc1cc(O)c2c(=O)cc(-c3ccc(OC)c(OC)c3)oc2c1,1
O=c1cc(-c2ccc(O)cc2)oc2cccc(OC[C@@H]3O[C@H](CO)[C@@H](O)[C@H](O)[C@H]3O)c12,1
O=C(O)/C=C/c1ccccc1,1
COc1cc2ccc(=O)oc2c(OC)c1OC,1
COc1cc2ccc(=O)oc2cc1OC,1
C=C1CC[C@@H]2[C@H]([C@H]3[C@H]1CC[C@]3(C)O)C2(C)C,1
O=C(O[C@H]1Cc2c(O)cc(O)cc2O[C@H]1c1ccc(O)c(O)c1)c1cc(O)c(O)c(O)c1,1
O=C(O[C@@H]1Cc2c(O)cc(O)cc2O[C@@H]1c1cc(O)c(O)c(O)c1)c1cc(O)c(O)c(O)c1,1
CCCCCCC(=O)c1cc(O)c(O)c(O)c1,1
C=C1CC[C@@H]2[C@](C)(CO)[C@H](O)CC[C@@]2(C)[C@@H]1CCC1=CCOC1=O,1
CC1=C(C=O)C(C)(C)C[C@H](O[C@@H]2O[C@H](CO)[C@@H](O)[C@H](O)[C@H]2O)C1,1
CC(C)=CCC/C(C)=C/C=O,1
CC(C)=CCCC(C)CC=O,1
Cc1ccc(C(C)C)c(O)c1,1
Cc1cc(O)c(C(C)C)cc1O,1
CC(C)C1=CC(=O)C2(C)C(C1=O)C1(C)C(=O)C=C(C(C)C)C(=O)C21,1
CC(C)=CCC[C@](C)(O)[C@H]1CC[C@]2(C)[C@@H]1[C@H](O)C[C@@H]1[C@@]3(C)CC[C@H](O[C@@H]4O[C@H](CO)[C@@H](O)[C@H](O)[C@H]4O[C@@H]4O[C@H](CO)[C@@H](O)[C@H](O)[C@H]4O)C(C)(C)[C@@H]3CC[C@]12C,1
CC(C)=CCC[C@](C)(O[C@@H]1O[C@H](CO)[C@@H](O)[C@H](O)[C@H]1O)[C@H]1CC[C@]2(C)[C@@H]1[C@H](O)C[C@@H]1[C@@]3(C)CC[C@H](O)C(C)(C)[C@@H]3[C@@H](O[C@@H]3O[C@H](CO)[C@@H](O)[C@H](O)[C@H]3O[C@@H]3O[C@@H](C)[C@H](O)[C@@H](O)[C@H]3O)C[C@]12C,1
Cc1coc2c1C(=O)C(=O)c1c-2ccc2c(C)cccc12,1
Cc1coc2c1C(=O)C(=O)c1c-2ccc2c1CCCC2(C)C,1
O=C(/C=C/c1ccc(O)c(O)c1/C=C/c1ccc(O)c(O)c1)O[C@H](Cc1ccc(O)c(O)c1)C(=O)O,1
CCCCC[C@H](O)C[C@H](O)CCc1ccc(O)c(OC)c1,1
CCCCCC(=O)CC(=O)CCc1ccc(O)c(OC)c1,1
COc1cc(CNC(=O)CCCC/C=C/C(C)C)ccc1O,1
COc1cc(/C=C/C(=O)CC(=O)/C=C/c2ccc(O)c(OC)c2)ccc1O,1
CCCCC/C=C/C(=O)CCc1ccc(O[Si](C)(C)C)c(OC)c1,1
C[C@@H]1CC[C@@]2(OC1)O[C@H]1C[C@H]3[C@@H]4CC[C@H]5C[C@@H](O)CC[C@]5(C)[C@H]4CC[C@]3(C)[C@H]1[C@@H]2C,1
C[C@H]1CC[C@@]2(OC1)O[C@H]1C[C@H]3[C@@H]4CC[C@H]5C[C@@H](O)CC[C@]5(C)[C@H]4CC[C@]3(C)[C@H]1[C@@H]2C,1
C[C@@H]1CC[C@@]2(OC1)O[C@H]1C[C@H]3[C@@H]4CC[C@H]5C[C@@H](O)CC[C@]5(C)[C@H]4CC(=O)[C@]3(C)[C@H]1[C@@H]2C,1
C[C@H]1CC[C@@]2(OC1)O[C@@]1(C)C[C@H]3[C@@H]4CC[C@H]5C[C@@H](O)CC[C@]5(C)[C@H]4CC(=O)[C@]3(C)[C@H]1[C@@H]2C,1
C[C@@H]1CC[C@@]2(OC1)O[C@H]1C[C@H]3[C@@H]4CC[C@H]5C[C@@H](O)[C@H](O)C[C@]5(C)[C@H]4CC[C@]3(C)[C@H]1[C@@H]2C,1
C[C@@H]1CC[C@@]2(OC1)O[C@H]1C[C@H]3[C@@H]4CC=C5C[C@@H](O)CC[C@]5(C)[C@H]4CC[C@]3(C)[C@H]1[C@@H]2C,1
COC(=O)C1=CO[C@@H](C)[C@H]2CN3CCc4c([nH]c5ccccc45)[C@@H]3C[C@H]12,1
COC(=O)[C@H]1[C@H]2C[C@@H]3c4[nH]c5cc(OC)ccc5c4CCN3C[C@H]2C[C@@H](OC(=O)c2cc(OC)c(OC)c(OC)c2)[C@@H]1OC,1
COC1=CC=C2[C@H]3Cc4ccc(OC)c5c4[C@@]2(CCN3C)[C@H]1O5,1
COC(=O)[C@@H]1[C@H]2C[C@H]3c4[nH]c5ccccc5c4CCN3C[C@@H]2CC[C@@H]1O,1
COc1ccc(Cc2nccc3cc(OC)c(OC)cc23)cc1OC,1
COc1ccc(C2CC(=O)c3c(OC)cc(OC)cc3O2)c(OC)c1,1
COc1c(O)cc(C2Oc3c(c(O)cc(O)c3C3c4c(O)cc(O)cc4CC(c4ccc(O)cc4)C3O)CC2O)cc1O,1
O=c1oc2c(O)c(O)cc3c(=O)oc4c(O)c(O)cc1c4c23,1
O=C(O)c1cc(O)c(O)c(O)c1,1
CC1(C)CC[C@]2(C(=O)O)CC[C@]3(C)C(=CC[C@@H]4[C@@]5(C)C[C@@H](O)[C@H](O)C(C)(C)[C@@H]5CC[C@]43C)[C@@H]2[C@@H]1O,1
COc1ccc(-c2cc(=O)c3c(OC)c(OC)c(OC)cc3o2)cc1OC,1
COc1ccc(-c2cc(=O)c3c(OC)c(OC)c(OC)cc3o2)cc1,1
COc1ccc(-c2cc(=O)c3c(O)c(OC)c(OC)cc3o2)cc1O,1
COc1ccc(-c2cc(=O)c3c(O)c(OC)c(OC)cc3o2)cc1OC,1
C=C[C@@]1(C)C[C@@H](OC(=O)c2ccccc2)[C@H]2[C@](O)(C1=O)[C@H](OC(C)=O)C[C@H]1C(C)(C)[C@H](O)[C@H](OC(C)=O)[C@H](OC(=O)c3ccccc3)[C@@]12C,1
C=C[C@@]1(C)C[C@@H](OC(=O)c2ccccc2)[C@H]2[C@](O)(C1=O)[C@H](OC(C)=O)C[C@H]1C(C)(C)[C@H](OC(C)=O)[C@H](O)[C@H](OC(=O)c3ccccc3)[C@@]12C,1
C=C[C@@]1(C)CC(=O)[C@H]2[C@](O)(C1=O)[C@H](OC(C)=O)C[C@H]1C(C)(C)[C@H](OC(=O)c3ccccc3)[C@H](OC(C)=O)[C@H](OC(=O)c3ccccc3)[C@@]12C,1
C=C[C@@]1(C)C[C@@H](OC(=O)c2ccccc2)[C@H]2[C@](O)(C1=O)[C@H](OC(C)=O)C[C@H]1C(C)(C)C(=O)[C@H](OC(C)=O)[C@H](OC(=O)c3ccccc3)[C@@]12C,1
C=C[C@H]1[C@@H](OC(=O)c2ccccc2)[C@H]2[C@](O)(C(=O)[C@@]1(C)O)[C@H](OC(C)=O)C[C@H]1C(C)(C)[C@H](O)[C@H](OC(C)=O)[C@H](OC(=O)c3ccccc3)[C@@]12C,1
COc1cc(O)c2c(=O)c(OC)c(-c3ccc(OC)c(OC)c3)oc2c1,1
C=C1CC23CCC4[C@@](C)(CCC[C@@]4(C)C(=O)O)C2[C@@H](OC(C)=O)CC1C3,1
C=C1[C@@H]2CCC3[C@]4(C)CCC[C@@](C)(C(=O)O)C4CC[C@]3(C2)[C@@H]1OC(C)=O,1
C=C1C[C@@]23CC[C@H]4[C@@](C)(CCC[C@@]4(C)C(=O)O)[C@@H]2CC[C@@H]1C3,1
C=C1CC2(CCC3[C@@]4(C)CCC[C@]3(C)OC4=O)CC1CCC2=O,1
C=C1C(=O)C23CCC4[C@@](C)(CCC[C@@]4(C)C(=O)O)C2CCC1C3,1
COc1cc2c(cc1O)C[C@@H]1NCCc3cc(OC)c(OC)c-2c31,1
CN1C2=C3N=c4ccccc4=C3CCN2C(=O)c2ccccc21,1
CC[C@H]1CN2CCc3c([nH]c4ccccc34)[C@@H]2C[C@@H]1/C(=C\OC)C(=O)OC,1
CC[C@H]1CN2CC[C@@]3(C(=O)Nc4ccccc43)[C@@H]2C[C@@H]1/C(=C\OC)C(=O)OC,1
COc1ccc(C[C@@H]2c3cc(Oc4cc(C[C@@H]5c6cc(O)c(OC)cc6CCN5C)ccc4O)c(OC)cc3CCN2C)cc1,1
CN1[C@@H](CC(=O)c2ccccc2)CCC[C@H]1C[C@H](O)c1ccccc1,1
CC1=C2C[C@H]3[C@@H](C[C@@H](O)[C@H]4C[C@@H](O)CC[C@@]43C)[C@@H]2CC[C@@H]1[C@@H](C)[C@@H]1[C@H](O)C[C@@H](C)CN1C,1
CC1=C2C[C@H]3[C@@H](CC(=O)[C@H]4C[C@@H](O)CC[C@@]43C)[C@@H]2CC[C@@H]1[C@@H](C)[C@@H]1[C@H](O)C[C@@H](C)CN1C,1
C=C/C(C)=C/C[C@@H]1C(=C)CCC2[C@@](C)(C(=O)O)CCC[C@]21C,1
CC(C)[C@]12O[C@H]1[C@@H]1O[C@]13[C@]1(O[C@H]1C[C@H]1C4=C(CC[C@@]13C)C(=O)OC4)[C@@H]2O,1
C/C=C(/C)C(=O)O[C@H]1[C@@H](OC(C)=O)c2c(ccc3ccc(=O)oc23)OC1(C)C,1
C/C=C(/C)C(=O)O[C@H](COc1c2ccoc2cc2oc(=O)ccc12)C(C)(C)O,1
O=c1cc(-c2ccc(O)c(O)c2)oc2c([C@@H]3O[C@H](CO)[C@@H](O)[C@H](O)[C@H]3O)c(O)cc(O)c12,1
COc1cc(O)cc(O)c1C(=O)/C=C/c1ccccc1,1
COc1cc(O)cc2c1C(=O)C[C@@H](c1ccccc1)O2,1
CC1(C)C=Cc2c(ccc3c2O[C@@H](O)[C@@H]2c4ccc(O)cc4O[C@H]32)O1,1
O=C(/C=C/c1ccc(O)c2c1C(C(=O)OC(Cc1ccc(O)c(O)c1)C(=O)[O-])C(c1ccc(O)c(O)c1)O2)OC(Cc1ccc(O)c(O)c1)C(=O)[O-].[Mg+2],1
C=CCCC[C@@H](C)C1CCC2C3CCC4C[C@H](OS(=O)(=O)O)[C@@H](OS(=O)(=O)O)C[C@]4(C)C3CC[C@@]21C,1
CC1(C)C=C2C3CC[C@@H]4[C@@]5(C)CCC(=O)C(C)(C)[C@@H]5CC[C@@]4(C)[C@]3(C)CC[C@@]2(C(=O)O)CC1,1
C=C(C)[C@@H]1CC[C@]2(C)CC[C@]3(C)[C@H](CC[C@@H]4[C@@]5(C)CC[C@H](OC(C)=O)C(C)(C)[C@@H]5CC[C@]43C)[C@@H]12,1
C[C@@H]1O[C@@H](O[C@H]2C(=O)c3c(O)cc(O)cc3O[C@H]2c2ccc(O)c(O)c2)[C@H](O)[C@H](O)[C@H]1O,1
C/C(=C\CNc1ncnc2nc[nH]c12)CO,1
CC1(C)C=Cc2c(ccc3ccc(=O)oc23)O1,1
c1cc2c(cc1[C@H]1OC[C@H]3[C@@H]1CO[C@@H]3c1ccc3c(c1)OCO3)OCO2,1
CC(C)[C@H](C)CC[C@@H](C)[C@H]1CC[C@H]2[C@@H]3CC=C4C[C@@H](O)CC[C@]4(C)[C@H]3CC[C@]12C,1
Cc1cc(O)c2c(c1)C(=O)c1cc(O)cc(O)c1C2=O,1
NC(=O)[S-],1
COc1c(O)ccc2c1-c1c3c(cc4c1[C@H](C2)NCC4)OCO3,1
c1cc2c(c3c1CC1NCCc4cc5c(c-3c41)OCO5)OCO2,1
COC(=O)N1c2c(OC)cccc2[C@@]23CCN4CC=C[C@]5(CC[C@]12[C@](O)(C(=O)OC)[C@@H]5O)[C@H]43,1
COc1c2ccccc2nc2occc12,1
C=C(C)C(Cc1c(OC)ccc(C(=O)/C=C/c2ccc(O)cc2)c1O)OO,1
COc1ccc(C(=O)/C=C/c2ccc(O)cc2)c(O)c1C/C=C(\C)CCC=C(C)C,1
OCC1OC(Oc2cc3c(O)cc(O)cc3[o+]c2-c2cc(O)c(O)c(O)c2)C(OC2OCC(O)C(O)C2O)C(O)C1O,0
OC[C@H]1O[C@@H](Oc2cc3c(O)cc(O)cc3[o+]c2-c2ccc(O)c(O)c2)[C@H](O[C@@H]2OC[C@@H](O)[C@H](O)[C@H]2O)[C@@H](O)[C@@H]1O.[Cl-],0
OCC1OC(Oc2cc3c(O)cc(O)cc3[o+]c2-c2ccc(O)c(O)c2)C(O)C(O)C1O.[Cl-],0
O=c1cc(-c2ccc(O)c(O)c2)oc2cc(O[C@@H]3O[C@H](CO)[C@@H](O)[C@H](O)[C@H]3O)cc(O)c12,0
O=C(O)[C@H]1O[C@@H](Oc2c(-c3ccc(O)c(O)c3)oc3cc(O)cc(O)c3c2=O)[C@H](O)[C@@H](O)[C@@H]1O,0
O=C(O[C@@H]1O[C@@H](Oc2c(-c3ccc(O)c(O)c3)oc3cc(O)cc(O)c3c2=O)[C@@H](O)[C@H](O)[C@@H]1O)c1cc(O)c(O)c(O)c1,0
C[C@@H]1O[C@@H](Oc2c(-c3ccc(O)c(O)c3)oc3cc(O)cc(O)c3c2=O)[C@H](O[C@@H]2O[C@H](COC(=O)/C=C/c3ccc(O)c(O)c3)[C@@H](O)[C@H](O)[C@H]2O)[C@H](O)[C@H]1O,0
C[C@@H]1O[C@@H](Oc2c(-c3ccc(O)c(O)c3)oc3cc(O)cc(O)c3c2=O)[C@H](O[C@@H]2O[C@H](COC(=O)/C=C/c3ccc(O)cc3)[C@@H](O)[C@H](O)[C@H]2O)[C@H](O)[C@H]1O,0
O=c1c(O[C@H]2OC[C@@H](O)[C@@H](O)[C@@H]2O)c(-c2ccc(O)c(O)c2)oc2cc(O)cc(O)c12,0
O=c1c(OC2OC[C@@H](O)[C@@H](O)[C@@H]2O)c(-c2ccc(O)cc2)oc2cc(O)cc(O)c12,0
O=C(/C=C/c1ccc(O)c(O)c1)c1ccc(O)cc1O,0
O=c1c(-c2ccc(O)cc2)coc2cc(O)cc(O)c12,0
C[C@H]1[C@H](C)CC[C@]2(C(=O)O)CC[C@]3(C)C(=CC[C@@H]4[C@@]5(C)CC[C@H](O)C(C)(C)[C@@H]5CC[C@]43C)[C@H]12,0
N[C@@H](Cc1ccc(O)c(O)c1)C(=O)O,0
O=c1cc(-c2ccc(O)cc2)oc2cc(O)cc(O)c12,0
O=c1c(OC2O[C@H](CO)[C@@H](O)[C@@H]2O)c(-c2ccc(O)cc2)oc2cc(O)cc(O)c12,0
O=c1c(O[C@@H]2O[C@H](CO)[C@H](O)[C@H](O)[C@H]2O)c(-c2ccc(O)cc2)oc2cc(O)cc(O)c12,0
O=c1c(OC2O[C@H](CO)[C@@H](O)[C@@H]2O)c(-c2ccc(O)c(O)c2)oc2cc(O)cc(O)c12,0
O=c1cc(-c2ccc(O)c(O)c2)oc2cc(O[C@@H]3O[C@H](CO[C@@H]4O[C@H](CO)[C@@H](O)[C@H](O)[C@H]4O)[C@@H](O)[C@H](O)[C@H]3O)cc(O)c12,0
C[C@H]1CC[C@@H]2N(C1)C[C@H]1[C@@H]3C[C@H]4[C@@H](CC(=O)[C@H]5C[C@@H](O)CC[C@@]54C)[C@@H]3CC[C@@H]1[C@]2(C)O,0
C[C@H]1CC[C@@H]2N(C1)C[C@H]1[C@@H]3C[C@H]4[C@@H](C[C@H](O)[C@H]5C[C@@H](O)CC[C@@]54C)[C@@H]3CC[C@@H]1[C@]2(C)O,0
CC1=C2C[C@H]3[C@@H](CC(=O)[C@H]4C[C@@H](O)CC[C@@]43C)[C@@H]2CC[C@]12O[C@@H]1C[C@H](C)CN[C@H]1[C@H]2C,0
O=C(O)[C@H](O)Cc1ccc(O)c(O)c1,0
COc1c(-c2ccc(O)cc2)oc2cc(O)cc(O)c2c1=O,0
COc1cc(C(C)=O)cc2c1OC(C)(C)C=C2,0
COc1c(C(C)O)cc2c(c1OC)OC(C)(C)C=C2,0
C=CC1[C@@H](OC(=O)c2ccccc2)[C@H]2[C@](O)(C(=O)[C@]1(C)O)[C@H](OC(C)=O)C[C@H]1C(C)(C)[C@H](OC(C)=O)[C@H](O)[C@H](OC(=O)c3ccccc3)[C@@]12C,0
C[C@@H]1C[C@@H](O)[C@@H]([C@H](C)[C@H]2CCC3=C(C[C@H]4C3=CC(=O)[C@H]3C[C@@H](O)CC[C@@]34C)[C@H]2C)N(C)C1,0
C=CCC1=C[C@]2(OC)C(=CC1=O)O[C@H](c1ccc(OC)c(OC)c1)[C@H]2C,0
O=c1c(O[C@@H]2O[C@H](CO)[C@@H](O)[C@H](O)[C@H]2O)c(-c2ccc(O)cc2)oc2cc(O)cc(O)c12,0
O=C(O[C@H]1[C@H](Oc2c(-c3ccc(O)cc3)oc3cc(O)cc(O)c3c2=O)O[C@H](CO)[C@@H](O)[C@@H]1O)c1cc(O)c(O)c(O)c1,0
CCCCCCCC[n+]1ccccc1,0
CCCCCCCCCN1CCNCC1,0
CCC(Cc1ccc(SC)cc1)NCCOC,0
CC(C)CCCCCOC(=O)CS,0
CCCCCCCCCC(=O)OC,0
C#CC#CCCCC/C=C\C(=O)NCC(C)C,0
CC/C=C\CCOC(=O)CCCCC,0
C[C@@H](CN1CCCCCC1)NCCCc1ccccc1,0
C=CCOC/C(C)=C/CC/C(C)=C/CO,0
C/C=C/C=C/C(O)C(F)(F)C(=O)/C=C/CCCC,0
NCCOP(=O)(O)c1ccccc1,0
CC(=O)/C=C/C(=C/[C@H](C)O)CO,0
NCCCCC(S)C(=O)O,0
CCC(CO)CC(=O)O,0
C[C@@H](CCC(=O)O)C(=O)O,0
C=C=CCNCCCCN,0
CCN(CC)CP(=O)(O)CN,0
NC(=O)CCCCCO,0
CCCS(=O)(=O)NCC1(CO)CC1,0
CC(=O)NC(Cc1ccccc1)C(N)=O,0
C#CCN(C)CC(=C)c1ccccc1,0
CNCCCc1ccccc1.Cl,0
C#CCN(C)CC(=C)c1cccs1,0
C=CC(C)(O)CC/C=C(\C)CC,0
CC[N+](CC)(CC)Cc1ccccc1,0
CCCCCC#CC[N+]1(C)CCCC1,0
C#CCNC(C)C(=C)c1ccccc1,0
CC(C)=CCC/C=C\CO,0
CCC(C)CCCC(C)(C)O,0
CCCCCOC(=S)S,0
OC[C@H]1COCCO1,0
C1CC(NC2COC2)CCO1,0
C[N+](C)(C)C[C@@H]1COCCO1,0
C1CC(C2CNC2)CO1,0
O=S(=O)(O)F,0
CN1[C@@H]2CC(O)C[C@H]1[C@@H]1O[C@@H]12,0
N#Cc1ccc2c(c1)COB2O,0
C1C[C@@H]2CNC[C@@H]2O1,0
C[C@H]1O[C@H]1C(=O)O,0
CN1CCO[C@@H]2CCNC[C@@H]21,0
CCCCCC/C=C1/C(=O)C=CC1C,0
CCCCN(CCCC)C(=S)S,0
CCCCCCCC[n+]1cccc(C)c1,0
CCCCCCCCCl,0
CCCCc1ccc(CCCNC)cc1,0
CCCCCCC/C=C/C=O,0
CCCC(Cc1ccccc1)N1CCCC1,0
CCCCCC/C=C/C(=O)C(F)(F)F,0
CNCCC(c1ccccc1)c1ccccc1,0
CCNCCc1ccccc1-c1ccccc1,0
O=C(CCCc1ccccc1)NC1CC1,0
CC/C(=C\c1ccccc1)[C@@H]1C[C@H]1N,0
c1ccc(CCc2c[nH]cn2)cc1,0
CCCCN=C(S)NC1CCCC1,0
CCCCCc1cccc(OC)c1O,0
[C-]#[N+]C1=CCC[C@@H](OCC2CC2)C1,0
c1ccc(CCc2ccccn2)cc1,0
C=CCc1cc(OC)ccc1OCC,0
C=C(C)C/N=C/C1(C)CCC(C)=CO1,0
COc1ccc(CN=C=S)cc1,0
C=CCN(CC=C)C(=O)Nc1cccc(F)c1,0
Cc1ccc(OC/C=C/Cn2ccnc2)cc1C,0
c1ccc(C[C@H](NCc2ccco2)C2CC2)nc1,0
CCCCNCc1coc(-c2ccccc2)n1,0
CCCC(CCC)C1=NC2C=CN=CC2=N1,0
Fc1cccc(-c2nccnc2NCC2CC2)c1,0
Cc1ccc(SC(C)C(=O)NC2CC2)cc1,0
CCC(C)(C)N(C)Cc1cccnc1C,0
C=CCc1cc(OC)ccc1OCCC,0
CCC(C)(C)C(=O)NCc1ccccc1Cl,0
Cc1nc2cc(C)c(C)cc2s1,0
Cc1cccc2sc(S)nc12,0
c1ccc(C2CCCCC2)cc1,0
O=C1CCCCC1C1CCCCC1,0
CC(C)c1ccccc1,0
S=C=Nc1cccc2ccccc12,0
Cc1cc(Cl)c2ccccc2n1,0
C=C(C#N)c1ccc(Cl)cc1,0
Cc1ccc(C)c2ccccc12,0
CC(=O)c1cc2ccccc2s1,0
Cc1cc(COc2cc(C(F)(F)F)ccn2)no1,0
O=C1C(/C=N/c2ccc(F)cc2)=C(O)c2ccccc21,0
Cn1nc(Cc2ccccc2)c2c(=O)oc3ccccc3c21,0
C/C=C/C=C/C=C1C(=O)CC(C)(C)CC1=O,0
Cc1ccc(C)c(Cn2ncc3ccccc32)c1,0
Cc1ccnc(NC(=O)COc2ccc3ccccc3c2)c1,0
CC(C)c1ccc(CNc2ncccn2)cc1,0
O=C(O)c1ccc(C2CCCCC2)cc1,0
Cc1ccccc1Sc1ncnc2onc(C)c12,0
CN1CCC[C@H]1Cc1c[nH]c2ccccc12.Cl,0
CC(=O)c1nc(NC(=O)[C@@H](C)N)sc1-c1cccc(O)c1,0
COc1cc2cncc(Cc3ccc4c(c3)CCN4C)c2cc1OC,0
CC(C)(C)c1ccc(/C=C2\Oc3c(ccc(O)c3CN3CCN(CCO)CC3)C2=O)cc1,0
C[C@H](Oc1ccc2ncc(/C=C/C(=O)O)c(C3CC3)c2c1)c1c(Cl)cccc1Cl,0
CC(C)Nc1nccc(-c2ccc3c(c2)C(=O)N(C(CO)c2cccc(Cl)c2)C3)n1,0
C=C/C(C)=C/C[C@]1(C)[C@H]2C[C@@H](OC(=O)/C(C)=C/C)C[C@@H]3[C@H](OC(C)=O)OC(OC(C)=O)[C@@]32[C@H](O)C[C@@H]1C,0
C=Cc1c(C)c2cc3nc(c4c5[nH]c(cc6nc(cc1[nH]2)C(C)=C6CC)c(C)c5C(=O)C4=O)[C@@H](CCC(=O)O)[C@@H]3C,0
Nc1ccc(CC(=O)O)cc1,0
O=C([C@H]1S[C@@H](n2cnc3c(NCc4cccc(I)c4)nc(Cl)nc32)[C@H](O)[C@@H]1O)N1CCSCC1,0
CN(C)CCCCOc1ccc(C(=O)/C=C/c2ccccc2)cc1,0
CN1CCN(C2=Nc3cscc3Nc3ccccc32)CC1,0
CC1CCN(c2nc(S)c(C#N)c3c2CCCC3)CC1,0
CC1CN(C(S)=Nc2ccc(Br)cc2)CC(C)O1,0
COc1ccc2[nH]c3ccc4c[n+](C)ccc4c3c2c1,0
Clc1ccc(N2CCn3cnnc32)cc1Cl,0
CC(C)(C)NC(=O)c1cccc2c1-c1ccccc1C2=O,0
CN(C)c1ccc2c(C(F)(F)F)cc(=O)oc2c1,0
c1ccc2c(-c3cnc4nsnc4c3)c[nH]c2c1,0
O=C(c1cc2c(ccc3ccccc32)oc1=O)N1CCCC1,0
Oc1c2c(nn1-c1ccc(Cl)cc1)C1CCCC1N=C2,0
COC(=O)Nc1ccc2c(c1)NC(=O)[C@H](C)CCC[C@H](N1CC(c3c(F)ccc(Cl)c3F)=CC1=O)c1cc-2ccn1,0
CO/N=C1\C[C@]2(C[C@@H]3C[C@@H](C/C=C(\C)C[C@@H](C)/C=C/C=C4\CO[C@@H]5[C@H](OC)C(C)=C[C@@H](C(=O)O3)[C@]45O)O2)OC(/C(C)=C/C(C)C)[C@H]1C,0
CC(C)(C)[C@H]1CCc2c(sc(NC(=O)c3cc4nc(-c5ccc6c(c5)OCO6)cc(C(F)(F)F)n4n3)c2C#N)C1,0
Cc1noc(/C=C/c2c(Cl)cccc2Cl)c1N1CC2=C(C(=O)c3ccccc3C2=O)C12C(=O)Nc1ccccc12,0
O=C1N=C(c2ccc(-n3c(-c4ccncc4)nc4ccc(Br)cc4c3=O)cc2)CC(c2ccc(Cl)cc2)N1,0
COc1cc(O)c2c(c1)/C=C/CC(=O)OCCCC(c1ccccc1)(C(O)c1ccccc1)CCCOC(=O)CCC[C@H](C)OC2=O,0
O=c1c2cc(Br)cc(Br)c2[nH]c(=S)n1-c1ccc(/N=N/c2ccc(O)c3cccnc23)cc1,0
C[C@H]1[C@H](Oc2ccc(-c3cc(-c4ccc(Br)cc4)[nH]n3)cc2)O[C@@H]2O[C@@]3(C)CC[C@H]4[C@H](C)CC[C@@H]1[C@@]24OO3,0
CCC(=O)N1CCN(c2ccc(N3C(=O)N(C)Cc4cnc5ccc(-c6cnc7ccccc7c6)cc5c43)cc2C(F)(F)F)CC1,0
C=C1c2c(C)nn(-c3ccc(OC)cc3)c2N(C)C23CC1C1(C)c4c(C)nn(-c5ccc(OC)cc5)c4N(C)C(C)(CC12)C3,0
COc1ccc(-c2cc(-c3cccc([N+](=O)[O-])c3)c3c(ncn4c(=O)c5cc(Br)cc(Br)c5nc34)n2)cc1,0
CCOc1cc2c(c3c1[C@H](C(C)C)C1=C(O3)C(C)(C)C(=O)C(C)(C)C1=O)[C@@H](C(C)C)C1=C(O2)C(C)(C)C(=O)C(C)(C)C1=O,0
CNC(=O)O[C@H]1CC[C@]23C[C@]24CC[C@]2(C)[C@@H]5[C@H](O[C@@H]([C@H](OC(=O)N6CCC6)C(C)C)C[C@H]5C)[C@H](O)[C@@]2(C)[C@@H]4CC[C@H]3C1(C)C,0
CC(=O)[C@@]12OC(C)(c3c(F)c(F)c(N=[N+]=[N-])c(F)c3F)O[C@@H]1CC1C3CCC4=CC(=O)CC[C@]4(C)C3CC[C@@]12C,0
COC(=O)Nc1ccc2c(c1)NC(=O)[C@H](C)CCC[C@H](N1CC[C@H](c3c(F)ccc(Cl)c3F)OC1=O)c1cc-2ccn1,0
Cc1noc(/C=C/c2ccc(Cl)cc2Cl)c1N1CC2=C(C(=O)c3ccccc3C2=O)C12C(=O)Nc1ccccc12,0
CC[C@H]1C2=C3C(CC[C@H]4C(OCc5ccc(F)cc5C(F)(F)F)OC[C@](C)([C@@H]34)N(C(=O)OC(C)(C)C)C2)C2COC(=O)OCC21,0
Cc1c2c(cc3ncoc13)C1=CC[C@@]3(C)[C@@H]4C[C@](C)(NC(=O)N5CCN(CCO)CC5)CC[C@]4(C)CC[C@]3(C)[C@]1(C)C=C2,0
O=c1nc(N2CCC3(CCN(Cc4ccc(C(F)(F)F)cc4C(F)(F)F)C3)CC2)sc2c([N+](=O)[O-])cc(C(F)(F)F)cc12,0
CN1CCN(c2ccc3c(c2)c2cc(N4CCN(C)CC4)ccc2c2nc4cc(Oc5ccccc5)ccc4nc32)CC1,0
CS/C(C)=N/OC(=O)N(C)SN(C(=O)NC(=O)c1c(Cl)cccc1Cl)c1ccc(C(F)(F)F)c(Br)c1,0
CC(C)C1=C(C(=O)N2[C@H](C)CC[C@H]2C(=O)N2CCN(C)[C@H](C)C2)SC2=N[C@@](C)(c3ccc(Cl)cc3)[C@@H](c3ccc(Cl)cc3)N21,0
Cc1c2c(cc3nccnc13)C1=CC[C@@]3(C)[C@@H]4C[C@](C)(NC(=O)N5CCN(CCN6CCOCC6)CC5)CC[C@]4(C)CC[C@]3(C)[C@]1(C)C=C2,0
COc1cccc(/C=C/c2nc3ccc(N4CCN(C(=O)OC(C)(C)C)CC4)cc3c(=O)n2-c2cccc(C(C)(C)C)c2)c1,0
C/C1=C\[C@@H]2[C@H](CC[C@]3(CO3)[C@H](OC(=O)c3ccc4ccccc4c3)[C@H]3[C@@H](OC(=O)c4ccc5ccccc5c4)[C@@H](C)C[C@]3(O)C1=O)C2(C)C,0
COc1cc(NC(=O)C2CCC3(CC2)OOC2(OO3)C3CC4CC(C3)CC2C4)c2ncccc2c1-c1ccc(Cl)cc1,0
COC(=O)CC[C@@H](C)[C@H]1CC[C@H]2[C@@H]3CC[C@@H]4CC5(CC[C@]4(C)[C@H]3C[C@H](OC(C)=O)[C@]12C)OOC1(CCCCC1)OO5,0
Cn1cncc1C(O)(c1ccc(C(F)(F)F)nc1)c1ccc2nc(C#N)c(Oc3ccc(Cl)cc3)c(C(F)(F)F)c2c1,0
COc1cc(CN2CCN(C(=O)O[C@H]3CC[C@@]4(C)[C@H](CC[C@@H]5[C@@H]4CC[C@]4(C)[C@@H]6[C@H](C[C@@H]54)O[C@]4(CC[C@@H](C)CO4)[C@H]6C)C3)CC2)ccc1O,0
CN1C(=O)N(c2cccc(C(F)(F)F)c2)C2=C(C(=O)CCC2)C1c1ccc(C#N)cc1C1=CCN(C(=O)OC(C)(C)C)C1,0
CCOC(=O)c1noc2c1C[C@@]1(C)[C@@H](CC[C@]3(C)[C@@H]1CC=C1[C@@H]4CC(C)(C)CC[C@]4(C(=O)O)CC[C@]13C)[C@]2(C)CO,0
CC[C@@H]1CN(C)[C@@H]2Cc3c([nH]c4ccccc34)[C@H](c3ccc4c(c3)N=C3[C@@H]5C[C@H]6C[C@H](CC)[C@@H]5N(CC[C@@]34O)C6)C[C@H]1[C@H]2C(=O)OC,0
CCNC(=O)n1ncc2c1[C@](C)(C(=O)O)[C@@H]1CC[C@]3(C)[C@H](C(=O)C=C4[C@@H]5[C@@H](C)[C@H](C)CC[C@]5(C)CC[C@]43C)[C@@]1(C)C2,0
C[C@H]1[C@H](C)CC[C@]2(C(=O)Nc3nnn[nH]3)CC[C@]3(C)C(=CC[C@@H]4[C@@]5(C)CC[C@H](OC(=O)C(F)(F)F)C(C)(C)[C@@H]5CC[C@]43C)[C@H]12,0
CC(C)[C@@H](OC(=O)N(C)C)[C@H]1C[C@@H](C)[C@H]2[C@H](O1)[C@H](O)[C@@]1(C)[C@@H]3CC[C@H]4C(C)(C)[C@@H](OC(=O)N5CCC5)CC[C@@]45C[C@@]35CC[C@]21C,0
CC(=O)OC[C@@]1(C)[C@@H]2CC[C@]3(C)[C@H](C[C@@H](F)[C@]45OC(=O)[C@@]6(CC[C@@H](C)[C@H](C)[C@H]64)CC[C@]53C)[C@@]2(C)C[C@@H](OC(C)=O)[C@@H]1OC(C)=O,0
CC[C@]12C=CCN3CCc4c(n(c5ccccc45)[C@@H](c4cc5c(cc4O)NC4=C(C(=O)OC)C[C@]6(CC)C=CCN7CC[C@@]45[C@@H]76)C1)[C@@H]32,0
Cc1c(C(=O)N[C@H]2CCCN(C(=O)NC(C)(C)C)C2)nn(-c2ccc(Cl)cc2Cl)c1-c1ccc(Cl)cc1,0
CC(=O)O[C@H]1CC[C@]2(C)[C@H]3CC=C4[C@@H]5[C@@H](C)[C@H](C)CC[C@]5(C(=O)Nc5nnn[nH]5)CC[C@@]4(C)[C@]3(C)CC[C@H]2C1(C)C,0
CC1CCC[C@H](N2CCC(c3c(F)ccc(Cl)c3F)=CC2=O)c2cc(ccn2)-c2ccc(C(=O)O)cc2NC1=O,0
CC(C)(c1nc(-c2ccccc2)c(C(=O)OCCc2ccccc2)s1)c1c(Cl)cc(-n2ncc(=O)[nH]c2=O)cc1Cl,0
Cc1cc(SC2=C(O)OC(CCc3ccc(O)cc3)(C(C)C)CC2=O)c(C(C)(C)C)cc1OS(=O)(=O)N(C)C,0
C[C@H](CC[C@@H](O)C(C)(C)O)[C@H]1CC[C@@]2(C)[C@@H]3CC=C4[C@@H](CC[C@H](O)C4(C)C)[C@]3(C)[C@H](OC(=O)Cn3cc(C4CC4)nn3)C[C@]12C,0
COc1ccc(OC(F)(F)F)cc1CNC(=O)c1cn2cc(-c3ccc(C4CCC(CC(=O)O)CC4)cc3)sc2n1,0
CC(C)(Cc1nc2cc(OCc3ccc4ccccc4n3)ccc2n1Cc1ccc(-c2ccc(S(N)(=O)=O)cc2)cc1)C(=O)O,0
COc1ccc(-c2c(C#N)c(SCC(=O)Nc3ccc(C)c(C)c3)nc(C)c2C(=O)Nc2ccccc2)cc1OC,0
O=C(Nc1ccc(C2S/C(=N\c3cccc(F)c3)N(Cc3ccco3)C2=O)cc1)[C@@H]1CCCN1C(=O)CCc1ccccc1,0
CCN1CCN(Cc2ccc(NC(=O)c3ccc(C)c(NC(=O)c4csc(-c5ccncc5)n4)c3)cc2C(F)(F)F)CC1,0
COc1ccccc1CN1CCC(CNC(=O)c2cnn(-c3cccc(Cl)c3)c2C2CCN(C(=O)OC(C)(C)C)CC2)CC1,0
COc1nc2c(c(=O)n1C)N=C(c1ccccc1)[C@H]([C@H](CC(=O)c1ccccc1)c1ccccc1)C(c1ccccc1)N2,0
CC(C)(C)C(=O)Oc1ccc(/C=C/C(=O)N2CCN(c3ccc(N4C[C@H](CNC(N)=S)OC4=O)cc3F)CC2)cc1,0
O=C(NCCN1CCC2(CC1)C(=O)NCN2c1ccc(F)cc1)c1ccc2ccccc2c1.O=C(O)C(F)(F)F,0
COc1ccc2c(c1)CCN(C(=O)CC1SC(=O)NC1=O)[C@H]2C(=O)Nc1cc(F)c([Si](C)(C)C)c(F)c1,0
CS(=O)(=O)c1ccc(C(=O)N2CCN(c3nc4ccccc4nc3NC3CC3)CC2)cc1.O=C(O)C(F)(F)F,0
C[C@@H](CN1CCC2(CC1)C(=O)NCN2c1ccc(F)c(F)c1)NC(=O)c1cc2cc(F)ccc2[nH]1.O=C(O)C(F)(F)F,0
Nc1ccc(S(=O)(=O)N2CCN(c3ncc(C(O)(C(F)(F)F)C(F)(F)F)cc3-c3ccncc3)CC2)cn1,0
CC(C)C[C@H]1C(=O)NCCCc2ccccc2OCCN[C@H](Cc2ccc(O)cc2)C(=O)N[C@H](C(C)C)C(=O)N1C,0
CCN1C(=O)[C@H]2[C@@H](c3ccc(-c4ccc(F)cc4)c(OC)c3)N[C@@](C)(C(=O)OC)[C@H]2C1=O.O=C(O)C(F)(F)F,0
C[C@@H](O)C(=O)N1CCC(CCn2c(Sc3cc4c(cc3Br)OCO4)nc3c(N)ncnc32)CC1,0
CCN1CCN(C[C@@H](O)[C@@H]2Cc3ccccc3CN2)C(=O)c2ccc(C(=O)N3CCC4(CC3)CC(OC)C4)cc21,0
Nc1scc2c(C(=O)O)nn(-c3ccc(OC(F)(F)F)cc3)c(=O)c12,0
Cc1ccc(C2c3c(-c4ccccc4O)n[nH]c3C(=O)N2CCCO)cc1,0
Nc1nonc1-c1nc2ccccc2n1CC(=O)Nc1ccc2ccccc2c1,0
Cn1c(SCC(=O)Nc2ccc3[nH]c(O)nc3c2)nnc1-c1ccccc1,0
C[C@H](O)[C@@H](CCc1ccc(C(F)(F)F)cc1)n1ncc2c(N)ncnc21,0
Nc1ccc(C(=O)N2CCCCC2)c(NS(=O)(=O)c2cccc3nsnc23)c1,0
NCC(c1ccc(C(F)(F)F)cc1)N1CCN(c2ncnc(N)c2Cl)CC1,0
Nc1ncc(-c2ccc(-c3ccc(C(F)(F)F)cc3S(N)(=O)=O)cc2F)cn1,0
CC(C)CC1(C)CN(c2ccc3oc(N)nc3c2)c2c(N)ncnc21,0
Cc1noc(C)c1-c1ccc2c(c1)C(NC[C@H](C)O)(c1ccccc1)C(=O)N2,0
COc1ccc(C2NCCc3cc(O)c(O)cc32)cc1,0
NC(=O)[C@H](c1ccc(Cl)c(Cl)c1)[C@H]1CCCCN1,0
NNC(=O)c1ccc(Oc2cc(Cl)cc(Cl)c2)o1,0
Cc1c(-c2ccc(O)c(O)c2)oc(=O)c2c(O)cccc12,0
Nc1ncc(-c2ccccc2)c(-c2ccc(O)cc2O)n1,0
Nc1sc2c(c1C(=O)c1ccc(Cl)cc1)CCNC2,0
Cc1cc(O)cc(C)c1S(=O)(=O)c1ccc(N)cc1,0
Cc1cc2nccn2c2sc(C(=O)NC3CC3)c(N)c12,0
Cc1ccc(N)c(NC(=O)c2cccnc2)c1,0
Nc1nccc(-c2c[nH]c3cccc(Br)c23)n1,0
CCc1ccc(C(=O)Nc2n[nH]c3ccccc23)cc1,0
COc1cc(Cl)c(Cl)c(CN)c1O.Cl,0
Oc1ccc(CNc2ccc(Cl)cc2)c(O)c1,0
CCC1Cc2c(Cl)c(Cl)c(O)c(CN)c2C1,0
O=C(Nc1ccc(-c2cc[nH]n2)cc1)C1CCC1,0
CC(=O)c1c(C(C)=O)c(C)n(-c2ccc(N)cc2)c1C,0
Cc1ccn2c(N)c(C)nc2c1OCc1ccccc1,0
O=C(N/N=C/c1ccccc1F)NC1CCCCC1,0
Cc1ccc(C)c(NC(=O)NCc2ccccn2)c1,0
CCCNC1CCc2c(ccc(C)c2O)C1,0
Cc1[nH]c2ccc(N)cc2c1/C=C/C(=O)c1ccncc1,0
Cc1cc(SCc2ccc(F)cc2)nc(O)n1,0
Fc1cccc(F)c1Nc1nccc(-c2cccnc2)n1,0
C/C(=N\NC(=S)Nc1cccc(C)c1)c1ccco1,0
Oc1ccc2nc(Cl)n(-c3ccccc3C3CC3)c2n1,0
Cc1nc2cccc(C(=O)NCc3ccccc3)c2o1,0
CSc1ccccc1C(=O)Nc1cc(C)ccn1,0
NCCN1C(=O)c2ccccc2C1c1ccc(Cl)cc1,0
CCCCSC(=O)Nc1ccccc1,0
O=C(Cc1ccc(Cl)cc1)Nc1nccs1,0
NC(=O)n1c(-c2ccc(NC(=O)Nc3ccc(F)c(Cl)c3)cc2)cc2ccccc21,0
CCC(C)(C)C1CCc2c(sc(NC(=O)Nc3ccc(Cl)cc3)c2C(N)=O)C1,0
CC(=O)c1cnc2ccc(-c3cc(Cl)c(O)c(Cl)c3)cc2c1N[C@H]1CC[C@H](N)CC1,0
Cc1cccc(NC(=O)Nc2ccc(-c3csc4c(C#CCN5CCOCC5)cnc(N)c34)cc2)c1,0
COc1ccc(NC(=O)Nc2ccc(-c3cccc4onc(N)c34)cc2)cc1Cl,0
Nc1ccc(-c2cccs2)cc1NC(=O)c1ccc(N2CCC3(CC2)CNc2ccccc23)nc1,0
C/C=C(\C)c1cc(O)c(C)c(O)c1C(=O)Oc1cc(/C(C)=C/C)c(C(=O)O)c(O)c1C,0
COc1cc(-c2ccc3c(c2)Nc2c(cccc2OCc2ccncc2)NC3=O)ccc1N,0
Cc1ccc(F)c(NC(=O)Nc2ccc(-c3cncc4[nH]nc(N)c34)c3ccccc23)c1,0
NC(=O)c1cc(O[C@H]2CC[C@H](NC(=O)Nc3cccc(C(F)(F)F)c3)CC2)ccc1C(F)(F)F,0
C=C(Br)C(=O)Nc1cc(C(=O)Nc2cc(C(=O)Nc3cc(C(=O)Nc4cc(C(=O)NCCC(=N)N)n(C)c4)n(C)c3)n(C)c2)n(C)c1.Cl,0
C=C(Br)C(=O)Nc1cc(C(=O)Nc2cc(C(=O)Nc3cc(C(=O)Nc4cc(C(=O)NCCC(=N)NO)n(C)c4)n(C)c3)n(C)c2)n(C)c1.Cl,0
C=C(Cl)C(=O)Nc1cc(C(=O)Nc2cc(C(=O)Nc3cc(C(=O)Nc4cc(C(=O)NCCC(=N)N)n(C)c4)n(C)c3)n(C)c2)n(C)c1.Cl,0
CC1(C)S[C@@H]2[C@H](NC(=O)C(N)c3ccc(O)cc3)C(=O)N2[C@H]1C(=O)O.O=C(O)CC(NP(=O)(O)CNC(=O)OCc1ccccc1)c1ccccc1,0
COC(=O)CSCc1c(O)c(CSCC(=O)OC)c2c(c1O)C[C@@H](OC(=O)c1cc(O)c(O)c(O)c1)[C@@H](c1cc(O)c(O)c(O)c1)O2,0
COc1cc(Cc2cnc(N)nc2N)cc(OC)c1OC(=O)C12CCC(C(=O)Oc3c(OC)cc(Cc4cnc(N)nc4N)cc3OC)(CC1)CC2,0
O=C(CCc1ccc(O)cc1)OC[C@H]1O[C@@H](Oc2c(-c3ccc(O)c(O)c3)oc3cc(O)cc(O)c3c2=O)[C@H](OC(=O)CCc2ccc(O)cc2)[C@@H](O)[C@H]1O,0
O=C(CCc1ccc(O)cc1)O[C@H]1[C@H](Oc2c(-c3ccc(O)c(O)c3)oc3cc(O)cc(O)c3c2=O)O[C@H](CO)[C@@H](O)[C@@H]1OC(=O)CCc1ccc(O)cc1,0
O=C(CCc1ccc(O)cc1)O[C@H]1[C@H](Oc2cc(-c3oc4cc(O)cc(O)c4c(=O)c3O)ccc2O)O[C@H](CO)[C@@H](O)[C@@H]1OC(=O)CCc1ccc(O)cc1,0
O=C(Cc1cc(=O)oc2cc(O)ccc12)NC(Cc1ccc(OP(=O)(O)O)cc1)C(=O)NCCCNC(=O)c1c2ccccc2nc2cc(O)cc(O)c12,0
Nc1ncc(-c2ccncc2)c(C2CCC2)n1,0
Cc1csc(C(=O)Nc2ccccn2)n1,0
Cc1nc[nH]c1-c1nccn1CC(F)(F)F,0
NC[C@@]1(CC(=O)O)C[C@H]2CCCC[C@H]2C1,0
O=C(O)c1cnc2c(Cl)cccc2c1O,0
Cc1cc(Nc2ccc(Cl)cn2)ncn1,0
Cc1cccc(NC2=NCCO2)c1Cl,0
NOCc1cc2ccccc2o1,0
CN(C)C1(c2ccccc2)CCC(O)CC1,0
Oc1cc(OCc2ccccc2)ccn1,0
N=C(N)NCCC(=O)OC[C@H]1O[C@@H](n2cc(I)c(=O)[nH]c2=O)C[C@@H]1O,0
C=C1C[C@](OC)([C@H](O)C(=O)N[C@@H]2OCO[C@@H]3[C@@H](OC)[C@H](O)[C@@H](CO)O[C@@H]32)O[C@H](C)[C@@H]1C,0
C[C@H](N)C(=O)NCC(=O)N[C@H]1C[C@@H](C(=O)NO)N(S(=O)(=O)c2ccc(Cl)cc2)C1.Cl,0
CN[C@@H]1[C@H](O)[C@H](NC)[C@H]2O[C@]3(O)[C@H](O[C@@H]2[C@H]1O)O[C@H](C)C[C@H]3NC(=O)Cc1cc(Cl)ccn1,0
CC(=O)C1=C[C@H](O)[C@H](Oc2ccc(/C=C(\C)C(=O)N[C@@H]3[C@H](O)[C@@H](O)[C@H]4OCO[C@H]4[C@@H]3O)cc2O)O1,0
CO[C@@]12[C@H](COC(N)=O)C3=C(C(=O)C(CSc4nc[nH]n4)=C(N)C3=O)N1C[C@@H]1N[C@@H]12,0
O=C(O)CC[C@@H]1NC(=O)[C@@H]2CCCN2C(=O)[C@H](CCC(=O)O)NC(=O)[C@@H]2CCCN2C1=O,0
COc1c(O)c(CN2CCC[C@H]2CO)c2c(c1O)[C@@H]1O[C@H](CO)[C@@H](O)[C@H](O)[C@H]1OC2=O,0
CS(=O)(=O)NC1(Cc2ccccc2)CCCN(CC(=O)N[C@H]2CCCN(C(=N)N)C2O)C1=O,0
COc1cccc(C/C(=N/OS(=O)(=O)O)S[C@@H]2O[C@H](CO)[C@@H](O)[C@H](O)[C@H]2O)c1,0
N[C@@H](Cn1cc(I)c(=O)n(Cc2ccccc2C(=O)O)c1=O)C(=O)O,0
COc1cc(CNC(=O)C#Cc2cn(Cc3ccc(C(=O)NCC(=O)O)cc3)c(=O)[nH]c2=O)ccc1F,0
COCCNC(=O)CN1CCC(N(N)CC(=O)N2CSC[C@H]2C#N)CC1.O=C(O)C(F)(F)F,0
CCN1C2CCC1CC(OC(=O)C(CO)c1ccccc1)C2.O=C(O)C(O)C(O)C(=O)O,0
[N-]=[N+]=N[C@H]1C=C(C(=O)O)O[C@@H]([C@@H](O)[C@H](O)CO)[C@H]1NC(=O)C(F)(F)C(F)(F)C(F)(F)F,0
C=C1[C@@H]2[C@H]3OC(=O)[C@@H](CN4CCC[C@H]4C(=O)O)[C@@H]3[C@@H](OC(=O)C(C)(O)CO)CC(=C)[C@@H]2C[C@@H]1O,0
NS(=O)(=O)c1nnc(NC(=O)CCNS(=O)(=O)c2ccc(I)cc2)s1,0
O=C[C@H](CC(=O)O)NC(=O)[C@@H]1CCCN2C(=O)CC[C@H](NC(=O)c3ccccc3)C(=O)N12,0
CC(=O)N[C@@H]1[C@@H](O)[C@H](O)[C@@H](CO)O[C@H]1NC(=O)c1cc(Br)c(C)n(Cc2ccc(F)cc2)c1=O,0
CC(C)(C)OC(=O)N[C@@H](CC(=O)Nc1ccc2c(c1)B(O)OC2)C(=O)Nc1ccc2c(c1)B(O)OC2,0
Cn1ccc(-c2cn([C@@H]3O[C@H](C(=O)NCCCN4CCCC4)[C@@H](O)[C@H]3O)c3ncnc(N)c23)n1,0
C[C@H](/C=C/[C@@]1(O)[C@H](C)CC(=O)CC1(C)C)O[C@@H]1O[C@H](CO)[C@@H](O)[C@H](OS(=O)(=O)O)[C@H]1O,0
COc1ccccc1NC(=O)[C@@H]1CCCN1C(=O)[C@H](CC(N)=O)NC(=O)[C@@H]1CCC(=O)N1,0
COC(=O)CCCNC(=O)[C@@H]1CC(=O)N2CCC[C@H]2C(=O)N2CCC[C@@H]2C(=O)N[C@@H](C(C)C)C(=O)N1,0
CCN(C[C@H]1O[C@@H](n2cnc3c(N)ncnc32)[C@H](O)[C@@H]1O)S(=O)(=O)c1cccc(C#N)c1,0
CCNC(=O)[C@H]1O[C@@H](n2cnc3c(N)nc(C#CCCOC4CCCCO4)nc32)[C@H](O)[C@@H]1O,0
CCCn1c(N)c(C(=O)COC(=O)c2cccc(S(=O)(=O)N3CCOCC3)c2)c(=O)[nH]c1=O,0
CO[C@@H]1[C@H]2OCO[C@H](NC(=O)[C@@H](O)[C@@]3(OC)CCC[C@@H](C)O3)[C@H]2O[C@H](C[C@H](O)CO)C1(C)C,0
C=CCN(C(C)=O)c1ccc(/C=C(\C)C(=O)N[C@@H]2[C@H](O)[C@@H](O)[C@H]3OCO[C@H]3[C@@H]2O)cc1O,0
CC(C)[C@H](NC(=O)[C@@H]1CCCN1C(=O)[C@H](C)N)C(=O)N1CCC[C@H]1C(=O)N1CCC[C@H]1C(=O)O,0
O=C(OCCCN1CCOCC1)OCN(C(=O)Cc1ccccc1)c1nnc(CCSCCc2nnc(N(COC(=O)OCCCN3CCOCC3)C(=O)Cc3ccccc3)s2)s1,0
CN(C)S(=O)(=O)c1cccc(OC/C(=C\F)CN)c1,0
COc1ccccc1-c1noc(-c2ccc(NCc3ccccc3)c([N+](=O)[O-])c2)n1,0
CCNC(=O)N1C(=O)N(c2cccc(C(F)(F)F)c2)C2=C(C(=O)CC2)C1c1ccc(C#N)cc1Cl,0
OC(CNCCSC1CCCCC1)COc1ccccc1,0
Fc1ccc(-c2cncc(CNC[C@H]3CCc4ccccc4O3)c2)cc1,0
CC(=O)NC(Cc1c[nH]c2ccccc12)C(=O)N(C)CC(=O)Nc1cccc(F)c1,0
COc1ccc(N2CCN(C(=O)Cn3cnc4sc(C)c(S(=O)(=O)N5CCC(C)CC5)c4c3=O)CC2)cc1,0
O=C(Nc1ccc([N+](=O)[O-])cc1)NC1(C(=O)NCC2(c3ccccn3)CCCCC2)CCc2[nH]c3ccccc3c2C1,0
COc1cccc(N2CC(C(=O)Nc3nnc(SCC(=O)NCc4ccco4)s3)CC2=O)c1,0
Cc1ccc(C(=O)O)cc1N1CCN(c2c(C)n[nH]c2C)CC1,0
CC(=O)SC(C[N+](=O)[O-])c1ccc2c(c1)OCO2,0
C#CCN(Cc1ccc2nc(C)[nH]c(=O)c2c1)c1ccc(C(=O)N[C@@H](CCC(=O)O)C(=O)O)c(OC)c1,0
COc1cc(-c2cnc3cnc(-c4ccc(CNc5ccccc5)cc4)cn23)cc(OC)c1OC,0
CN1C(=O)C(NC(=O)Nc2cccc(Br)c2)N=C(c2ccccc2)c2ccccc21,0
C[C@@H](N)Cc1c[nH]cn1.Cl,0
Nc1ccn([C@@H]2O[C@H](/C=C/P(=O)(O)O)[C@@H](O)[C@H]2F)c(=O)n1,0
COc1cccc(C2CC3(CC(C)(C)NC(=S)N3)Oc3cc(OC(C)=O)c(Cl)cc32)c1,0
CCN(Cc1ccccc1)C(=O)CCN1CC(O)C1,0
CCOC(=O)c1csc(-c2csc(-c3csc([C@@H](C)NC(=O)OC(C)(C)C)n3)n2)n1,0
CCCc1c(Cc2ccc(-c3ccccc3-c3nc(=O)o[nH]3)cc2)c(=O)n([C@H]2CC[C@H](OCC(C)(C)O)CC2)c2ccnn12,0
Cc1ccc(NC(=O)c2ccccc2Cl)c(Cl)c1,0
O=C(C1CCCN1S(=O)(=O)c1cccc2nsnc12)N1CCN(c2ccccc2)CC1,0
C=CC(=O)N1CC(Oc2c(N)ncnc2-c2cc(F)cc(NC(=O)c3ccc(C(C)(C)O)c(F)c3F)c2C)C1,0
CC1(C)[C@H]2CC=C(CN3CCC(Nc4nc(-c5ccccc5)cs4)CC3)[C@@H]1C2,0
CS(=O)(=O)N[C@@H]1CN(Cc2ccco2)C[C@@H]2CCCO[C@@H]21.O=C(O)C(F)(F)F,0
CC/C(=N\OC(C)(C)C)c1cc(Cl)ccc1NS(=O)(=O)C(F)(F)F,0
C[C@@H](NC(=O)N1CCc2cnc(N[C@H]3CC[C@H](O)C3)nc2C1)c1ccc(C(F)(F)F)c(F)c1,0
CC(C)N(CCN(C(=O)Nc1ccc(F)c(F)c1)[C@@H]1CC[C@]2(c3cccc(C#N)c3)CC2C1)C(C)C,0
COc1cccc(C(=O)Nc2nnc(/C=C/c3cc(OC)c(OC)c(OC)c3Br)s2)c1,0
COCc1cc(C)nc2sc(C(=O)NN)c(-n3cccc3)c12,0
O=[N+]([O-])c1cccc(S(=O)(=O)Nc2ccc3cc[nH]c3c2)c1,0
CC1(C)CC(=O)C(/C=N/c2ncccc2C(=O)O)=C(O)C1,0
Cc1ccc(-c2nc3[nH]c(=O)[nH]c(=O)c3c(-c3ccccc3)c2N)cc1,0
CC(C)(C)OC(=O)N1CC[C@H](NCc2cc[nH]n2)C1(C)C,0
Oc1ccc(/C=N/n2c(Cc3ccccc3)n[nH]c2=S)c(O)c1,0
O=C(CSc1nc2cccnc2[nH]1)Nc1nccs1,0
COc1ccc(-c2cc(C3CCCNC3)c(C#N)c(N)n2)c(O)c1,0
Cc1nc2cc(NC(=O)NCc3ccco3)ccc2n1C,0
Nc1c(C(=O)Nc2ccccc2Cl)nnn1-c1ccc2c(c1)OCCO2,0
Cc1cnc(CNC(=O)Nc2cccc3c2CCCC3)cn1,0
CC(=O)N[C@@H](Cc1c[nH]c2ccccc12)C(=O)NC(CCCCNC(=O)Nc1ccccc1C)C(=O)N[C@@H](CC(=O)O)C(=O)N[C@H](Cc1ccc(C)cc1)C(N)=O,0
CCCCc1nc2c(N)nc3ccccc3c2n1CCCN(Cc1ccc(CC(=O)OC)cc1)C(=O)CN1CCC(NC(=O)OC(C)(C)C)CC1,0
NC(=O)C[S+]([O-])CC1CNCCC1c1ccc(Cl)cc1,0
CN[C@@H](C)C(=O)N[C@H](C(=O)N1CCC[C@H]1C(=O)NNc1ccccc1)C(C)C,0
N[C@@H](CC(=O)N1CCNC[C@H]1Cc1ccccc1)Cc1ccccc1F,0
Nc1cccc(-c2nc3sccn3c2-c2ccnc(NCCCCNS(=O)(=O)c3ccc(C(F)(F)F)cc3)n2)c1,0
C=C[C@@H]1C[C@]1(NC(=O)[C@@H]1C[C@@H]2CN1C(=O)[C@H](CCCC)NC(=O)OCCC/C=C/c1cccc3c1CN(C3)C(=O)O2)C(=O)NS(=O)(=O)C1CC1,0
CN1CC[C@@H]2OC[C@H](C(=O)N(C)Cc3ccccn3)C[C@@H]2C1,0
CN(C)CCNc1cc2c(cn1)cc(NC(=O)c1ccccc1)c(=O)n2C,0
COc1cc(C(F)(F)F)ccc1-c1cccc2nc(Nc3ccc4c(c3)CCNCC4)nn12,0
O=C1N[C@H](c2c[nH]c3cc(Br)ccc23)CN=C1c1c[nH]c2cc(Br)ccc12,0
Cc1nn(C2CCCCC2)c2sc(C(=O)Nc3ccc(N4CCC(O)CC4)c(C#N)c3)cc12,0
CO[C@H]1CN(C)C(=O)c2cc(NC(=O)c3ccc(-c4ccccc4)cc3)ccc2OC[C@H](C)NC[C@H]1C,0
C[C@]12C=CC(=O)C=C1CC[C@@H]1[C@@H]2[C@@H](O)C[C@@]2(C)[C@H]1CC[C@]2(O)C(=O)CSc1ncc2ccccc2n1,0
Cc1ccc2c(c1)Oc1cc(C)ccc1C2NC(=O)c1cc(OC2CCOCC2)c(C(F)(F)F)[nH]c1=O,0
Nc1cn2nc(C#Cc3ccc(NC(=O)Nc4cc(C(F)(F)F)ccc4F)cc3)ccc2n1,0
CCc1nccnc1-c1ccc2c(c1)CCC(c1cccnc1)N2C(=O)c1ccc(O)cc1O,0
CC1(C)CC[C@@]2(CO)C(C1)C1=CC(=O)C3[C@@]4(C)CC[C@H](O)[C@@](C)(CO)C4CC[C@@]3(C)[C@]1(C)C[C@@H]2O,0
CC(C)C[C@@H]1NC(=O)[C@@H](Cc2c[nH]c3ccccc23)n2c1nc1ccc(I)cc1c2=O,0
CC(C)=C[C@H]1C[C@](C)(O)[C@H]2[C@H]3CC[C@@H]4[C@@]5(C)CC[C@H](O[C@@H]6O[C@H](CO)[C@@H](O)[C@H](O[C@@H]7O[C@H](CO)[C@@H](O)[C@H](O)[C@H]7O)[C@H]6O[C@@H]6O[C@@H](CO)[C@H](O)[C@H]6O)C(C)(C)[C@@H]5CC[C@@]4(C)[C@@]34CO[C@@]2(C4)O1,0
CC1(C)[C@@H](O[C@@H]2OC[C@H](O[C@@H]3O[C@H](CO)[C@@H](O)[C@H](O)[C@H]3O)[C@H](O)[C@H]2O[C@@H]2O[C@H](CO)[C@@H](O)[C@H](O)[C@H]2O)CC[C@]2(C)[C@H]3CC[C@]45OC[C@@]6(CC[C@](C)(C=O)C[C@H]64)[C@H](O)C[C@@]5(C)[C@]3(C)CC[C@@H]12,0
CC1(C)[C@@H](O[C@@H]2OC[C@H](O[C@@H]3O[C@H](CO)[C@@H](O)[C@H](O)[C@H]3O)[C@H](O)[C@H]2O[C@@H]2O[C@H](CO)[C@@H](O)[C@H](O)[C@H]2O)CC[C@]2(C)[C@H]3CC[C@]45OC[C@@]6(CC[C@](C)(CO)C[C@H]64)[C@H](O)C[C@@]5(C)[C@]3(C)CC[C@@H]12,0
C[C@@H]1NC(=O)CNC(=O)[C@H](Cc2ccccc2)NC(=O)[C@H](Cc2ccccc2)NC(=O)[C@H](CCCNC(=N)N)NC(=O)[C@@H]2CCCN2C(=O)[C@H]2CCCN2C(=O)[C@H](Cc2ccccc2)NC1=O,0
C[C@@H]1NC(=O)[C@H](C)NC(=O)[C@H](Cc2ccccc2)NC(=O)[C@H](Cc2ccccc2)NC(=O)[C@H](CCCNC(=N)N)NC(=O)[C@@H]2CCCN2C(=O)[C@H]2CCCN2C(=O)[C@H](Cc2ccccc2)NC1=O,0
C[C@@H]1NC(=O)[C@H](CN)NC(=O)[C@H](Cc2ccccc2)NC(=O)[C@H](Cc2ccccc2)NC(=O)[C@H](Cc2c[nH]cn2)NC(=O)[C@@H]2CCCN2C(=O)[C@H]2CCCN2C(=O)[C@H](Cc2ccccc2)NC1=O,0
CCCSCC(=O)N1C[C@H]2CC[C@@H]1CN(c1ncccn1)C2,0
N=C(N)NCCCC(N)NC(CCCCNC(=O)C(N)CCCNC(=N)N)C(=O)NCCCCC(NC(=O)C(CCCCNC(=O)C(N)CCCNC(=N)N)NC(=O)C(N)CCCNC(=N)N)C(=O)NC(CCCCNC(=O)C(CCCCNC(=O)C(CCCCNC(=O)C(N)CCCNC(=N)N)NC(=O)C(N)CCCNC(=N)N)NC(=O)C(CCCCNC(=O)C(N)CCCNC(=N)N)NC(=O)C(N)CCCNC(=N)N)C(=O)NCC(=O)O,0
CCc1ccc(C2C(C(=O)OC)=C(C)NC(C)=C2C(=O)OC)cc1,0
NC(=O)c1cccc(C2CCN(c3ncccn3)CC2)n1,0
Cc1nccc2c(NC(=O)N[C@@H]3CCN(c4ncc(C(F)(F)F)cc4Br)C3)cccc12.Cl,0
O=S(=O)(Oc1ccc(C(=C2C3CCCC2CCC3)c2ccc(O)cc2)cc1)C(F)(F)F,0
COc1ccccc1-c1cc(/C=C2\C(=O)Nc3ncc(Br)cc32)cc(Br)c1O,0
CC(C)(C)c1cc(-c2nn(-c3c(Cl)cc(C(F)(F)F)cc3Cl)c(=N)s2)ccn1,0
Cc1cc(C)c(N(C)S(=O)(=O)c2cc3c(cc2Cl)Oc2cc(C)ccc2NC3=O)c(C)c1,0
CC(C)NC(=O)OCCN=C1c2ccccc2C(Br)C(Br)c2ccccc21,0
O=C1Cc2cc(Cc3ccc(-c4ccc(C(F)(F)F)cc4C(F)(F)F)cc3)ccc2C(=O)N1O,0
O=C(Nc1ccc(S(=O)(=O)N2CCCC2)cc1)N1c2ccccc2Sc2ccccc21,0
N=c1c2cnn(-c3ccccc3)c2ncn1-c1ccc(-c2ccc(C(F)(F)F)cc2)s1,0
Cn1cc(Cc2cccc(-c3cccc4c3OCO4)c2)c2cc(NC(=O)C(C)(C)C)ccc21,0
Cl.Cl.O=C1CCc2c(Oc3ccc4c(c3)C[C@H](NC(=O)c3cc(C(F)(F)F)cc(C5(O)CNC5)c3)CC4)ccnc2N1,0
CC[C@H](C)[C@@H]1NCCOc2ccccc2/C=C\CNC(=O)[C@H](Cc2ccc(Cl)c(Cl)c2)NC(=O)C2(CCCC2)NC1=O,0
COC(=O)[C@@H]1C/C=C\COc2ccc3ccccc3c2-c2c(ccc3ccccc23)OCC(=O)N[C@H](CCCCN)C(=O)N1.Cl,0
CO[C@@H]1CC(=O)Nc2c(O)c3cc4c2[C@H](/C=C/C=C/C[C@H](OC(=O)[C@@H](C)NC(=O)C2=CCCCC2)[C@H](C)[C@@H](O)/C(C)=C\CC3)[C@H]1O4,0
O=C(O)C(F)(F)F.c1cc2cc(-c3ccc(-c4cn5cc(C6=NCCCN6)ccc5n4)cc3)[nH]c2cc1C1=NCCCN1,0
CCN1CCC2(CC1)CC(NCc1ccncc1)c1ccccc1O2.O=C(O)C(F)(F)F.O=C(O)C(F)(F)F.O=C(O)C(F)(F)F,0
Nc1ncc(-c2cccc(CCN3CCOCC3)c2)cc1-c1nc2cc(Br)ccc2[nH]1.O=C(O)C(F)(F)F,0
C=C1[C@@H](O)C[C@H]2C(C)(C)C[C@H](O)C[C@]2(C)[C@H]1C[C@@H]1C(C)=CC[C@H]2C(=O)C(OC)=CC(=O)[C@@]12c1cc(=O)c2c(O)cc(O)cc2o1,0
CO[C@H]1/C=C/C=C/C=C/C[C@H](OC(=O)C2(NC(=O)C3=CCCCC3)CC2)[C@H](C)[C@@H](O)/C(C)=C\CCc2cc(O)cc(c2O)NC(=O)C1,0
O=C(Nc1ccc(Cn2ncc(N3CCCNCC3)c(Cl)c2=O)cc1)Nc1cc(Cl)cc(Cl)c1.O=C(O)C(F)(F)F,0
C/C(=C\[Si](C)(C)c1ccco1)C(C)(O)[C@H](C)O,0
Cc1ccc2nc(N)nc(NCCN(C)C)c2c1,0
COc1ccc(C(=O)N[C@H](C(=O)NC(C)(C)C)C(C)C)cc1,0
OCC(O)CNc1cc(C(F)(F)F)nc2ccccc12,0
NC[C@H]1C[C@@H]1c1cc(O)ccc1OCC1CC1,0
CC1CCN(CC(O)Cn2cnc3ccsc3c2=O)CC1,0
CCOC(=O)CSc1nc(O)c2ccsc2n1,0
Cc1cccc(N(CCC(N)=O)C(=O)C2CCC2)c1,0
CCNC(=O)c1ccc(N[C@@H]2c3ccccc3C[C@@H]2O)nc1,0
CSc1nc(NC2CC2)nc(NC(C)(C)C)n1,0
CN(CC1=NCCN1)c1ccccc1,0
CSCC[C@@H](C(=O)O)N(C)C,0
C=CCONC(=O)c1ccccc1,0
N#CC[C@@H](O)COc1ccccc1,0
C#CC(O)CCCCC,0
C#CCOCCCc1c[nH]cn1,0
CC(=O)C(=O)CC(C)C,0
CC(C)O/N=C/[C@H]1CCCN1C,0
C#CCN(C)Cc1ccc[nH]1,0
O=C(CCS)[C@H]1CC[C@H]1C(=O)O,0
NCc1cc(-c2cccnc2)no1,0
OCCNC1=NCc2ccccc2N1,0
C/C(O)=C1\C(=O)NC(CC(C)C)C1=O,0
Cl.Oc1nnc([C@@H]2CCCN2)o1,0
CC/C=C/c1c(Cl)[nH]c(=O)[nH]c1=O,0
NC1Cc2cc3c(cc2C1)OCO3,0
CCC1(CC)CNC(=O)NC1=O,0
N#C/C=C1/C(=O)Nc2cccc(O)c21,0
O=c1[nH]c2cnccc2cc1O,0
Cc1cc(CN)nc(N2CCCC2)n1,0
CC[C@H](C)[C@H](N)C(=O)N1CCCCC1,0
NS(=O)(=O)c1cc2ccc(O)cc2o1,0
CNC(=O)N(C)/N=N/CCCl,0
CC(=O)OCc1ccc(CO)o1,0
C(=C1CCNCC1)c1c[nH]cn1,0
c1ccc2c(c1)OC[C@@H]([C@H]1CCCN1)O2,0
Cc1ccc(C(=O)NCC(=O)O)s1,0
CNCc1cc(=O)oc2cc(O)ccc12,0
CCNC(=O)C(C)NC(=O)OC(C)(C)C,0
Nc1ccc(SC2CC(=O)N2)cc1,0
CC1(C)CSC(C)(C)C(=O)N1,0
C1CCC(NC2=NCCO2)CC1,0
Cn1cc(C2CCCN2)cn1,0
O=C(O)CCCl,0
CC(C)(N)CN1CCCC1,0
Nc1ccncc1Cl,0
NCCC1C(=O)Nc2ccccc21,0
CCc1ccc2c(c1)NC(=O)C2=O,0
Cc1cncc(C#CCN)c1,0
O=c1[nH]c(=S)[nH]c2[nH]ccc12,0
Cc1cccc2oc(N(N)CCC#N)nc12,0
C(=N/n1cnnc1)\c1c[nH]c2ccccc12,0
NCCNc1ccnc2c(F)cccc12,0
Cc1cn(CCC(N)=O)c2ccccc12,0
CSc1ccc(CNc2nnnn2C)cc1,0
OC(Cn1cncn1)c1ccc(Cl)cc1,0
O=C(NN=C1CCCC1)c1cc[nH]n1,0
Cn1nnnc1NC/C=C/c1ccccc1,0
C[C@]1(CO)CCCN(CCc2ccncc2)C1,0
COC(=O)NC1(CCC(=O)O)CCCCC1,0
CCN1C[C@@H](C(=O)Nc2cc(C)ns2)CCC1=O,0
O=C(O)CCSC(=S)NCc1cccnc1,0
Cc1cccc2c(-c3ncn(CC(=O)O)n3)c[nH]c12,0
O=C(O)CCCNC(=S)NN=C1CCCC1,0
Nc1nc(F)cc(NCc2ccccc2)n1,0
CCOC(=O)c1ccc(C(=O)/C(C#N)=C2\CCCN2)[nH]1,0
COc1ccc(-c2nc3c[nH]cnc-3n2)c(OC)c1,0
CC(C)OC(=O)[C@H](N)Cc1cn(C)c2ccccc12,0
CCCN/C(C)=C1\C(=O)C=C(C)OC1=O,0
NC(=O)N(O)C/C=C/c1ccoc1,0
Nc1nc(O)c2ncn(C3O[C@H](COP(=O)(O)C(F)(F)F)[C@@H](O)[C@H]3O)c2n1,0
CC(C)[C@H](N)C(=O)O[C@H]1[C@@H](O)[C@](C#N)(c2ccc3c(N)ncnn23)O[C@@H]1CO.Cl.Cl,0
CNc1nc(Cl)c2c(c1O)C(=O)C1=C(O)[C@]3(O)C(=O)C(C(N)=O)=C(O)[C@@H](N(C)C)[C@@H]3C[C@@H]1C2,0
Cn1ccc(-c2cn([C@@H]3O[C@H](C(=O)NC[C@H]4CC[C@@H](O)CC4)[C@@H](O)[C@H]3O)c3ncnc(N)c23)n1,0
Nc1nc(N/N=C/c2ccc(Br)cn2)nc2c1ncn2[C@@H]1O[C@H](CO)[C@@H](O)[C@H]1O,0
CCNC(=O)[C@H]1O[C@@H](n2cnc3c(N)nc(C#CC(C)(O)c4ccccc4)nc32)[C@H](O)[C@@H]1O,0
Cn1ccc(-c2cn([C@@H]3O[C@H](C(=O)N[C@H]4CC[C@](C)(O)CC4)[C@@H](O)[C@H]3O)c3ncnc(N)c23)n1,0
Cn1ccc(-c2cn([C@@H]3O[C@H](C(=O)N[C@H]4CCc5nc(N)sc5C4)[C@@H](O)[C@H]3O)c3ncnc(N)c23)n1,0
Nc1nc(O)c2ncn([C@@H]3O[C@H](CNCC4=Cc5cc(O)ccc5OC4)[C@@H](O)[C@H]3O)c2n1,0
Cc1ccc([N+](=O)[O-])cc1NC(=O)/C(=N/NC(=S)NN)C1SC(=S)NC1=O,0
Cc1cc(S(=O)(=O)NC[C@H]2O[C@@H](C)[C@@H](O)[C@@H](O)[C@@H]2O)c(C(F)(F)F)o1,0
CC(=O)c1cnc(Cc2cc([C@@H]3O[C@H](CO)[C@@H](O)[C@H](O)[C@H]3O)ccc2Cl)nn1,0
Cc1cc2c(cc1C)N(C[C@H](O)C[C@H](O)CO)C1NC(=O)NC(=O)C1=N2,0
NC1=NCN=C2C1N=CN2C1O[C@H](CSCC(F)(F)F)[C@@H](O)[C@H]1O,0
O=C1c2ccccc2-c2c1c1ccccc1c(=O)n2C[C@H](O)[C@@H](O)[C@@H](O)[C@H](O)CO,0
COC(=O)[C@]1(O)C[C@@H](O)[C@@H](O)[C@H](OC(=O)/C=C/c2ccc(O)cc2)C1,0
CSC1OC(C(NC(=O)[C@@H]2CCCCN2C)C(C)Cl)C(O)C(O)C1O,0
OC[C@@H](O)[C@H]1O[C@@H](n2cnc3c(-c4ccccc4)ncnc32)[C@H](O)[C@@H]1O,0
CCN(C(=O)CN)C1CC(C)S(=O)(=O)c2sc(S(N)(=O)=O)cc21,0
O=C(Nc1ccccc1)[C@H](O)[C@@H](O)C(=O)N1CCC2(CCNC2=O)CC1,0
C/C(=C\[C@@H](C)Cc1ccccc1)CC[C@]12O[C@H](C(=O)O)[C@@](O)(C(=O)O)[C@](C(=O)O)(O1)[C@H](O)[C@H]2O,0
Br.NCC(=O)N1CCC[C@H]1C(=O)N[C@@H](CO)C(=O)NNc1cccc2c1C(=O)c1ccccc1C2=O,0
CC[C@H](C)[C@@H]1NC(=O)[C@@H](CCCCN)NC(=O)[C@H](C(C)C)NC(=O)[C@H]2CSSC[C@@H](NC1=O)C(=O)N2,0
C[C@@H](O)[C@H]1C(=O)N2C(C(=O)O)=C(S[C@@H]3CN[C@H](C(=O)NCc4ccc(S(N)(=O)=O)cc4)C3)[C@H](C)[C@H]12,0
N=C(N)N1CCC[C@H](NC(=O)CN2C(=O)[C@H](NS(=O)(=O)Cc3ccccc3)CCc3ccccc32)C1O,0
CN(CCN)C(=O)c1cccc(-c2ccc(N3CCOCC3)cc2)c1.O=C(O)[C@H](O)[C@@H](O)C(=O)O,0
CN[C@@H](C)C(=O)N[C@@H](CCC(N)=O)C(=O)N1CCC[C@H]1C(=O)NC1CCCc2ccccc21.O=CO,0
CC(=O)N1CCN(C(=O)C(Cc2cccc(C(=N)N)c2)NS(=O)(=O)NCC2CNc3ccccc3C2)CC1,0
Nc1ncnc2c1c(SCC1=CCCCC1)nn2[C@@H]1O[C@H](COS(N)(=O)=O)[C@@H](O)[C@H]1O,0
CC(C)C[C@H](N)C(=O)NCC(=O)N[C@H]1C[C@@H](C(=O)NO)N(S(=O)(=O)c2ccccc2)C1.Cl,0
C[C@@H](O)[C@H]1C(=O)N2C(C(=O)O)=C(S[C@@H]3CN[C@@H](c4ccc([C@@H](N)CC(N)=O)cc4)C3)[C@H](C)[C@H]12,0
N=C(N)C1CCC[C@H](NC(=O)CN2CCC[C@H](NS(=O)(=O)c3cccc4ccccc34)C2=O)[C@@H]1O,0
Cc1cccc(O[C@@H]2O[C@H](CO)[C@H](O)[C@H](O)[C@H]2NC(=O)C(F)(F)F)c1-c1cccc(NS(C)(=O)=O)c1,0
N=C(N)NCCC[C@H](NC(=O)c1cccn(Cc2ccccc2Br)c1=O)C(=O)O,0
NC(=O)[C@@H]1CSC([C@@H](Cc2ccccc2)NC(=O)[C@@H]2CCCN2C(=O)[C@@H](N)Cc2ccc(O)cc2)N1,0
N=C(N)c1ccc(S(=O)(=O)NCC(=O)Nc2ccc(C(=O)O)cc2)cc1.O=C(O)C(F)(F)F,0
NC(=O)CC(NC(=O)c1ccc(Cl)cc1)C(=O)NCCc1ccc(S(N)(=O)=O)cc1,0
COC(=O)[C@H](Cc1ccc(C#Cc2ccccc2)cc1)NC(=O)CNC(=O)[C@@H]1CCCN1C(=N)N,0
CO[C@@H](C(=O)N[C@H]1CC[C@@H](OC(=O)C2CCCCC2)CNC1=O)[C@H](O)[C@@H](O)[C@H](O)/C(C)=C/C(C)(C)C,0
Nc1nc2[nH]cc(CCc3ccc(C(=O)N[C@@H](CCC(=O)O)C(=O)O)c(F)c3)c2c(=O)[nH]1,0
CCCOP(=O)(OC[C@H]1OC(n2ccc(N)nc2=O)[C@@H](O)[C@@H]1O)OCC(Cl)(Cl)Cl,0
CC(C)(NS(C)(=O)=O)[C@H](NC(=O)c1ccc(-c2cc3ccc(OCCO)cc3o2)cc1)C(=O)NO,0
Cc1cc(C)cc(S(=O)(=O)N2CCC[C@H]2C(=O)N[C@@H](CNC(=O)NCc2ccccc2)C(=O)O)c1,0
COC(=O)[C@H](CCCCN)NC(=O)CCc1nc2ccccc2c(=O)[nH]1.O=C(O)C(F)(F)F,0
CC(=O)N[C@H](Cc1c(C)[nH]c2ccccc12)C(=O)N[C@@H](Cc1ccccc1)C(=O)NCC(N)=O,0
CNS(=O)(=O)c1ccc(C)c(NC(=O)[C@@H](C)NC(=N)NC(=O)Cc2ccc(OC)c(OC)c2)c1,0
COc1cccc(/C=C/C(=O)c2ccc(OCc3cn([C@@H]4O[C@H](CO)[C@@H](O)[C@H](O)[C@H]4O)nn3)cc2)c1,0
COC(=O)c1cccc2cc(CCCCc3c(C(=O)O)[nH]c(=O)[nH]c3=O)ccc12.NCCO,0
N=C(N)N1CCC(OCCC2CCCCN2C(=O)[C@@H](Cc2ccccc2)NCC(=O)O)CC1,0
CC(C)CC(=O)O[C@@H]1OC=C(CO)[C@H]2C[C@H](O)[C@](O)(COC(=O)/C=C/c3ccc(O)cc3)[C@@H]12,0
C=C1CC[C@]2(O)[C@]3(C)C[C@]4(O)O[C@@]2([C@@H]1O)[C@]1(NNC(N)=O)O[C@@]3(O)[C@H](OC(=O)c2ccc[nH]2)[C@](O)(C(C)C)[C@@]14C,0
C=C1CC[C@]2(O)[C@]3(C)C[C@]4(O)O[C@@]2([C@@H]1O)[C@]1(O)O[C@@]3(NNC(N)=O)[C@H](OC(=O)c2ccc[nH]2)[C@](O)(C(C)C)[C@@]14C,0
CC(=O)N[C@@H]1CSSc2ccccc2NC(=O)[C@@H](CC(=O)O)NC(=O)CNC(=O)[C@@H](CCCN=C(N)N)N(C)C1=O,0
CC(=O)N[C@@H]1CSSc2ccccc2NC(=O)[C@@H](CC(=O)O)NC(=O)CNC(=O)[C@@H](CCCN=C(N)N)NC1=O,0
CC(=O)N[C@H]1CSC(=O)[C@H](Cc2ccccc2)NC(=O)[C@H](Cc2ccc(O)cc2)NC(=O)CNC(=O)[C@H](CC(N)=O)NC1=O,0
CC(=O)N[C@H]1CSC(=O)[C@H](Cc2ccccc2)NC(=O)[C@H](Cc2ccc(O)cc2)NC(=O)[C@H](C)NC(=O)[C@H](CC(N)=O)NC1=O,0
CC(C)C[C@@H]1NC(=O)CNC(=O)[C@H](Cc2ccc(O)cc2)NC(=O)CNC(=O)[C@@H](N)CSSC[C@@H](C(=O)O)NC1=O,0
CC(C)C[C@@H]1NC(=O)[C@H](C)NC(=O)CNC(=O)[C@@H]2CCCN2[C@H](C(=O)NC(C)(C)C)[C@H](C)NC(=O)[C@H](CCCCN)NC1=O,0
CC(C)C[C@H]1NC(=O)CNC(=O)[C@@H](CO)NC(=O)[C@H](CC(=O)O)NC(=O)[C@H](Cc2c[nH]c3ccccc23)NC1=O,0
CC(C)C[C@H]1NC(=O)[C@H]([C@H](C)O)NC(=O)[C@@H](C)NC(=O)[C@H](CC(=O)O)NC(=O)[C@H](Cc2c[nH]c3ccccc23)NC1=O,0
Oc1onc(-c2ccccc2)c1-c1ccccc1,0
Cn1c(-c2ccccc2)nnc1-c1ccccc1C(F)(F)F,0
CC(C)(NC(=O)c1cccc(C(F)F)c1F)[C@@H]1CCCCO1,0
N#Cc1ccc2c(c1)CN(c1ccc3[nH]nc(C4CC4)c3c1)C2=O,0
Cc1ccc(O)c(/N=C/c2coc3ccc(C)cc3c2=O)c1,0
Cc1c(C(=O)N(C(C)C)[C@@H]2CCNC2)ccc(Cl)c1Cl,0
N#Cc1ccc2[nH]c(-c3ccncc3)c(-c3ccncc3)c2n1,0
O=C(OCc1ccc(Cl)c(Cl)c1)c1ccccn1,0
Oc1cc(Cc2ccccc2)nc(SC2CCCCC2)n1,0
Cc1ccc(C(=O)CSc2nc3ccccc3[nH]2)cc1,0
C[C@@H]1[C@H](c2ccccc2)OCCS(=O)(=O)N1Cc1ccccc1,0
COc1cccc2c1ccn2S(=O)(=O)c1ccccc1,0
Cc1ccc(NC(=O)C2CCN(C(=O)c3ccccc3C)CC2)nc1,0
COc1cccc(NC2=C(C)C(=O)c3ccccc3C2=O)c1,0
COc1ccccc1S(C)(=O)=Nc1ccc2c(c1)CN(C)C(=O)N2,0
Cc1ccc(C(=O)Nc2ccccc2N2CCCCC2)o1,0
COC(=O)c1cc2nc(-c3ccccc3)cc(C(F)(F)F)n2n1,0
COC(=O)c1ccc2cc(C(=O)Nc3ccccc3)ccc2c1,0
O=C(NC12CC3CC(CC(C#Cc4ccccn4)(C3)C1)C2)c1cnccn1,0
COc1cc(-c2cccc(Cl)c2)cc2c1OCCN(C(C)=O)C2,0
CC1=NNC(=O)C1C(c1ccccc1)C1C(=O)NN=C1C.O=C(O)C(=O)O,0
Cc1[nH]c(=O)[nH]c(=O)c1CC(=O)N1CCNC(=O)[C@@H]1c1cccc(F)c1,0
O=C(c1ccsc1)c1cnc(N[C@H]2O[C@H](CO)[C@@H](O)[C@H](O)[C@@H]2O)s1,0
CS(=O)(=O)NCC(=O)N[C@H]1CC[C@]2(CC1)CNC(=O)c1ccccc1O2,0
Cc1ccc(S(=O)(=O)n2c3c([nH]c2=O)C(C(N)=O)=NC(C)(C)N3)cc1,0
CNc1nc(Cl)nc2c1ncn2[C@@H]1O[C@H](C(=O)NC2CC2)[C@@H](O)[C@H]1O,0
NC(=O)c1nc(/C=C/c2ccc(C(F)(F)F)cc2)n([C@@H]2O[C@H](CO)[C@@H](O)[C@H]2O)n1,0
OC[C@H]1O[C@@H](n2cnc3c(NC4COc5ccccc5C4)ncnc32)[C@H](O)[C@@H]1O,0
CSc1ccc(-n2cc(-c3cn([C@H]4C[C@H](O)[C@@H](CO)O4)c(=O)[nH]c3=O)nn2)cc1,0
Cc1cn([C@@H]2C[C@H](O)[C@@H](CNC(=S)NCc3ccccc3)O2)c(=O)[nH]c1=O,0
CCN(CC)Cc1c(O)ccc2ccccc12,0
O=CNc1ccccc1Oc1ccccc1,0
O=[N+]([O-])c1ccc(F)cc1-c1ccsc1,0
CC(=O)c1cccc(Nc2ccc(C#N)cc2)c1,0
OCCc1ccc(/C=C/c2ccccc2)cc1,0
C[C@@H](C1CC1)N1CCOC2(CCCCCC2)C1,0
CCCCN1CC(Cl)CC(C)(C)C1,0
N#CC1C2CCC(C2)C1C(=O)c1ccccc1,0
O=C(/C=C/c1cccnc1)c1ccccc1,0
O=C(O)Cc1ccc(Cl)cc1Cl,0
O=c1cc(-c2ccc3c(c2)CCO3)[nH]c2c(-c3ccccn3)cnn12,0
CN1C(=O)N(c2ccc(C#Cc3cccc(F)c3)nn2)[C@@H]2CCC[C@@H]21,0
O=C1c2ccc(O)c(O)c2C(=O)N1Cc1ccc(F)cc1Cl,0
Cc1c(C(=O)N2CCc3ccccc3C2)cnn1-c1ncc(Cl)c(=O)[nH]1,0
O=C(c1csnn1)N1CCC2(CCCN(c3ccncc3)C2)CC1,0
CNc1nc(C)c(C(=O)N2CCC3(CC2)c2ccccc2C[C@@H]3O)s1,0
Cc1noc(CNC(=O)N2Cc3cc(Br)ccc3C[C@@H]2C)n1,0
C[C@@H]1CCN(C(=O)CC#N)C[C@@H]1n1cc(C#N)c2cnc3[nH]ccc3c21,0
C/C=C1\C(=O)OC[C@H]2[C@@H]3Cc4c(n(C)c5ccc(OC)cc45)[C@H](C[C@@H]12)N3,0
Cc1ccc2c(c1)C(NC(=O)c1ccc(C(F)(F)F)[nH]c1=O)C(C)O2,0
Cc1c(C(=O)N(C)C)c2cc(Cl)ccc2n1O,0
c1[nH]nc2c1CCc1c-2[nH]c2cc3c(cc12)OCCO3,0
O=c1oc2cc(O)c(O)cc2c2cc(F)ccc12,0
Cc1cccc(-n2c(N)nc3ccc(O)nc32)c1F,0
C=C1[C@@H]2OC(=O)[C@H]3c4c(C)cccc4[C@@H]4CC[C@]1(O)C[C@@]243,0
O=C(ONC1=NCCCCC1)c1c(F)cccc1F,0
COC(=O)c1oc2nc(C)cc(C)c2c1N,0
Oc1ccc2c(c1)Sc1nccnc1N2,0
Oc1ccc2c(c1)CC1c3cc(O)c(O)cc3CCN1C2,0
C/C=C1\C[C@H]2C=Nc3c(ccc(OC)c3O)C(=O)N2C1,0
CC1=NN(C(N)=S)C(=O)C1N=Nc1ccccc1Cl,0
Cc1ccc(/N=C2\NC(=O)C(N)=C2C(=O)Nc2ccccc2)cc1,0
Cc1cccn2c(=O)c3cc(C(=O)O)c(=N)n(-c4ccccc4)c3nc12,0
O=C(O)C(=O)O.O=C(c1ccccc1)N1CCN(C2CCCCCC2)CC1,0
CC[C@@]1(O)C(=O)OCc2c1cc1n(c2=O)Cc2c-1nc1ccccc1c2CN,0
CC[C@@]1(O)C(=O)OCc2c1cc1n(c2=O)Cc2c-1nc1ccccc1c2N,0
N=C(N)N/N=C/c1c(-c2ccsc2)nc2sccn12,0
COc1ccc(NC(=S)NC(=O)c2cnn(C)c2)cc1,0
Cl.N=C(N)N/N=C/c1cc2c(cc1Br)OCO2,0
COC(=O)c1n[nH]c(NC(=O)c2ccc(Cl)cc2)n1,0
Nc1nc(N2CCNCC2)c2oc3ccc(F)c(F)c3c2n1,0
Oc1ccc2[nH]c3c(c2c1)CCNC3c1cncnc1,0
COc1ccc2c3c1CCCC3CN(C(=N)NO)C2,0
Oc1nc2cc(Br)c3c(c2nc1O)CNCC3,0
Cc1c(C(=O)O)sc2[nH]c(=S)[nH]c(=O)c12,0
O=C1C=C2C[C@]3(O)COc4cc(O)ccc4C3=C2C=C1O,0
CN(C)c1ccc2nc(N)nc(N)c2c1Cl.Cl,0
CC1=CC2=NC(=O)/C(=C/c3ccc(O)c(O)c3)C(=N)N2O1,0
CC(C)n1ncc2c3c(N)nc(N)nc3ccc21,0
Cc1nc(N)sc1C(=O)N1CC[C@H](O)CC(C)(C)C1,0
O=C(/C=C1\NCC2c3ccccc3CCN2C1=O)c1ccccc1[N+](=O)[O-],0
CCOC(=O)c1csc(-c2cn(C)c3c2C(=O)C(OC)=CC3=O)n1,0
COc1ccc(-c2noc(C(=O)N/N=C/c3ccc(O)cc3)n2)cc1,0
Cc1noc(C)c1CS(=O)(=O)CC(=O)N1c2ccccc2CC1C,0
COc1cc(OC)c(C2C(C#N)=C(C)NC(C)=C2C#N)c(C(=O)O)c1,0
CCOCC1COc2c(cc3[nH]cc(C(=O)O)c(=O)c3c2Cl)O1,0
Cc1cccc(CN2C[C@@H](C(=O)O)C[C@H](C(=O)Nc3ccc(C)nc3)C2)c1,0
CCCc1c(Cn2ccnc2-c2ncccc2F)ncn2nc(N)nc12,0
CC(=O)c1c(C)[nH]c(C(=O)OCC(=O)c2ccc3c(c2)NC(=O)CO3)c1C,0
Cn1c(SCC(=O)NC2CCCCCC2)nnc1-c1ccco1,0
O=C(/C(=C\c1ccc(Cl)cc1)SCc1ccccc1Cl)c1ccc(Cl)cc1,0
Cl.Clc1ccc(C2CCC(NCCCC3CCCCC3)c3ccsc32)cc1Cl,0
CC(C)c1ccc(-c2sc(N)c(C(=O)c3ccc(Cl)cc3)c2CC(C)(C)C)cc1,0
CC/C(=C(/c1ccccc1)c1ccc(NC(=O)C(C)C)cc1)c1ccc(Cl)cc1Cl,0
CC1(c2ccc(-c3ccccc3)cc2)CC(c2ccc(-c3ccccc3)cc2)=CC=C1C=O,0
CC1=C(C/C=C(\C)CC/C=C(\C)Cc2cccc(C(C)(C)C)c2)C(=O)c2ccccc2C1=O,0
CC(C)CCC[C@@H](C)C1=CC[C@@]2(C)[C@@H]3CC[C@H]4C(C)(C)[C@@H](O)CC[C@@]45C[C@@]35CC[C@]12C,0
CC(C)Cc1ccc(C(C)c2nc3ccccc3n2Cc2c(Cl)cccc2Cl)cc1,0
CC/C(=C/c1ccccc1)c1cc(Oc2ccccc2)cc2oc3ccccc3c12,0
C=C/C(C)=C/CCC(C)[C@H]1CC[C@@]2(C)[C@@H]3CC[C@H]4C(C)(C)[C@@H](O)CCC45CC35CC[C@]12C,0
C[C@H]1C[C@@H](O)CC(C)(C)C1,0
O=C1CSCc2sccc21,0
Clc1cccc(Cl)n1,0
OC1C2CC3CC(C2)CC1C3,0
CN1CC23CC4CC2(CC4C3)C1.Cl,0
Cc1ccc2ccccc2[n+]1C,0
CP(C)(=S)P(C)(C)=S,0
O=C1CCCCCCC1,0
C[C@@H]1NC[C@@]2(c3cccs3)C[C@@H]12,0
CC1=CC[C@@H](C(C)(C)O)CC1,0
C#CCCC[C@@H]1OC(=O)[C@H]1CCCCCCCCCCCC,0
C#C[C@@H](O)/C=C/CCCCCCCCCCCCCC(C)C,0
C#C[C@H](O)/C=C/CCCCCCCCCCCCCC(C)C,0
C/C(=C\CO)CCCC(C)CCCC(C)CCCC(C)C,0
C=C1C(=O)OC(CCCCCCCCCCCCC)C1CC,0
C=CC(C)(O)CCCC(C)CCCC(C)CCCC(C)C,0
C=CCCCCCCCC1=NC(CCCCC=C)CC1,0
C=CCCCCCCCC1CCC(CCCCC=C)N1,0
C=CCCCCCCCCCCCC1CCC(CC)N1,0
C=CC[N+](C)(CC=C)CCCCCCCCCCCC,0
COc1ncc(Nc2ncc([C@@H](C)N3CCN(S(C)(=O)=O)CC3)cc2-c2nc(C)nc3[nH]cnc23)cc1F,0
CCCn1c(=O)c2cnc(Nc3ccc(N4CCN(C)CC4)cc3)nc2n1-c1cccc(C(C)(C)O)n1,0
CC(=O)NC[C@H]1CN(c2ccc(-c3ccc(/C=N/N4CCN(C(=O)c5ccco5)CC4)cc3)c(F)c2)C(=O)O1,0
CCc1nc2c(C)cc(N3CCN(CC(=O)N4CC(O)C4)CC3)cn2c1N(C)c1nc(-c2ccc(F)cc2)c(C#N)s1,0
CN(C)CCn1cc(Nc2ncc3c(n2)-c2c(nn(C)c2-c2ccc(-c4cnn(C)c4)cc2)CC3)cn1,0
CCOC(=O)N1CCN(C(=O)C[C@@H]2C[C@@]3(C(=O)OC)CCCCC=C3N(Cc3ccc4c(c3)OCO4)C2=O)CC1,0
Cc1nc(C(=O)NCCCOc2no[n+]([O-])c2S(=O)(=O)c2ccccc2)cc2c1[nH]c1ccccc12,0
O=c1c(Br)cn(Cc2cn(-c3ccc(Cl)cc3)nn2)c(=O)n1Cc1cn(-c2ccc(Cl)cc2)nn1,0
COc1ccc(C[C@H]2NC(=O)/C=C/C[C@@H](c3cccc([N+](=O)[O-])c3)OC(=O)[C@H](CC(C)C)OC(=O)CCNC2=O)cc1,0
C[C@@H]1CN([C@@H](C)CO)C(=O)CCCn2nncc2CO[C@H]1CN(C)C(=O)Nc1ccc(N2CCCCC2)cc1,0
CC(=O)Nc1ccn(C2CC3OCC(NC(=O)C(Cc4ccccc4)NC(=O)OC(C)(C)C)C3O2)c(=O)n1,0
CC(=O)Nc1ccc(S(=O)(=O)NC2(C(F)(F)F)C(=O)Nc3c2c(=O)[nH]c(=O)n3Cc2cccnc2)cc1,0
NC(=O)c1cccc2cc(C(=O)N3CCN(c4nc(-c5ccc(N)nc5)nc(N5CCOCC5)n4)CC3)oc12,0
CC[C@@]1(O)C(=O)OCc2c1cc1n(c2=O)Cc2c-1nc1ccccc1c2/C=N\NC(=O)C(N)Cc1c[nH]cn1,0
COc1ccc2c(c1)C(=O)N(C[C@@]1(C#Cc3ccc(-n4cnc(CCNC(C)=O)c4)cc3)NC(=O)NC1=O)C2,0
COc1ccc2c(c1F)C(=O)N(C[C@@]1(C#Cc3ccc(N4C(=O)CCC4C(=O)NC4CC4)cc3)NC(=O)NC1=O)C2,0
COC(=O)[C@@]12OC[C@]34[C@H](CC(=O)[C@H](OC(=O)/C=C(\C)C(C)C)[C@@H]13)C[C@@H](C(C)=O)[C@](C)(CC(=O)O)[C@H]4[C@@H](O)[C@@H]2O,0
COc1ccc(COC(=O)NN=C2CC(O)C(O)C3C2CCC2C(=O)N(CC4CCCO4)C(=O)C23)cc1,0
COc1ccc2c(c1)C(=O)N(CC1(C#Cc3ccc(/N=C(\NC#N)NC4CC4)cc3)NC(=O)NC1=O)C2,0
C[C@]1(COC(=O)Cc2ccc(O)c(O)c2)[C@H](C(=O)O)N2C(=O)/C(=C/c3cc(Br)ccn3)[C@H]2S1(=O)=O,0
CC(=O)c1cc(-c2csc(NC(=O)C(=O)O)n2)ccc1O.NCCO.NCCO,0
CC(C)[C@@H]1NC(=O)c2cc([N+](=O)[O-])cc(F)c2NCCC[C@@H](C(N)=O)NC(=O)[C@H](CO)NC1=O,0
CC1=C(C(=O)NNC(N)=S)C(c2ccc([N+](=O)[O-])cc2)C(C(=O)NNC(N)=S)=C(C)N1,0
CCNC(=O)[C@H]1OC(n2cnc3c(N)nc(C#Cc4ccc(N)cc4)nc32)[C@H](O)[C@@H]1O,0
CCNC(=O)[C@H]1O[C@@H](n2cnc3c(N)nc(C#CC4(N)CCCCC4)nc32)[C@H](O)[C@@H]1O,0
CN(C)[C@@H]1C(=O)C(C(N)=O)=C(O)[C@@]2(O)C(=O)C3=C(O)c4c(ccc(NC=O)c4O)CC3CC12,0
CN(C)c1ccc(Nc2nc(N3C[C@H](N)C[C@H](N)C3)nc(N3C[C@H](N)C[C@H](N)C3)n2)cc1,0
CN(CC(=O)Nc1c(S(N)(=O)=O)cc(S(N)(=O)=O)c(Cl)c1Cl)C(=N)N,0
CN(NC(=O)Nc1ccccc1)c1nc(N)c2ncn([C@@H]3O[C@H](CO)[C@@H](O)[C@H]3O)c2n1,0
COc1ccc(Nc2nc(N3C[C@H](N)C[C@H](N)C3)nc(N3C[C@H](N)C[C@H](N)C3)n2)cc1,0
Cc1ccc(-c2nc(CSCC(=O)NCC3CCCO3)c(C)o2)cc1,0
COc1ccc(C)cc1NC(=O)CNC(c1ccccc1)c1ccccc1,0
COCCNc1nnc(SCC(=O)N(C)c2c(N)n(Cc3ccccc3)c(=O)[nH]c2=O)s1,0
CC(C)(C)OC(=O)[C@H](CCCCN)NC(=O)[C@@H](Cc1c[nH]c2ccccc12)NC(=O)C1CCN(S(=O)(=O)c2ccccc2)CC1,0
CC(C)Oc1cc(-n2cnc3cnc(N[C@@H](C)c4ncc(F)cn4)nc32)n[nH]1,0
CCc1cc(-c2cccc(N)n2)c(OC)cc1CN(C)C,0
CC(NS(C)(=O)=O)c1ccc(-c2c(O)ccc3[nH]c(=O)c4sccc4c23)cc1,0
N#Cc1c(N)nc2sc(C(=O)c3ccccc3)c(N)c2c1-c1ccccc1I,0
Cc1nc(NC(=O)Nc2cccc(C(F)(F)F)c2)sc1-c1ccc2c(/C=C/c3ccccn3)n[nH]c2c1,0
C/C=C1\CN2[C@H]3C[C@@]45c6ccccc6N(C)[C@@H]4[C@@H]2C[C@@H]1[C@@]3(C(=O)OC)C5OC(C)=O,0
CC(=O)N[C@H]1[C@@H](OCc2ccccc2)O[C@H](CO)[C@@H](O)[C@@H]1OCC(=O)N[C@H](CO)C(=O)N[C@H](CCC(=O)O)C(N)=O,0
CC(=O)[C@]1(OCCCCCCNC(=O)[C@H](CCC(N)=O)NC(=O)[C@@H](C)N)O[C@@H](CO)[C@H](O)[C@@H](O)[C@H]1O,0
CC(=O)[C@]1(OCCCCCCNC(=O)[C@H](CCC(N)=O)NC(=O)[C@H](C)N)O[C@@H](CO)[C@H](O)[C@@H](O)[C@H]1O,0
CC(=S)NCCCC[C@H](NC(=O)[C@H](CC(=O)O)NC(=O)[C@@H](N)CO)C(=O)N[C@H](C(=O)O)[C@@H](C)O,0
CCCCOC(=O)[C@@H](CCC(N)=O)NC(=O)[C@H](C)NC(=O)[C@@H](C)O[C@H]1[C@H](O)[C@@H](CO)OC(O)[C@@H]1NC(C)=O,0
CCCCOC(=O)[C@@H](CCC(N)=O)NC(=O)[C@H](C)NC(=O)[C@@H](C)O[C@H]1[C@H](O)[C@@H](CO)O[C@H](O)[C@@H]1NC(C)=O,0
CCCCOC(=O)[C@H](CCC(N)=O)NC(=O)[C@H](C)NC(=O)[C@@H](C)OC1C(O)C(CO)OC(O)C1NC(C)=O,0
CCCOC(=O)[C@H](CCC(N)=O)NC(=O)[C@H](C)NC(=O)[C@@H](C)OC1C(O)C(CO)OC(O)C1NC(C)=O,0
CCOC(=O)[C@@H](NC(=O)C(CO)(CO)NC(=O)CCCC(=O)O)[C@@H](C)O[C@@H]1O[C@@H](C)[C@@H](O)C(O)C1O,0
CCOC(=O)[C@@H](NC(=O)[C@H](NC(=O)CCCC(=O)O)[C@@H](O)CO)[C@@H](C)O[C@@H]1O[C@@H](C)[C@@H](O)C(O)C1O,0
O[C@H]1[C@H](O)[C@H](O)C[C@H](O)[C@H]1O,0
O[C@@H]1[C@@H](O)[C@@H](O)C[C@H](O)[C@H]1O,0
O[C@H]1[C@H](O)[C@@H](O)[C@@]2(O)C[C@@H](O)[C@@H]1N2,0
O[C@H]1[C@@H](O)[C@H](O)C[C@H](O)[C@@H]1O,0
O=C1NC[C@@H]2[C@@H](O)[C@H](O)[C@@H](O)[C@@H](O)N12,0
CC(=O)N[C@H]1CNC[C@H](O)[C@@H](O)[C@@H]1O,0
O=C(O)[C@@H]1NC[C@H](O)[C@@H](O)[C@H]1O,0
NC1(O)C(=O)NC(=O)NC1=O,0
OC[C@@H]1NC[C@@H](O)[C@H](O)[C@@H]1O,0
O[C@@H]1[C@@H](O)[C@H](O)[C@H](F)[C@H](O)[C@H]1O,0
CC(=O)NCC1NCC(O)[C@@H](O)[C@@H]1O,0
CC(=O)N[C@H]1C(O)N[C@H](CO)[C@@H](O)[C@@H]1O,0
CC(=O)N[C@H]1CN[C@H](CO)[C@@H](O)[C@H]1O,0
C[C@@H]1[C@@H](O)[C@@H](O)[C@@H]2[C@H](O)[C@H](O)[C@@H](CO)N21,0
C[C@]1(O)CN2C[C@H](O)[C@H](O)[C@@H]2[C@@H](O)[C@@H]1O,0
N=C1N[C@H](CO)[C@H](O)[C@H](O)[C@H]1O,0
NC(=O)[C@H]1ONC(=O)[C@@H]1N,0
NC[C@@H]1N[C@@H](CO)[C@H](O)[C@H]1O,0
NC[C@H]1N[C@@H](CO)[C@H](O)[C@H]1O,0
NC[C@H]1N[C@H](CO)[C@H](O)[C@H]1O,0
Cc1ccc(C(=O)NCc2cccc(C(F)(F)F)c2)cc1Nc1ncnc2cnc(N3CCCCC3)nc12,0
CCOC(=O)[N-]c1sn[n+](C)c1C,0
CN1C(=O)/C(=C\NN2CCOCC2)C(=O)NC1=S,0
CC(C)[C@H](NC(=O)[C@H](Cc1ccc(O)cc1)NC(=O)[C@@H](N)CCC(=O)O)C(=O)N[C@@H](CC(N)=O)C(=O)N[C@@H](C)C(=O)N[C@@H](CC(N)=O)C(=O)N[C@@H](CO)C(=O)N[C@@H](CO)C(=O)N[C@@H](CCC(=O)O)C(=O)N[C@@H](CO)C(=O)N[C@@H](CO)C(=O)N[C@@H](CCC(=O)O)C(=O)N[C@@H](CCC(=O)O)C(=O)N[C@@H](CC(=O)O)C(=O)N[C@H](C(=O)N[C@H](C(=O)N1CCC[C@H]1C(=O)N[C@@H](CC(N)=O)C(=O)N[C@@H](CCC(=O)O)C(=O)N[C@H](C(=O)O)[C@@H](C)O)[C@H](C)O)[C@@H](C)O,0
O=C(O)Cc1cccc(OCC2CCN(c3nc4ccc(Cl)cc4s3)CC2)c1,0
CCOC(=O)c1ccc(NC(=O)C2c3cccc(OCCC4CCN(C)CC4)c3CC(C)(C)N2C(=O)/C=C/c2c(-n3cnnn3)ccc(Cl)c2F)cc1,0
COc1cccc(-c2cc(C(=O)N3N=C(C)CC3(O)C(F)F)[nH]n2)c1,0
CCOC(=O)C1=C(C)N=C(C)N(C(=O)OCC)C1c1cccc([N+](=O)[O-])c1,0
COCCNC(=O)CN1C(=O)CC(C)(C)Sc2ccccc21,0
O=C(OCC1c2ccccc2-c2ccccc21)N1CCC[C@H]1C(=O)n1nnc2ccccc21,0
COc1cccc2[nH]ccc12,0
CC1(C)OCC[C@@H]1[Si](C)(C)C,0
N#Cc1c(F)c(F)c(F)c(F)c1C#N,0
COc1cc(Cl)ccc1O,0
CC1=CCC(c2cccs2)OC1=O,0
Fc1cccc(C2=NCCC2)c1,0
N#Cc1cc2c(nc1S)CCCC2,0
C=C(C)[C@@H]1CC[C@@H](C)C(=O)C1,0
Cc1ccc(C2=CN3CCC2CC3)o1,0
Cc1cc(=O)n(-c2ccccc2)s1,0
N#CCc1cccc(C(F)(F)F)c1,0
ClC=C(Cl)Cl,0
C=C(C)C1Cc2ccccc2O1,0
Cc1ccc2ccc(Cl)cc2n1,0
c1ccc2c(C3CCO3)cccc2c1,0
S=C(S)OC1CCCCC1,0
CC(C)(C)C(=O)c1ccccc1,0
C[C@@H]1CCC[C@]2(C)CCCC[C@@]12O,0
C1CCCCCCC1,0
CC(C)[C@H]1CC[C@H](C)CC1=O,0
C[C@H]1C[C@@H](c2cccnc2)N(C)C1,0
Cc1cc([C@H]2CCCN2C)sn1,0
CC1(C)CCCC2(C)OC(=O)CC12,0
CC1C=C(c2cccc(F)c2)C(=O)O1,0
O=c1ccsn1-c1cccc(F)c1,0
CN1CCC(c2cccc(O)c2)CC1,0
O=c1cc1-c1ccc2ccccc2c1,0
CC(=O)N1c2ccccc2[C@@H](C)[C@@H]1C,0
c1ccc2c(c1)CCCN2,0
CC(=O)SCc1ccco1,0
N#Cc1csc2c1CCCC2,0
Fc1ccccc1C1Cc2nccn2C1,0
c1ccc2c(c1)Cc1cnccc1-2,0
CN1CCCC2c3ccccc3CCC21,0
C1=C(c2ccccc2)c2nccn2CC1,0
Cc1cc2c(cc1C)C(=O)CCC2,0
S=C(c1ccccc1)N1CCCC1,0
CN1CCCC1c1ccccc1,0
O=c1oc(Cl)ccc1C1CCCC1,0
Cc1sc(-c2ccccc2)nc1O,0
c1ccc(C2CCCC2)cc1,0
Cc1cncc(-c2ccsc2)c1,0
CN(C)c1cccc2ccccc12,0
Cc1cc2nccc(C)c2cc1C,0
O=Cc1ccc(F)c2ccccc12,0
CC#Cc1ccc2ccccc2c1,0
Cc1cscc(C)c1=S,0
Fc1ccc(-c2ccsc2)cn1,0
CCc1cccc2ccccc12,0
Cc1ccc(C)c2c(C)ccnc12,0
c1ccc(-c2nc(-c3ccc4nc[nH]c4c3)no2)cc1,0
COc1cc2c(c(O)c1OC)Oc1ccccc1CC2,0
CC1=C(C)C(=O)c2c(cc3ccccn23)C1=O,0
Clc1nnc2c3ccccc3ccn12,0
CCc1nsc(N2CCc3sccc3C2)n1,0
Cc1cc(-c2ccc(C#N)cc2)n2ncnc2c1,0
Cc1ccccc1-c1ccc(N2CCC(O)CC2)nn1,0
CCn1cc(C(=O)N2CCCCC2)c2ccccc21,0
c1ccc2nc(N3CCCC3)c(N3CCCC3)nc2c1,0
COc1cc2c(cc1OC)[C@H](C)N(C)CC2.Cl,0
N#Cc1ccccc1-c1ccccc1,0
C=C(c1ccccc1)c1ccccn1,0
C/C=C(C)/C=C/C=C(C)C,0
C(=N/c1ccccc1)\c1ccccc1,0
Oc1ccccc1-c1ccccc1,0
C1C2CC3CC1CC(C2)C3,0
Clc1cccc2cc[nH]c12,0
C=Cc1ccc(C=C)cc1,0
CC(=O)/C=C/c1ccc(Cl)cc1,0
C[C@@H](O)c1cccc2ccccc12,0
C/C=C/CSSC/C=C/C,0
C=C(CC)Cc1ccc(OC)cc1,0
C=C/C=C\C=C\[PH](=O)/C=C/C,0
C=CCCCCCC,0
C=CCCCn1ccc2ccccc21,0
CC#CCCCc1ccccc1,0
CC(=O)C(F)(F)CCC(C)(C)C,0
CC(=O)CC(C)(C)C1CCCCC1,0
CC(C)N(c1ccccc1)C(C)C,0
CC(C)SSc1ccccn1,0
C#CCN(C)C(C)CCCCCCCCCC,0
C#CCN(C)C(C)CCCCCCCCCC.Cl,0
C/C=C/C/C=C\CCCCCCCCOC(C)=O,0
C=CCCCCCCCCCCC1=C[C@H](C)OC1=O,0
C=CCc1ccc(OCCCCCCCC)c(OC)c1,0
CC(C)(CO)CCCCCCCCCC(C)(C)CO,0
CC/C=C/CCCCCCCCCCOC(C)=O,0
CC/C=C\CCCCCCCCCCOC(C)=O,0
CCCCC(CC)CNCC(CC)CCCC,0
CCCCCCC/C=C\CCCCC1CCC(=O)O1,0
C#CC(O)c1cccc(CCCCCCCCCCCCCC)c1,0
C#C[C@H](O)CCCCCCCCCCCCC(C)CCCC,0
C#C[C@H](O)CCCCCCCCCCCCCCCC(C)C,0
C/C(=C\COC=O)CCCC(C)CCCC(C)CCCC(C)C,0
CC(C)CCCC(C)CCCC(C)CCCC(C)CC(=O)O,0
CC(C)CCCC(C)CCCC(C)CCCC(C)CCO,0
CC(C)CCCCC/C=C\CCCCCCc1ccc(C=O)[nH]1,0
CC(C)CCCCCCCCC/C=C\CCc1ccc(C=O)[nH]1,0
CC(C)CCC[C@@H](C)CCC[C@@H](C)CCCC(C)CC(=O)O,0
CCCCCCCCCCCCCCCC[C@]1(O)C=CC(=O)C1,0
C=CCCCCC1CCC(CCCCCCCCC)N1,0
CC(C)(CO)CCCCCCCCCCCC(C)(C)CO,0
CC/C=C/C/C=C/C/C=C/C/C=C/C/C=C/CCCC(N)=O,0
CCCCC/C=C\C/C=C\C=C\C=C\C(O)CCC/C=N/O,0
CCCCC/C=C\C/C=C\C=C\C=C\[C@@H](O)CCC/C=N/O,0
CCCCC/C=C\C/C=C\C=C\C=C\[C@H](O)CCC/C=N/O,0
CCCCCC/C=C/C=C\C/C=C\C/C=C\CCCNO,0
Clc1cccc(-c2csc(N/N=C/c3ccc4ccc5cccc6ccc3c4c56)n2)c1,0
CC(C)C1C(=O)OC2C(C)CNC2C(=O)NCCCCN1C,0
Cc1ccn2nc([C@H](C)Nc3ncnc4[nH]cc(-c5cc(O)cc(NS(=O)(=O)c6ccc(O)cc6)c5)c34)n(-c3ccccc3)c(=O)c12,0
CCN1CCc2c(Cl)cccc21,0
CSc1nc2ccccc2s1,0
Cc1cc(Cl)cc(Cl)c1O,0
Cc1ccc(Br)cc1,0
CC(C)c1ccc2c(c1O)[C@H](C)C2,0
C[C@@H]1[C@@H](O)CC[C@]2(C)CCCC[C@@H]12,0
COC1C=C(C)CCC1C(C)C,0
CCc1ccc(O)c(C(C)C)c1,0
c1cncc(-c2ccsc2)c1,0
Cc1cc(C)c2ccccc2c1,0
C#Cc1cncc(-c2ccsc2)c1,0
C/C=C\c1ccc(OC)cc1,0
C=C(C)c1ccccc1,0
C=C1[C@@H]2CC[C@@H](C2)C1(C)C,0
C=CSc1ccccc1,0
C=Cc1cccc(CCl)c1,0
C=Cc1ccccc1C=C,0
C=Cc1ccccc1Cl,0
CC(=O)/C(C)=C/c1ccccc1,0
CC(=O)/C=C/c1cccc(Cl)c1,0
C1=C\SS/C=C\SS/1,0
C=C(C)/C=C/c1ccc2cc[nH]c2c1,0
C=CC1(C)CCC(C)(C)CC1,0
CC(C)=CCc1c[nH]c2ccccc12,0
C[Si](C)(C)OC=C1CCCCC1,0
Cc1cccc(Oc2ccccc2)c1,0
Cc1cscc1-c1ccccc1,0
Fc1ccc2c(c1)oc1ccccc12,0
c1ccc(-c2cs[s+]c2)cc1,0
CCCC(=O)Nc1n[nH]c2cc(-c3ccc(CC)cc3)ccc12,0
CCCCCCN(CCCCCC)CC(O)c1c(OC)ccc2ccccc12.Cl,0
CC1(C)OC2=C(C(=O)/C(=N\NC(=O)c3ccncc3)c3ccccc32)[C@H](n2cc(-c3ccccc3)nn2)[C@H]1Br,0
CCN(CCOC)Cc1cc(CC(C)C)nn1C,0
CCCCOc1ccc(C(=O)Nc2cccc3c2OC(c2nnn[nH]2)CO3)cc1,0
O=C1C(Cl)C(c2ccc(Cl)cc2)N1n1c(CSc2nnc(-c3ccncc3)o2)nc2ccccc2c1=O,0
C=CCC1(C#N)C(SC)=NC2=C(C(=O)CC(C)(C)C2)C1c1ccc(Br)cc1,0
CCN(/C(=N\O)c1ccnc(Oc2ccc(F)c(F)c2)c1)C(C)C,0
Cc1oc(-c2ccccc2)nc1CCOc1ccc(CC(OCC(C)C)C(=O)O)c2sccc12,0
COc1ccc(CCNc2nc(-c3ccccn3)cs2)cc1OC,0
N#CC1(c2ccc(-c3ccc4c(c3)C(=O)N(Cc3ncccn3)CCO4)cc2)CCCC1,0
CCOC(=O)c1c(C)[nH]c(CCC(=O)Nc2c(C)cccc2CC)c1C,0
CCn1cc(CCCC(=O)NCc2ccc(OC)cc2)c2ccccc21,0
C#C/N=C(\NCCCCCCOc1ccc(Cl)cc1)Nc1ccncc1,0
O=C(NCc1ccc(OC2CCCC2)nc1)c1ccc(OCC2CC2)cc1,0
COc1cccc(-c2csc(NC(=O)CCCCCCS)n2)c1,0
C=CCNC(=O)C(C)(C)C(O)c1ccccc1/C=C/c1ccccc1,0
Cc1sc(C(C)C)c(/C=C/[C@@H](O)C[C@@H](O)CC(=O)O)c1-c1ccccc1,0
O=C(O)CCc1ccc(OCc2cccc(SCC3CC3)n2)c(Cl)c1,0
CC(=O)c1ccc(Nc2nc(C(N)CCc3ccccc3)cs2)cc1,0
C=CCc1cc(C(=O)c2ccccc2)c(O)cc1OCCCCC#N,0
O=C(O)c1ccc(C(F)F)s1,0
c1ccc2c(c1)nnc1ccccc12,0
O=Cc1cc2cnccc2s1,0
Fc1cccc(-c2c[nH]cn2)c1,0
c1cc(Sc2ccncc2)ccn1,0
CC1(C)C(=O)C(C)(C)C1=S,0
CNc1ccnc2cc(C)ccc12,0
OCc1csc(-c2cccs2)c1,0
Oc1cccc2ccoc12,0
CC1CN=C(Nc2ccccc2)S1,0
C#CCO/N=C(\C(=O)NC1C(=O)N2C(C(=O)O)=C(Sc3cc(N)nc(N)n3)CSC12)c1csc(N)n1,0
C/C1=C/CC[C@@]2(C)O[C@H]2[C@H]2OC(=O)[C@@H](CN(C)[C@@H]3[C@@H](O)[C@H](O)[C@@H](CO)O[C@H]3O)[C@@H]2CC1.O=C(O)/C=C/C(=O)O,0
C/C1=C/CC[C@@]2(C)O[C@H]2[C@H]2OC(=O)[C@@H](CN[C@@H]3[C@@H](O)[C@H](O)[C@@H](CO)O[C@H]3O)[C@@H]2CC1.O=C(O)/C=C/C(=O)O,0
C=C1/C=C/COC[C@@H](C(=O)N[C@@H](CC(C)C)C(N)=O)NC(=O)[C@H]([C@@H](C)CC)NC(=O)[C@@H]2CCCN2C(=O)CNC(=O)C1,0
C=C[C@H]1[C@H](O[C@@H]2O[C@H](CO)[C@@H](O)[C@H](O)[C@H]2O)OC=C2C(=O)N(CC[C@@]3(O)C(=O)Nc4ccccc43)[C@H](OC)C[C@H]21,0
CC(/C=C/[C@@]1(O)C(C)(C)CCC[C@@]1(C)O)=C\C(=O)O[C@H]1[C@H](O[C@@H]2OC=C[C@H]3[C@H](O)[C@@H]4O[C@]4(CO)[C@@H]23)O[C@H](CO)[C@@H](O)[C@@H]1O,0
CC(/C=C/[C@@]1(O)C(C)(C)CC[C@@H](O)[C@@]1(C)O)=C\C(=O)O[C@@H]1C[C@](C)(O)[C@H]2[C@H](O[C@@H]3O[C@H](CO)[C@@H](O)[C@H](O)[C@H]3O)OC=C[C@H]21,0
CC(/C=C/[C@@]1(O)C(C)(C)C[C@H](O)C[C@@]1(C)O)=C\C(=O)O[C@@H]1C[C@](C)(O)[C@H]2[C@H](O[C@@H]3O[C@H](CO)[C@@H](O)[C@H](O)[C@H]3O)OC=C[C@H]21,0
CC(=O)N[C@@H](Cc1ccc(O)cc1)C(=O)N[C@@H]1CSSC[C@H](C(=O)O)NC(=O)[C@H]2CCCN2C(=O)[C@@H](CC(=O)O)NC1=O,0
CC(=O)N[C@@H](Cc1ccc(O)cc1)C(=O)N[C@H]1CSSC[C@@H](C(=O)O)NC(=O)CN(C)C(=O)[C@H](C)NC1=O,0
Cc1cccc(C(=O)NCc2cn3cccc(C)c3n2)c1,0
Cn1c(N)nc([C@H]2C[C@H]2c2cccc(Br)c2)cc1=O,0
CC(C)(C)OC(=O)N1Cc2[nH]c3ccccc3c2C[C@H]1C(=O)O,0
O=C(Nc1nccc2c1[nH]c1cc(F)ccc12)C1CC1,0
O=C(NC1CCCCC1)C1CCCN1C(=O)Nc1ccccc1,0
C=CCn1c(=O)[nH]c2sc(-c3ccc(Cl)cc3)cc2c1=O,0
C[C@@H]1CC(=O)c2c(coc2-c2c(O)cccc2O)[C@H]1O,0
N#Cc1c(N2CC3CCC(CC3)C2)[nH]c2cccnc12,0
Cc1cc2c(cc1C)NC(CC(=O)Nc1ccccc1)C(=O)N2,0
COc1cc(O)c(C(=O)N2CCC3(CCC3)C2)c(Cl)c1,0
C1=C2CCCC/C=C\C=C\CCN3CC[C@@H]4[C@H](CCCCCC/C=C\C=C/CCN(C2)C[C@H]14)C3,0
C1=C\CCCCC[C@H]2CN3CC/C=C\CCCCCC[C@@H]4C[C@@H](CN(CC/C=C\C/1)C4)[C@H]2CC3,0
C1=C\CCCCN2CC[C@H]3[C@H](CC/C=C/CCCCCCCCN4C[C@@H](CCCC/1)C[C@@H]3C4)C2,0
C1=C\CCCCN2C[C@H]3CCCC/C=C\CCCCN4CC[C@@H]([C@H](CCCCCC/1)C4)[C@H](C3)C2,0
C1=C\CCCC[C@@H]2CN3CCCC/C=C\CCCC[C@H]4C[C@H](CN(CCCCCC/1)C4)[C@H]2CC3,0
C1CCCCC2(CCCCCCCCC3(CCC1)SCCS3)SCCS2,0
C=C(C)[C@@H]1CC[C@]2(C)CC[C@]3(C)[C@@H](CC[C@@H]4[C@@]5(C)C=C(O)C(=O)C(C)(C)[C@@H]5CC[C@]43C)[C@H]12,0
C=C(C)[C@@H]1CC[C@]2(C)CC[C@]3(C)[C@@H](CC[C@@H]4[C@@]5(C)C=CC(=O)C(C)(C)[C@@H]5CC[C@]43C)[C@@H]12,0
C=C(C)[C@@H]1CC[C@]2(C)CC[C@]3(C)[C@@H](CC[C@@H]4[C@@]5(C)CCC(=O)C(C)(C)[C@@H]5CC[C@]43C)[C@H]12,0
C=C(C)[C@@H]1CC[C@]2(C)CC[C@]3(C)[C@H](CC[C@@H]4[C@@]5(C)CC/C(=N\O)C(C)(C)[C@@H]5CC[C@]43C)[C@@H]12,0
Cc1cc2c3cc(C(C)(C)C)ccc3n(Cc3cccc(Cl)c3)c2c2c1OC(C)(C)C=C2,0
Cc1ccc2c(c1)SC(c1ccc(Cl)cc1)C1C(=N2)c2ccccc2C1c1ccccc1,0
FS(F)(F)(F)(F)c1ccc2c(c1)[C@H]1[C@@H]3CC[C@@H](C3)[C@H]1[C@H](c1ccccc1)N2,0
Clc1ccc(/C=C2\CCCC3=C(c4ccc(Cl)cc4)Nc4ccccc4N=C32)cc1,0
Brc1ccc2oc(C3=Nc4ccccc4SC(c4ccccc4)C3)cc2c1,0
Cc1cc2c(cc1NC(=O)c1ccc3c(c1)C(C)(C)CCC3(C)C)C(C)(C)CCC2(C)C,0
Cc1cc2c3cc(C(C)(C)C)ccc3n(Cc3ccc(Cl)cc3)c2c2c1OC(C)(C)C=C2,0
C=C1CC[C@]2(C)[C@H]3CC=C4[C@@H]5CC(C)(C)CC[C@]5(C(=O)O)CC[C@@]4(C)[C@]3(C)CC[C@H]2C1(C)C,0
O=C1C(Cl)=C(Sc2c(Cl)c(Cl)c(Cl)c(Cl)c2Cl)C(=O)c2ccccc21,0
CC(C)[C@@]12CC[C@]3(C)[C@H]4CC[C@@H]5[C@@]6(C)CCC(=O)C(C)(C)[C@@H]6CC[C@@]5(C)[C@]4(C)CC[C@@]13O2,0
Brc1ccc(-c2cc(-c3c(-c4ccccc4)[nH]c4ccccc34)c(-c3ccc(Br)cc3)o2)cc1,0
CC(=O)Nc1cccc(-c2c[n+]3ccccc3s2)c1,0
COc1cccc(CNC(=O)Cn2c3ccccc3c3cn[nH]c(=O)c32)c1,0
COc1cccc2[nH]c(C(=O)N[C@@H](CC3CC3)C(=O)N[C@@H](C[C@@H]3CCNC3=O)C(O)S(=O)(=O)[O-])cc12.[Na+],0
CCOC(=O)COC(=O)OCn1cnc([C@@H](C)c2cccc(C)c2C)c1,0
Fc1ccc(Cn2c3ccccc3c3ccn4c[n+](-c5ccc(C(F)(F)F)cc5)cc4c32)cc1.[Cl-],0
CCN(CCOC)c1nc(N)nc(C(F)F)n1,0
CCOc1ccc(CCNC(=O)c2ccc(Cn3c(=O)c4cccn4c4cccnc43)cc2)cc1,0
CCOC(=O)C1CCN(c2ncnc3c2oc2ccc(Br)cc23)CC1,0
O=c1c(-c2cc(F)cc(F)c2)nc2cnc(N3CCOCC3)nc2n1CCc1ccccc1,0
N#CCn1nnc2cc3cccnc3c(Cl)c21,0
Cc1ccc(-c2ccc3nc[nH]c(=O)c3c2)o1,0
N#Cc1ccc(Cl)cc1[N+](=O)[O-],0
Cc1ccc(-c2cccc3ncnn23)cc1,0
C=C1[C@@H]2[C@H]3OC(=O)[C@@H](C)[C@@H]3CCC(=C)[C@@H]2C[C@H]1O,0
Cc1nc(N(C)C)nc(C)c1NC(=O)C(C)(C)C,0
Cc1ncn2c(Nc3cccs3)nncc12,0
Cc1nc(NC(=O)c2cnco2)ccc1Cl,0
c1ccc(-c2nnc(NC3=NCCC3)o2)cc1,0
O=C(O)c1ccccc1N1CCCCC1,0
C#C/C(=C\CCCCCC)c1cccc(Cl)c1,0
C(=C/C=C/c1ccccc1)\C=C\Cc1ccccc1,0
C/C=C(\C)CC/C=C/CO[Si](C)(C)C(C)(C)C,0
C=CCOc1ccc(C(C)(C)CC(C)(C)C)cc1,0
CC(C)CCC[C@@](C)(C1CCC(C)CC1)N(C)C,0
CC(C)[Si](OC1CCCC1)(C(C)C)C(C)C,0
CCC(C)SSSSC(C)CC,0
CCCC(C)(C)SSC(C)(C)CCC,0
CCCC(C)c1cccc(C(C)CCC)c1O,0
CCCC1C(CC)=CC(CC)=CN1c1ccccc1,0
c1ccc(CCNc2cccc3ccccc23)cc1,0
c1ccc(-c2ccsc2-c2ccccc2)cc1,0
CCc1ccc(/C=C/c2cc(C)c(O)c(C)c2)cc1,0
C(=C\c1ccco1)\c1ccc2ccccc2c1,0
CC1(C)CCC[C@@]2(C)[C@@H]3CC[C@@H]([C@@H]31)[C@@H]2CCCO,0
CC(c1cccc(C(C)C2CC2)c1O)C1CC1,0
Oc1c(C2CCCC2)cccc1C1CCCC1,0
CC(C)c1cccc(C(C)C2CCCC2)c1O,0
c1ccc(-c2c[nH]c(-c3ccccc3)c2)cc1,0
Fc1ccc(F)c(/C=C/c2ccccc2F)c1,0
CC(C)(C)c1ccc(-c2ccc3c(ccn3Cc3ccc(-c4ccoc4)cc3)c2)cc1,0
CC(C)=CCC[C@](C)(O)[C@H]1CC[C@]2(C)[C@@H]1CC[C@@H]1[C@@]3(C)CCC(=O)C(C)(C)[C@@H]3CC[C@]12C,0
C=CC[C@]1(O[Si](C)(C)C(C)(C)C)CC[C@H]2[C@@H]3CCc4cc(O)ccc4[C@H]3CC[C@@]21C,0
C[C@H](CCCC(C)(C)O)[C@H]1CC[C@H]2/C(=C/C=C3CCCCC3)CCC[C@]12C,0
CC(C)=CCC[C@H](C)[C@@H]1CC[C@]2(C)C3=C(CC[C@@]12C)[C@@]1(C)CC[C@H](O)C(C)(C)[C@@H]1CC3=O,0
CC1=CC(=O)[C@H]2C(C)(C)CCC[C@]2(C)[C@H]1/C=C/c1ccoc1SCc1ccc(Cl)cc1,0
CCC1=C(C)/C(=C/c2ccc(C(=O)Nc3ccc(C(F)(F)F)cc3)cc2)CCC1(C)C,0
Clc1ccc(C(c2ccc3nccc(/C=C/c4ccccc4)c3c2)c2cccs2)cc1,0
Cc1ccc(S/C(=C/c2ccc(Cl)cc2)C(=O)c2ccc(Br)cc2)cc1,0
Cc1ccc(/C=C(/SCc2ccc(Cl)cc2)C(=O)c2ccc(Cl)cc2)s1,0
C=C(C)[C@@H]1C/C=C(/C)CCCC2(CCC3=C(C[C@@H](C(=C)C)C/C=C(/C)CCC3)O2)C(=O)C1,0
CC(=O)O[C@H]1CC[C@]2(C)C3=CC=C4[C@@H]5CC(C)(C)CC[C@]5(C)CC[C@@]4(C)[C@]3(C)CC[C@H]2C1(C)C,0
CC(C)C1=C2CC[C@]3(C)[C@H]([C@H](O)C[C@@H]4[C@@]5(C)CCCC(C)(C)[C@@H]5CC[C@]43C)[C@@]2(C)CC1,0
CC(C)[C@H]1CC[C@@H]2[C@]1(C)CC[C@]1(C)C3=C(CC[C@@]21C)[C@@]1(C)CC[C@H](O)C(C)(C)C1CC3,0
CC1(C)CCC2(C)CCC3(C)C(=CCC4C5(C)CCC(O)C(C)(C)[C@@H]5CCC43C)C2C1,0
CC1(C)CC[C@H]2CC[C@]3(C)C(=CC[C@@H]4[C@@]5(C)CC[C@H](O)C(C)(C)[C@@H]5CC[C@]43C)[C@@H]2C1,0
CC1(C)CC[C@]2(C)CC=C3[C@]4(C)CC[C@H]5C(C)(C)[C@@H](O)CC[C@]5(C)[C@H]4CC[C@@]3(C)[C@@H]2C1,0
CC1(C)CC[C@]2(C)CC=C3[C@]4(C)CC[C@H]5C(C)(C)[C@H](O)CC[C@]5(C)[C@H]4CC[C@@]3(C)[C@@H]2C1,0
CC1(C)CC[C@]2(C)CC[C@@]3(C)C(=CCC4[C@@]5(C)CCC(O)C(C)(C)C5CC[C@@]43C)C2C1,0
CC1(C)CC[C@]2(C)CC[C@]3(C)C(=CC[C@@H]4[C@@]5(C)CC[C@@H](O)C(C)(C)[C@@H]5CC[C@]43C)[C@@H]2C1,0
C=C(C)[C@@H]1CC[C@]2(C)CC[C@]3(C)[C@H](CC[C@@H]4[C@@]5(C)CC[C@@H](O)C(C)(C)[C@@H]5CC[C@]43C)[C@@H]12,0
C=C(C)[C@@H]1CC[C@]2(C)CC[C@]3(C)[C@H](CC[C@@H]4[C@@]5(C)CC[C@@H](O)C(C)(C)[C@@H]5CC[C@]43C)[C@H]12,0
C=C(C)[C@@H]1CC[C@]2(C)CC[C@]3(C)[C@H](CC[C@@H]4[C@@]5(C)CC[C@H](O)C(C)(C)[C@@H]5CC[C@]43C)[C@H]2C1,0
C=C(C)[C@@H]1CC[C@]2(C)CC[C@]3(C)[C@H](CC[C@@H]4[C@@]5(C)CC[C@H](O)C(C)(C)[C@H]5CC[C@]43C)[C@@H]12,0
C=C(C)[C@H]1CC[C@]2(C)[C@H]3CC[C@@H]4[C@@]5(C)CC[C@H](O)C(C)(C)[C@@H]5CC[C@@]4(C)[C@]3(C)CC[C@@H]12,0
C=C1CC[C@]2(C)CC[C@]3(C)[C@H](CC[C@@H]4[C@@]5(C)CC[C@H](O)C(C)(C)[C@@H]5CC[C@]43C)[C@@H]2[C@@H]1C,0
C=C1CC[C@]2(C)CC[C@]3(C)[C@H](CC[C@@H]4[C@@]5(C)CC[C@H](OC(C)=O)C(C)(C)[C@@H]5CC[C@]43C)[C@H]2[C@@H]1C,0
CC(=O)O[C@H]1CC[C@]2(C)[C@H]3CC[C@@H]4[C@H]5[C@H](C)C(C)=CC[C@]5(C)CC[C@@]4(C)[C@]3(C)CC[C@H]2C1(C)C,0
CC(C)(O)[C@H]1CC[C@]2(C)[C@H]3CC[C@@H]4[C@@]5(C)CCCC(C)(C)[C@@H]5CC[C@@]4(C)[C@]3(C)CC[C@@H]12,0
CC(C)[C@@H]1CC[C@]2(C)CC[C@]3(C)[C@@H](CC[C@@H]4[C@@]5(C)CC[C@@H](O)C(C)(C)[C@@H]5CC[C@]43C)[C@H]12,0
Oc1ccc2nc(-c3ccccc3)cc(O)c2c1,0
N#Cc1ccc(-c2nc3ccccc3c(=O)[nH]2)cc1,0
CC1C2CCCC1(c1cccc(O)c1)CCN2C,0
O=c1c2ccccc2nc2n1CC/C2=C\c1ccc(O)cc1,0
NCc1cccc(N2CCc3ccccc32)c1,0
Cc1ccc(OC2=CC(=O)c3cccc(O)c3C2=O)cc1,0
CCCN1CCCC2(C1)C(=O)Nc1ccccc12,0
O=C(O)c1cc(C2CC2)nc2ccccc12,0
Clc1cncc(-c2cc3ccccc3[nH]2)n1,0
Nc1nc2ccc(-c3ccc(CO)nc3)cc2s1,0
O=C(O)c1cccc2[nH]c(C(F)(F)F)nc12,0
Cc1nc2sc(C(=O)NC3COC3)c(N)c2c(C)c1Cl,0
NC(=S)N1N=C(c2cccs2)CC1c1ccc[nH]1,0
O=C(O)c1cc2c(nc1O)CC(c1cccs1)CC2=O,0
Cc1cccc(C#Cc2nn(C(C)C)c3ncnc(N)c23)c1,0
Nc1ncn(Cc2ccc(Cl)c(Cl)c2)c2ncnc1-2,0
Cc1c(Cl)cccc1NC(=O)Nn1cnnc1,0
O=C(NO)c1cccc2c1CCN(c1nc3ccccc3[nH]1)C2,0
NCc1cc2cc(-c3ccc4nccn4c3)ccc2[nH]1,0
O=C1NC(NC2CCCCC2)=N/C1=C\c1ccc2[nH]ncc2c1,0
Nc1nc(O)c(Cl)c(-c2cc(F)cc(F)c2)n1,0
CC(=O)Nc1c2c(nn1-c1cccc(Cl)c1)COC2,0
FC(F)(F)c1nc2cc(Cl)c[nH]c-2n1,0
Oc1noc(C2CCNCC2)c1-c1ccccc1,0
C=CCN1Cc2ccccc2[C@@H]2Cc3n[nH]cc3C[C@H]21,0
Cn1c(=O)sc2cc(NC(=O)C(C)(C)C)ccc21,0
Cc1nn(C)c(C)c1NC(=O)c1ccc(Cl)cc1,0
O=C1Nc2ccc(Cl)cc2/C1=C/c1ccc[nH]1,0
C/N=C(/NO)N/N=C/c1c2ccccc2cc2ccccc12,0
Cn1cc(C(=O)Nc2ccc(Cl)cn2)c(C(F)(F)F)n1,0
Cc1cc(C)nc(/N=C(\N)Nc2ccccc2O)n1,0
N#Cc1c(N)cc2c(c1N)Cc1c(O)cc(O)cc1O2,0
CS(=O)(=O)O.N=C(N)NC(=O)c1cc2c(Cl)cccc2s1,0
Nc1cccc(Nc2ncnc3[nH]ccc(=O)c23)c1,0
O=C(O)/C=C\c1c2ccc(=O)c(O)c-2oc2c(O)c(O)ccc12,0
Nc1nccc(-c2c3cccnc3n3c(N)nccc23)n1,0
Nc1nc(N)c2nc(N3CCC(c4ccccc4)CC3)cnc2n1,0
Nc1nc(O)c2c(n1)NCCN2/C(S)=N/c1ccccc1,0
O=C1C=CC2=C(Oc3c(ccc(O)c3O)/C2=C\C=C(O)O)C1=O,0
NC(=O)[C@H]1Cc2c([nH]c3ccccc23)[C@@H](c2ccc3c(c2)OCO3)N1,0
CC(C)=CCC/C(C)=C/CC[C@]1(C)C=Cc2c(C=O)c(O)c(C)c(O)c2O1,0
CCc1ccc(-c2nsc(CC)c2COc2ccc(CCC(=O)O)c(C)c2C)cc1,0
CC(C)=CCC/C(C)=C/Cn1cc(CC(N)=O)c2cc(-c3cccc(C)c3)ccc21,0
O=CC(Cc1ccccc1)NC(=O)c1ccccc1/C=C/c1ccc2ccccc2c1,0
CN(C)CCCC(NC(=O)c1ccc(-c2ccccc2)cc1)c1ccc(Cl)cc1,0
CCCN1CCC(N(CCC(C)C)C(=O)Nc2cccc(C(F)(F)F)c2)CC1,0
Cc1ccc(COc2ccc(NC(=O)C(C)(C)Oc3ccc(Cl)cc3)cc2)cc1,0
NC(COCc1cc(Cl)cc(Cl)c1)C(c1ccccc1)c1ccccc1,0
CN(Cc1ccccc1)Cc1ccccc1CNc1ccnc2cc(Cl)ccc12,0
CCCCCn1cc(C(=O)NC(C)c2cccc3ccccc23)c(=O)c2ccccc21,0
O=C(Cc1cccc(Cl)c1)Nc1ccccc1N1CCCCC1,0
COc1cccc(CN2CC=C(c3c[nH]c4ccc(OC)cc34)CC2)c1,0
CSc1ccc(-c2nnc(Nc3ccc(Cl)cc3)o2)cc1,0
Cc1ccc([C@H](C)Nc2ccc3c(c2)N(C2CC2)[C@@H](C)C(=O)N3C)cc1,0
CN(C)CCC/C=C1/c2ccccc2COc2ccc(C(=O)O)cc21,0
O=C(O)[C@@H]1CCC[C@@H]1NCc1cn(Cc2ccccc2)c2ccccc12,0
CC(C)c1ccc(O)c(-c2cccc(C(F)(F)P(=O)(O)O)c2)c1,0
N=C(NCC12CC3CC(CC(C3)C1)C2)c1ccc(OC(F)(F)F)cc1,0
COc1c(Nc2ccc(C(=O)O)cc2)ccc2ccccc12,0
CSc1sc(C(=N)N)cc1-c1nc(-c2ccccc2C)cs1,0
Br.CCCCCCCCCCOc1ccc2c3ccnc(C)c3n(CCCC)c2c1,0
Br.c1ccc2c(NCCCCCCCCNc3cccc4ccccc34)cccc2c1,0
C/C(=C\CC/C=C(\C)CC/C=C(\C)CC[C@@H]1OC1(C)C)CC/C=C\C=C(F)F,0
C/C=C/CC/C(C)=C/CC/C(C)=C/CC/C(C)=C/CC1=C(C)C(=O)c2ccccc2C1=O,0
C=C(C)CC[C@@H](CC=C(C)C)[C@@H](C(=C)C)[C@](C)(CC=C(C)C)C(=O)c1cccc(O)c1,0
C=C(C)[C@@H]1CCC(C)=C[C@H]1c1c(O)cc(CCCCCCCCCCCC)cc1O,0
C=C1CC[C@H](O)C(C)(C)[C@@H]1CC/C(C)=C/CC/C=C(\C)CC/C=C(\C)CCC=C(C)C,0
C=CCc1cc(NC(=O)C2CCCC2)ccc1OC/C=C(\C)CC/C=C(\C)CCC=C(C)C,0
C=CCc1cc(NC(=O)C2CCCCC2)ccc1OC/C=C(\C)CC/C=C(\C)CCC=C(C)C,0
CC(C)=CCC/C(C)=C/CC/C(C)=C/CC/C(C)=C/CC1=C(C)C(=O)c2ccccc2C1=O,0
COc1cc(/C=C/[N+](=O)[O-])ccc1OC(=O)c1cccc(C(F)(F)F)c1,0
COCC(=O)Nc1ccnn1[C@@H](C)CC(C)C,0
Cc1ccc(F)cc1C(=O)Nc1ccc(C(=O)N2C=C3C(O)CC(=O)N3Cc3ccccc32)c(Cl)c1,0
O=C(OCC1CCCCO1)c1cccc(-c2ccccc2)c1,0
Cc1cnn(CCN(Cc2coc(-c3cccs3)n2)Cc2coc(-c3cccs3)n2)c1,0
CC(=O)c1ccc(-c2ccc(-c3cc(=O)oc4c(C(C)C)ccc(C)c34)cc2)cc1,0
C=CCOC(=O)NC[C@@]1(C)O[C@H]2CO[C@@H]3N2[C@H]1O[C@]3(C)CNC(=O)OCC=C,0
COc1cc(NC(=O)Nc2nnc(N3CCCCC3)s2)cc(OC)c1,0
C=CC[C@@H]1[C@H](O)[C@@H](CO)O[C@H]1n1ccc(=O)[nH]c1=O,0
CCc1nn2c(C)cc(C)nc2c1Cc1ccc(CCCC2(O)CCN(C(C)C)CC2)cc1,0
COc1cc2c(cc1OC)-c1c(C#N)c(-c3ccccc3)c(C)n1CC2,0
C=C(C1COC2(OO1)C1CC3CC(C1)CC2C3)C12CC3CC(CC(C3)C1)C2,0
CCN(CC)C(=S)SSC,0
Cc1cc(C(C)Nc2ccc(Br)cc2)c2oc(N3CCOCC3)nc(=O)c2c1,0
CC(C)(C)OC(=O)/N=C(/NCCCCCCCCN(CCCCCCCCN/C(=N/C(=O)OC(C)(C)C)NC(=O)OC(C)(C)C)C(=O)N(CCCCCCCCN/C(=N/C(=O)OC(C)(C)C)N(CC1CC1)C(=O)OC(C)(C)C)CCCCCCCCN/C(=N/C(=O)OC(C)(C)C)N(CC1CC1)C(=O)OC(C)(C)C)NC(=O)OC(C)(C)C,0
O=C(O)c1c2cccc1COCCOCCOc1ccccc1OCCOCCOC2,0
Oc1ccc(-c2[nH]c3ccccc3c2-c2ccc(O)cc2)cc1,0
Cc1noc(C)c1CN1CC[C@H]2C[C@H](c3ccncn3)O[C@@H]2C1,0
Oc1c2c(nc3c(-c4ccccc4)cnn13)CCCC2,0
CC(C)[C@H]1C(O)=C(C2=NS(=O)(=O)c3ccccc32)C(=O)N1Cc1ccccc1,0
Cc1c(OCC(F)(F)F)ccnc1C[S@@+]([O-])c1nc2ccccc2[nH]1,0
CC(C)CC(c1ccc(Cl)c(Cl)c1)C1CCCCN1,0
COc1ccc(CC(=O)N2CC(C)CC(C)C2)cc1OC,0
CC#C[C@@]1(O)[C@H](C)O[C@@H](O[C@H]2[C@H](C)[C@@H](O[C@@H]3O[C@H](C)C[C@H](N(C)C)[C@H]3O)[C@](C)(O)C[C@@H](C)CN[C@H](C)[C@@H](O)[C@](C)(O)[C@@H](CC)OC(=O)[C@@H]2C)C[C@@]1(C)OC,0
N#C/C(C(=O)NC1CC1)=C(/N)c1cc(O)c(O)c([N+](=O)[O-])c1,0
O=C(c1ccccc1OCC1CCCO1)N1CC2CCCC2C1,0
CCC[C@@H](CCc1ccccc1)OC(=O)[C@@H]1CCCCN1C(=O)C(=O)c1ccccc1,0
COC(=O)C1=NN=C(C(=O)OC)C2(C)c3ccccc3NC12,0
Cc1cc(Nc2nc(Nc3ccc(F)cc3)ncc2Cl)c(OC(C)C)cc1C1CCNCC1,0
CC(=O)OC[C@H]1O[C@@H](O[C@H]2[C@@H](O)[C@@H](C)O[C@@H](O[C@H]3CC[C@@]4(C)[C@@H](CC[C@]5(C)[C@@H]4C=C[C@]46OC[C@@]7(CCC(C)(C)C[C@H]74)[C@@H](O)C[C@]65C)[C@]3(C)CO)[C@@H]2O)[C@H](O)[C@@H](O)[C@@H]1O,0
c1cc2c(C3CCNCC3)c[nH]c2cc1Nc1ccc2c(C3CCNCC3)c[nH]c2c1,0
C[C@@H]1CCC[C@H](N2CCC(c3cc(Cl)ccc3-n3cc(Cl)nn3)=CC2=O)c2cc(ccn2)-c2c(cnn2C)NC1=O,0
Cc1nc2c(S(=O)(=O)c3ccc(Cl)cc3)cc3ccccc3c2s1,0
CN1CC(=O)N(c2cccc(F)c2)CC12CCN(Cc1cccnc1)C2,0
O=C(O)c1sccc1Oc1ccccc1[N+](=O)[O-],0
Cc1c(C)c2c(c(-c3cc(-c4ccc(O)cc4)on3)c1O)CCC(C)(C)O2,0
O=C(Nc1ccc(-n2ncc3c(C(F)(F)F)cccc32)cc1)Nc1ccc(C(F)(F)F)cc1,0
CO[C@]1(C)C[C@H](O[C@H]2[C@H](C)[C@@H](O[C@@H]3O[C@H](C)C[C@H](N(C)C)[C@H]3O)[C@](C)(O)C[C@@H](C)CN(C)C(=O)[C@@H](Cc3ccc(NC(=O)[C@H](Cc4ccccc4Cl)NC(=O)Cc4ccccc4)cc3)NC(=O)[C@@H](C(C)C)CNC(=O)[C@@H]2C)O[C@@H](C)[C@@H]1O,0
Cn1c(O)nnc1-c1ccc(Cl)c(Cl)c1,0
COc1ccc(C2=N[C@H](c3ccc(O)cc3)[C@H](c3ccc(O)cc3)N2)cc1,0
C[S+]1CC[C@@H](C(=O)O)NC(=O)CNC(=O)CNC(=O)[C@H](CCCNC(=N)N)NC(=O)[C@@H](N)CSCc2cccc(c2)C1,0
C[S+]1CC[C@H](N)C(=O)N[C@@H](CCCNC(=N)N)C(=O)NCC(=O)NCC(=O)N[C@H](C(=O)O)CSCc2cccc(c2)C1,0
CCCCCCN1C(=O)C(Cl)=C(Cl)C12Oc1c(cc(Cl)c(O)c1C)C2=O,0
CCN1C(=O)c2nc(Br)n(Cc3ccc(O)cc3)c2N2C[C@@H](Cc3ccccc3)N=C12,0
CNC(=O)[C@H]1O[C@@H](n2cnc3c(NCc4ccc5c(c4)C(C)(C)N([O])C5(C)C)ncnc32)[C@H](O)[C@@H]1O,0
COc1cc2c(Oc3ccc(NC(=O)c4cc5cccnc5n(-c5ccc(Cl)cc5)c4=O)cc3F)ccnc2cc1OCCCN1CCC(C)CC1,0
Nc1ccn(C2C=CC(CO)O2)c(=O)n1,0
CC(=O)N1C[C@H](C(=O)NO)[C@H](NS(=O)(=O)c2ccc(OCc3cc(C)nc4ccccc34)cc2)C1,0
CC(=O)N[C@@H](C)c1ccc(O[C@@H]2CCN(c3nc(N4CCCC(F)(F)C4)ncc3Cl)C2)cc1,0
O=C1C(=C(c2ccc(O)cc2)c2ccc(O)cc2)c2cc(/C=C/c3ccc(O)c(O)c3)ccc2N1Cc1ccc(O)cc1,0
Cc1ccccc1N1CC(C(=O)Nc2nnc(SCc3cccnc3)s2)CC1=O,0
Cc1ccc(CN2Cc3nnn(C)c3C(COCC3CC3)C2)s1.O=C(O)C(F)(F)F,0
COc1cccc2c1-c1ccc(NS(C)(=O)=O)cc1C(c1cccnc1)O2,0
CCN1C(NCCc2cccs2)=N[C@@H](c2ccccc2)[C@H](C(=O)OC)[C@H]1C,0
O=S(=O)(/N=C(/Nc1cccnc1Cl)c1ccccc1)c1ccccc1,0
CCNc1ncc2nc(-c3cccs3)c(=O)n(CCc3ccccc3)c2n1,0
NCc1noc(-c2nn(Cc3cccc(C(F)(F)F)c3)c3ccccc23)n1,0
Cc1cc(-n2c(C)cc(CNCC3(N4CCOCC4)CCCCC3)c2C)no1,0
Cc1ccc(CN2CC(C(=O)NC(c3nc4ccccc4[nH]3)C(C)C)CC2=O)cc1,0
COc1ccc(-c2cccc(C3(c4ccccc4)NC(=N)N(C)C3=O)c2)cc1,0
C=C1C(=O)O[C@H]2[C@H]1[C@@H](OC(=O)C=C(C)C)CC1=C[C@@H](C[C@@]3(C)O[C@@H]23)OC1=O,0
Cc1oc(=O)c2c(c1C)O[C@]1(C)[C@H](O)C[C@@]3(O)C(C)(C)C(=O)CC[C@]3(C)[C@H]1C2,0
O=C1O[C@]2(CCCN(S(=O)(=O)c3cccnc3)C2)c2ccccc21,0
CNC1=NC(c2ccccc2)c2cc([N+](=O)[O-])ccc2N(C)C1=O,0
CC1(C)C[C@@H](NC(=O)c2nccc3occc23)CCS1(=O)=O,0
CCO[C@H]1O[C@@H]2O[C@@]3(C)CC[C@H]4[C@H](C)[C@H](O)C[C@@H]([C@H]1C)[C@@]24OO3,0
Cc1cc(-c2cn3cc(C(=O)N4CCCCC4)nc3c(=O)n2C)c(C)o1,0
Cc1ccc2c(c1)[C@H]1[C@H](CO2)[C@H](c2ccccc2)[C@]2(C)C(=O)NCC(=O)N12,0
C=C1C(=O)[C@]23C[C@@H]1CC[C@H]2C12[C@H](OC)O[C@@H](O)[C@@H]1C(C)(C)CC[C@@H]2OC3=O,0
Cn1cc(Br)c(C(=O)n2cc(Br)cn2)n1,0
CCNc1c(C(=O)NCc2ccc(F)cc2)c(=O)n(O)c(=O)n1C,0
CC(C)[C@H]1C(=O)N(C)[C@@H](C)C(=O)NCCC[C@H](NC(=O)/C=C/C=C/C=O)C(=O)N1C,0
CC(C)CNCCC1CNc2cc(S(N)(=O)=O)sc2S1(=O)=O,0
O=C(NO)c1cnc(N2CCN(C(/C=C/c3cccc(F)c3)CO)CC2)nc1,0
O=C(C(CO)N1C(=O)CCC1O)N1CCN(c2cccc(C(F)(F)F)c2)CC1,0
Cc1ccc(C2(C(=O)N3CCC[C@H]3C(=O)N[C@H](C#N)CC(N)=O)CC2)cc1,0
CCS(=O)(=O)N1CCC(NCC2CNc3cc(C)nn3C2)CC1,0
C[C@@]1(O)[C@@H](CO)O[C@@H](n2cnc3c(NCc4cccs4)ncnc32)[C@@H]1O,0
NC(=O)c1ccc(-c2ccc3nc(C(=O)NCC(=O)O)cn3c2)cc1,0
O=C(Cc1nc(N2CCOCC2)cc(=O)[nH]1)Nc1cccc(C(=O)O)c1,0
CO/N=C(\N)c1ccc(-c2cncc(-c3ccc(/C(N)=N\OC)cn3)n2)nc1,0
CCN1CCN(c2nc(N)nc3c2ncn3CCCN2CCCC2)CC1,0
CS(=O)(=O)N1CCN(c2ccc(C[C@@H](C#N)NC(=O)[C@H]3N[C@@H]4CC[C@H]3C4)cc2)CC1,0
CC[C@@H](Cc1ccccc1)Nc1ncnc2c1ncn2[C@@H]1O[C@H](C(=O)O)[C@@H](O)[C@H]1O,0
CC(C)(C)CC1(CNC(=O)c2cnn(-c3ccccc3)n2)NC(=O)NC1=O,0
CC(C)=CCNc1nc(Cl)nc2c1ncn2[C@@H]1O[C@H](CO)[C@@H](O)[C@H]1O,0
CC(C)(C)NC(=O)Cn1cc(CCCc2c[nH]c(N)n2)nn1.Cl,0
CNC(=O)[C@H]1O[C@@H](n2cnc3c(NCc4cccc(Cl)c4)ncnc32)[C@H](O)[C@@H]1O,0
O=C(CNC(=O)c1ccc2c(c1)OCO2)N/N=C/c1cccc([N+](=O)[O-])c1,0
CC(=O)N[C@@H](CC(C)C)C(=O)N1CCC(n2cc(C(C)(C)N)nn2)CC1,0
CN(C)S(=O)(=O)NS(=O)(=O)c1ccc(F)c(C(=O)Nc2ccc(F)c(F)c2)c1,0
COc1ccc(S(=O)(=O)NN(C)S(=O)(=O)c2ccc(C)cc2)cc1,0
COCCn1c(N)c(C(=O)NCC2CCCO2)c2nc3ccccc3nc21,0
CCCn1c(=O)n(C)c(=O)c2c(SCC(=O)NCc3ccco3)nc(C3CC3)nc21,0
CN(C)CCNS(=O)(=O)c1ccc(-c2noc(C(F)(F)F)n2)cc1,0
C[C@@H](O)[C@H]1C(=O)N2C(C(=O)O)=C(COc3ccc4occ(CN(C)C)c(=O)c4c3)[C@H](C)[C@H]12,0
CC(OC(=O)c1cc(S(=O)(=O)N2CCOCC2)ccc1F)C(=O)NC1CCCC1,0
CN(C)c1ccc(CNCc2cnc(N3CCOCC3)nc2)cn1.Cl,0
N#C/N=C(\NCCCN1CCN(C(=O)c2ccco2)CC1)c1ccncc1,0
O=C(NC[C@@H]1OC(=O)N2c3cc(F)c(C4=CCN(CCO)CC4)cc3OC[C@@H]12)C1CC1,0
N=c1c2c3c(sc2ncn1N)CCCCC3,0
Cc1ccc(F)cc1C(=O)N1CCNCC1,0
O=C1c2cc(Cl)ccc2C[C@@H]2CNCCN12,0
Cn1c2nc(N)nc(=O)c-2cc2ccccc21,0
O=C1Cc2cc(-c3cccnc3)ccc2C(=O)N1,0
Oc1cccc([C@]23CCC[C@H](NCC2)[C@@H]3O)c1,0
COc1c(O)cnc2c(O)cccc12,0
NCc1csc2nccn12,0
c1ccc2c(c1)CCN2C1=NCCN1,0
Cc1cccc(N)c1-c1c[nH]nn1,0
CC(C)C1=Nc2cccc3cccc(c23)N1.Cl,0
CC(C)=CCC1=C(Cl)C(=O)c2ccccc2C1=O,0
CC1CCCCC1NC(=O)c1ccc(F)c(Cl)c1,0
Cc1ccc2c(c1)CN(C)C[C@H]2c1ccc(F)cc1,0
CC1=CC(C)(C)N=C(S)N1c1ccc(C)cc1C,0
Cc1c2ccncc2cc2c1sc1ccncc12,0
FC(F)(F)c1cnc2c(c1)Nc1ccccc1S2,0
c1ccc2c(C3=NOC4CCCCC34)cccc2c1,0
O=C(Nc1ccc(Cl)c(Cl)c1)C1CCCCC1,0
C=C1CCC2C(CC2(C)C)C(=C)CC/C1=N/O,0
c1ccc2c(c1)CCC1C(c3ccsc3)C21,0
CC1=CC[C@H]2C(C)=CC[C@@H](C(C)C)[C@@H]2C1,0
CC1CC(c2cccnc2)=Cc2ccccc21,0
FC(F)c1ccc2c(c1)[nH]c1ccccc12,0
CC1(C)CCCC2(C)C1CCC1(C)OCCC12,0
Cc1ccc2nc(-c3ccc([18F])cc3)sc2c1,0
Cc1ccc2ccc(-c3cccs3)cc2n1,0
CC(C)[C@@H]1CC[C@H]2CCC[C@@H](C)[C@]2(C)C1,0
C[C@H](O)c1c2ccccc2cc2ccccc12,0
CN1c2ccccc2Sc2ccccc21,0
C/C=C1\C2C=C(C)CC1(F)c1ccc(O)nc1C2,0
Cc1ccc2[nH]c3c(c2c1)CCOc1ccccc1-3,0
c1ccc(C2C3CCc4ccccc4C32)nc1,0
O=C(c1ccccc1)c1ccc2ncccc2c1,0
O=C1C(=C2CCc3ccccc32)Cc2ccccc21,0
Clc1cccc(Cn2cnc3ccccc32)c1,0
Oc1ccc(F)cc1Sc1cc(F)ccc1O,0
O=Cc1ccccc1-c1cccc2ccccc12,0
Clc1sc(Cl)c2c1CCCc1c[nH]nc1-2,0
CC(=C\c1ccc(F)cc1)/C(=N/O)C(C)(C)C,0
O=c1oc2ccccc2cc1-c1ccsc1,0
CC1(C)CC(=S)Nc2ccc(Cl)cc21,0
Cc1c2c(c(C)c3c4c(oc13)CCCC4)C=NCC2,0
CC1=Cc2nc(C)cc3cccc(c23)O1,0
O=C1Nc2ccccc2/C1=C/c1ccc(Cl)cc1,0
c1ccc([C@@H]2c3ccccc3[C@H]3NCCC[C@@H]23)cc1,0
Cc1ccc2c(c1C)NC(C)CC2C,0
Cn1c2ccccc2c2c3ccc[n+](C)c3ccc21,0
C[n+]1c2c(c(Cl)c3ccccc31)Cc1ccccc1-2,0
c1ccc(-c2ccc3cn[nH]c3c2)cc1,0
CC1=C[C@@H]2[C@@H](C(C)C)CC[C@](C)(C#N)[C@H]2CC1,0
c1ccc2c(c1)sc1ccc(-n3cccc3)cc12,0
Cc1ccc2c(c1)Sc1ccc(C)cc1S2,0
C=C1CC[C@@H]2[C@@H]1CC(C)(C)C[C@H]1C[C@]12C,0
C[C@H]1CCCCCCCCCCCCCNC1,0
Oc1ccccc1C1CCCCC1c1ccccc1,0
Cc1ccc(/C=C/c2ccc(F)cc2F)cc1,0
C[C@H]1OC=C2CC[C@H]3C(C)(C)CCC[C@]3(C)[C@H]21,0
Cc1cc(/C=C/c2cccs2)cc(Cl)c1O,0
CSc1ccc2c(c1)Nc1ccccc1S2,0
Cc1[nH]c2ccccc2c(=O)c1C1CCCCC1,0
Clc1ccc(C2=NOCc3ccccc32)s1,0
Nc1ccc([C@@H]2CN3CCC[C@H]3c3ccccc32)cc1,0
C[C@]12CC[C@@H]3C4CCC=CC4=CC(=O)[C@H]3[C@@H]1CCC2=O,0
O=C1/C(=C/c2ccc(Cl)cc2)Cc2ccc(O)cc21,0
C1CCC2(CC1)CC1(CCCC1)OO2,0
Fc1ccc2c(c1)[nH]c1cc(F)cc(F)c12,0
Cc1cc(N2CCCCC2)nc2ccc(F)cc12,0
Cc1ccc2c(c1)/C(=C/c1ccccc1C)C(=O)N2,0
Fc1ccc(-c2cn3cc(Cl)sc3n2)cc1,0
BrCc1ccccc1,0
C(#Cc1ccccn1)C1=CCCC1,0
C(#Cc1ccsc1)c1cccnc1,0
C(#Cc1nccs1)c1ccccc1,0
C1=C(c2ccccc2)CC2CCC1N2,0
C1=CCC2CC=CC2C1,0
C1=CN2CCC1C(c1ccccc1)C2,0
C=C(C)/C=C1/C=CC(=O)C(C)=C1,0
C=C1C(=O)C2CCC1(C)C2(C)C,0
C=C1C(=O)[C@@]2(C)CC[C@H]1C2(C)C,0
CC12CC3CC(C1)CC(c1ccc(O)cc1)(C3)C2,0
O=C1CCCCCCCCCCCCCC1,0
Fc1cccc(-c2nc3ccccc3s2)c1,0
Cc1cc2ccccc2nc1-c1ccccc1F,0
Oc1ccc(-c2ccc(C(F)(F)F)cc2)cc1,0
Cc1c(Cl)cc(C(C)C)c(O)c1Cl,0
CN1Cc2ccccc2-c2ccc3ccccc3c21,0
CN(C)c1ccc2ccc3cccc4ccc1c2c34,0
Fc1ccc2cnc(-c3ccccc3F)cc2c1,0
Clc1ccc2occ(-c3ccccc3)c2c1,0
CCc1nnc2ccc(S(=O)(=O)Nc3cc(F)cc(F)c3)cn12,0
Oc1nc2nonc2nc1Nc1ccc(C(F)(F)F)c(F)c1,0
CC(C)(C)n1cc(C(=O)O)c(=O)c2cc(N)c(N3CCSCC3)cc21,0
O=C(O)c1ccc(/C=N/NC(=O)c2ccc(Br)cc2)cc1,0
Cc1cc(=O)c(O)c(CNC(=O)c2ccc(C(F)(F)F)cc2)n1C,0
Cc1ccccc1S(=O)(=O)NC(=O)Nc1ccc2c(C)cc(=O)oc2c1,0
COc1cc(C)c2nc3[nH]nc(C)c3c(N3CCC(O)CC3)c2c1,0
COc1ccc(NC(=O)Cn2c(=O)oc3ccccc32)cc1,0
O=C(O)c1cccc(S(=O)(=O)Nc2ccc3c(c2)CCC3)c1,0
CC1(C(=O)OCC(=O)NC(=O)c2ccccc2)CC1(Cl)Cl,0
CC1(C)SSC[C@@H](C(=O)N[C@@H](Cc2ccccc2)C(=O)O)NC(=O)[C@H](Cc2ccc(F)cc2)NC(=O)CNC(=O)[C@@H]1NC(=O)[C@@H](N)Cc1ccc(O)cc1,0
CC1(C)SSC[C@@H](C(=O)N[C@@H](Cc2ccccc2)C(=O)O)NC(=O)[C@H](Cc2ccccc2)NC(=O)CNC(=O)[C@@H]1NC(=O)[C@@H](N)Cc1ccc(O)cc1,0
C[C@@H](O)[C@@H]1NC(=O)[C@@H](CCCCN)NC(=O)[C@@H](Cc2c[nH]c3ccccc23)NC(=O)[C@H](Cc2ccccc2)NC(=O)[C@@H]2CCCN2C(=O)[C@@H](Cc2ccccc2)NC1=O,0
C[C@@H](O)[C@@H]1NC(=O)[C@H](CCCCN)NC(=O)[C@@H](Cc2c[nH]c3ccccc23)NC(=O)[C@@H](Cc2ccccc2)NC(=O)[C@H]2CCCN2C(=O)[C@H](Cc2ccccc2)NCC1=O,0
C[C@@H](O)[C@@H]1NC(=O)[C@H](CCCCN)NC(=O)[C@@H](Cc2c[nH]c3ccccc23)NC(=O)[C@H](Cc2ccccc2)NC(=O)[C@@H]2CCCN2C(=O)[C@H](Cc2ccccc2)NC1=O,0
C[C@@H](O)[C@@H]1NC(=O)[C@H](CCCCN)NC(=O)[C@@H](Cc2c[nH]c3ccccc23)NC(=O)[C@H](Cc2ccccc2)NC(=O)[C@@H]2CCCN2C(=O)[C@H](Cc2ccccc2)NCC1=O,0
C[C@@H](O)[C@@H]1NC(=O)[C@H](CCCCN)NC(=O)[C@@H](Cc2c[nH]c3ccccc23)NC(=O)[C@H](Cc2ccccc2)NC(=O)[C@H](C)N(C)C(=O)[C@H](Cc2ccccc2)NC1=O,0
C[C@H](O)[C@@H]1NC(=O)[C@H](CCCCN)NC(=O)[C@@H](Cc2c[nH]c3ccccc23)NC(=O)[C@H](Cc2ccccc2)NC(=O)[C@@H]2CCCN2C(=O)[C@H](Cc2ccccc2)NC1=O,0
C[C@H](O)[C@H]1NC(=O)[C@@H](Cc2ccccc2)N(C)C(=O)[C@@H](C)NC(=O)[C@@H](Cc2ccccc2)NC(=O)[C@@H](Cc2c[nH]c3ccccc23)CNC(=O)[C@H](CCCCN)NC1=O,0
C[C@H](O)[C@H]1NC(=O)[C@@H](Cc2ccccc2)N(C)C(=O)[C@@H](C)NC(=O)[C@@H](Cc2ccccc2)NC(=O)[C@H](Cc2c[nH]c3ccccc23)CNC(=O)[C@@H](CCCCN)NC1=O,0
COc1ccc(NC(=O)CCC(=O)N/N=C/c2cccnc2)cc1,0
COS(=O)(=O)/C=C/c1ccc(OCc2ccccc2)cc1OCCc1nc(-c2ccccc2)oc1C,0
COc1ccc(OCC(O)CN2CCN(C)CC2)cc1,0
O=C1C(=O)N(CN2CCN(c3ccnc4cc(Cl)ccc34)CC2)c2cccc(Br)c21,0
CC(C)c1nc2[nH]c(N3CCOCC3)nc(Nc3ccc(Cl)cc3)c-2n1,0
Cn1c(=O)c2[nH]c(-c3cnn(Cc4cccc(F)c4)c3)nc2n(C)c1=O,0
Cl.NCCSS(=O)(=O)CCN,0
CN[C@H]1C[C@@H]2O[C@@](C)([C@H]1OC)n1c3ccccc3c3c4c(c5c6ccccc6n2c5c31)C(=O)NC4,0
c1ccc(CN(Cc2ccnc(-c3ccc(CN4CCCNCCNCCCNCC4)cc3)c2)Cc2ccccn2)nc1,0
NCCCC[C@H](C(=O)NCc1ccc(CN)cc1)n1cccc1C(=O)NC(Cc1ccccc1)c1ccccc1,0
CCn1nc(C)c(CCNC(=O)c2coc(CN3CCOCC3)c2)c1C,0
O=S(=O)(CCCN1CCCC(Cn2cncn2)C1)c1ccccc1,0
COc1ccccc1N1CCN(CCCCNC(=O)c2ccco2)CC1,0
COc1ccc(CCNC(=O)COC(=O)c2ccc(Br)o2)cc1,0
Cc1ccc(OCCN2CCN(CC(=O)Nc3nccs3)CC2)cc1C,0
Cc1nnc(SCCCNC(=O)Cc2ccc3c(c2)OCO3)s1,0
COCCNc1nnc(SCC(=O)c2ccc3c(c2)OCO3)s1,0
C=CCNC(=O)CN(Cc1ccccc1)S(=O)(=O)c1ccccc1,0
O=C(c1ccccc1)N1CCN(CC(O)COCC2CC=CCC2)CC1,0
CC1CCCCN1S(=O)(=O)c1ccc(S(=O)(=O)NCCc2ccncc2)cc1,0
COc1ccc(Nc2oc(/C=C/c3ccc(OC)c(OC)c3)nc2C#N)cc1,0
Cc1ccccc1NC(=O)Cc1nc(COC(=O)CSc2ccc(F)cc2)cs1,0
COc1cc(CCCl)c(CC2=NCCc3cc(OC)c(OC)cc32)cc1OC,0
C(=C/c1ccccc1)\COc1ccccc1C(N1CCOCC1)n1nc2ccccc2n1,0
Cc1nnc(SCC(=O)NCCc2cccs2)c2nn(-c3ccccc3)c(C)c12,0
C=CCN(c1ccccc1)S(=O)(=O)c1cccc(C(=O)Nc2cc(C)ccn2)c1,0
COc1cc(NC(=O)c2ccc(OC)c(-c3cccc(OC)c3)c2)cc(OC)c1,0
c1ccc(CCN2CCC(Nc3nc4ccccc4n3Cc3ccccn3)CC2)cc1,0
CCCCOc1ccc(Cn2c(=O)oc3ccc(C)cc32)cc1OC,0
CCc1nnc(SC(CC)C(=O)Nc2cccc(OC)c2)c2cc3oc(C)cc3n12,0
CCNC(=O)c1cn[nH]c1,0
OCCc1cc[nH]n1,0
CNc1ccc(C(N)=O)cn1,0
CCCCN/C(N)=N/O,0
COCC(C)(O)CCN,0
NC(CO)C1CCOCC1,0
CC(O)[C@H](C)[C@H](N)C(=O)O,0
CC(C)CC(N)C(=O)NO,0
NCC(F)C[PH](=O)O,0
CSCC[C@H](N)[11C](=O)O,0
CN(C)C(=N)NC(=N)N.NCCCC(=O)O,0
CC(C)(C)OC(=O)N[C@H]1CCCCC/C=C\[C@@H]2C[C@@]2(C(=O)NS(=O)(=O)C2CC2)NC(=O)[C@@H]2C[C@@H](NC(=O)c3nc4cc(Cl)ccc4s3)CN2C1=O,0
O=C1CCc2cc(S(=O)(=O)N3CCCC3C(=O)NC3CCCCCCC3)ccc2N1,0
COC(=O)c1ccc(-c2ccc(Cn3c(C)nc4ccc(-c5nc6ccccc6n5C)cc43)cc2)cc1,0
COc1cccc2c1ccc1nc3cccc(C(=O)NC(CO)CN(C)C)c3nc12,0
COc1cc(C2C(C#N)=C(N)Oc3cc4[nH]c(NC(=O)C5CC5)nc4cc32)cc(OC)c1OC,0
O=c1oc2cc(OCCCOc3ccccc3)ccc2c(O)c1[N+](=O)[O-],0
O=C(N[C@H](CO)Cc1ccccc1)OCc1ccccc1,0
COc1ccc(C2CC(=O)c3c(O)cc(O)c(C)c3O2)cc1,0
Cc1ccccc1NC(=O)CCc1c(C)nn(-c2ccc(N3CCOCC3)nn2)c1C,0
C#CCCCCCCCCCCC#C[C@@H](O)C#C,0
C#CCN(C)C(C)CCCCCCCC,0
C#CCN(C)C(C)CCCCCCCC.Cl,0
C=C(C)C(=O)OCCCCCCCC(C)C,0
C=CC(=O)OCCCCCCCC(C)C,0
C=CCCCCCCCCC1OCCN1CC,0
C=CCCCCCCCCC=O,0
C=CCCCCCCCCc1n[nH]c(=S)o1,0
C=CCCCCCCCCc1nc(S)n[nH]1,0
C=CCCCCCCCCc1ncc[nH]1,0
C#CCCCOCCCc1c[nH]cn1,0
C#CCN(C)CCCCCCO.Cl,0
C#CCN(C)CCCNCc1ccoc1C,0
C#CCOC/C(C)=C/CC/C(C)=C/CO,0
C/C=C/C=C/C(=O)C[C@H](CCO)OC,0
C=CC(OCC)(OCC)OCC,0
C=CCCCCCC#CC#CCOCCO,0
C=CCCCOCCCc1c[nH]cn1,0
C=CCNC(CCCC)C(=O)OC,0
C=CCOC(=O)COCCC(C)C,0
C=CCCCCCCCCCCC/C=C/C(O)COC(C)=O,0
CCCCCCCCCCCCCCC(O)CN1CCOCC1,0
CCCCCCCCCCCCCCC[N+](C)(C)[BH2-]C#N,0
CCCCCCCCCCCCCCNCC(OC)OC,0
CCCCCCCCCCCCCCOC[C@@H](O)[C@H](C)N(C)C,0
CCCCCCCCCCCCCC[N+]1(CCO)C=CN=C1,0
CCCCCCCCCCCCSCC(C[N+](C)(C)C)OC,0
CCSCCCN(CCCSCC)CCCSCC,0
CC[N+](CC)(CC)CCCCCCCC[N+](CC)(CC)CC,0
O=C(O)CCSCCCCCCCCCCCCF,0
CCCCCCCCCCCCCCC1(C(C)=O)CC1,0
CCCCCCCC/C=C/c1c(C)cc(C)nc1CCCOC,0
CCCCC/C=C/C/C=C/CCCC/C=C/C1=CC(C)OC1=O,0
CCCCCCCCCCCCCC1(C)SC(O)=C(C)C1=O,0
C=CC/C=C\C/C=C\CCCCCCCc1cc(O)c(C)c(O)c1,0
C=Cc1ccc(C[n+]2ccn(CCCCCCCCCC)c2C)cc1,0
CCCCCCCCCCCCCCC[n+]1ccccc1,0
CCCCCCCCCCCCCCCC(=O)NC(C)(C)C,0
CCCCC/C=C\C/C=C\[C@@H]1C[C@H]1/C=C\C/C=C\CCCC(=O)O,0
CCCCCCCCCCCC[N+](C)(C)Cc1ccc(Cl)cc1,0
O=C1CNCN1O,0
O=C1CC[C@H](O)[C@H]2[C@@H](O)CN12,0
O=S1(=O)CCNCN1,0
N[C@H]1CONC1=O,0
O=c1[nH]cc(CO)c(=O)[nH]1,0
C[C@@H]1NC[C@H](O)[C@@H]1O,0
O[C@@H]1CNC[C@H]1n1ccnn1,0
O=C1CC(O)C1=O,0
O=C(CO)N1CCCC(O)C1,0
O=C1C(CO)NCN1O,0
CSc1nnc(CO)n1-c1ccc(Cl)cc1Cl,0
Cc1cc(C)nc(/N=C(\S)NCCc2ccccc2)n1,0
CC1CCN(c2ccc([N+](=O)[O-])c3cccnc23)CC1,0
COc1c(Cl)cnn(-c2ccc(Cl)c(Cl)c2)c1=O,0
COc1ccc(-c2c(O)cc3c(c2OC)OCO3)cc1,0
CCn1cnc2scc(-c3ccccc3)c2c1=O,0
Cc1nnc(SCC(=O)Nc2cccnc2Cl)s1,0
CCCC12CC1(C(=O)OCC)C(=O)Nc1ccc(Cl)cc12,0
COc1ccc2c(=O)cc(-c3ccccc3)oc2c1,0
Cc1ccccc1-c1cnc(CN2CCC[C@@H]3C[C@@]32C(=O)O)o1,0
CC(=O)N1CCC[C@@H]1C(=O)N[C@@H](CO)C(=O)N1CCC[C@@H]1C(=O)N[C@@H](CO)C(N)=O,0
CC(=O)N1CCC[C@@H]1C(=O)N[C@H](C(=O)N1CCC[C@@H]1C(=O)N[C@@H](CO)C(N)=O)[C@@H](C)O,0
CC(=O)N[C@@H](CO)C(=O)N[C@H](C(=O)N1CCC[C@@H]1C(=O)N1CCC[C@H]1C(N)=O)[C@@H](C)O,0
CC(=O)N[C@@H]1[C@@H](N)[C@@H](F)[C@](F)(C(=O)OCC(=O)N(C)C)O[C@H]1[C@H](O)[C@H](O)CO,0
CC(=O)N[C@@H]1[C@@H](N)[C@@H](F)[C@](F)(C(=O)OCCC(=O)N(C)C)O[C@H]1[C@H](O)[C@H](O)CO,0
CC(=O)N[C@@H]1[C@@H](O)C=C(P(=O)(O)CCO[C@H]2[C@@H](O)[C@@H](CO)OC(O)[C@@H]2O)C[C@@H]1O,0
CC(=O)N[C@H](C(=O)N1CCC[C@H]1C(=O)N1CCC[C@@H]1C(=O)N[C@H](C(N)=O)[C@@H](C)O)[C@@H](C)O,0
CC(=O)N[C@H](C(=O)N1CCC[C@H]1C(=O)N[C@@H](CO)C(=O)N1CCC[C@H]1C(N)=O)[C@@H](C)O,0
CC(=O)N[C@H]1[C@H]([C@H](O)[C@H](O)CO)OC(C(=O)O)=C[C@@H]1N/C(C)=N\S(C)(=O)=O,0
CC(=O)N[C@H]1[C@H]([C@H](O)[C@H](O)CO)OC(C(=O)O)=C[C@@H]1NC(=O)N1CCC[C@H]1C(=O)O,0
O=C(NC[C@@H]1N[C@H](CO)[C@H](O)[C@@H]1O)C1CCc2ccccc2C1,0
NS(=O)(=O)c1ccc(C(=O)N2CCNC(CCO)C2)cc1,0
CN1C[C@@H](N)C[C@H]1C(=O)NCCCN1CCOCC1,0
NC(=S)c1nn(COCCO)c2ncnc(N)c12,0
O=C([O-])c1ccc2ccc(/C=C/c3ccc(O)c(O)c3)nc2c1O.[Na+],0
CC[C@@H]1C(O)[C@@H](CO)O[C@H]1n1ccc(N)nc1=O,0
O=C1N[C@@H](Cc2ccc(O)cc2)C(=O)N[C@H]1CO,0
Nc1cc(S(N)(=O)=O)ccc1S(=O)(=O)CCO,0
O=C(NC1OC(C(=O)O)C(O)C(O)C1O)c1ccc(F)c(F)c1,0
CCCc1cn([C@@H]2O[C@H](CO)[C@@H](O)[C@@H]2[18F])c(=O)[nH]c1=O,0
CC1(C)N=C(N)N=C(N)N1Cc1ccc(Cl)c(Cl)c1,0
Nc1nc(N)nc(CN2c3ccccc3CCc3ccccc32)n1,0
CC(=O)/N=C1\NCCC(c2c[nH]c3cc(Br)ccc23)N1,0
Cc1nc(N)c2ccc(C)c(C(=O)Nc3cn[nH]c3)c2n1,0
Cc1n[nH]c(C)c1-c1cc(-c2c(C)n[nH]c2C)c(C#N)c(N)n1,0
O=P(O)(O)c1cc2c(Cl)cc(Cl)cc2nc1O,0
Nc1nccc(-c2cc3c4c(n[nH]c4c2)N[C@@H]2CCC[C@H]2O3)n1,0
Cc1cc(O)ccc1NC(=O)Nc1c(C)ccn(C)c1=O,0
N=C(N)Nc1nnc(-c2ccccc2Br)s1,0
Nc1ncnc2c1ncn2C(=O)NC12CC3CC(CC(C3)C1)C2,0
Cc1cc(=O)n(-c2ccc(O)cc2)[nH]1,0
COc1cc2c(cc1OC)C(N)CC2=O,0
C=CC[N+]1(C)C2CCC1CC(O)C2,0
O/N=C/C1=CC2C=CC1CC2,0
Cc1cccc2c1/C(=C/C(N)=O)CC2,0
N#Cc1ccc(-n2ccc(N)n2)c(F)c1,0
Clc1ccc(N2C[C@@H]3CNC[C@@H]32)cn1,0
Nc1ccc(CCn2ccnc2)cc1,0
Cc1n[nH]c(N)c1-c1ccccc1,0
COc1cccc(N2CCC(N)CC2)c1,0
CN(C)c1ccc(O)c2c1CC1CC3[C@@H](N(C)C)C(O)=C(C(N)=O)C(=O)[C@]3(O)C(O)=C1C2=O,0
CN(C)[C@@H]1C(O)=C(C(N)=O)C(=O)[C@@]2(O)C(O)=C3C(=O)c4c(O)cc([C@@H]5CCCN5)cc4C[C@H]3C[C@@H]12,0
Nc1nc2c(nc(Sc3ccc(Cl)cc3)n2C2OC(CO)C(O)C2O)c(=O)[nH]1,0
CN(C)c1ccc(O)c2c1CC1CC3[C@@H](N(C)C)C(=O)C(C(N)=O)=C(O)[C@]3(O)C(=O)C1=C2O.Cl,0
NC1NC(=S)NN=C1n1c(-c2ccccc2)c(S(N)(=O)=O)c2cc([N+](=O)[O-])ccc21,0
O=C1C[C@@H](c2ccccc2)Oc2cc(O[C@@H]3O[C@H](C(=O)O)[C@@H](O)[C@H](O)[C@H]3O)c(O)c(O)c21,0
CC(C)[C@@]1(O)[C@@H](OC(=O)c2ccc[nH]2)[C@]2(O)O[C@H]3[C@]45O[C@@](O)(C[C@@]2(C)[C@@]4(O)CC[C@H](C)[C@H]5O)[C@]31C,0
O=S(=O)(O)c1cc(O)ccc1O.O=S(=O)(O)c1cc(O)ccc1O.[Ca+2],0
NC(=O)C(=O)NNC(=O)Nc1cccc2c1C(=O)c1c-2n[nH]c1-c1ccc(O)cc1,0
CN(C)C1C(O)=C(C(N)=O)C(=O)[C@@]2(O)C(O)=C3C(=O)c4c(O)ccc(Cl)c4C(O)[C@H]3C[C@@H]12,0
OC[C@H]1O[C@@H](O)[C@@H](F)[C@@H](O)[C@@H]1O,0
CN(C)S(=O)(=O)N=C(N)N,0
OCC1O[C@H](S)C(O)[C@@H](O)[C@@H]1O,0
Cl.OC1CNC(O)C(O)C1O,0
C[C@H]1N[C@H](CO)[C@@H](O)[C@H](O)[C@H]1O,0
Br.NC1(O)C(=O)NC(=O)NC1=O,0
CN1C[C@H](O)[C@@H](O)[C@H](O)[C@H]1CO,0
CO[C@@H]1O[C@H](CO)[C@@H](O)[C@H](O)[C@@H]1O,0
OC[C@H]1O[C@@H](O)C[C@@H](O)[C@@H]1O,0
CC1(O)NC(=O)NNC1O,0
C=C(CO/N=C(\C(=O)N[C@@H]1C(=O)N2C(C(=O)O)=C(CNC(=O)c3cc(O)c(O)c(Br)c3)CSC12)c1csc(N)n1)C(=O)O,0
C=C1C[C@@]23CC[C@H]4[C@@](C)(CCC[C@@]4(C)C(=O)OCCCCS(=O)(=O)O)[C@@H]2CC[C@]1(O[C@@H]1O[C@@H](CO)[C@@H](O)[C@H](O)[C@@H]1O[C@@H]1O[C@@H](CO)[C@@H](O)[C@H](O)[C@@H]1O)C3,0
CC(=O)N[C@H](C(=O)N[C@@H](CC(=O)O)C(=O)N[C@H](C(=O)N1CCc2cc(Br)ccc2C1C(=O)N[C@H]1CC(=O)OC1O)C(C)C)C(C)C,0
CC(=O)N[C@H](C(=O)N[C@@H](CC(=O)O)C(=O)N[C@H](C(=O)N1CCc2ccc(Br)cc2C1C(=O)N[C@H]1CC(=O)OC1O)C(C)C)C(C)C,0
CC(=O)N[C@H]1[C@H]([C@H](O)[C@H](O)CO)O[C@@](Oc2ccc(-n3cc(-c4cccc(-n5nnc(C(C)=O)c5C)c4)nn3)cc2C(F)F)(C(=O)O)C[C@@H]1O,0
CC(=O)N[C@H]1[C@H]([C@H](O)[C@H](O)CO)O[C@@](Oc2ccc(-n3cc(C(C)(C)NS(=O)(=O)c4ccc(F)cc4)nn3)cc2C(F)F)(C(=O)O)C[C@@H]1O,0
CC(=O)N[C@H]1[C@H]([C@H](O)[C@H](O)CO)O[C@@](Oc2ccc(-n3cc(CNS(=O)(=O)c4ccc(Cl)cc4)nn3)cc2C(F)F)(C(=O)O)C[C@@H]1O,0
CC(=O)N[C@H]1[C@H]([C@H](O)[C@H](O)CO)O[C@@](Oc2ccc(-n3cc(CSc4nnnn4-c4c(C)cccc4C)nn3)cc2C(F)F)(C(=O)O)C[C@@H]1O,0
CC(=O)O[C@@H]1[C@H]2C(=C3[C@H](O)[C@H](O)[C@@H](c4ccoc4)[C@]3(C)[C@H]1OC(=O)C(O)C(C)C)COC(=O)C[C@@H](OC(=O)C(O)C(C)C)[C@@]2(C)[C@@H](CC(=O)O)C(C)(O)CO,0
CC(C)(O)c1cnnn1[C@H]1C[C@@H](C(=O)NC2(C(=O)C(N)=O)CCCCC2)N(C(=O)[C@@H](CNS(C)(=O)=O)NC(=O)c2ccc3ccccc3c2)C1,0
CC(=O)Nc1ccc(S(=O)(=O)N(CC#N)c2ccc(N(CC#N)S(=O)(=O)c3ccc(NC(C)=O)cc3)c3ccccc23)cc1,0
COC(=O)c1cc(C2=C(C(=O)OC(c3ccccc3)c3ccccc3)N3C(=O)[C@@H](NC(=O)Cc4cccs4)[C@H]3SC2)n[nH]1,0
COc1cc(C(=O)N[C@@H]2CCN(C)C[C@@H]2OC)c(F)cc1Nc1ncc(Cl)c(Oc2cccc3c2C(=O)N(C)[C@@H]3C)n1,0
C[C@H](CO)N1C[C@H](C)[C@H](CN(C)S(=O)(=O)c2cccs2)Oc2ccc(NC(=O)Cc3cn(C)c4ccccc34)cc2CC1=O,0
Cc1cc(C)nc(NS(=O)(=O)c2ccc(Nc3c4ccccc4nc4c(C(=O)N5CCN(CCO)CC5)cccc34)cc2)n1,0
CNC(=O)c1c(-c2ccc(F)cc2)oc2cc(N(C)S(C)(=O)=O)c(-c3ccc4nnn([C@H](CO)c5ccc(F)cc5)c(=O)c4c3)cc12,0
COc1ccc(S(=O)(=O)N(C)C[C@@H]2Oc3c(NS(=O)(=O)c4ccc(Cl)cc4)cccc3C(=O)N([C@@H](C)CO)C[C@H]2C)cc1,0
COc1ccc2[nH]c3c(c2c1)CCN1C(=O)C(CC(=O)NCCN2CCOCC2)C[C@H](C(=O)N2CCCCC2)[C@@]31CCc1ccccc1,0
CCOC(=O)C1(C(=O)C#N)C(Cl)C(=O)N1N(c1c(O)ccc2c(P(Cl)Cl)pc(-c3ccccc3)n12)[N+](=O)[O-],0
COc1ccc(CN(C(=O)CSC(=S)N2CCN(C(=O)OC(C)(C)C)CC2)c2cc(OC)c(OC)c(OC)c2)cc1N,0
O=C(Cl)c1ccc([N+](=O)[O-])o1,0
CN1CCCN(C(=O)Cc2ccsc2)CC1,0
CCOC(=O)C(=O)N(O)C1CCCCC1,0
Cn1cc(-c2ncccn2)c2ccccc2c1=O,0
O=c1cc(Cc2ccccc2)[nH]cc1O,0
Fc1ccc(N2CCNCC2)c2occc12,0
COC(=O)[C@H]1C[C@H]2CC[C@H]([C@H]1C)N2C,0
CC(=O)O[C@H]1/C=C/C=C\C(=O)O[C@H](C)CC1,0
COC1=C(Cl)C(=O)C(Cl)=C(OC)C1=O,0
CN1CC(=O)N(c2ccccc2)C1=S,0
O=C(O)c1cccc(S(=O)(=O)N2CCc3c(cccc3[N+](=O)[O-])C2)c1,0
O=C(COc1ccc2[nH]ncc2c1)Nc1ccc(-c2cnccn2)cn1,0
O=C1[C@@H]2CCCN2[C@@H](Cc2ccc(O)c(O)c2)N1c1ccc([N+](=O)[O-])cc1,0
COCCN1C(=O)CC[C@@H]2[C@H]1CCN2Cc1cccc(C#N)c1.O=C(O)C(F)(F)F,0
O=C1NC(=O)N(c2ccc(Cl)cc2)C(=O)/C1=C/Nc1cccc(O)c1,0
COc1ccc(C#N)c2[nH]cc(C(=O)C(=O)N3CCN(C(=O)c4ccccc4)CC3)c12,0
O=C(c1cnc(-c2ccccn2)nc1O)N1CCN(c2ccc(F)cc2)CC1,0
O=C(CN1C(=O)NC2(CCCC2)C1=O)Nc1ccccc1N1CCCC1,0
CN(c1ccc(F)c(F)c1)S(=O)(=O)c1cc2c(c(C(=O)O)c1)OCCO2,0
O=C(Nc1ccnn1-c1ccc(Cl)cc1)c1cnn2cccnc12,0
O=C(O)C(F)(F)F.O=S(=O)(C1CC1)N1CC[C@]2(C[C@@H](Oc3ncccc3F)CO2)C1,0
COC(=O)c1sccc1NC(=O)CC1C(=O)NCCN1C(=O)Nc1ccc(F)cc1F,0
Cc1ccccc1S(=O)(=O)N1CCN(c2ccc(C(=O)NCc3cccs3)nn2)CC1,0
Cc1cc(COc2ccc(NC(=O)C[C@@H]3NC(=O)NC3=O)cc2)c2ccccc2n1,0
O=C1OC(=O)c2cc(NS(=O)(=O)c3ccc([N+](=O)[O-])cc3)cc3cccc1c23,0
COc1ncc(-c2ccc3nccc(=O)n3c2)cc1NS(=O)(=O)c1cccc(F)c1,0
C#CCNC(=O)C[C@@H]1C[C@@]2(C(=O)OC)CCCCC=C2N(Cc2ccc3c(c2)OCO3)C1=O,0
C=CCSc1nnc(NC(=O)C2CC(=O)N(c3ccc4c(c3)OCCO4)C2)s1,0
COc1cccc(NC(=O)C2CCCN(S(=O)(=O)c3cccc4nonc34)C2)c1,0
CS(=O)(=O)N1CCC(Nc2ncc3ccc(=O)n(C4CCCCCC4)c3n2)CC1,0
CCc1ccc(-n2cnn(Cc3cc(C)c(OC(C)(C)C(=O)O)c(C)c3)c2=O)cc1,0
Cc1ccc(-n2nc(C)c(/C=N/NC(=O)c3cccc([N+](=O)[O-])c3)c2O)cc1C,0
COc1cc(Nc2cncc(-c3ccc(CO)cc3)n2)cc(OC)c1OC,0
COc1ccc(-c2ccc(CO[C@@H]3COc4nc([N+](=O)[O-])cn4C3)cc2)cc1F,0
CC(C)Oc1cccc2[nH]cc(C(=O)C(=O)N3CCN(C(=O)c4ccccc4)CC3)c12,0
Cc1nn(C)cc1OCC1(c2ccccc2)CC1C(=O)Nc1ccc(C#N)cn1,0
COCCNc1nc(C)nc2c1n(C)c(=O)n2-c1ccc(C(C)C)cc1Br,0
COc1cccc(-n2ncc3c(N/N=C(\C)c4ccncc4)ncnc32)c1,0
COc1ccc(N(CCN)C(=O)c2ccc3c(c2OC)C=CC(C)(C)O3)c(F)c1OC,0
COCCOCC(=O)N1CCCCC[C@H]1c1nnc(-c2ccccc2)o1,0
COc1cc(CN(CCN)C(=O)NC(C)c2ccccc2)ccc1OCc1ccccc1,0
CC(C)(O)CCCC1(C)CCc2c(CCC(=O)c3ccc(O)cc3O)ccc(O)c2O1,0
CSCCCNC(=O)c1ccccc1Nc1ccc2c(/C=C/c3ccccn3)n[nH]c2c1,0
O=C(O)c1cc(Oc2cccc(CCNC[C@H](O)c3cccc(Cl)c3)c2)ccc1F,0
O=C(CCCCCCn1cc(C(=O)NCc2ccc(Cl)cc2)c2ccccc21)NO,0
CCCC(C)COc1ccc([C@H](CN)NC(=O)[C@@H](C)c2ccccc2)cc1,0
O=C(CCc1ccc(NC(=O)C2CCCCC2)cc1)CCc1ccc(O)c(O)c1,0
CCCCCCCOc1cccc(O)c1-c1cc(C2CCCNC2)c(C#N)c(N)n1,0
O=C(CCCCCNc1nc(S)nc2ccccc12)NCCc1c[nH]c2ccccc12,0
Nc1c(C(=O)O)cnn1-c1ccc(CN(Cc2ccc(F)cc2)Cc2ccc(F)cc2)cc1,0
COc1ccc(/C(=C\O)c2ccc3ccccc3c2)c(OC)c1OC,0
CC(C)c1ccc(NC(=O)CSC(C)c2nc(O)c3ccccc3n2)cc1,0
COc1ccc(Nc2oc(/C=C/c3ccc(F)cc3)nc2C#N)cc1,0
O=C(NCc1ccc(F)cc1)c1ccc(Cl)c(C(=O)Nc2ccccc2)c1,0
CCOC(=O)C(C)(C)C(=O)Nc1c(C(C)C)cccc1C(C)C,0
CCCC(NC(=O)/C(C#N)=C/c1ccc2cccnc2n1)c1ccccc1,0
Cc1ccc(-c2cc(NCCCn3ccnc3)c3ccccc3n2)cc1,0
C#CCc1c(Cl)cc(N/C=N/OCc2ccccc2)cc1Cl,0
CCc1[nH]nc(-c2ccccc2OC)c1NC(=O)CC1CCCC1,0
c1ccc(CNCC[C@@H]2CCOC(c3ccccc3)(c3ccccc3)O2)cc1,0
CC1(C)Oc2ccc(C#N)cc2[C@@H](OC2=CC(=O)CC2)[C@@H]1O,0
CC1=C(C(=O)O)C(=O)C2=C3[C@@](C)(CCC[C@]13C)CO2,0
CN1CCC[C@@H]1Cc1c[nH]c2cccc(O)c12,0
O=C(NC1CC1)c1cc2c(s1)-c1ccccc1OC2,0
O=C(c1cc2ccccc2cc1O)N1CCCC1,0
CSc1sc(-c2cc[nH]n2)c2c1C(=O)NC[C@H]2C,0
Nc1nc2ccc(C(=O)Nc3ccncc3)cc2s1,0
CC1S/C(=C\c2nc3ccccc3s2)NC1=O,0
CC(C)(C)Nc1nccc(C(C)(C)C)n1,0
CC1CCCc2ccccc2C1NC(=O)c1cn[nH]c1,0
CN1CCN(c2nc(N)nc3c2sc2ccc(F)cc23)CC1,0
N#Cc1cccc(-c2c[nH]c3ncnc(N4CCCC(O)C4)c23)c1F,0
COc1cccc(-c2nc(N)nc(O)c2Br)c1,0
Cc1ccccc1NC(=O)NNC(=O)OC(C)(C)C,0
Cc1ccc([S+](N)([O-])=NC(=O)Nc2ccccc2)cc1,0
COC(=O)c1cc(/N=C/c2cccc(O)c2)ccc1O,0
CCC(=O)N=C(NC(=O)CC)Nc1nc2ccccc2s1,0
Nc1nnc([C@H]2CCCN(Cc3ccc4cnccc4c3)C2)o1,0
Cc1cc(Cl)nc(NC(=O)NC(=O)c2c(F)cccc2F)n1,0
CC(=O)Nc1cc(Cl)ccc1NC(=O)c1cn[nH]c1,0
CC(=O)NC1C(O)CC(C(=O)O)([C@@H](O)C2C(O)C(CO)OC(OC(=O)c3ccccc3)C2O)OC1C(O)C(O)CO,0
CC(=O)NC1C(O)CC(C(=O)O)([C@H](O)C2C(O)C(CO)OC(OC(=O)c3ccccc3)C2O)OC1C(O)C(O)CO,0
CC(C)C[C@@H]1NC(=O)C[S+]([O-])C[C@@H](C(=O)O)NC(=O)[C@H](CC(=O)O)NC(=O)CNC(=O)[C@H](CCCN=C(N)N)NC1=O,0
CC(C)C[C@@H]1NC(=O)[C@@H](CCC(N)=O)NC(=O)[C@H](N)CC(=O)NCCCC[C@H](C(=O)NCC(=O)O)NC(=O)[C@@H](CO)NC1=O,0
COc1cc([C@@H]2c3cc4c(cc3[C@H](OC(=O)c3cscn3)[C@H]3COC(=O)[C@H]23)OCO4)cc(OC)c1OC,0
COc1cc2nc(NCCCN(C)C)nc(NC3CCN(C)CC3)c2cc1OC,0
CCOC(=O)c1nc(-c2ccc(-c3ccccc3)cc2)[nH]c1N.Cl,0
Cc1cnc(Nc2ccc(C#N)cc2)nc1SC1CCCCC1,0
CC[C@@H](NC(=O)c1ccc(C#N)cc1)[C@H]1[C@@H]2C[C@@H](n3cnc4cc(F)c(F)cc43)C[C@@H]21,0
O=C(CSc1nnc(-c2ccccc2)o1)c1cccc(Cl)c1,0
CC(=O)N[C@H]1CSSC[C@@H](C(N)=O)NC(=O)CNC(=O)[C@H]([C@@H](C)O)NC(=O)[C@H](CCC(=O)O)NC(=O)[C@H](CCC(=O)O)NC1=O,0
N=C(N)NCCC[C@@H]1NC(=O)[C@@H](CCC(=O)O)NC(=O)CSC[C@@H](C(=O)O)NC(=O)[C@H](CC(=O)O)NC(=O)CNC1=O,0
N=C(N)NCCC[C@@H]1NC(=O)[C@@H](Cc2c[nH]cn2)NC(=O)CSC[C@@H](C(=O)O)NC(=O)[C@H](CC(=O)O)NC(=O)CNC1=O,0
N=C(N)NCCC[C@@H]1NC(=O)[C@@H](Cc2ccc(O)cc2)NC(=O)C[S+]([O-])C[C@@H](C(=O)O)NC(=O)[C@H](CC(=O)O)NC(=O)CNC1=O,0
N=C(N)NCCC[C@@H]1NC(=O)[C@H](CCC(=O)O)NC(=O)CSC[C@@H](C(=O)O)NC(=O)[C@H](CC(=O)O)NC(=O)CNC1=O,0
N=C(N)NCCC[C@@H]1NC(=O)[C@H](Cc2c[nH]cn2)NC(=O)CSC[C@@H](C(=O)O)NC(=O)[C@H](CC(=O)O)NC(=O)CNC1=O,0
N=C(N)NCCC[C@@H]1NC(=O)[C@H](Cc2ccc(O)cc2)NC(=O)C[S+]([O-])CC(C(=O)O)NC(=O)[C@H](CC(=O)O)NC(=O)CNC1=O,0
N=C(N)NCCC[C@@H]1NC(=O)[C@H](Cc2ccc(O)cc2)NC(=O)C[S+]([O-])C[C@@H](C(=O)O)NC(=O)[C@H](CC(=O)O)NC(=O)CNC1=O,0
COc1cc(O)c2c(c1)OCC1(Cc3c1cc(OC)c(OC)c3O)C2=O,0
O=C(Nc1ccccc1-c1ccccc1)c1ccccc1Br,0
CC(=O)N[C@H](C(=O)N[C@H]1CSSC[C@@H](C(=O)N[C@@H](C)C(N)=O)NC(=O)[C@H](CC(C)C)NC(=O)[C@H](CCC(=O)O)NC(=O)[C@H](CO)NC1=O)C(C)C,0
COc1ccc(O[C@@H]2O[C@H](CO[C@]3(C(=O)O)C[C@H](O)[C@@H](NC(=O)CO)[C@H]([C@H](O)[C@H](O)CNC(=O)c4cc(Cl)ccc4O)O3)[C@H](O)[C@H](O)[C@H]2O)cc1,0
NC(N)=NCCC[C@H](NC(=O)[C@@H](N)Cc1ccc(O)cc1)C(=O)N[C@H]1CSSC[C@@H](C(=O)O)NC(=O)[C@@H]2CCCN2C(=O)[C@H](CC(=O)O)NC1=O,0
NC(=O)c1sc(-c2ccnc(NC(=O)C3CC3)c2)nc1OCCC1CCN(Cc2ccccc2)CC1,0
CC(C)CS(=O)(=O)CC(NC(=O)c1cc(-c2ccccc2)cs1)C(=O)NCC#N,0
Cc1cc(O)cc(C)c1C[C@H](N)C(=O)NCc1cccc(Cc2ccccc2)c1.O=C(O)C(F)(F)F,0
O=C(/C=C/c1ccc([N+](=O)[O-])cc1)n1nnc2ccccc21,0
O=C(O)C1Nc2c(cccc2[N+](=O)[O-])C2C=CCC12,0
O=S1(=O)CC(c2ccc(Cl)cc2)N(CO)C(c2ccc(Cl)cc2)C1,0
COc1ccc(S(=O)(=O)Nc2ccc3[nH]cc(C[C@@H]4CCCN4C)c3c2)cc1,0
C#CCNC(=O)[C@H]1O[C@@H](n2ccc(N)nc2=O)C=C[C@@H]1NC(=O)C[C@@H](N)CCN(C)C(=N)N,0
C#Cc1nc(N)c2ncn(C3O[C@H](COS(=O)(=O)NC(=O)[C@@H](N)CCSC)[C@@H](O)[C@H]3O)c2n1,0
C/C(=C\CO[C@@H]1O[C@H](CO)[C@@H](O)[C@H](O)[C@H]1O)CC/C=C(\C)C(=O)O[C@@H]1O[C@H](CO)[C@@H](O)[C@H](O)[C@H]1O,0
C/C=C/C=C/C(=O)N(CC(=O)O)C(CC1OC(CO)C(O)C(O)C1O)C(=O)NCC(=O)O,0
CC(=O)N[C@H](C(=O)NCC(=O)N[C@@H](CC(N)=O)C(N)=O)c1ccc(OP(=O)(O)O)cc1,0
CC(=O)N[C@H]1[C@H]([C@H](O)[C@H](O)CO)OC(C(=O)O)=C[C@@H]1N(CCCC(=O)N1CCN(C)CC1)C(=N)N,0
CC(=O)N[C@H]1[C@H]([C@H](O)[C@H](O)CO)OC(C(=O)O)=C[C@@H]1N(CCCC(=O)N1CCOCC1)C(=N)N,0
CC(=O)N[C@H]1[C@H]([C@H](O)[C@H](O)CO)OC(C(=O)O)=C[C@@H]1NC(=N)NC(=O)CCC1CCOC1,0
CC(C)(CO)[C@@H](O)CNS(=O)(=O)NC[C@H]1O[C@@H](n2cnc3c(N)ncnc32)[C@H](O)[C@@H]1O,0
CC(C)(CO)[C@H](O)C(=O)NCCCc1cn(C[C@H]2O[C@@H](n3ccc(N)nc3=O)[C@H](O)[C@@H]2O)nn1,0
Nc1nc(Cl)c(C#CC2N=CC=N2)c(N[C@@H]2C[C@H](CO)[C@@H](O)[C@H]2O)n1,0
Nc1ncnc2c1ncn2[C@@H]1O[C@H](CNCc2cccc(O)c2)[C@@H](O)[C@H]1O,0
Nc1nc(C#C[C@@H](O)c2ccccc2)nc2c1ncn2[C@@H]1O[C@H](CO)[C@@H](O)[C@H]1O,0
Nc1nc2c(ncn2C[C@H]2CCCN2CCP(=O)(O)O)c(=O)[nH]1,0
C[C@@]1(O)[C@H](O)[C@@H](CO)O[C@H]1c1cc(-c2ncc[nH]2)c2c(N)ncnn12,0
CCOc1c(OC)cc2c(c1O)C(=O)NC1C2CC(O)C(O)C1O,0
O=C(NC1CC1)c1ccc2[nH]c([C@@H]3O[C@H](CO)[C@H](O)[C@H](O)[C@H]3O)nc2c1,0
NCCNC(=O)c1cnc(N)n2nc(-c3cc(O)cc(O)c3)nc12,0
CCC(C)Oc1nc(N)c2ncn(C3O[C@@H](CO)[C@H](O)[C@@H]3O)c2n1,0
CC[C@H]1O[C@@H](NC(=S)N/N=C/c2cccc(O)c2)[C@H](O)[C@@H](O)[C@@H]1O,0
Nc1nc(C#CC2(O)CCCCCCC2)nc2c1ncn2[C@@H]1O[C@H](CO)[C@@H](O)[C@H]1O,0
COc1cc(O)c2c(c1Cl)CC1CC3[C@H](N(C)C)C(=O)C(C(N)=O)=C(O)[C@@]3(O)C(O)C1C2=O,0
CNC(=O)[C@@]12C[C@@H]1[C@@H](n1cnc3c(NC)nc(C#Cc4cccc(N)c4)nc31)[C@H](O)[C@@H]2O,0
CN(C)[C@@H]1C(O)=C(C(N)=O)C(=O)[C@@]2(O)C(O)=C3C(=O)c4c(O)cccc4[C@@](C)(O)C3CC12,0
C=Cc1ccc2c(c1O)C(=O)C1=C(O)[C@]3(O)C(O)=C(C(N)=O)C(=O)[C@@H](N(C)C)C3[C@@H](O)C1[C@H]2C,0
O=c1cc(-c2ccc(O)cc2)oc2c([C@H]3O[C@@H](CO)[C@@H](O)[C@@H](O)[C@@H]3O)c(O)cc(O)c12,0
O=c1cc(-c2cccc(O)c2)oc2cc(O)c(O[C@@H]3O[C@H](CO)[C@@H](O)[C@H](O)[C@H]3O)c(O)c12,0
CC1=CC[C@]2(O)[C@]3(C)C[C@]4(O)O[C@@]2(C1=O)[C@]1(O)[C@@]3(O)[C@H](OC(=O)c2ccc[nH]2)[C@](O)(C(C)C)[C@@]14C,0
COc1cc(-c2coc3c([C@@H]4O[C@H](CO)[C@@H](O)[C@H](O)[C@H]4O)c(O)ccc3c2=O)ccc1O,0
CN(C)c1ccc(O)c2c1CC1CC3[C@H](N(C)C)C(O)=C(C(N)=O)C(=O)[C@@]3(O)C(O)=C1C2=O,0
CCC[C@H](NCCCN1C(=O)COc2ccccc21)C1CC1,0
C[C@@H]1[C@@H](N2C(=O)CC(=O)N(CCc3ccc(Cl)cc3)C2=O)C[C@H]2C[C@@H]1C2(C)C,0
CCOC(=O)C(C)(C)N[P@@](=O)(OC[C@H]1O[C@@H](n2ccc(=O)[nH]c2=O)[C@](Cl)(Br)[C@@H]1O)Oc1ccccc1,0
Cc1cc(C)cc(NC(=O)CCc2nc3ccccc3[nH]2)c1,0
O=C(N/N=C/c1cccc(OCc2ccccc2)c1)c1ccc2[nH]cnc2c1,0
NC(=O)c1cc(-c2ccc(F)cc2)c2sc(COc3ccc(Cl)nc3)cc2n1,0
N=C(N)NCCC[C@H](NC(=O)CCCC(c1ccccc1)c1ccccc1)C(=O)O,0
COC(=O)C1(Cc2ccc(OC)cc2)CC(=O)OC1c1ccccc1,0
COc1ccc(N2CCN(C(=O)n3nnc4ccccc43)CC2)cc1,0
COc1cc(Cl)ccc1[C@H]1c2[nH]c3cccc(F)c3c2C2(CC2)CN1C(C)=O,0
O=C(Nc1nc2cccc(-c3ccccc3)n2n1)C1CC1,0
CC(=N)Nc1ccc(C(=O)Nc2nccs2)cc1,0
COc1cc(Br)cc(/C=N/c2nc[nH]n2)c1O,0
Cc1cc(NC(=O)c2ccc(C)c([N+](=O)[O-])c2)no1,0
CCNC(=S)NNC(=O)c1c(C)nc2ccccc2c1C,0
CC1(C)C(=O)Nc2cc3[nH]c(-c4ccc[nH]4)nc3cc21,0
N=C(c1cccc([N+](=O)[O-])c1)N1CCCCCC1,0
CC(C)(C)c1coc([C@@H]2COCCN2Cc2ncc[nH]2)n1,0
NC(=O)N1CCCc2cc(-c3cncc(C4CCC(=O)N4)c3)cnc21,0
CCc1cccc(C(=O)NC2CCOC3(CCOC3)C2)c1O,0
COC(=O)C1C(c2ccc(O)c(O)c2)CC2CCC1N2C,0
CSc1c(C#N)c(N)nc2c(C#N)c(N3CCCCC3)nn12,0
N#CC1=C(N)N2C(=O)CSC2=C(C#N)C1c1ccc(F)cc1,0
O=C1Nc2ccc(F)cc2/C1=N/N=C/c1ccc[nH]1,0
N[C@H]1C[C@@H](N2Cc3cn[nH]c3C2)CO[C@H]1c1cc(F)ccc1F,0
Cc1ccc(NC(=O)c2cc(C)[nH]n2)c(C)n1,0
Cc1cccc(-c2cc(=O)c(O)c(C(=O)O)[nH]2)c1,0
Nc1cc(C(=O)n2nnc3ccccc32)ccc1Cl,0
C/C(=N\NC(=S)N1CCCCC1)c1nc2cccnc2[nH]1,0
N#Cc1c(N)nc(N2CCOCC2)c(C#N)c1-c1ccccc1,0
Cn1cc(S(=O)(=O)N2CCOc3c2cccc3C(F)(F)F)cn1,0
Cl.O=C(COc1ccccc1F)NC1CCN(Cc2ccccc2)CC1,0
CCCC(C)OC(=O)CCC(=O)Nc1cc(Nc2cccc(Br)c2)ncn1,0
CCCCCCCC(=O)CCCCCC/C=C/[C@H](C(=O)N[C@@H](Cc1cccs1)C(=O)O)[C@@](O)(CC(=O)O)C(=O)O,0
CC[C@H](C)[C@H](NC(=O)N(Cc1ccc(F)cc1)c1cccc(NC(=O)[C@H](CCCCN)NC(=O)OC(C)(C)C)c1)C(=O)N[C@@H](CC(C)C)C(=O)O,0
NS(=O)(=O)c1ccc(CCNc2ncnc3c2c(-c2ccccc2)cn3-c2ccc(F)cc2)cc1,0
CC[C@H]1OC(=O)[C@H](C)[C@@H](O)[C@H](C)[C@@H](O[C@@H]2O[C@H](C)C[C@H](N(C)CCCNc3ccnc4ccc(Cl)cc34)[C@H]2O)[C@](C)(O)C[C@@H](C)CN(C)[C@H](C)[C@@H](O)[C@]1(C)O,0
CC(C)(CC(=O)Nc1ccc(F)c(C(F)(F)F)c1)C(=O)O,0
O=C(O)C(Cc1ccccc1C(F)(F)F)Oc1ccc(Cl)cc1,0
CNC(=O)c1sc(-c2ccnc(NC(=O)C3CC3)c2)nc1OCCCC#Cc1ccc2c(c1)C(=O)N(C1CCC(=O)NC1=O)C2=O,0
CC1(C)N=C(N)N=C(N)N1c1cccc(NC(=O)Nc2cccc(N3C(N)=NC(N)=NC3(C)C)c2)c1.Cl.Cl,0
Cc1ccc(N2C(N)=NC(N)=NC2(C)C)cc1NC(=O)Nc1cc(N2C(N)=NC(N)=NC2(C)C)ccc1C.Cl.Cl,0
Cc1ccc(NC(=O)Nc2ccc(C)c(N3C(N)=NC(N)=NC3(C)C)c2)cc1N1C(N)=NC(N)=NC1(C)C.Cl.Cl,0
O=C(O)Cn1c2c(c3c1=C(c1ccc(O)c(O)c1)C(=O)c1cc(O)c(O)cc1-3)-c1cc(O)c(O)cc1C(=O)C=2c1ccc(O)c(O)c1,0
O=C(CCc1ccccc1)N(Cc1ccsc1)Cc1nc2c(c(=O)[nH]1)COCC2,0
Cc1ccnn1CCSCC(=O)O,0
Cc1nc(N2CCOCC2)c2nc(-c3ccccc3)n(CCN(C)C)c2n1,0
Clc1ccc(/C=N/Nc2nc(-c3ccc(Cl)cc3)cs2)cc1,0
O=C([O-])CCN(Cc1cccc(C(F)(F)F)c1)Cc1ccc(C(=O)[O-])c(C(=O)[O-])c1.[Na+].[Na+].[Na+],0
N#CC1=C2SCN(C3CCCCC3)CN2C(=O)CC1c1ccc(Br)cc1,0
COc1ccc(C#N)cc1,0
Cc1cc2cnccc2nc1O,0
O=C1CCC2CCC1C2,0
Clc1n[nH]c2ncccc12,0
Oc1ccc(Cl)cn1,0
O=C1CC(c2ccccc2)=NO1,0
C[C@]12CCCC(=O)[C@@]1(C)CCC2=O,0
c1nncc2c1CCC1CCC2N1,0
N#Cc1nc2cccc(Cl)c2[nH]1,0
CCC1CCCCNC1=O,0
C#CCN(CC(N)=O)C(=O)C[C@@H](Cc1c[nH]c2ccccc12)NC(=O)[C@H]1CC(NC(=O)Cn2c(=O)[nH]c3ccccc3c2=O)CN1,0
C/C=C/[n+]1c(N)cc(N)nc1SCC1=C(C(=O)[O-])N2C(=O)C(NC(=O)/C(=N\OC(C)(C)C(=O)O)c3cnc(N)s3)C2SC1,0
CC(=O)N[C@H](C(=O)N[C@@H](CC(=O)O)C(=O)N[C@H](C(=O)N1CCc2cc(O)ccc2C1C(=O)N[C@H]1CC(=O)OC1O)C(C)C)C(C)C,0
CC(=O)N[C@H](C(=O)N[C@@H](CC(=O)O)C(=O)N[C@H](C(=O)N1CCc2ccc(O)cc2C1C(=O)N[C@H]1CC(=O)OC1O)C(C)C)C(C)C,0
CC(=O)N[C@H]1CC(=O)NCCCC[C@@H](C(=O)N[C@@H](CCCNC(=N)N)C(=O)c2nccs2)NC(=O)[C@H](CC(C)C)NC1=O,0
CC(=O)N[C@H]1[C@H]([C@H](O)[C@H](O)CO)O[C@@](Oc2ccc(-n3cc(C4(NC(N)=O)CCCCC4)nn3)cc2C(F)F)(C(=O)O)C[C@@H]1O,0
CC(=O)N[C@H]1[C@H]([C@H](O)[C@H](O)CO)O[C@@](Oc2ccc(-n3cc(CSc4nnc(N)s4)nn3)cc2C(F)F)(C(=O)O)C[C@@H]1O,0
CC(C)(C)C#Cc1nc(N)c2ncn([C@@H]3O[C@H](COS(=O)(=O)NC(=O)CCCC[C@@H]4SC[C@@H]5NC(=O)N[C@@H]54)[C@@H](O)[C@H]3O)c2n1,0
CC(C)(O/N=C(\C(=O)NC1C(=O)N2C(C(=O)[O-])=C(CSc3nc(N)cc(N)[n+]3-c3ccccc3)CSC12)c1cnc(N)s1)C(=O)O,0
CC(C)C[C@H]1NC(=O)[C@H](C(C)C)NC(=O)[C@@H](CCC(N)=O)NC(=O)[C@H](CC(=O)O)NC(=O)[C@H](Cc2c[nH]c3ccccc23)NC1=O,0
C=C(CC[C@]12O[C@H](CNS(=O)(=O)C(F)(F)F)[C@@](O)(C(=O)O)[C@](C(=O)O)(O1)[C@H](O)[C@H]2O)[C@@H](OC(C)=O)[C@H](C)Cc1ccccc1,0
C=C[C@H]1[C@H](O[C@@H]2O[C@H](CO)[C@@H](O)[C@H](O)[C@H]2O)OC=C(C(=O)OC)[C@H]1CC(=O)c1[nH]c2ccccc2c1[C@H](OC)C(=O)NC,0
CC(=O)N(c1ccc(CC(=O)Nc2ccc(CC(=O)NCCN)cc2)cc1)c1ncnc2c1ncn2C1O[C@H](CO)[C@@H](O)[C@H]1O,0
CC(=O)N[C@@H](Cc1ccc(OP(=O)(O)O)cc1)C(=O)N[C@@H](C)C(=O)N1CCC[C@H]1C(=O)N[C@@H](Cc1ccccc1)C(N)=O,0
CC(=O)N[C@@H](Cc1ccc(OP(=O)(O)O)cc1)C(=O)N[C@@H](CC(C)C)C(=O)N1CCC[C@H]1C(=O)N1CCN(CC(N)=O)CC1,0
CC(=O)N[C@H](C(=O)N[C@@H](CC(=O)O)C(=O)N[C@H](C(=O)N1CC[C@H](C2CCCCC2)[C@H]1C(=O)N[C@H]1CC(=O)OC1O)C(C)C)C(C)C,0
CC(=O)N[C@H](C(=O)N[C@@H](CC(=O)O)C(=O)N[C@H](C(=O)N1CC[C@H](CC(C)(C)C)[C@H]1C(=O)N[C@H]1CC(=O)OC1O)C(C)C)C(C)C,0
CC(=O)N[C@H](C(=O)N[C@@H](CC(=O)O)C(=O)N[C@H](C(=O)N1CC[C@H](c2ccc(C)cc2)[C@H]1C(=O)N[C@H]1CC(=O)OC1O)C(C)C)C(C)C,0
CC(=O)N[C@H](C(=O)N[C@@H](CC(=O)O)C(=O)N[C@H](C(=O)N1CC[C@H](c2ccccc2)[C@H]1C(=O)N[C@H]1CC(=O)OC1O)C(C)C)C(C)C,0
CC(=O)N[C@H](C(=O)N[C@@H](CC(=O)O)C(=O)N[C@H](C(=O)N1CCc2cc(C)ccc2C1C(=O)N[C@H]1CC(=O)OC1O)C(C)C)C(C)C,0
O=C(Oc1ccc(Br)cc1)N1CCN2CCC1CC2,0
CS(=O)(=O)c1ccc(-c2ncoc2-c2ccc(F)cc2)cc1,0
N#Cc1ccc(COC(=O)c2cnc(Cl)c(Cl)c2)cc1,0
O=S(=O)(c1ccc(Cl)cc1)N1Cc2c[nH]nc2-c2cc(F)ccc21,0
CCCNC(=O)N1C[C@@H](c2cccc(F)c2F)[C@@H]2[C@H]1C1CCN2CC1,0
O=S(=O)(c1ccc(Cl)cc1)N1C2Cc3[nH]ncc3C1CC(C(F)F)C2,0
CN(C)Cc1nc2c(sc3ccc(Br)cc32)c(=O)[nH]1,0
O=C1c2ccccc2C(=O)N1c1ccccc1[S+]([O-])C(F)(F)F,0
COC(=O)C(C)N1C(=O)c2ccccc2NC1c1ccccc1,0
O=C1c2cc(Cl)c(Cl)cc2C(=O)N1CCc1ccccn1,0
Cn1nnc(NC(=S)NC(=O)c2cccs2)n1,0
O=C(Nc1nnn[nH]1)c1ccc2occc(=O)c2c1,0
CN1CCC=C(c2nc(C3CCC3)no2)C1.O=C(O)C(=O)O,0
O=C1NC(=O)C2(CCN(C(=O)c3cc(-c4ccco4)[nH]n3)CC2)N1,0
Cn1cc(-c2cnn3c(N)c(C#N)c(C4CCCNC4)nc23)cn1,0
CN(C)/C(=N/[C@@H]1c2cc(C#N)ccc2OC(C)(C)[C@H]1O)NC#N,0
Cn1cccc(C(=O)NC2CC3C(=O)Nc4ccccc4N3C2)c1=O,0
Cn1cc(-c2cnc(N)n3nc(-c4ccccn4)nc23)ccc1=O,0
O=C1NC(c2ccccc2)=NC2C1=C1CCCN1C2(O)N1CCOCC1,0
CN1CCN(c2nc(N)nc(-c3ccc(C#N)cc3)n2)CC1,0
CNC(=O)c1nnc(NC(=O)C2CC2)cc1Nc1cccc(C(=O)Nc2ccc(C(N)=O)cc2)c1OC,0
O=C(NC1CNCC1OC(=O)c1cc(O)c(C(=O)c2c(C(=O)O)ccc3ccccc23)c(O)c1)c1ccc(O)cc1,0
CS(=O)(=O)Nc1cccc(O)c1C(=O)c1c(O)cc(C(=O)OC2CCCC2NC(=O)c2ccc(O)cc2)cc1O,0
O=C(O)C[C@H](NC(=O)CNC(=O)c1cc(O)cc(NC2=NCCCN2)c1)c1cc(Cl)cc(Br)c1O,0
COC(=O)CC1(C(=O)Nc2ccc(-c3ccccc3S(N)(=O)=O)cc2F)CC(c2cccc(C(=N)N)c2)=NO1,0
Cn1cc(NC=O)cc1C(=O)Nc1cc(C(=O)Nc2cc(C(=O)Nc3ccccc3C(=N)N)n(C)c2)n(C)c1,0
C/C(=C\c1cc(F)c(Oc2ccc(S(=O)(=O)Nc3ccc(P(=O)(O)O)cc3)cc2)c(F)c1)C(=O)N=C(N)N,0
Cc1c(CCc2ccc(C(=O)NC(CCC(=O)O)C(=O)O)c3ccccc23)cnc2nc(N)nc(N)c12,0
Nc1ccccc1NC(=O)c1ccc(NC(=O)CCCNc2cccc3c2C(=O)N(C2CCC(=O)NC2=O)C3=O)cc1,0
COc1ccc(-c2ccc(C(=O)N[C@H](CO)C(C)(C)C)cc2C(=O)O)c(C(=O)Nc2cccc(C(N)=O)c2)n1,0
CC(=O)O.c1cc2cc(-c3ccc(-c4cc5ccc(C6=NCCCN6)cc5[nH]4)nc3)[nH]c2cc1C1=NCCCN1,0
CC(=O)Oc1cc([C@@H]2c3c(O)cc(O)cc3[C@H]3[C@H](c4ccc(O)c(OC(C)=O)c4)c4c(O)cc(O)cc4[C@@H]23)ccc1O,0
CC(=O)c1c(O)c(C)c(O)c(Cc2c3c(c(O)c4c2OC(c2ccc(O)cc2)CC4=O)C=CC(C)(C)O3)c1O,0
CC(C)(C)NC(=O)Nc1cc(C(F)(F)F)ccc1-c1cc(Oc2cccc3[nH]c(=O)c(N)nc23)ncn1,0
CC(C)=CCC12Oc3cc(O)c(C4=CC5(C)CC(C4)c4ccc(O)cc4O5)c(O)c3C(=O)C1(O)Oc1cc(O)ccc12,0
CC(C)S(=O)(=O)c1ccc2cc1CNC(=O)[C@H](Nc1ccc3c(N)nccc3c1)c1ccc(cc1)CCCC(=O)N2,0
CC(c1c[nH]c(N)n1)c1ccc(O)c2[nH]cc(-c3cnc(-c4c[nH]c5cc(Br)ccc45)c(O)n3)c12,0
CCS(=O)(=O)c1ccc2cc1CNC(=O)[C@H](Nc1ccc3c(N)nccc3c1)c1ccc(c(C)c1)CCCC(=O)N2,0
CC[C@H]1/C=C/[C@H](O)[C@H](C=C(C)C)OC(=O)[C@@]2(C)C=CC(=O)Nc3c2c(O)c2c(c(O)c(C)cc2c3O)C(=O)CC1,0
CN1c2ccccc2C(=O)N2[C@H](C(=O)Nc3ccc(C(=O)Nc4ccccc4N)cc3)Cc3c([nH]c4ccccc34)[C@@H]12,0
CCCCCCCOc1ccc(-n2cc(CCCN)nn2)cc1,0
OCCNCCCCOc1ccc(OCc2ccccc2)cc1,0
CCCCCCCc1cccc(CC[C@@H]2OC[C@@H](N)[C@@H]2O)c1,0
CNCCCCOc1ccccc1Cc1ccccc1OC,0
OCC1(CCOc2ccccc2)CCN(CCCn2cccn2)CC1,0
CCCCCCCCc1ccccc1CC[C@@H]1OC[C@@H](N)[C@@H]1O,0
CC[N+](C)(CC)CCOCC(O)(c1ccccc1)c1ccccc1,0
CCCCc1nc(CN(CCC)Cc2cccnc2)c[nH]1,0
O=C(NCCCCCC/N=C/c1ccccc1O)c1ccccc1O,0
CC(O)CNCCCCOc1ccc(OCc2ccccc2)cc1,0
CCCC(C(=O)c1ccc(OCCN(C)C)cc1)c1ccccc1,0
CCCCCCCCNc1nc(SC)nc2ncccc12,0
CCCCCCCCC1=CCC(CN(C)C)C1=O.Cl,0
CCCCCCOC(Cn1cncn1)c1ccc(F)cc1F,0
CCCCCCCCCS(=O)(=O)Nc1cc(C)ccn1,0
CN(C)CCCCOc1ccccc1CCc1cccc(F)c1,0
CCN(CC)CCOC(=O)C(c1ccccc1)c1ccccc1,0
COc1ccc(CCNC(C)CCc2ccc(OC)cc2)cc1,0
COC(CC(=O)CCc1ccccc1)Cc1ccccc1,0
CCCC[C@H](CC)CNC1CCN(C(C)C)CC1,0
CC1(C)CC1C(=O)N/C(=C\C1CC1)C(=O)O,0
COC(=O)CSc1cnc2ccccc2n1,0
O=C1N[C@@H](c2ccccc2)CN1CCS,0
c1ccc(CCOCC2CCNCC2)cc1,0
COc1ccccc1NC(=O)c1cccnc1,0
Cn1cc(CNc2ccc(F)cc2)cn1,0
O=c1cc(CCCO)[nH]c2ccccc12,0
Cc1cccc(C(=O)NCc2cccc(O)c2)n1,0
O=C(CC1=CCCCC1)Nc1cnns1,0
COc1ccccc1-c1n[nH]c(SC)n1,0
O=C(O)CCCNCCC=C(c1ccccc1)c1ccccc1,0
CN(C)CCCOc1ccccc1CCc1ccc(N(C)C)cc1,0
CC(C)=CCC/C(C)=C/CC/C(C)=C/COC(CO)CO,0
CCCCCCc1ccc(-c2noc(CCCN)n2)cc1.Cl,0
C[N+]1(CCCCCCCC[N+]2(C)CCCC2)CCCC1,0
CCC/C=C\C#C/C=C/C(=O)CCCCCCCC(=O)O,0
CCCCc1ccc(-c2nc(CNCCN3CCCC3)co2)cc1,0
O=C(Cc1ccccc1)NCCCCCCCc1ccccc1,0
Oc1ccccc1/C=N/CCCCCC/N=C/c1ccccc1O,0
CCCCCCc1cnc(N)n1CCCCC.Cl,0
C1CCNCC1.S=C(S)N1CCCCC1,0
C[C@H]1C[C@H]2CSC(N)=N[C@@]2(c2cc(C#N)ccc2F)CO1,0
COc1ccc2c(c1)C(=O)Cc1ccccc1O2,0
Cc1ccc2c3c([nH]c2c1)CCC(N(C)C)C3,0
CC1=C[C@@H]2[C@@H](CC1=O)[C@](C)(O)CC[C@H]2C(C)C,0
O=c1ncn(-c2ccc(F)c(Cl)c2)c2ccccc12,0
CC(=O)N1CCc2sccc2C1c1cccc(C)n1,0
Cc1cc(C)c2c(n1)NC(c1cccs1)NC2=O,0
COc1ccc2c(c1)c1ccnc3c1n2CCC3,0
COC(=O)N(C)[C@@H]1CCN2CCc3ccccc3[C@@H]2C1,0
c1ccc2c(NC3=NC[C@@]4(CN5CCC4CC5)O3)nccc2c1,0
CC12CCC3C(C(=O)C=C4C=CCCC43CO)C1CCC2=O,0
CCN1c2ccccc2N(C)C(=O)c2cccnc21,0
O=C1Nc2ccc(Br)cc2C1(O)c1ccccc1,0
Cc1cc(C)cc(-c2cc(=O)n3nc(C)cc3[nH]2)c1,0
Cc1c2c(ccc3c(N4CCCC4)ncnc32)nn1C,0
O=c1[nH]c2cc3cccnc3c(Cl)c2nc1CBr,0
C[C@@H]1OC[C@@H]2[C@@H](C[C@H]3c4c(c5ccccc5n4C)C[C@@H]2N3C)[C@@H]1C=O,0
N#Cc1c(-c2ccccc2)[nH]c2ccccc2c1=O,0
COC(=O)N1CCC2(CC1)CCN(c1ccccn1)CC2,0
CCOC(=O)C1=C(C)NC(C)=C(C(C)=O)[C@H]1c1cccc2c(=O)cc(C)oc12,0
COC(=O)c1c(NC(=O)c2ccco2)sc(C(=O)N2CCCC2)c1C,0
Cc1cc(NC(=O)CN2CCCC[C@H]2c2nc(C)cs2)on1,0
CC(C)C1CN(c2ncc(F)cn2)CCC(=O)N1Cc1ccc(F)cc1,0
CN1C(=O)N(c2ccc(C#N)c(C(F)(F)F)c2)C(=O)[C@@]1(C)c1ccc(O)cc1,0
Cc1ccccc1NC(=O)COC(=O)C1CC2CCCC(C1)C2=O,0
O=C(c1cccnc1)N1CCC2(CC1)CCN(Cc1ccccc1)C2=O,0
COc1cc2c(cc1OC)[C@@H]1[C@H]3Cc4ccccc4CN3C(C#N)[C@H](C2)N1C,0
C/C(=N\NC(=O)c1cccc(C)c1)c1ccc(N2CCOCC2)cc1,0
CC(=O)Nc1ccc(S(=O)(=O)c2ccnc3cc(Cl)ccc23)cc1,0
COc1ccc(C(=O)N2CCN(c3cccc(Cl)c3)CC2)c(OC)c1,0
Cc1ccncc1C(O)(c1ccc(Cl)cc1)c1cncnc1,0
O=C(c1cc[nH]c(=O)c1)N1CCCCC[C@@H]1Cc1ccccc1Cl,0
Cc1cnc(N2CCC3(CC2)CC(N(C)Cc2ccncc2)C3)nc1,0
CCN(CC)C(=O)C1=C(C)N=C(S)NC1c1ccc(C)s1,0
O=C(Nc1ccc(C(F)(F)F)cc1)c1ccnc(-n2ccnc2)n1,0
Cc1ccc(C(=O)OC(C)C(=O)Nc2ccc(Cl)cn2)s1,0
CC1=C(C(=O)NCc2ccccc2C)C2(CCCCCC2)OC1=O,0
COC1=CC(=O)C(O)=C(C[C@@]2(C)CC[C@]3(C)C(C=O)=CCC[C@H]3[C@H]2C)C1=O,0
O/N=C(/CCN1CCN(c2ccccn2)CC1)c1ccccc1Cl,0
Cc1ccc2[nH]cc3c(=O)n(-c4ccccc4)nc-3c2c1,0
Cc1cccc(-c2nc3sc(C)cc3c(=O)o2)c1,0
COC(=O)N1C2CC3(C)CC(=O)CC1(C)C3c1ccccc12,0
C1C[C@H]2CC[C@H]3N4CCCC[C@H]4[C@@H]4CCCN5C[C@@H](C1)[C@H]2N3[C@@H]45,0
Cc1sc2nc3n(c(=O)c2c1C)Cc1ccccc1-3,0
CN1CC[C@H]2CC[C@@H](C1)N2C(=O)Nc1cccc(Cl)c1,0
C/C=C1\C(=O)OC[C@H]2[C@@H]3Cc4c(n(C)c5ccccc45)[C@H](C[C@@H]12)N3,0
COc1ccc2c(c1)C(N1CCN(C)CC1)=Nc1ccccc1N2,0
FC(F)(F)c1cc(C2CC3CCC2N3)c(C(F)(F)F)nn1,0
CC(C)[C@@H]1CC(=O)[C@@]2(C)/C=C3\C(CC[C@@]3(C)O)[C@]3(C)O[C@@H]3CC12,0
Cn1c(=O)nc2n(-c3ccc(C(F)(F)F)cc3)c3ccccc3nc-2c1=O,0
C=C[C@]12CN(C)[C@@H]3[C@H]4CO[C@H](C[C@H]41)[C@]1(C(=O)Nc4ccccc41)[C@@H]32.Cl,0
CC1CCC2[C@@H](C)C(=O)OC3O[C@]4(C)CCC1C32OO4,0
CN(C)N1C(N)=C(C#N)C(c2ccc(F)cc2)C2=C1CCCC2=O,0
O=C(c1cc(F)c(O)c(Cl)c1)N1CS(=O)(=O)c2ccccc21,0
CC(C)(C)n1nc2c(c1NC(=O)c1ccccc1F)C[S+]([O-])C2,0
CC(=O)Oc1ccc2c(c1)C(=O)CCCCCC(=O)O2,0
Cc1ccc(C(=O)N2CC3(C[C@H](N4CCCCC4)CO3)C2)cc1C,0
O=S(=O)(c1ccccc1)n1c2cc3cccnc3nc2c2cccnc21,0
O=C(C1CC1)N1CC[C@@H]2[C@H]1c1cc(Br)ccc1N[C@@H]2CO,0
c1ccc(C2=Nn3c(nnc3-c3cccs3)SC2)cc1,0
O=C1c2nc3cccc(C(F)(F)F)c3n2CCN1CC1CC1,0
N#C/N=C1/SCCN1C(=O)c1ccc(-c2ccccc2F)o1,0
O=C(c1nc2cc(Cl)ccc2s1)N1CCN(c2ccncc2)CC1,0
CC1(C)C(=O)N(C(=O)NC[C@@H]2CCN3CCC[C@@H]23)c2ccccc21,0
O=C(NNC(S)=Nc1ccccc1C(F)(F)F)C1CC1,0
Cc1ccc2c(c1)cc(-c1nc3ccccc3[nH]1)c1nnnn12,0
O=C1C2=C(CCCC2)C(O)N1c1cc(O)c(Br)cc1F,0
O=C1CCC(=O)c2oc3ccc(Br)cc3c2N1,0
CC1(C)OC2C(=O)c3ccccc3C(=O)C2[C@@H]([N-][N+]#N)[C@@H]1Br,0
Clc1cc(-c2ccccc2)nnc1N1CCN(c2ncccn2)CC1,0
Cn1cc2c(n1)C(=O)N(c1cc(Cl)c(=O)n(C)c1)[C@H]2c1ccc(Cl)cc1,0
CN(C)C(=O)Oc1ccc2c(c1)O/C(=C\c1ccccc1)C2=O,0
C=C(C)[C@@H]1C[C@@]2(C)C(=CC1=O)[C@H](O)C[C@@H](OC(=O)/C(C)=C\C)[C@@H]2C,0
O=Cc1cccc(/C=C2/C(=O)Nc3c2ccc2ccccc32)n1,0
COc1ccc(N2CCN(C(=O)C34CCC(C)(C(=O)C3)C4(C)C)CC2)cc1,0
CC(C)(C)c1ccc(S(=O)(=O)N2CCN(C3CCCC3)CC2)cc1,0
O=C(NS(=O)(=O)c1ccc(Cl)cc1)c1cccc(Cl)c1,0
O=C1O[C@]2(CCN1[C@H]1CCc3ccccc31)CC[C@@H](O)CC2,0
O=C(c1ccco1)N1CCC[C@@]2(CCN(Cc3nccs3)C2)C1,0
CC(=O)OC[C@@]1(C)[C@@H]2CC[C@]3(C)[C@H](CC=C4[C@@H]5CC(C)(C)CC[C@]5(C(=O)O)CC[C@]43C)[C@@]2(C)C[C@@H](OC(C)=O)[C@@H]1OC(C)=O,0
COc1cc2c(c3c1c(=O)c1cc4ccccc4cc1n3C)[C@@H](O)[C@@H](OC(=O)/C=C/c1ccc(Cl)cc1Cl)C(C)(C)O2,0
CC(=O)OC[C@@]12CC[C@]3(C)C(CCC4[C@@]5(C)CC[C@H](OC(=O)CCl)C(C)(C)C5CC[C@]43C)C1=C(C(C)C)C(=O)OC2=O,0
O=C(Nc1cc(Br)ccc1N1CCN(C(=O)c2cccc(Cl)c2)CC1)c1cc2ccccc2o/c1=N\c1ccccc1,0
COc1ccc(-n2cc(COc3ccc4c(c3)CC[C@@H]3[C@@H]4CC[C@]4(C)[C@@H]5[C@H](C[C@@H]34)O[C@]3(CC[C@@H](C)CO3)[C@H]5C)nn2)cc1,0
Cc1c(NC(=O)/C(C#N)=C2\SC=C(c3ccc(Cl)cc3)N2c2ccc(Cl)cc2)c(=O)n(-c2ccccc2)n1C,0
C[C@@H]1CC[C@@]2(OC1)O[C@H]1C[C@H]3[C@@H]4CC[C@@H]5C[C@@H](OC(=O)N6CCN(Cc7ccccc7O)CC6)CC[C@]5(C)[C@H]4CC[C@]3(C)[C@H]1[C@@H]2C,0
Cc1nn(-c2ccccc2)c(-n2cnc3ccccc32)c1C1CC(c2cccs2)=NN1C1=NC(=O)/C(=C/c2cccs2)S1,0
CCOC(=O)C1=C(C)N(c2cccc(C(F)(F)F)c2)C(=O)N(C)C1c1ccc(C#N)cc1C1=CCN(C(=O)OC(C)(C)C)CC1,0
CCC(c1ccc(C(F)(F)F)cc1)N1CCC2(CCN(c3nc(=O)c4cc(C(F)(F)F)cc([N+](=O)[O-])c4s3)CC2)CC1,0
C[C@]1(O)CC(=O)OC(CSc2nc(-c3ccccc3)n(-c3ccccc3)n2)C1,0
O=C1NCN(c2ccccc2)C12CCN([C@H]1CCC[C@H]1c1ccccc1)CC2,0
O=C(O)[C@@H](c1ccccc1F)N1CCC(c2nc(-c3ccccc3)no2)CC1,0
COc1ccc(-n2ccc3c(sc4nccc(N(C)C)c43)c2=O)c(F)c1,0
Cc1cc(C(=O)N2CCCC(c3ccc(C(=O)O)cc3)C2)c(C)o1,0
COc1cc(F)ccc1Oc1ccc(Cl)cc1C(=O)Nc1cc[nH]c(=O)c1,0
Cc1ccc(S(=O)(=O)NCc2ccccc2)cc1C(=O)N1CC(C)CC(C)C1,0
CC(C)(O)c1cccn2c(C3(c4ccc(Cl)cc4)CC3)nnc12.Cl,0
Cc1ccc(NC(=O)CCC(=O)N2CCOc3ccccc32)c(Cl)c1,0
Clc1ccc(Oc2cc(OC[C@@H]3CCCN3)cnc2Cl)cn1,0
N#CC1(NC(=O)c2cc(-c3cccnc3)nc3onc(C4CC4)c23)CC1,0
COc1ccc(CN2C(=O)NC3(CCOc4ccccc43)C2=O)cc1F,0
O=C1O[C@@H](CO)CN1c1ccc(-c2cc[n+](Cc3ccccc3)cc2)c(F)c1,0
COc1ccc(S(=O)(=O)N2CC(=O)N(CC3CC3)C3(CCCCC3)C2)cc1,0
CCC(Sc1nc(S)c2cnn(-c3ccccc3)c2n1)C(N)=O,0
Cc1nc(N)nc(C)c1CC(=O)N(C)Cc1cccc2cnccc12,0
O=C(O)c1cc(S(=O)(=O)Nc2cccc(F)c2F)cc2c1OCCO2,0
COCc1nc(C(=O)N2CCCC2c2noc(C(C)C)n2)cs1,0
O=C(NC1CCN(Cc2ccccc2)CC1)c1cc2ccccc2oc1=O,0
CC(C)c1sc(N2CCN(C)CC2)nc1C(=O)Nc1cccnc1,0
CN(C)CCc1c(C(N)=O)[nH]c2ccc(CCN3C(=O)CNC3=O)cc12,0
CCC(CC)O[C@@H]1C=C(C(=O)O)C[C@H](NC(N)=S)[C@H]1NC(C)=O,0
O=P(O)(O)C(O)(CCCCc1ncccn1)P(=O)(O)O,0
COC(=O)[C@H](CC1CCCCC1)NC(=O)[C@@H](N)CC(=O)O,0
CCCCCCOC(=O)C(=O)Nc1[nH]cnc1C(N)=O,0
C[C@](CO)(CCCCO)Nc1nc(N)nc2cc(F)cnc12,0
O=C(CNC(=O)NC1CCCCC1)N[C@@H](Cc1cnc[nH]1)C(=O)O,0
NC(=O)CC[C@H](NC(=O)[C@@H](N)Cc1ccc2ccccc2c1)C(=O)O,0
CCCCCCNc1ncnc2c1ncn2C1O[C@H](CO)[C@@H](O)[C@H]1O,0
CC(C)CC(N)c1cn([C@@H](CCC(=O)O)C(=O)N2CCNCC2)nn1,0
Cc1ccc(NC(=O)c2ccnc(C(F)(F)F)c2)cc1-c1ccc2c(c1)OC1(CCOCC1)CC2NCCO,0
CC1(C)CC(=O)Nc2ccc(Cl)cc21,0
CO[C@@H]1C(c2ccc(C#N)c(Cl)c2C)=NN2CC[C@@H](F)[C@@H]12,0
CCCC1=CC2=C(CO1)C(=O)[C@](C)(OC(=O)c1c(C)cc(O)cc1OC)[C@H](O)C2,0
CCc1ccc(NS(=O)(=O)c2c(-c3ccccc3)csc2C(=O)OC)cc1,0
CNC[C@H]1CC[C@@H]2[C@H](O1)c1cc(C(F)(F)F)ccc1N[C@H]2c1ccc(O)cc1,0
CC(=O)Nc1ccc(C(=O)Nc2cccc(Cc3n[nH]c(=O)c4c3CCCC4)c2)cc1,0
NC(=O)c1cccc(CN2CCC3(CC2)C[C@@H]3c2nnc(-c3ccccc3)o2)c1,0
CCO[C@H](COP(=O)(O)O)[C@@H](O)[C@H](O)[C@H](O)COP(=O)(O)O,0
O=C(CCCN1CC2CCC(C1)N2c1ccccc1)c1ccc(F)cc1,0
CN(C)[C@]1(c2ccccc2)CC[C@H](OCc2ccccc2)CC1,0
O=C(Cc1ccc(-c2ccc3cc[nH]c3c2)cc1)OCc1ccccc1,0
CCSc1nc(-c2ccc(OC)cc2)c(-c2ccc(OC)cc2)[nH]1,0
CCCC/C(=N/OC)c1ccc(-n2cnc3ccccc32)s1,0
O=C1/C(=C/c2ccccc2OCCCCl)Cc2ccccc21,0
CN(Cc1ccccc1)C[C@@H]1CCC[C@H]1c1ccc2[nH]cc(C#N)c2c1,0
CCC(CC)c1sccc1NC(=O)c1cn(C)nc1C(F)(F)F,0
O=C(CCC1CCCCC1)Nc1ncc(Cc2ccccc2)s1,0
Cc1ccc(-c2csc(N/N=C/CSc3ccccc3)n2)cc1,0
c1ccc(Cn2cc(CCC3CCNCC3)c3ccccc32)cc1,0
CN(C)CCNc1c2c(nc3ccccc13)CCCC2O,0
C/C(O)=C1\C(=O)[C@H](Cc2ccccc2)N(Cc2ccccc2)C1=O,0
CN1CCOC(O)(c2ccc(-c3nc4ccccc4s3)cc2)C1,0
Cc1[nH]c2ccccc2c1C(=O)Cn1c(=O)oc2ccccc21,0
Cc1ccc(S(=O)(=O)NC(=O)Nc2c(F)c(F)cc(F)c2F)cc1,0
CCOC(=O)c1sc2nc(C)c3c(c2c1N)CC(C)(C)OC3,0
O=C(Cc1ccccc1)NNC(=S)Nc1ccc(Cl)cc1,0
CCC[C@H]1CNCc2c1[nH]c(=O)c(C#N)c2N1CCC2(CC1)CC2,0
CN(C)CCNC(=O)c1cc2ccccc2c2nc3ccccc3nc12,0
Cc1cccc(C2=NN(C(N)=S)C(c3cccnc3)C2)c1,0
O=C(O)c1c(=O)c2cc(F)c(N3CCC(O)C3)c3c2n2c(csc12)CO3,0
NC1=NC2(CCN(C(=O)C3CCC3)CC2)N(c2cccc(Cl)c2)C(N)=N1,0
CC(=O)OC1C(O)C2=C3C4(C)C1C(C)(C)C(=O)CC4C3(O)C(OC(C)=O)C1(CC1C)C2=O,0
Nc1ncc(-c2cc(N3C4CCC3CC(O)C4)nc(N3CC4CC3C4)n2)cn1,0
CN1CC2(CC2)C[C@H](C(=O)NO)[C@H]1C(=O)N1CC=C(c2ccccc2)CC1,0
CCC1=CC(C(=O)N2CCC3(CC2)Cc2cnn(C(C)C)c2C(=O)N3)=CC2C=NNC12,0
Cc1cn(C2CCN(Cc3ccc4cccc(O)c4n3)CC2)c(=O)[nH]c1=O,0
O=C(O)C(=O)Nc1cc(Br)cc(NC(=O)C(=O)O)c1Cl,0
CCNc1nc(C#Cc2ccccc2)nc2c1ncn2[C@H]1[C@H](O)[C@H](O)[C@@H]2C[C@@H]21,0
Cc1ccc(C(=O)Nc2cccc3c2CN(C2CCC(=O)NC2=O)C3=O)cc1,0
COc1ccc2cc(C(=O)N3CCc4ccccc4C3)[nH]c2c1,0
CC1=NN(c2ccccc2)C(=O)/C1=C\c1ccc(C#N)cc1,0
O=C(C(=O)N1CCc2cc(Cl)ccc21)c1c[nH]c2ccc(Cl)cc12,0
O=C(O)C1C2CC=CC2c2cc(Cl)cc3c2N1CC1CC=CC31,0
CN(C)C(=O)c1cccc(-c2cccc3cnccc23)c1,0
Cc1cccc(CN2C3=NCCCN3c3ccccc32)c1.Cl,0
Cn1nc(-c2ccc(Cl)cc2)s/c1=N\c1cccc(O)c1,0
Cc1ccc(C)n1N1C(=O)/C(=C\c2ccc(Cl)cc2)SC1=S,0
Cc1ccc2cccc(NC3OC(=O)c4ccccc43)c2n1,0
O=C(c1c(O)cc(Cl)cc1Cl)N1CCC(C(F)(F)F)C1,0
Cc1cc2nc(-c3ccccc3)cc(C(=O)N3C[C@@H](O)C[C@H]3CO)c2cc1C,0
Nc1cc[n+](CCC[n+]2ccc(N)c3ccccc32)c2ccccc12,0
CC(C)(C)c1ccc(CCNC(=O)c2ccc(O)cc2N)cc1,0
CC(=O)NC(c1ccc(C)cc1)c1ccc2cccnc2c1O,0
Nc1ccc(C23CC(C2)C(=O)N(CC2CCCCC2)C3=O)cc1,0
CC(O)(/C=C/c1ccccc1)P(=O)(O)c1ccccc1,0
COc1cccc(/C=C/C(=O)c2sc(C(N)=S)nc2C)c1O,0
COc1cccc(C(=O)NNC(=O)c2ccc3ccccc3c2)c1,0
O=C(N/N=C/c1c[nH]c2ccc(Br)cc12)c1ccncc1,0
Nc1ccc(C(=O)NN2C(=O)[C@H](Cl)C2c2ccc(Cl)cc2)cc1,0
CC1Cc2ccccc2C(=O)N1,0
Clc1cc(Cl)n2nccc2n1,0
c1cnc2cc3c(cc2n1)[C@@H]1CNC[C@H]3C1,0
O=S(=O)(O)c1cccc2ccccc12,0
Cc1nc(C)c(C(=O)NC(C)(C)C)s1,0
c1ccc(N2CCCC2)nc1,0
Cc1nc(O)c(C#N)c2c1CCC(C)C2,0
Cc1ccc(C2=NCCN2)cc1,0
Cc1cccc(N2CC[N+](C)(C)CC2)c1,0
O=C1CSCc2nc3ccccc3n21,0
CC(NCc1cc(-c2ccccc2)ccc1O)c1cccc2ccccc12,0
C(=C\C1CCCN(CCC2CCCCC2)C1)\c1ccccc1,0
CC(=O)/C(=C/Nc1ccc(Oc2ccccc2)cc1)c1ccccc1,0
CN(C)c1ccc(/C=C/C(=O)c2ccc(-c3ccccc3)cc2)cc1,0
COC1(c2ccccc2)C=CC(C2CCCCC2)(C2CCCCC2)OC1,0
CCCCc1ccc2[nH]c(-c3ccc(CC)cc3)c(C=C(C#N)C#N)c2c1,0
CC(C)c1cccc(C(C)C)c1-c1ccc(C(=O)O)s1,0
Cc1c(CSc2nc3ccccc3o2)cccc1OCC(C)C,0
Cc1cc(C)c(N=C(S)NCCCSC2CCCCC2)c(C)c1,0
Cc1cccc(-c2nc(CNC(C)c3cccc4ccccc34)co2)c1,0
CCCC(=O)/C=C(\O)c1cccnc1,0
CN(C1CCCCC1)C1CCOCC1,0
C[N+](C)(C)Cc1ccc(Cl)nc1,0
CC(=O)N[C@H]1C[C@@H]1c1ccccc1,0
NC[C@H]1C[C@@H]1c1ccc(Cl)cc1F,0
OCCCN1CCCc2c(F)cccc21,0
CN(C)CCc1c[nH]c2sccc12,0
CCN(C=O)C1CCCCC1,0
CCc1sc(C(=O)NC2CC2)cc1C,0
Cc1csc(=N)n1Cc1ccccc1,0
CCc1cccc(Nc2ncnc3ccc(F)cc23)c1,0
CC(C)(C)C1CCC(=NOC(=O)c2ccc(F)cc2)CC1,0
O=c1c2ccccc2nc(-c2ccccc2)n1/C=C/c1ccc(F)c(F)c1,0
Cc1ccc2c(c1)[C@H](C)N(C(=O)c1ccc(Cl)cc1)[C@H](C)CO2,0
Cc1sc(N/N=C2\CCCC2C)nc1-c1ccccc1,0
Cc1nn(-c2ccccc2)c(-c2ccccc2)c1C(C)C,0
CN(C)c1ccc(-c2cn3c(n2)sc2cc(F)ccc23)cc1,0
O=C1OCC(c2ccccc2F)=C1c1ccc(Br)cc1,0
c1ccc(-c2nc3ccccn3c2-c2ccccc2)cc1,0
Cc1cc(C)c2nc(-c3ccc(Br)cc3)cc(C(=O)O)c2c1,0
c1csc(-c2cc(-c3ccoc3)cc(-c3cccs3)n2)c1,0
CC(NCc1cc2ccccc2n1C)c1cccc2ccccc12,0
CC(NC1c2ccccc2-c2ccccc21)c1ccccc1,0
CC(Nc1ccnc2cc(Cl)ccc12)c1ccccc1Cl,0
Cc1ccc2c(c1)CC/C2=N\Nc1nc(-c2ccc(Cl)cc2)cs1,0
Fc1ccc(C(CC2CCCCC2)Nc2nc3ccccc3o2)cc1,0
C[C@H](c1cccc2ccccc12)N(C)Cc1ccccc1C(F)(F)F,0
Fc1cccc2nc(-c3ccccc3)cc(OCc3ccccc3)c12,0
Oc1cccc(-c2cc(-c3ccco3)cc(-c3ccc(Cl)cc3)n2)c1,0
Fc1ccc(-c2csc(Nc3ccccc3C(F)(F)F)n2)cc1,0
CC(C)[C@H]1NC(=O)[C@@H](CC(N)=O)NC(=O)C2(CCCCC2)NC(=O)[C@@H](Cc2ccc(OP(=O)(O)O)cc2)NC(=O)C[S@+]([O-])C[C@H](C(N)=O)NC1=O,0
CC(C)[C@H]1NC(=O)[C@@H](CC(N)=O)NC(=O)C2(CCCCC2)NC(=O)[C@@H](Cc2ccc(OP(=O)(O)O)cc2)NC(=O)C[S@@+]([O-])C[C@H](C(N)=O)NC1=O,0
CCC(C)C1NC(=O)[C@H](C)NC(=O)[C@H](CC(C)C)N2C[C@@H](O)[C@@H](O)[C@H](NC(=O)[C@H](CC(N)=O)NC(=O)[C@H](Cc3ccccc3)NC(=O)[C@@H]3CCC(N3)C1=O)C2=O,0
CC[C@@H]1NC(=O)[C@@H]2CSC(=N2)c2cc(ccn2)C[C@@H](C(N)=O)NC(=O)[C@H](CO)NC(=O)[C@H](CCC(N)=O)NC(=O)[C@H](CC2CC2)NC(=O)[C@H](C(C)(C)C)NC1=O,0
CC1CC(C)C1N1C(=O)CSC1c1c(F)cccc1F,0
Cc1ccccc1Oc1nn2c(N)nnc2c2ccccc12,0
COc1ccc(C2=NNC(=O)C2(C)C)cc1OC1CCCC1,0
O=C(NNC(=O)C12CC3CC(CC(C3)C1)C2)c1ccc2ccccc2c1,0
CNS(=O)(=O)Cc1cccc(CNCc2ccsc2)c1,0
Cc1cc(=O)oc2c([C@H](COC(=O)[C@@]34CC[C@@](C)(C(=O)O3)C4(C)C)OC(=O)[C@@]34CC[C@@](C)(C(=O)O3)C4(C)C)c(OC(C)C)ccc12,0
OC(c1ccccc1)c1nc(-c2ccccc2)cs1,0
N[C@H]1CC[C@@H](c2cc(=O)c3ccc4ccccc4c3o2)CC1,0
Cl.Oc1ccc2c(c1NCC1CCCCC1)CCCC2,0
COc1ccc(C2Cc3c(C(C)=O)c(O)c4ccccc4c3O2)cc1,0
Cc1cc2c(c(=S)[nH]1)C(=O)O/C2=C\c1cccc2cc[nH]c12,0
CC1(C)CC(=O)c2cc(C#N)c(N3CC=C(c4ccccc4)CC3)nc2C1,0
Cc1cc(C)cc(NC(=O)Nc2ccc(Cl)cn2)c1,0
Clc1ccc(Sc2ncnc3ccsc23)cc1,0
Cc1ccc(-c2cncc(-c3ccc(C#N)c(F)c3)n2)cc1,0
O=C1NC(=NCc2cccs2)SC1=Cc1ccc2ncccc2c1,0
C=CC(=O)N1C(=O)CC(c2ccccc2C(F)(F)F)Sc2ccccc21,0
O=C(c1ccc2c(c1)c1ccccc1n2Cc1ccccn1)N1CCCCC1,0
N#Cc1cc(-c2ccccc2)oc1/N=C/c1ccccc1O,0
Fc1cc(F)c2c(c1)[C@H]1C=CC[C@H]1[C@@H](c1cccnc1)N2,0
O=c1c2ccc(OCCCl)cc2[nH]c2cc(Cl)cc(Cl)c12,0
Cc1ccccc1NC(=O)C1C2CCCC1C2c1ccccc1,0
Cl.c1coc(CN2CC[C@H]3c4ccccc4CC[C@H]3C2)c1,0
Oc1cc(O)c2c(-c3cc(F)cc(F)c3)c(Br)oc2c1,0
CN(C)c1cc2c(cc1O)CC[C@@H]1[C@@H]2CC[C@]2(C)CCC[C@@H]12,0
Cc1ccc(Nc2nc(C(=O)N3CCCCC3C)cs2)cc1,0
C[C@@]12C(=O)Nc3cc(F)ccc3C(=O)N1[C@H]1c3ccccc3OC[C@@H]1[C@@H]2c1ccccc1,0
CO[C@H]1CC[C@]2(CC1)Cc1ccc(C#CC3CC3)cc1C21N=C(N)c2ccc(C#N)cc21,0
CC1(c2ccccc2)C(=O)Nc2cc(Br)cc(Br)c2C1=O,0
Clc1ccc2c(c1)C(N1CCN(C3CCCCC3)CC1)=Nc1cccnc1N2,0
Cl.Oc1ccc(Br)cc1C1NCCc2c1[nH]c1ccc(F)cc21,0
O=C1N/C(=N\c2cccc(Cl)c2)S/C1=C1\C(=O)Nc2ccc(Br)cc21,0
N#CC1=C(N)[C@]2(C(=O)Nc3ccccc32)[C@@H](c2ccc(Cl)cc2)[C@@H]2CCCC=C12,0
CC1C(=O)c2c(n(O)c3ccc(Cl)cc3c2=O)CC1c1ccc(C(F)(F)F)cc1,0
CC1=NN=C(c2cc3c(C(F)(F)F)cccc3s2)c2cc3oc(=O)[nH]c3cc2C1,0
OC1CCC(N2CCC(=C3c4ccc(Cl)cc4CCc4cccnc43)CC2)CC1,0
Cc1c2c(n3c1CCCN1CC[C@@H](C1)Nc1cc-3ccc1C(N)=O)CC(C)(C)CC2=O,0
C[C@]12CCCO[C@@H]1[C@]1(CSC(N)=N1)c1cc(-c3cncc(Cl)c3)ccc1O2,0
CC1(C)c2[nH]c3cc(Cl)c(Cl)cc3c2C[C@@]23NC(=O)[C@]4(CCCN4C2=O)C[C@@H]13,0
COc1cccc2cc3c(nc12)C[C@]12CCN(C)[C@H](Cc4ccc(O)cc41)[C@]2(O)C3.Cl,0
C[C@@]1(CO)CCC[C@]2(C)[C@H]3C[C@@H](O)[C@]4(C)[C@H]5COC(=O)C5=CC[C@H]4[C@]3(C)CC[C@@H]12,0
CC1(C)CCC[C@@]2(CO)[C@H]1CC[C@]1(C)[C@@H]2CC[C@]2(C)C3=C(C(=O)O[C@H]3O)C(O)C[C@@H]12,0
CC1=CC(C)(C)N2C(=O)C3(C(C#N)=C(N)OC4=C3C(=O)CCC4)c3c(C)c(C)cc1c32,0
O=C1Nc2ccc(I)cc2C12Nc1ccccc1-n1cccc12,0
O=C1c2ccccc2-c2nc3[nH]c(=O)[nH]c(=O)c3c(-c3ccc(Cl)c(Cl)c3)c21,0
CC1=C(C)C(=O)O[C@@H](/C(C)=C2\[C@@H](O)C[C@H]3[C@@H]4[C@@H]5O[C@@H]5[C@@]5(O)CC=CC(=O)[C@]5(C)[C@H]4CC[C@]23C)C1,0
O=C(O)CN(CCc1ccccc1)S(=O)(=O)c1ccccc1,0
N#CCCN(CC1CCOC1)Cn1ccc(-c2ccsc2)n1,0
CC[C@H]1OC(=O)[C@@H]1NC(=O)OCCCCCc1ccccc1,0
CCN(CC)CC1CN(CCc2ccccc2)Cc2nccn2C1,0
COCCNc1ccnc(-c2ccccc2CN(C)C)n1,0
COc1ccc(CNC(=O)CC[C@H]2CCCN(C)C2)c(OC)c1,0
COc1cccc(CC(C)(C)NS(=O)(=O)CC2(C#N)CC2)c1,0
Cc1ccccc1OCC(=O)OCC(=O)NCc1ccccc1,0
C=C1C(=O)O[C@H](CCCCCCCC)[C@H]1CO,0
COc1cc(CNCc2ccncc2)cc(OC)c1OC.Cl,0
Cc1cncc(C(=O)Nc2cnccn2)c1,0
CN(Cc1nnc[nH]1)C(=O)C1(C)CCC1,0
C=C1C(=O)CCC1C(=O)O,0
CCCC(=O)N[C@H]1CCSC1=O,0
N#C/C(=C/c1ccco1)C(N)=S,0
COc1ccc2cc(C(N)=O)cnc2c1,0
O=[N+]([O-])c1ccc2c(c1)CNCC(O)C2,0
O=C1NCCN(c2cc(F)cc(F)c2)N1,0
COc1cncc(N2CC3CC2CN3)c1,0
Cc1ccc(C(=O)Nn2cnnc2)cc1,0
CCCCC/C=C/CO,0
CNCC/C=C(/CC(C)C)C(C)=O,0
C=C[C@H](O)CCCCC,0
O=C(O)[C@@H](CC1CCC1)[C@H]1CS1,0
C=CC[N+](C)(C)Cc1cccc(O)c1,0
ClCCOCOCCCl,0
CCO[Si](C)(C)OCC,0
O=C(O)[C@@H](CC1CC1)[C@H]1CS1,0
CCCC(=O)SCC[N+](C)(C)C,0
O=C(O)C(CS)CCc1ccccc1,0
Cc1cc(C)n2ncc(N)c2n1,0
C[n+]1cccc2c(N)cccc21,0
CC1CC(=O)C2OC1OC2(C)C,0
CN1CCc2ncncc2C1,0
COC(=O)c1cnc(C)cn1,0
COC(=O)CC(=O)C(C)(C)C,0
CNCc1c[nH]nc1C,0
CCC(=O)Nc1nnc(C)s1,0
Cn1c(=O)n(O)c2ccccc21,0
C[N+](C)=c1[nH]c2ccccc2[nH]1,0
CC1C(=O)NN=C1C(=O)N/N=C\C=C\c1ccccc1,0
O=c1[nH]cc(CCc2ccccc2)[nH]c1=O,0
O=Cc1cc(OP(=O)(O)O)ccc1O,0
CCC(C)[C@H](N)C(=O)N1C[C@H]2C[C@H]2C1C#N,0
Cc1cc(C)nc(SCC(=O)N2CCC(C(N)=O)CC2)n1,0
Cc1cn(Cc2ccc(/C=C/C(N)=O)cc2)c(=O)[nH]c1=O,0
O=C(O)c1ccccc1/C=N\N=C1NCCCCN1,0
CC(C)N1CCC(N2CCNCC2CCO)CC1,0
N[C@@H]1CC[C@@H]1NS(=O)(=O)Cc1ccccc1,0
Nc1nc(N)nc(COc2ccccc2)n1,0
C[S+](CCC(N)C#N)C[C@H]1O[C@@H](n2cnc3c(N)ncnc32)[C@H](O)[C@@H]1O,0
CCCONC(=O)[C@H]1OC(n2cnc3c(N)ncnc32)[C@H](O)[C@@H]1O,0
C[C@H](N)C(=O)N[C@@H](C)C(=O)N[C@@]1(C(=O)O)CC[C@H]2[C@H](C(=O)O)[C@H]21,0
C/C=C1\[C@H](O[C@@H]2O[C@H](CO)[C@@H](O)[C@H](O)[C@H]2O)OC=C(C(=O)OC)[C@H]1CC(=O)OC,0
CC(=O)O[C@]1(C)C[C@H](O)[C@H]2C=CO[C@H](O[C@@H]3O[C@H](CO)[C@@H](O)[C@H](O)[C@H]3O)[C@H]21,0
OC1O[C@H](Cn2nncc2[C@H]2OC(O)[C@H](O)[C@H]2OCc2ccccc2)[C@H](O)[C@H]1O,0
COC(=O)COc1cccc(-c2cn([C@H]3O[C@H](CO)[C@@H](O)[C@H](O)[C@@H]3O)nn2)c1,0
NC(=O)c1ncn([C@@H]2O[C@H](COP(=O)(O)S)[C@@H](O)[C@H]2O)n1,0
C[n+]1cn(CC(=O)N[C@@H](Cc2ccc(O)cc2)C(=O)O)c2nc(N)nc([O-])c21,0
CC(O)CSc1nc(N)c2nnn([C@@H]3C[C@H](O)[C@@H](O)[C@H]3O)c2n1,0
CC1=NN(CC(=O)NN)C(=O)CC1,0
N[C@@H](CN1C=CC(=O)C(=O)C1)C(=O)O,0
O=C(O)[C@@H]1[C@H](O)[C@H](O)[C@@H](O)c2nccn21,0
O=C1C(P(=O)(O)O)CC(O)N1O,0
N=C(N)NC(=O)c1c[nH]cn1,0
CNC1=N[C@@H]2[C@@H](O)[C@H](O)[C@@H](CF)C[C@@H]2O1,0
CC(C)[C@H](N)C(=O)N1CCC[C@@H]1B(O)O,0
C[C@@H]1NC(=O)[C@H](CCC(N)=O)NC1=O,0
OC[C@@H]1CCN2CC[C@@H](CO)NC2N1,0
N[C@@]1(C(=O)O)C[S+]([O-])[C@H]2[C@H](C(=O)O)[C@H]21,0
NS(=O)(=O)NCCc1ccc(S(N)(=O)=O)cc1,0
C[C@H](N[C@H](C(=O)O)[C@@H]1CCCN1)C(=O)N1CCC[C@H]1C(=O)O,0
C[C@@H]1O[C@H](CNS(=O)(=O)c2ccco2)[C@@H](O)[C@H](O)[C@@H]1O,0
C=C[C@@H]1O[C@@]2(CC(=O)O)[C@H](C(=O)O)NC(=O)[C@H]2[C@@H]1O,0
CC[C@H](NC(=O)[C@@H]1CCC(=O)N1)C(=O)N1CCC[C@H]1C(N)=O,0
C[n+]1ccccc1CC(O)(P(=O)(O)O)P(=O)(O)O,0
C[n+]1cccc(CC(O)(P(=O)(O)O)P(=O)(O)O)c1,0
Cc1ccc(C(=O)NC[C@@H]2N[C@H](CO)[C@H](O)[C@@H]2O)cc1,0
O=C(CNS(=O)(=O)c1cccc(C(=O)O)c1)NO,0
NC(=O)c1cn(CC(O)CCO)c2ncnc(N)c12,0
N[C@@H](CCC(=O)O)C(=O)N1CCC[C@H]1C(=O)O,0
CCN1C(=O)N(CC(N)=O)C(=O)C12CCNCC2,0
CC(=O)N[C@H](C(=O)N1CCC[C@H]1B(O)O)C(C)C,0
Cc1cn([C@@H]2S[C@H](CO)[C@H]2CO)c(=O)[nH]c1=O,0
Cc1c(CNCCO)c(O)[nH]c(=O)c1C#N,0
O=C(O)C[C@]12O[C@@H]3CCCO[C@@H]3[C@H]1CN[C@@H]2C(=O)O,0
O=C(Cc1ccccc1[N+](=O)[O-])NCB(O)O,0
OC[C@@H](O)[C@@H](O)[C@H](O)c1c[nH]c(-c2cscn2)n1,0
NNS(=O)(=O)c1ccc(OCC(=O)O)cc1,0
C[C@H](NCC(=O)O)C(=O)N1CCC[C@H]1C(=O)O,0
C/C=C/C=C/C=C/C[N+](C)(C)CCCCCCCCCCCCCCCC,0
C=CCc1ccc(OCCCCCCCCCCCCCCCC)c(OC)c1,0
CCCCCCCCCCCCCCCCCC(Cc1ccccn1)OC,0
N#CCCCCCC/C=C\CCCCCCCCCCCc1ccc(C=O)[nH]1,0
N#CCCCCCCCCCCCCCCCCCCc1ccc(C=O)[nH]1,0
COCCCc1cc(C(=O)Nc2nc3c(s2)CCC3)c(C)o1,0
CC(=O)N1CCN(C2(c3ccc(Oc4ccccc4)cc3)C(=O)NC(=O)NC2=O)CC1,0
O=[N+]([O-])c1ccc(SC[C@@H]2CO[C@@](CCc3ccc(Cl)cc3)(Cn3ccnc3)O2)cc1,0
CC(=Cc1cnc(C(C)(C)C)nc1)c1ncccn1,0
O=C(O)COc1ccc(S(=O)(=O)N(Cc2ccccc2)Cc2ccc(C(F)(F)P(=O)(O)O)cc2)cc1OC(F)(F)F,0
O=c1[nH]c(N2CCOCC2)nc(NCC(O)CO)c1-c1nc2ccccc2s1,0
COC(=O)C1CCN(C(=O)c2ccc(NCc3cnc4nc(N)nc(N)c4n3)cc2)CC1,0
CN(C(=O)C(N)=O)c1nc(C(=O)NCc2ccc(F)cc2)c(O)c2ncccc12,0
Nc1cc(O)nc(SCC(=O)Nc2cccc(S(=O)(=O)N3CCOCC3)c2)n1,0
COc1cccc(-n2nc(N)c(C(=O)NCc3ccc(C(=O)NO)cc3)n2)c1,0
NC1(C(=O)N[C@@H](C(=O)NO)c2ccccc2)CCN(c2ncnc3[nH]ccc23)CC1,0
CCOc1nc(C(=O)NCc2ccc(S(N)(=O)=O)cc2)cc(N)c1C#N,0
CCn1cnc2c(Nc3ccc(CC(=O)N=C(N)N)cc3)nc(C#N)nc21,0
CN(C)CCNC(=O)c1cc2c(s1)C(=O)c1sccc1C2=O.O=P(O)(O)O,0
COc1ccc2oc(=O)cc(CC(=O)NNc3ccc(S(N)(=O)=O)cc3)c2c1,0
CC(C)[C@H]1NC(=O)[C@@H](Cc2ccccc2)N(C)C(=O)[C@@H](CC(=O)O)NC(=O)CNC(=O)[C@H](CCCN=C(N)N)NC1=O,0
CC(C)[C@H]1NC(=O)c2cccc(c2)CNC(=O)[C@H](CC(=O)O)NC(=O)CNC(=O)[C@H](CCCN=C(N)N)N(C)C1=O,0
NC(=O)[C@@H]1C[C@H](NC(=O)C(F)(F)F)CN1C(=O)[C@H](N)CCC/N=C(\N)N[N+](=O)[O-].O=C(O)C(F)(F)F,0
Nc1nc(N2CCNCC2)nc2c1ncn2[C@@H]1O[C@H](COP(=O)(O)CP(=O)(O)O)[C@@H](O)[C@H]1O,0
Cc1ccc(C#CCN(CC[C@H](N)C(=O)O)C[C@H]2O[C@@H](n3cnc4c(N)ncnc43)[C@H](O)[C@@H]2O)cc1C(N)=O,0
Nc1nc2c(c(=O)[nH]1)[n+](CC(=O)Nc1ccc(Cl)cc1)cn2[C@@H]1O[C@H](COP(=O)([O-])O)[C@@H](O)[C@H]1O,0
Nc1nc(=O)n([C@H]2C[C@H](O)[C@@H](CO)O2)cc1CSC[C@H]1O[C@@H](n2cnc3c(N)ncnc32)[C@H](O)[C@@H]1O,0
CC(C)[C@@H]1NC(=O)[C@H](CCCN=C(N)N)NC(=O)CNC(=O)[C@H](CC(=O)O)NC(=O)[C@H](Cc2ccccc2)N(C)C1=O,0
Nc1ccn(C2C[C@@H](OP(=O)(O)OC[C@H]3OC[C@H](n4ccc(N)nc4=O)[C@H]3O)[C@@H](CO)O2)c(=O)n1,0
COc1ccc(-c2cc(=O)c3c(O)cc(O[C@@H]4O[C@H](CO[C@@H]5OC[C@@H](O)[C@@H](O)[C@@H]5O)[C@@H](O)[C@H](O)[C@H]4O)cc3o2)cc1O,0
O=C(O)Cc1ccc(S)cc1,0
CN1C=NC2(CCc3ccccc3C2)C1,0
CN1CCC2Cc3ccccc3C(C1)O2,0
CCC(F)(F)C(C)O,0
Cc1cc([C@@H]2CCCN2)on1,0
CC(=O)N1CCNC(c2ccccc2)C1,0
c1ccc(CNC2=NCCC2)nc1,0
CC(O)CC(C)(F)F,0
Cl.Oc1cnnc2ccccc12,0
Clc1ccc(N2CC3CC(C2)N3)cn1,0
CC(=O)N[C@@H]1[C@@H](O)[C@H](O)[C@@H](CO)O[C@H]1SCCNCCN1C(=O)c2cccc3c([N+](=O)[O-])ccc(c23)C1=O,0
Nc1nc(O)c2ncn([C@@H]3O[C@H](CNCc4ccc(OCCCN5CCOCC5)cc4)[C@@H](O)[C@H]3O)c2n1,0
CO[C@@]12C(COC(N)=O)C3=C(C(=O)C(C)=C(NCCNc4ccc([N+](=O)[O-])cn4)C3=O)N1CC1NC12,0
COc1cc([C@H]2c3c(cc(OC)c(O)c3OC)C[C@@H](CO)[C@@H]2CO[C@@H]2O[C@H](CO)[C@@H](O)[C@H](O)[C@H]2O)cc(OC)c1O,0
COC(=O)c1ccccc1CS(=O)(=O)N[C@H]1CCCCN(CC(=O)N[C@H]2CCCN(C(=N)N)C2O)C1=O,0
C[C@H](NC(=O)OCc1ccccc1)C(=O)N[C@@H](C)C(=O)NN(CC(N)=O)C(=O)/C=C/C(=O)N1CCCCC1,0
NC[C@H]1O[C@@H](O[C@@H](CNC(=O)c2ccc(C3CCCCC3)cc2)[C@@H]2C[C@@H](O)[C@H](n3ccc(=O)[nH]c3=O)O2)[C@H](O)[C@@H]1O,0
Cc1cccc(N2CCN(CC3OC(CC(=O)N[C@@H](CCC(=O)O)C(=O)O)C(O)C(O)C3O)CC2)c1C,0
Nc1ncnc2c1ncn2[C@@H]1O[C@H](CN(CC[C@H](N)C(=O)O)S(=O)(=O)c2ccc(Cl)cc2Cl)[C@@H](O)[C@H]1O,0
CC(=O)N[C@@H]1[C@@H](N)[C@@H](F)[C@](F)(C(=O)OCCCOC(=O)c2ccc3ccccc3c2O)O[C@H]1[C@H](O)[C@H](O)CO,0
C=CCn1c(=S)n(C2OC(CO)[C@@H](O)[C@H]2O)c2nc(N)nc(O)c21,0
Cc1cn2c(O)c3ncn(C4O[C@H](CO)[C@@H](O)[C@H]4O)c3nc2n1,0
OC[C@H]1O[C@@H](N2c3ccccc3[C@]3(O)CCO[C@H]23)[C@H](O)[C@@H](O)[C@@H]1O,0
NNC(=O)CCn1c(=O)n2c(NN)nnc2c2ccccc21,0
CC(=O)N[C@H]1/C(=N/OC(=O)Nc2ccccc2)O[C@H](CO)[C@@H](O)[C@@H]1O,0
CC(=O)N[C@@H]1[C@@H](N)C=C(C(=O)O)O[C@H]1C(=O)N1CCCC1,0
Cl.Cn1cc([C@@H]2N[C@H](CO)[C@H](O)C2O)c2ncnc(O)c21,0
NC(C(=O)NO)C(=O)N1CCC2(CC1)C(=O)NCN2c1ccccc1,0
Cl.Cl.OC[C@H]1N[C@@H](Cc2c[nH]c3c(O)ncnc23)C(O)[C@H]1O,0
C[C@]1(CO)OC(n2cc(C#N)c3c(O)ncnc32)[C@H](O)[C@@H]1O,0
O=C(OC[C@H]1O[C@@H](n2cc(F)c(=O)[nH]c2=O)C[C@@H]1O)[C@@H]1CCCN1,0
CC(=O)OC[C@H]1O[C@@H](n2cnc3c(N)ncnc32)[C@@H](O)[C@@H]1O,0
CS(=O)(=O)C1=C(O)NC[C@@H]2[C@H](NC(=O)Cc3ccccc3)C(=O)N12,0
CC(C)[C@H](N)C(=O)OC[C@H]1O[C@@H](n2cc(F)c(=O)[nH]c2=O)C[C@@H]1O,0
NCCNc1cccc2c1C(=O)N(C1CCC(=O)NC1=O)C2=O,0
CON(C)c1ncnc2c1ncn2[C@@H]1O[C@H](CO)[C@@](C)(O)[C@H]1O,0
Nc1ccnc2c1c([N+](=O)[O-])cn2[C@@H]1O[C@H](CO)[C@@H](O)[C@H]1O,0
C[C@H]1O[C@@H](n2cnc3c(N)nc(OC4CCOC4)nc32)[C@H](O)[C@@H]1O,0
O=c1[nH]c(=O)n(C2O[C@H](CO)[C@H](CO)[C@H]2O)cc1/C=C/Br,0
CC(=O)NCCC(=O)N(C)CC#CCN1CCCC1.O=C(O)C(=O)O,0
CC1(C)CC[C@]23CC[C@]4(C)[C@H](CC[C@@H]5[C@@]6(C)C(C#N)=C(CO)C(C)(C)[C@@H]6CC[C@]54C)[C@H]2[C@H]1OC3,0
CC1=CC(C)(C)Nc2ccc3c(c21)C(c1cccc(Br)c1)Oc1ccccc1-3,0
Oc1cc(C(F)(F)F)c2cc3c(cc2n1)NCCC3c1cc(C(F)(F)F)cc(C(F)(F)F)c1,0
COc1c(O)ccc2c1-c1ccc3c(c1/C(=C/c1cccc(C)c1)O2)C(C)=CC(C)(C)N3,0
O=c1cc(-c2ccccc2)c2c(O)cc(-c3cccc4c3Sc3ccccc3S4)cc2o1,0
Brc1ccc2c(-c3nc(-c4c[nH]c5ccc(Br)cc45)cs3)c[nH]c2c1,0
O=C(c1cc2cc(Cl)ccc2o1)N1CCc2c([nH]c3ccccc23)[C@H]1c1ccc(Cl)cc1,0
CC(C)(C)C#C[C@]1(O)CC[C@H]2[C@@H]3CCC4=CC(=O)CCC4=C3[C@@H](c3ccc(N4CCCC4)cc3)C[C@@]21C,0
O=C(Nc1ccccc1C(F)(F)F)N1CCc2c([nH]c3ccc(Cl)cc23)[C@H]1c1ccc(F)cc1,0
O=c1oc2ccccc2c2nc3c(ccc4cc[nH]c43)c(-c3c(Cl)cccc3Cl)c12,0
COc1ccc2c(c1)C(Cc1ccc(C(=N)N)c(OCc3cccnc3)c1)OB2O,0
COc1ccc(OC)c(NC(=O)N[C@H](Cc2ccccc2)C(=O)NN)c1,0
C[C@@H](Cc1ccc(C(=O)Oc2ccc(C(=N)N)cc2)o1)C(=O)O,0
C[C@@H](NC(=O)c1ccc(C(=N)N)cc1)C(C)(C)C(=O)N1CCC(CC(=O)O)CC1,0
COC(=O)c1cc(O)c2cc(NC(=O)CCCCNC(=N)N)ccc2c1,0
COC(=O)c1c(NC(=O)C2CC=CCC2C(=O)O)sc(C(N)=O)c1C,0
Cl.O=C1COc2c(cc(O)cc2C(O)CNCCCc2ccc(O)cc2)N1,0
Nc1ncc(CCO)nc1-c1ccc(C(=O)N[C@H](CO)c2ccccc2)c(F)c1,0
CN(C)Cc1ccc(-c2cnc(N)c(C(=O)NC[C@@](C)(O)C(F)(F)F)n2)cc1,0
CC(=O)Nc1cccc2ccc(CCc3c(C(=O)O)[nH]c(=O)[nH]c3=O)cc12,0
C[C@H](N)C(=O)N[C@@H]1CCN(c2nc3c(cc2F)c(=O)c(C(=O)O)cn3C2CC2)C1.Cl.O,0
O=P(O)(O)OC[C@@H]1OC(n2cnc3c(O)nc(-c4ccccc4)nc32)[C@@H](O)[C@H]1O,0
NS(=O)(=O)c1ccc(C(=O)NNC(=O)NS(=O)(=O)c2ccc(Cl)cc2)cc1,0
O=C1NC(=O)/C(=C/c2cnn3c(NC4CC4)cc(NC(=O)C4CCCNC4)nc23)N1,0
O=C1NC(=S)NC(=O)C1C(c1ccc(O)cc1)C1C(=O)NC(=S)NC1=O.c1ccncc1,0
Nc1nc(NCc2cccc(Cl)c2)nc2c1ncn2C1O[C@H](CO)[C@@H](O)[C@H]1O,0
CCN(C(=O)CN(C)C(=N)N)C1CC(C)S(=O)(=O)c2sc(S(N)(=O)=O)cc21,0
O=C(O)c1ccc(-c2ccc(-c3n[nH]c([C@@H]4O[C@H](CO)[C@@H](O)[C@H](O)[C@H]4O)n3)cc2)cc1,0
C[C@H](N)C(=O)N[C@H]1CCN(c2nc3c(cc2F)c(=O)c(C(=O)O)cn3C2CC2)C1.Cl.O,0
CC(C)[C@@]1(O)[C@@H](OC(=O)c2ccc[nH]2)C(=O)[C@@]2(C)C[C@]3(O)O[C@]4(C(=O)[C@]13C)[C@H](O)[C@@H](C)CC[C@@]42O,0
COC(=O)c1cc([C@H]2N[C@H](C(=O)N[C@@H](CCC(N)=O)C(=O)O)Cc3c2[nH]c2ccccc32)ccc1O,0
COc1cc2c(oc(=O)c3cc(C(O)CO)cc(OC)c32)c2c([C@H]3O[C@@H]([C@@H](C)O)[C@H](O)[C@H]3O)ccc(O)c12,0
C=C[C@H]1[C@H](O[C@@H]2O[C@H](CO)[C@@H](O)[C@H](O)[C@H]2O)OC=C(C(=O)OC)[C@H]1C[C@@H]1NCCc2c1[nH]c1cc(F)ccc21,0
N=C(N)c1cccc(S(=O)(=O)NCC(=O)Nc2cccc(C(=O)O)c2)c1.O=C(O)C(F)(F)F,0
NNc1nc(OCCc2c[nH]c3cc(Br)ccc23)nc2c1ncn2[C@@H]1O[C@H](CO)[C@@H](O)[C@H]1O,0
NCC[C@H](NC(=O)OCc1ccccc1)C(=O)Nc1ccc2nc(N3CCNCC3)[nH]c(=O)c2c1,0
CC(=O)N1CCC[C@H]1C(=O)NC(CCCN=C(N)N)C(O)c1nc2ccccc2s1.O=C(O)C(F)(F)F,0
Nc1nc(N)c2nc(CN3CCSc4cc(C(=O)NC(CCC(=O)O)C(=O)O)ccc43)cnc2n1,0
COc1cccc2c1C(=O)c1c(O)c3c(c(O)c1C2=O)C[C@@](O)(C(=O)CO)C[C@@H]3OC1CC(N)C(OC)C(C)O1,0
CC(O)[C@@H](NS(=O)(=O)c1ccc2ccccc2c1)C(=O)N1CCC[C@H]1CNC(=O)[C@H]1CCCN(C(=N)N)C1,0
CCN1CCC[C@@H]1CNC(=O)c1c(O)c(Cl)cc(Cl)c1OC.O=C(O)C(O)C(O)C(=O)O,0
N=C(N)NS(=O)(=O)c1ccc(NCNC(=O)c2ccc(NC(=O)c3cccnc3)cc2)cc1,0
Nc1ncnc2c1c(Sc1c[nH]c3ccccc13)nn2[C@H]1C[C@H](O)[C@@H](COS(N)(=O)=O)O1,0
CC1(C)N=C(N)N=C(N)N1c1ccc(OCCOc2ccc(N3C(N)=NC(N)=NC3(C)C)cc2)cc1,0
N=C(N)c1ccc(C2=NOC(CC(=O)N[C@@H](CC(=O)O)C(=O)N3CCSCC3)C2)cc1.O=C(O)C(F)(F)F,0
COC12[C@@H]3N[C@@H]3CN1c1c(O)c(C)c(N=C3C=CC(=NCC(=O)O)C=C3)c(O)c1[C@@H]2COC(N)=O,0
CC(C)[C@@H]1NC(=O)[C@H](NC(=O)N[C@@H](CCCCN)C(=O)O)CCCCNC(=O)c2csc1n2,0
CN(C)c1cc(CNCC(C)(C)C)c(O)c2c1C[C@H]1C[C@H]3[C@@H](N(C)C)C(O)=C(C(N)=O)C(=O)[C@@]3(O)C(O)=C1C2=O,0
COC(=O)c1cc([C@H]2N[C@H](C(=O)N[C@@H](CC(=O)O)C(=O)O)Cc3c2[nH]c2ccccc32)ccc1O,0
Nc1nc(OCCc2c[nH]c3c(Br)cccc23)nc2c1ncn2[C@@H]1O[C@H](CO)[C@@H](O)[C@H]1O,0
CN(C)Cc1ccc(CSCCNc2cc(N)c([N+](=O)[O-])cc2[N+](=O)[O-])o1,0
O=C(CCC[C@@H]1[C@H]2CCCN3CCC[C@@H](CN1S(=O)(=O)c1cccc(C(F)(F)F)c1)[C@@H]23)N1CCOCC1,0
Cc1ccc2c(c1)[n+]([O-])c(C(=O)Nc1ccccc1)c(-c1ccccc1)[n+]2[O-],0
O=C(Cn1ccc2ccccc21)Nc1cc(N2CCOCC2)ncn1,0
CN1CCN(c2ccc3nc(-c4c[nH]c5ccccc45)[nH]c3n2)CC1,0
S=c1[nH]nc(-c2cccc(Cl)c2)n1-c1ccccc1,0
C/C=C/C(=O)Nc1ccc(N2CCC[C@@H](Nc3ncc(Cl)c(-c4c[nH]c5ccccc45)n3)C2)nc1,0
O=C(Cn1c(-c2ccccc2)nc2ccc(-c3ccc(CN4CCCCC4)cc3)cc2c1=O)NCC1CC1,0
Cc1ccc([N+](=O)[O-])c(OCC(O)CNC(C)(C)C)c1,0
O=S(=O)(NCCOc1ccc2c(c1)C(Cc1ccc(Cl)c(Cl)c1)C(N1CCCC1)CC2)C1CCC1,0
Cl.O=C(CN1CCOCC1)n1c2c(c3ccccc31)CCCC2,0
Cc1ccc(Cl)cc1NCc1nnc2n1CCCCC2,0
Cc1nnc(NS(=O)(=O)c2c(C)sc3ccccc23)s1,0
Cc1cn(S(=O)(=O)c2cc(Br)ccc2Br)cn1,0
Cn1cccc1/C=C1\SC(=S)N(Nc2ccccc2)C1=O,0
O=S(=O)(c1ccc(O)nn1)c1oc2ccccc2c1-c1ccccc1,0
Cc1c(F)cncc1-c1cc(F)c2c(c1)CCc1nnc(C)n1-2,0
CC(C)[C@@H]1C(=O)O[C@H]2[C@@H](c3cc(C#N)ccc3OC2(C)C)N1C,0
Cc1[nH]cnc1CN1CCN(c2cccc(Cl)c2)C1=O,0
Cc1ncc(C)n2nc(CCc3ccc4c(F)cccc4n3)nc12,0
CCCCC[C@H](O)/C=C/C1OC2CC(O2)[C@@H]1C/C=C\CCCC(=O)O,0
C=CCCCCCCC[C@H](O)C1C[C@H](O)C(CCCCC)O1,0
CCCCN(CCOc1ccc(CCC(=O)O)cc1)c1ccccn1,0
CCCCCCCCCCCCC1(O)C[N+](C)(C)CCO1,0
CCCCC/C=C\C[C@H]1O[C@H]([C@@H](O)C/C=C\CCCC(=O)O)C[C@H]1O,0
CCCCCCNCC1C2CCC(O2)C1C/C=C/CCCC(=O)O,0
CC(C)(CCCCC(=O)CCCCC(C)(C)C(=O)O)C(=O)O,0
CC(C)(CCCCCCC(C)(C)CC(=O)O)CC(=O)O,0
CCC(O)/C=C/C=C\C=C\[C@H](O)CCCCCCCC(=O)O,0
CCCCC[C@](C)(O)/C=C/[C@H]1C(=O)C[C@H](O)[C@@H]1C/C=C/CCCC(=O)O,0
C[C@H]1CN(C)c2ccccc2CN1C(=O)NCC1CS(=O)(=O)c2ccccc21,0
CCn1nnc2cc(C(=O)Nc3ccc(Br)cc3F)ccc21,0
c1cncc(-c2nnn[nH]2)c1,0
CCCc1ncc(C2Oc3cc(-c4cnc([C@@H]5CCCN5C(=O)[C@@H](NC(=O)OC)C(C)C)[nH]4)cc(F)c3-c3cc4cc(-c5cnc([C@@H]6C[C@H]7C[C@H]7N6C(=O)[C@@H](NC(=O)OC)C(C)C)[nH]5)ccc4n32)s1,0
COc1ccc(C(=O)N2c3ccccc3[C@@H](Nc3ccccc3)C[C@H]2C)cc1,0
O=C(COc1ccccc1I)NCCc1nc2ccccc2[nH]1,0
COc1cccc2cc[n+](-c3ccc(Br)cc3)cc12,0
CN1CC[C@H](C(=O)N2CC3(CCCCC3)C2)C1,0
COc1ccc(S(=O)(=O)N2CCCCC2)cc1NC(=O)CCOc1cc(C)ccc1C,0
Nc1cc(F)ccc1NC(=O)c1ccc(NC(=O)C2CC2c2ccccc2)cn1,0
O=C(c1cccs1)N1CCCC2(COCCN(c3cccnc3)C2)C1,0
CCOC(=O)c1cccc(OS(=O)(=O)NC(=O)Nc2nc(C)cc(Cl)n2)c1,0
COP(=O)(C/C=C\Cn1ccc(=O)[nH]c1=O)OC,0
C[C@@]1(O)[C@H](O)[C@@H](CO)O[C@H]1c1cc(-c2ncco2)c2c(N)ncnn12,0
OC[C@H]1O[C@@]2(CC(c3ccccc3)=NO2)[C@H](O)[C@@H](O)[C@@H]1O,0
COc1ccc(C(=O)NCCn2cc(SCc3ccc(C(F)(F)F)cc3)c3ccccc32)cc1OC,0
C[C@@H](C1CC1)N(C)C(=O)c1cc(O)nc2ccccc12,0
NC(=O)C1C(=O)Oc2cccnc21,0
O=C(O)C1CCN(C(=O)c2ccc(Oc3ccc(F)c(F)c3)cc2)CC1,0
CCCCCCCCCCCCOC(=O)C(CO)NC(=O)C(O)C(O)C(=O)OCCCCCCCCCCC,0
Cc1cccc(NC(=N)N)n1.O=C(O)C(F)(F)F,0
N#Cc1c(/C=C/c2ccccc2)[nH]c2nc(N)[nH]c(=O)c12,0
Cc1ccnc2ccc(Cc3cnc(N)nc3N)c(N)c12,0
O=C(O)c1cc(O)c2c(c1)C(=O)c1cc(O)c(Cl)c(O)c1C2=O,0
Cc1ccc(N2C(N)=NC(N)=NC2(C)C)cc1.Cl,0
N=C(N)NC(=O)c1ccc(-c2cccc(F)c2F)o1,0
CCc1ccc(N2C(=O)Cc3c2nc(N)c(C#N)c3N)cc1,0
Cc1[nH]nc(N)c1-c1nc2cc(F)c(S(N)(=O)=O)cc2s1,0
N=C(NC(N)=O)Nc1c(Cl)cccc1Cl,0
COc1c(OC)c(N)c2cc(C)c(=O)c(C)cc2c1N,0
CCCCN(CC)CCCNC(=O)c1cc2c(=O)[nH]c3ccccc3c2s1,0
CNC(=O)c1sc(-c2ccnc(NC(=O)C3CC3)c2)nc1OCCOCc1cn(-c2c3c(nc4ccccc24)CCCC3)nn1,0
Cc1ccc(CCNC(=O)C2CC(=O)N(C3CCCCC3)C2)cc1,0
COc1cccc(C2CC(C(F)(F)F)n3nc(C(=O)NCc4cccnc4)cc3N2)c1,0
CNC(=O)Oc1c(Cl)cccc1SSc1cccc(Cl)c1OC(=O)NC,0
COc1cc2cc3c(N)n[nH]c3nc2cc1OC,0
CN(C)CCCNC(=O)c1c2c(n3ccccc13)C(=O)c1ccccc1C2=O,0
COc1cc(Cc2cnc(N)nc2N)cc(OCCCOc2ccccc2)c1OC,0
O=c1nc(SCc2ccccc2)ccn1[C@@H]1O[C@H](COP(=O)(O)OP(=O)(O)OC[C@H]2O[C@@H](n3ccc(SCc4ccccc4)nc3=O)[C@H](O)[C@@H]2O)[C@@H](O)[C@H]1O,0
Cc1cc(C2c3c(-c4cccc5[nH]c(=O)oc45)n[nH]c3C(=O)N2CC(C)(F)F)ccc1Oc1ccc(OC(F)(F)F)c(Cl)c1,0
C=C1CCC2(O)C3(OC4(O)C[C@]2(C)C2(O)[C@H](OC(=O)c5ccc[nH]5)C(O)(C(C)C)C4(C)C32O)[C@@H]1O,0
C=C1c2cccc(O)c2C(=O)C2=C(O)[C@@]3(O)C(=O)C(C(N)=O)=C(O)[C@@H](N(C)C)[C@@H]3[C@@H](O)[C@H]12,0
C=C1c2cccc(O)c2C(=O)C2=C(O)[C@]3(O)C(=O)C(C(N)=O)=C(O)[C@@H](N(C)C)[C@@H]3[C@@H](O)[C@H]12,0
CC1(C)N=C(N)N=C(N)N1c1cc(C(=O)O)cc(N2C(N)=NC(N)=NC2(C)C)c1,0
CC1=C(C(=O)NNC(N)=S)C(c2ccc(N(C)C)cc2)C(C(=O)NNC(N)=S)=C(C)N1,0
CC1C=CC2(O)C3(C)CC4(O)OC2(C1O)C1(O)C3(O)C(OC(=O)c2ccc[nH]2)C(O)(C(C)C)C41C,0
CC1CCC2(O)C3(C)CC4(O)OC2(C1O)C1(O)C3(O)C(OC(=O)c2ccc[nH]2)C(O)(C(C)C)C41C,0
CN(C)C1C(O)=C(C(N)=O)C(=O)[C@@]2(O)C(O)=C3C(=O)c4c(O)cccc4[C@@](C)(O)C3CC12,0
CN(C)C1C(O)=C(C(N)=O)C(=O)[C@@]2(O)C(O)=C3C(=O)c4c(O)cccc4[C@@](C)(O)[C@H]3C[C@@H]12,0
CN(C)[C@@H]1C(=O)C(C(N)=O)=C(O)[C@@]2(O)C(=O)C3=C(O)c4c(ccc(N)c4O)CC3C[C@@H]12,0
C=C1c2c(S)ccc(O)c2C(=O)C2C1CC1[C@H](N(C)C)C(=O)C(C(N)=O)=C(O)[C@@]1(O)C2O,0
C=C1c2cccc(O)c2C(=O)C2C1CC1[C@H](N(C)C)C(=O)C(C(N)=O)=C(O)[C@@]1(O)C2O,0
CC(=O)OC1OC(C2c3cccc(O)c3C(=O)c3c(O)cc(CO)cc32)C(O)C(O)C1O,0
CC(C)(C)c1[nH]cnc1/C=c1\[nH]c(=O)/c(=C/c2cccc(NC(=O)CN)c2)[nH]c1=O,0
CN(C)[C@@H]1C(=O)C(C(N)=O)=C(O)C2C(O)C3=C(C[C@H]21)[C@@](C)(O)c1c(Cl)ccc(O)c1C3=O,0
CN(C)[C@@H]1C(=O)C(C(N)=O)=C(O)C2C(O)C3C(=O)c4c(O)cccc4[C@@](C)(O)C3CC21,0
CN(C)[C@@H]1C(=O)C(C(N)=O)=C(O)[C@@]2(O)C(O)C3C(=O)c4c(O)cccc4C(S)C3CC12,0
CN(C)[C@@H]1C(=O)C(C(N)=O)=C(O)[C@H]2C(O)C3C(=O)c4c(O)cccc4[C@@](C)(O)C3CC21,0
CN(C)[C@@H]1C(O)=C(C(N)=O)C(=O)[C@@]2(O)C(O)=C3C(=O)c4c(O)cccc4C[C@H]3C[C@@H]12,0
CN(C)[C@@H]1C(O)=C(C(N)=O)C(=O)[C@@]2(O)C(O)=C3C(=O)c4c(O)cccc4C[C@H]3C[C@@H]12.Cl,0
C=C1CC[C@]2(O)[C@]3(C)C[C@]4(O)O[C@@]2([C@@H]1O)[C@]1(O)O[C@@]3(NN)[C@H](OC(=O)c2ccc[nH]2)[C@](O)(C(C)C)[C@@]14C,0
CN(C(=O)CC(N)c1cccc(NC(=N)N)c1)C1CN=C(NC(N)=O)NC1=O.Cl.Cl,0
CN(C)c1cc(NC(=O)CN)c(O)c2c1CC1CC3[C@H](N(C)C)C(=O)C(C(N)=O)=C(O)[C@@]3(O)C(=O)C1=C2O,0
CN(C)c1cc(NC(=O)CN)c(O)c2c1C[C@H]1C[C@H]3[C@H](N(C)C)C(O)=C(C(N)=O)C(=O)[C@@]3(O)C(O)=C1C2=O,0
N.N.O=C(CBr)c1cn(C2CC(O)C(OP(=O)(O)O)O2)c(=O)[nH]c1=O,0
NC(=O)C1=C(N)[C@@H](O)[C@H](O)[C@@H](Nc2cc(-c3nc4c(O)cccc4c(=O)[nH]3)ccc2O)C1=O,0
NCCO.NCCO.O=C(O)C(=O)Nc1ccc(-c2csc(NC(=O)C(=O)O)n2)cc1,0
N[C@@H]1C[C@H](N)CN(c2nc(Nc3ccc4[nH]cnc4c3)nc(N3C[C@H](N)C[C@H](N)C3)n2)C1,0
O=C(OC[C@H]1OC(O)[C@H](OC(=O)c2cc(O)c(O)c(O)c2)[C@@H](O)[C@@H]1O)c1cc(O)c(O)c(O)c1,0
O=C(OC[C@H]1O[C@@H](O)[C@H](O)[C@@H](OC(=O)c2cc(O)c(O)c(O)c2)[C@@H]1O)c1cc(O)c(O)c(O)c1,0
C/C(=N\Nc1nc(N)c2ncn(C3O[C@H](CO)[C@@H](O)[C@H]3O)c2n1)c1cccs1,0
C/N=C(/NCc1cccc(-c2csc(N=C(N)N)n2)n1)NS(C)(=O)=O.Cl,0
CC(=O)N[C@@]1(Cc2ccccc2)CC[C@H]2CC[C@@H](C(=O)N[C@H]3CCCN(C(=N)N)C3O)N2C1=O,0
CC(=O)N[C@H]1CCC[C@H]2CC[C@@H](C(=O)N[C@H]3CCCN(C(=N)N)C3O)N2C1=O.Cl,0
CC(=O)Nc1ccc(NC(=O)c2csc([C@@H]3O[C@H](CO)[C@H](O)[C@H](O)[C@H]3O)n2)cc1,0
CC(C)(C)NC(=O)N1CCN(C(=O)N2C(=O)[C@H](CCCN=C(N)N)[C@H]2C(=O)O)CC1,0
CC(C)(C)OC(=O)N[C@H]1CCCN(CC(=O)N[C@H]2CCCC(C(=N)N)C2O)C1=O,0
CC(C)(O)C#Cc1ccc(CNC[C@H]2O[C@@H](n3cnc4c(N)ncnc43)[C@H](O)[C@@H]2O)s1,0
CC(C)C(N)C(=O)O[C@H]1[C@H](CO)O[C@H](n2ccc(N)nc2=O)[14C@@]1(C)O.Cl.Cl,0
CC(C)[C@H](N)C(=O)O[C@@H]1[C@@H](CO)O[C@@H](n2ccc(N)nc2=O)[C@]1(C)O.Cl.Cl,0
C1CNCCN1.COc1cc(C(O)CO)ccc1O.COc1cc(C(O)CO)ccc1O,0
CC(=O)N[C@H]1[C@H]([C@H](O)[C@H](O)CO)OC(C(=O)O)=C[C@@H]1NC(=O)Nc1ccc(Cl)cc1,0
CC(=O)N[C@H]1[C@H]([C@H](O)[C@H](O)CO)OC(C(=O)O)=C[C@@H]1NC(=O)Nc1ccccc1Cl,0
CC(=O)N[C@H]1[C@H]([C@H](O)[C@H](O)CO)OC(C(=O)O)=C[C@@H]1NC(=S)Nc1ccc(C(F)(F)F)cc1,0
CC(=O)N[C@H]1[C@H]([C@H](O)[C@H](O)CO)OC(C(=O)O)=C[C@@H]1NC(=S)Nc1cccc2ccccc12,0
CC(=O)c1cccc(N[C@H]2[C@H](N)[C@@](NC(=O)N3CCCC3)([C@H](C)O)[C@@](C)(O)[C@@]2(O)CO)c1,0
CC(=O)c1cccc(N[C@H]2[C@H](N)[C@@](NC(=O)N3CCCCC3)([C@H](C)O)[C@@](C)(O)[C@@]2(O)CO)c1,0
CC(NC(=O)c1ccc(N(C)Cc2cnc3nc(N)nc(N)c3n2)cc1)C(=O)O.O,0
CC1=C(NN)SC(NNS(=O)(=O)c2ccc3[nH]c(=O)c(=O)[nH]c3c2)N1C(=O)c1ccccc1,0
CCCO[C@@H]1C=C(C(=O)O)C[C@H](N=C(N)N)[C@H]1NC(C)=O.O=C(O)C(F)(F)F,0
C/C=C(\C)C(=O)Nc1nncs1,0
Cc1cc(C)o/c(=N/O)c1,0
O=C1CCc2cc(O)c(O)cc2N1,0
O=C1C=CC=CC2CC=C[C@@H](O)C12,0
Cl.N[C@H]1CCC[C@H]1C(=O)O,0
CC(O)=C1C(=O)CCC1=O,0
O=c1[nH]c2ccccc2[nH]1,0
c1cc(N2CCCNCC2)ccn1,0
NC(=O)/C=C1\CCc2ccccc21,0
N[C@H]1CCCc2onc(O)c21,0
Cc1n[nH]cc1-c1cc2nc([C@@H]3CCN3)[nH]c(=O)c2s1,0
C/C(=N\NC(=S)NC(C)(C)C)c1nc2cccnc2[nH]1,0
CCOC(=O)[C@H]1C[C@]12C(=O)Nc1ccc(N)cc12,0
CC1(C)Oc2ccc([N+](=O)[O-])cc2[C@@H](N)[C@@H]1O.Cl,0
CN[C@@H]1CCN(c2nc(N)nc3c2oc2ccc(F)cc23)C1,0
N[C@H]1[C@@H](C(=O)O)[C@H]2C=C[C@H]1C2.O=S(=O)(O)c1ccccc1,0
CC[C@H]1CC[C@H](n2c(=O)[nH]c3ncc(N)cc3c2=O)CC1,0
O=C(O)c1cc2c(nc1CO)[nH]c1ccccc12,0
Nc1nc2c(c(N3CCNCC3)n1)CCCc1ccccc1-2,0
Nc1cccc(C(=O)N[C@H]2CCOC3(CCOCC3)C2)n1,0
CC1(C)C2OCCCC2C1(N)C(=O)Nc1cn[nH]c1,0
COc1ccc(N2C(N)=NC(N)=NC2(C)C)cc1.Cl,0
N=C1NN=C(N)/C1=N/Nc1ccccc1Br,0
C[C@]12CC[C@H](CC1/N=C(\NC#N)Nc1ccc(N)[n+]([O-])c1)C2,0
Cc1ccc(C2=NN(C(=O)NN)C(O)(C(F)(F)F)C2)cc1,0
CC1(C)Cc2[nH]c(-c3ccnc(N)n3)cc2C(=O)N1,0
Nn1c(S)nnc1N/N=C1/C(=O)Nc2c(Cl)cc(Cl)cc21,0
Nc1nc(O)c2nc(N)n(CC3CCCCC3)c2n1,0
O=C1Nc2cc(O)c(O)cc2/C1=N/Nc1ccc(O)cc1,0
Nc1nc(O)c2c(n1)NCCN2C(=O)c1ccccc1,0
CCOC(=O)c1c2c(c3[nH]c4ccccc4c3c1O)C(=O)NC2=O,0
O=C(NO)c1cn(Cc2ccc(O)cc2)c2ccccc2c1=O,0
O=C1c2c(O)cc(O)cc2OC[C@H]1Cc1ccc(O)c(O)c1,0
NC(=O)c1sc(-c2ccnc(N)n2)nc1-c1cc(F)ccc1F,0
Cc1nc(C)c(C(=O)Nc2ccc3[nH]c([C@H](C)O)nc3c2)o1,0
COc1ccc(C(=O)NNC(=O)c2cc3ccccc3cc2O)cc1,0
O=C(NNc1nc2ccccc2n2cnnc12)NC1CCCCC1,0
Cc1ccccc1NC(=O)C(=O)c1c(O)c2ccc(O)cc2oc1=O,0
Cc1ccc(NC(=O)N2CCC(Nc3ncnc4[nH]ncc34)CC2)cc1,0
O=C(Nc1ccncc1)[C@@H]1Cc2[nH]cnc2C2(CCCCC2)N1,0
C/N=C(/NC)NCc1ccc(OC)cc1.C/N=C(/NC)NCc1ccc(OC)cc1.O=S(=O)(O)O,0
C=C[C@H]1[C@H](O[C@@H]2O[C@H](CO)[C@@H](O)[C@H](O)[C@H]2O)OC=C(C(=O)OC)[C@H]1C[C@@H]1NCCc2c1[nH]c1ccc(C)cc21,0
C=C[C@H]1[C@H](O[C@@H]2O[C@H](CO)[C@@H](O)[C@H](O)[C@H]2O)OC=C(C(=O)OC)[C@H]1C[C@@H]1NCCc2c1[nH]c1ccc(F)cc21,0
C=C[C@H]1[C@H](O[C@@H]2O[C@H](CO)[C@@H](O)[C@H](O)[C@H]2O)OC=C(C(=O)OC)[C@H]1C[C@@H]1NCCc2c1[nH]c1cccc(C)c21,0
CC(/C=N/Nc1nc(N)c2ncn([C@@H]3O[C@H](CO)[C@@H](O)[C@H]3O)c2n1)Cc1ccc(C(C)C)cc1,0
CC(=N)N1CCC(Oc2ccc3c(c2)C(=O)NS(=O)(=O)N3CC(=O)Nc2cccc(C(=N)N)c2)CC1,0
CC(C)[C@H]1COCCC(=O)Nc2ccc(cc2)C[C@@H](NC(=O)N[C@@H](CCCCN)C(=O)O)C(=O)N1,0
CC(C)[C@H]1NC(=O)C[C@@H](/C=C/CCCC(=O)O)NC(=O)[C@@H](Cc2ccc(O)cc2)NC(=O)[C@@H](C)NC1=O,0
CC(NCC(=O)Nc1ccccc1C(=O)NC1CC1)c1ccc(S(N)(=O)=O)cc1.O=C(O)C(=O)O,0
CC1(C)NC(N)=NC(=N)N1OCc1ccc2ccccc2c1CON1C(=N)N=C(N)NC1(C)C,0
CN(C)c1nc([C@H](Cc2c[nH]c3ccc(O)cc23)NC(=O)c2ccc3c(c2)nc(-c2ccoc2)n3C2CCCCC2)cs1,0
CC1(C)C[C@@](O)(c2ncc(-c3cc(Nc4nccc(C(F)(F)F)n4)cc(-c4cnn(C(C)(C)C)c4)c3)s2)CC[C@@H]1C(=O)O,0
COc1ccc(-n2nc(C)c3c(Nc4ccc(NC(=O)Nc5ccc(Cl)c(C(F)(F)F)c5)cc4)ncnc32)cc1,0
O=C(O)/C=C/c1ccc(NC(=O)C2(NC(=O)c3ccc4c(c3)nc(-c3ccoc3)n4C3CCCCC3)CCCC2)cc1,0
C=CC(=O)Nc1ccc2ncnc(Nc3ccc(OCc4cccc(F)c4)c(Cl)c3)c2c1.Cc1ccc(S(=O)(=O)O)cc1,0
C=Cc1c(C)c2cc3[nH]c(c(CC(=O)O)c4nc(cc5nc(cc1[nH]2)C(C)=C5CC)C(C)=C4C(=O)O)c(CCC(=O)O)c3C,0
O=C(Cc1cccc(Cl)c1)Nc1cccc(-c2c[nH]c3nc(Nc4cccc(O)c4)ncc23)c1.O=C(O)C(F)(F)F,0
Cn1c(C(=O)O)cc2cc(NC(=O)C3(NC(=O)c4ccc5c(C6CCCC6)c(-c6ccncc6)n(C)c5c4)CCC3)ccc21,0
Cc1ccc(-c2nc3ccccc3s2)cc1NC(=O)c1cc([N+](=O)[O-])c(NCCNC(=O)OC(C)(C)C)cc1Cl,0
CC(C)(C)[C@H]1CC[C@@H](N(C(=O)Nc2ccc(OC(F)(F)F)cc2)C2CCc3cc(C(=O)Nc4nn[nH]n4)ccc32)CC1,0
CC(=O)N1CCC[C@H]1C(=O)N[C@@H](Cc1ccc(O)cc1)C(=O)N[C@@H](C)C(=O)NCC(=O)N[C@@H](C)C(=O)N[C@@H](CCC(N)=O)C(=O)O,0
CC(=O)N[C@H]1[C@H]([C@H](O)[C@H](O)CO)O[C@@](OC[C@H]2O[C@@H](Oc3ccc(OCC[Si](C)(C)C)cc3)[C@H](O)[C@@H](O)[C@H]2O)(C(=O)O)C[C@@H]1O,0
CC(C)C[C@H](NC(=O)[C@@H]1CCCN1C(=O)[C@H](C)N)C(=O)N[C@@H](CO)C(=O)N[C@@H](Cc1c[nH]c2ccccc12)C(=O)N[C@@H](CO)C(=O)O,0
CC(C)C[C@H](NC(=O)[C@@H]1CCCN1C(=O)[C@H](CCCCN)NC(=O)c1ccc(O[C@@H]2O[C@H](CO)[C@H](O)[C@H](O)[C@H]2O)cc1)C(N)=O,0
CC(C)[C@H](NC(=O)[C@@H](NC(=O)[C@@H]1CCCN1C(=O)[C@H](Cc1ccc(O)cc1)NC(=O)[C@H](CC(N)=O)NC(=O)[C@H](C)N)C(C)C)C(N)=O,0
CC(C)[C@H](NC(=O)[C@H](CCCCN)NC(=O)[C@@H]1CCCN1C(=O)[C@@H]1CCCN1C(=O)[C@@H]1CCCN1)C(=O)N[C@@H](CO)C(=O)N1CCC[C@H]1C(N)=O,0
CCCCCCCCO[C@H]1O[C@@H](C)[C@@H](O)[C@@H](O[C@@H]2O[C@@H](C)[C@@H](O)[C@@H](O[C@@H]3O[C@@H](C)[C@@H](O)[C@@H](O[C@@H]4O[C@@H](C)[C@@H](O)[C@@H](O)[C@@H]4O)[C@@H]3O)[C@@H]2O)[C@@H]1O,0
CCCCCCCCO[C@H]1O[C@@H](C)[C@@H](O[C@@H]2O[C@@H](C)[C@@H](O)[C@@H](O[C@@H]3O[C@@H](C)[C@@H](O[C@@H]4O[C@@H](C)[C@@H](O)[C@@H](O)[C@@H]4O)[C@@H](O)[C@@H]3O)[C@@H]2O)[C@@H](O)[C@@H]1O,0
CCCCCCCCO[C@H]1O[C@@H](C)[C@@H](O[C@@H]2O[C@@H](C)[C@@H](O[C@@H]3O[C@@H](C)[C@@H](O[C@@H]4O[C@@H](C)[C@@H](O)[C@@H](O)[C@@H]4O)[C@@H](O)[C@@H]3O)[C@@H](O)[C@@H]2O)[C@@H](O)[C@@H]1O,0
CC[C@H](C)[C@H](NC(=O)[C@@H](N)CO)C(=O)N[C@@H](C)C(=O)N[C@@H](CCC(=O)O)C(=O)NC12NC(=O)C3(OC(C)=O)C4C5CC(C6C5C3C61)C42,0
CNC(=O)[C@@]12C[C@@H]1[C@@H](n1cnc3c(N)ncnc31)[C@H](O)[C@@H]2O,0
Nc1ccn(C2O[C@H](CO)[C@@H](O)[C@H]2O)c(=O)c1[N+](=O)[O-],0
C[C@@H]1OC[C@@](O)(NC(=O)c2ccc(S(N)(=O)=O)cc2)[C@H](O)[C@H]1O,0
CCNC(=O)[C@H]1O[C@@H](n2cnc3c(N)nc(C#CC(C)O)nc32)[C@H](O)[C@@H]1O,0
Nc1ncnc2c1c1c(N)ncnc1n2[C@@H]1O[C@H](CO)[C@@H](O)[C@H]1O,0
COc1ccc2c(c1)O[C@H](O[C@@H]1O[C@H](CO)[C@@H](O)[C@H](O)[C@H]1O)C(=O)N2O,0
C[C@@]1(O)[C@H](O)[C@@H](CO)O[C@H]1c1cnc2c(N)nc(F)nn12,0
C[C@@]1(O)[C@@H](CO)O[C@@H](n2cnc3c(NO)ncnc32)[C@@H]1O,0
C=CCn1/c(=N\C#N)n([C@H]2OC(CO)[C@@H](O)[C@H]2O)c2cc(N)nc(O)c21,0
C#C[C@@]1(O)[C@@H](CO)O[C@@H](n2cnc3c(N)nc(Cl)nc32)[C@@H]1O,0
C/C(=N\NC(=N)N)c1cc(/C(C)=N/NC(=N)N)c(C)nc1C.CS(=O)(=O)O.Cl.Cl,0
CC(=O)Nc1cc(N(C)C)c2c(c1O)C(O)=C1C(=O)[C@]3(O)C(O)=C(C(N)=O)C(=O)[C@@H](N(C)C)C3CC1C2,0
CC(=O)Nc1ccc(C(=O)Nc2ccccc2NC(=O)O[C@@H]2O[C@H](C(=O)O)[C@@H](O)[C@H](O)[C@H]2O)cc1,0
CC(=O)OC[C@H]1O[C@@H](Oc2c(-c3ccc(O)c(O)c3)oc3cc(O)cc(O)c3c2=O)[C@H](O)[C@@H](O)[C@@H]1O,0
CC(=O)OC[C@H]1O[C@@H](Oc2c(-c3ccc(O)c(O)c3)oc3cc(O)cc(O)c3c2=O)[C@H](O)[C@@H](O)[C@H]1O,0
CC(=O)OC[C@H]1O[C@@H](Oc2cc3oc(-c4ccc(O)cc4)c(O)c(=O)c3c(O)c2O)[C@H](O)[C@@H](O)[C@@H]1O,0
CC(=O)O[C@@H]1[C@@H](O)[C@@H](O)[C@H](Oc2c(-c3cc(O)c(O)c(O)c3)oc3cc(O)cc(O)c3c2=O)O[C@H]1C,0
CC1(N)CCN(c2cccnc2NC(=O)c2nc(-c3nc(C(N)=O)ncc3F)cnc2N)CC1,0
CCCNc1nc(N(C)C)c2c(c1O)C(=O)C1=C(O)[C@]3(O)C(=O)C(C(N)=O)=C(O)[C@@H](N(C)C)[C@@H]3C[C@@H]1C2,0
CN(C)[C@@H]1C(O)=C(C(N)=O)C(=O)[C@@]2(O)C(O)=C3C(=O)c4c(O)c(Nc5ccncn5)cc(F)c4C[C@H]3C[C@@H]12,0
O=C(O)c1nc2ccccc2c(=O)[nH]1,0
NNc1ncc2ccccc2n1,0
Nc1nccc(N2CC(N3CCCC3)C2)n1,0
Cc1sc(C(N)=O)cc1[N+](=O)[O-],0
Cc1cc(C)n(C(=N)N)n1,0
Cc1ncc(C(=O)O)c(C(=O)O)c1N,0
CC(=O)c1c(C)nc2nonc2c1N,0
O=C(c1c[nH]cn1)C1CCNCC1,0
O=C1NC(=O)C2(CCCc3ncccc32)N1,0
COc1ccc2c(c1)CCC/C2=N\N=C(N)N,0
NC(=S)N/C=N/c1c(C(F)(F)F)nn(-c2ccccc2)c1-c1ccccc1,0
CC1=C(C(=O)NNC(=O)c2ccccc2O)C(c2cccc([N+](=O)[O-])c2)NC(=S)N1,0
CC(=O)N1CCc2cc(S(=O)(=O)NCCC(=O)N3CCN(Cc4ccccc4)CC3)ccc21,0
O=C(NO)c1ccc(NC(=O)C2(c3ccc(-c4ccccc4)c(F)c3)CCCC2)cc1,0
CC(=O)c1c(C)[nH]c(-c2csc(N3CCNCC3)n2)c1C1CCCC1,0
CCOC(=O)Cn1c(CN2CCN(C(=O)c3ccco3)CC2)nc2c1c(=O)n(C)c(=O)n2C,0
COC(=O)N(CCNCc1cccc(CNCCN(C(=O)OC)c2ccc3cc4ccc(N)cc4nc3c2)n1)c1ccc2nc3cc(N)ccc3cc2c1,0
CC(C)(C)c1ncc(C(=O)Nc2ccccc2C(F)(F)F)nc1Cl,0
CC(=O)Nc1ccc(/C=C/c2ccc(C)cc2)cc1,0
Oc1cc(Cl)ccc1Oc1cnccn1,0
N=C(N)Nc1nc(-c2cc[nH]c2)cs1.O=C(O)/C=C\C(=O)O,0
Nc1n[nH]c2cc(NC(=O)N[C@H](CO)c3ccccc3)ncc12,0
CCn1c(-c2nonc2N)nc2c(C#CC(C)(C)O)nc(CCN)cc21,0
N=C(N)c1cccc(N2CCCCN(C3CCN(C(=N)N)CC3)C2=O)c1,0
CC1CCCCC1NC(=O)CSc1nc2c(O)nc(N)nc2[nH]1,0
N=C(N)NC(=O)c1nc(-c2ccoc2)c(N2CCCCCC2)nc1N,0
N#Cc1cc2c(N)ncnc2nc1Nc1ccc(S(N)(=O)=O)cc1,0
CN1CCN(c2cc3c(c(N)c2N)c(=O)c(C(=O)O)cn3C2CC2)CC1,0
N/C(=N\O)c1ccc(-c2cnc(-c3ccc(/C(N)=N\O)cn3)s2)nc1,0
CC(=O)C1=C(O)/C(=C(\O)Nc2cccc(NC(N)=O)c2)C(=O)OC1=O,0
CCCCC(=O)c1cc(C(C)(C)C)c2c(c1)C(C)(C)CCS2,0
Cc1cc(Br)c(S(=O)(=O)NCc2cccnc2)cc1C,0
C#CCCC1(CCOC(=O)Cc2ccc(N(CC)S(=O)(=O)c3cc(Cl)ccc3Cl)cc2)N=N1,0
Br.Oc1cccc(CCNCCCCCCNCCc2ccc(Cl)cc2)c1,0
C[C@]1(CO)[C@H]2CC=C(CNCc3ccccc3)[C@@H](CCC3=CCOC3=O)[C@]2(C)CC[C@H]1O,0
C=CCNC(=O)C(N(C(=O)c1cccnc1)C1CCCCC1)C(Cl)(Cl)Cl,0
CC(=O)N([C@H]1[C@H](O)[C@H](O)[C@@H](O)[C@@H](O)[C@@H]1O)[C@H]1[C@H](O)[C@H](O)[C@@H](O)[C@@H](O)[C@@H]1O,0
CCCCCCCCCCCCNC(=O)[C@@H]1CC(=O)N[C@H](CO)C(=O)N[C@H](Cc2ccc(O)cc2)C(=O)N[C@H](CC(N)=O)C(=O)NCC(=O)N[C@@H](CC(N)=O)C(=O)N[C@@H](CO)C(=O)N[C@H](CC(N)=O)C(=O)N1,0
O=C(CCCCCCCCc1ccccc1F)N1CCCCC1,0
N=C(N)NCCC[C@H]1NC(=O)N([C@H](CC2CCCCC2)C(=O)N2CCN(c3ccccc3)CC2)C1=O,0
CC[C@H]1OC(=O)[C@H](C)[C@@H](O[C@H]2C[C@@](C)(OC)[C@@H](O)[C@H](C)O2)[C@H](C)[C@@H](O[C@@H]2O[C@H](C)C[C@H](N(C)C)[C@H]2O)[C@](C)(O)C[C@@H](C)CN(CCCNC(=S)Nc2ccc(F)cc2)[C@H](C)[C@@H](O)[C@]1(C)O,0
c1ccc2sc(-c3ccnc(Nc4ccc(CN5CCC(N6CCCC6)CC5)cc4)n3)cc2c1,0
CC[C@@H](C)[C@@H](CN[C@@H](Cc1ccccc1)C(=O)N[C@@H](CCO)C(=O)O)NC[C@@H](N)CS,0
CCOc1ccccc1NS(=O)(=O)N(C)C,0
C[C@H]1[C@H](OC(=O)CCC(=O)Nc2ccc3ncnc(Cc4ccc(Cl)c(Cl)c4)c3c2)O[C@@H]2O[C@]3(C)CC[C@H]4[C@H](C)CC[C@@H]1[C@@]24OO3,0
Cn1cncc1CN1CC(N(CC2CCN(C(=O)c3ccccc3)CC2)S(=O)(=O)c2ccccn2)Cc2cc(C#N)ccc21,0
Cc1ccc(NC(=O)C(=O)NCC2(c3ccccc3)CCCC2)cc1Cl,0
CC(=O)Nc1ccc2c3c(cc(O)c2c1)N(C(=O)CCCCC(=O)N1CC(CCl)c2c1cc(O)c1cc(NC(C)=O)ccc21)CC3CCl,0
Nc1ccc(CC(=O)Nc2cccc3c2C(=O)c2c-3n[nH]c2-c2ccc(O)cc2)cc1,0
Cc1noc(C)c1C(=O)NCc1ccccc1F,0
CSc1nsc(SCC(=O)Nc2ccc3c(c2)OCCO3)n1,0
Cc1ccc2nc(CNc3ccc(OC(F)(F)F)cc3)cc(=O)n2c1,0
Cc1ccc(C(=O)N(C)CC(=O)Nc2cccc(C)c2C)o1,0
O=C1CCc2cc(C(c3ccco3)n3ccnc3)cc3c2N1CC3,0
COc1cccc(-c2ccc3nnc(-c4ccc(OC)c(OC)c4)n3c2)n1,0
O=C(COc1cccc2ccccc12)N/N=C/c1cccc(O)c1,0
CCOc1ccc2[nH]nc(-c3cc(N4CCN(C5CC5)CC4)ncn3)c2c1,0
CC[C@H](C)Nc1ncc(-c2ccn(C3CCN(C(C)=O)CC3)n2)cn1,0
O=C(N1CC(Oc2ccccc2)C1)N1N=CC[C@H]1c1ccccc1,0
Cc1ccc(NCC(=O)Nc2ccc3c(C)cc(=O)oc3c2)nc1,0
CO[C@@H]1O[C@H](CO)[C@H](O)[C@H](OCc2cc(-c3ccc(Br)cc3)nc(N)n2)[C@H]1O,0
Nc1nc(OCc2ccc(Br)cc2)c2ncn(C3O[C@H](O)[C@@H](O)[C@H]3O)c2n1,0
CONc1nc(C#Cc2ccc(F)cc2)nc2c1ncn2[C@@H]1O[C@H](CO)[C@@H](O)[C@H]1O,0
CS(=O)(=O)Nc1cccc(-c2cnc(N)c(C(=O)N3CCC(O)CC3)n2)c1,0
COc1cc(Cl)c(CNC[C@H]2O[C@@H](n3ccc(=O)[nH]c3=O)[C@H](O)[C@@H]2O)c(Cl)c1O,0
C[C@H](Cc1ccccc1)Nc1ncnc2c1ncn2[C@@H]1O[C@H](CO)[C@H](O)[C@H]1O,0
CCOC(=O)C(=O)Nc1cc(C(N)=O)cc(NC(=O)C(=O)OCC)c1Cl,0
CC1(C)Cc2c(sc(NC(=O)C(=O)NCCCN3CCOCC3)c2C(N)=O)CO1,0
CS(=O)(=O)c1cccc(Nc2nc(N3CCC[C@H](N)C3)ncc2C(N)=O)c1,0
CCN1CCc2c(sc(NC(=O)NCCN3CCOCC3)c2C(N)=O)C1,0
O=C(O)c1csc(Cl)c1,0
C=C1CC2CCCC12C=O,0
C=C(C=O)C1CCC(C)(O)CC1,0
Fc1cccc(-c2nnc(S)o2)c1,0
CCc1cccnc1,0
Nc1cc(-c2ccccc2)ncn1,0
CSc1ncnc2c1CC=N2,0
Cc1ncccc1CO.Cl,0
CCNC1CCCc2cccnc21,0
O=C(NCC1CC1)Nc1ccccc1,0
CC(=O)N[C@H](C(=O)N(C)c1nc(C)cs1)C(C)C,0
CCOc1nc2cccc(C)c2c(=O)o1,0
O=S(=O)(CC(F)(F)F)c1nc2ccccc2[nH]1,0
Cc1nn(CCO)c(C)c1-n1ccnc1-c1ccncc1,0
CC(C)c1nccn1C(C)C(=O)NC1CCOCC1,0
CC(=O)CC1(OC(C)=O)C(=O)N(C)c2ccccc21,0
c1ccc(-c2ccns2)c(OCC2=NCCN2)c1,0
CCN1CCN(CC(=O)Nc2c(C)cccc2C)CC1,0
O=C(c1ccc(F)cc1)N1CCN(c2ccccn2)CC1,0
C#CCN(CC#CC)C(=O)NCc1ccco1,0
CCOC(=O)c1[nH]nc2ccccc12,0
O=c1[nH]nc2ccc(Sc3ccccc3)nn12,0
CCn1cc(C(=O)O)c(=O)c2cc(OC)ccc21,0
Cc1cc2c(cc1C)N(C(=O)CCl)CC(=O)N2,0
O=C1c2ccccc2CCC1C(O)c1cnccn1,0
Cc1cccc(O[C@H]2CCN3C[C@H]2OC3=O)c1C,0
C[C@@H]1CCC(=O)N(C[C@@H](C)CC#N)CC1,0
O=c1[nH]c2ccccc2c(=O)n1Cc1ccccc1,0
CCCC1CCN(C2CCN(C)C2=O)C1,0
CCn1sc(=O)n(CC)c1=S,0
Cn1cc(/C=C2\CCC=CC2=O)c2ccccc21,0
O=C(c1ccc(F)cc1)n1ccc2ccccc21,0
Cc1cc(C)c(-c2csc(N)n2)c(C)c1,0
Cc1ccc([C@H]2CC(=O)c3ccc(F)cc3O2)cc1,0
Oc1ccccc1N1CCCC2CCCCC21,0
F[B-](F)(F)c1cc2ccccc2s1,0
c1ccc(C2COc3cccc4c3N2CCC4)cc1,0
OC1c2ccccc2-c2nc3ccccc3cc21,0
C1=C(c2ccccc2)N2CCCN=C2c2ccccc21,0
C=CC1C(=C)C(=O)Oc2ccc3ccccc3c21,0
Cc1ccc(Cl)cc1CNC(=O)[C@@H]1C[C@H](N)CN1C(=O)Nc1cn(C(N)=O)c2ccccc12,0
CC(C)(C)c1cc(C(P(=O)(O)O)(P(=O)(O)O)P(=O)(O)O)cc(C(C)(C)C)c1O,0
N=C(N)NS(=O)(=O)c1ccc(NC(=O)c2cccc3c(O)c4ccccc4nc23)cc1,0
NC(=O)c1cccc2c1NC(N1Cc3[nH]nc(N)c3C1)=NC2NCc1c(F)cccc1C(F)(F)F,0
NC(=O)n1cc(NC(=O)N2C[C@@H](N)C[C@H]2C(=O)NCc2ccc3ccccc3c2)c2ccccc21,0
Nc1nc(Oc2cccc3[nH]c(=O)c(N)nc23)cc(-c2ccc(C(F)(F)F)cc2N)n1,0
NC(=O)n1cc(NC(=O)N2C[C@@H](N)C[C@H]2C(=O)Nc2ccccc2)c2ccccc21,0
CS(=O)(=O)O.N=C(N)c1ccc2cc(OC(=O)c3ccc(NC4=NCCN4)cc3)ccc2c1,0
N=C(N)NS(=O)(=O)c1ccc(NC(=O)c2cccc3c(N)c4ccccc4nc23)cc1,0
CC(C)(c1ccc(N2C(N)=NC(N)=NC2(C)C)cc1)c1ccc(N2C(N)=NC(N)=NC2(C)C)cc1,0
CC1(C)N=C(N)N=C(N)N1c1cc(Cl)c(N2C(N)=NC(N)=NC2(C)C)c(Cl)c1.Cl.Cl,0
CC1(C)N=C(N)N=C(N)N1c1ccc(-c2ccc(N3C(N)=NC(N)=NC3(C)C)cc2)cc1.Cl.Cl,0
CC1(C)N=C(N)N=C(N)N1c1ccc(/N=N/c2ccc(N3C(N)=NC(N)=NC3(C)C)cc2)cc1,0
CC1(C)N=C(N)N=C(N)N1c1ccc(Oc2ccc(N3C(N)=NC(N)=NC3(C)C)cc2)cc1,0
CC1(C)N=C(N)N=C(N)N1c1ccc2oc3ccc(N4C(N)=NC(N)=NC4(C)C)cc3c2c1,0
CCCC(=O)N/N=C(\C)C1=C(O)[C@H](N)[C@@H]2Cc3c(c(O)c4c(O)c(C)ccc4c3C)C(=O)[C@]2(O)C1=O,0
COc1ccc(NC(=N)NC(=N)N2CCN(C(=N)NC(=N)Nc3ccc(OC)cc3)CC2)cc1,0
COc1cccc(NC(=N)NC(=N)N2CCN(C(=N)NC(=N)Nc3cccc(OC)c3)CC2)c1,0
COc1ccccc1NC(=N)NC(=N)N1CCN(C(=N)NC(=N)Nc2ccccc2OC)CC1,0
CS(=O)(=O)O.N=C(N)Nc1ccc(C(=O)Oc2ccc3cc(C(=N)N)ccc3c2)cc1,0
Cc1c[nH]c(NCCCN(C)C)c2c3ccccc3nc1-2,0
CCN(CC)C(=O)c1ccccc1NCc1c[nH]cn1,0
COc1cccc(COc2ccc(CCN)cc2)c1,0
NC[C@@H]1C[C@H]1c1c(OCCF)ccc2occc12,0
C=C(F)COc1ccc2occc2c1[C@H]1C[C@@H]1CN,0
CC(C)(C)CC[C@H](NC(=O)c1cc(Cl)c[nH]1)C(=O)O,0
COc1ccccc1Cn1cc(CCN)c2ccccc21,0
O=C(CCCCCc1c[nH]c2ccccc12)NO,0
O=C(CSc1ccccc1)Nc1ccccc1C(=O)O,0
COC(C(=O)Nc1cc(C2CC2)[nH]n1)c1ccccc1,0
O=S(=O)(Nc1cc(F)c(O)c(F)c1)c1ccc(C(F)(F)F)cc1,0
Cc1ccc(OCC(=O)N/N=C\c2ccc(C)o2)c(C)c1,0
CC(=O)Nc1ccccc1C(=O)C(=O)Nc1ccc(F)cc1,0
N#CCCN(C(=S)NC(=O)c1cccs1)c1ccccc1F,0
CC(=O)Nc1ccccc1C(=O)C(=O)Nc1ccc(C)c(F)c1,0
O=S(=O)(c1ccccc1)n1ccc(C(O)c2ccc(Cl)cc2)c1,0
CC(=O)N1C(C(=O)NNc2ccccc2)CSC1c1ccccc1,0
Cc1nnc2c(NCCc3ccccc3)nc3ccccc3n12,0
CC(C)[C@@H]1O/C(=C/C(=O)Cc2ccc(OC(F)(F)F)cc2)NC1=O,0
O=C(N/N=C/c1cc(Cl)ccc1O)c1cccc(F)c1F,0
O=C(CNS(=O)(=O)c1ccccc1)NNC(=O)C(Cl)Cl,0
NC(=O)[C@@H](Cc1ccccc1)NC(=O)c1ccc2c(c1)B(O)OC2,0
CCN(CC)C(=O)[C@@H]1OC(C(=O)O)=CC(N)C1NC(C)=O,0
CSS[C@H]1C(O)[C@@H](CO)O[C@H]1n1ccc(=O)[nH]c1=O,0
CCNC1CN(C)S(=O)(=O)c2sc(S(N)(=O)=O)cc21,0
C#CCSC[C@H]1O[C@@H](n2cnc3c(N)ncnc32)[C@H](O)[C@@H]1O,0
O=c1nc(OC(F)F)c(Br)cn1[C@@H]1O[C@H](CO)[C@@H](O)[C@H]1O,0
OC[C@H]1OC[C@H](n2cc(COc3ccccc3)nn2)[C@@H](O)[C@H]1O,0
C[C@@H]1CN(CC(=O)NCCc2nnc(N)s2)C[C@H](C)O1,0
O=S(=O)(Nc1nccs1)c1ccc([As](=O)(O)O)cc1,0
CCCNC1CCc2ccccc2C1,0
CCCCCc1nccnc1SC,0
O=C1C=C(CCc2ccccc2)CCC1,0
N#CCCc1cccc(CCC#N)c1,0
C=CCCOc1ccccc1,0
O=C(O)CS/C=C/c1ccccc1,0
C=CCC(C#Cc1ccccc1)N(C)C,0
C=C(C)CN=CC1(C)CCC(C)=CO1,0
CCCOC(=O)/C=C/c1ccccc1,0
CCCCCCC1(C)CCC(=O)O1,0
CCC(Cc1ccc2ccoc2c1)NC,0
CCC(C)COC(=O)CC(C)C,0
CC=C=CCNC[C@H](C)c1ccccc1,0
CCCCCc1cc(C)cc(=O)o1,0
FC(F)OCCc1ccccc1,0
CN(C)CCCn1ccc2ccccc21,0
CCCN(CCC)C(=O)SCC,0
CCNC(C)Cc1ccccc1.Cl,0
c1ccc(CCCCc2c[nH]cn2)cc1,0
CCC(=O)OC/C=C/c1ccccc1,0
CC1=Nc2cccc3cccc(c23)N1,0
CSc1nc(-c2ccccc2)c[nH]1,0
Cc1ccc2oc(=S)[nH]c2c1,0
CC(C)(C)C(=O)CC(=O)C(C)(C)C,0
Cc1ccc2c(c1)nc(C)c1cccn12,0
Cc1cc(C)c2c(c1C)OCCN2,0
CCc1c(O)nc2ccccc2c1C,0
COc1cccc2c1N(C)CCC2C,0
CC(=O)c1ccc2c3c(cccc13)CC2,0
C=Cc1ncc(-c2ccccc2)o1,0
C=CCc1cc2c(cc1O)CCO2,0
Cn1cc(C(=O)NC2CC2)c2ccccc21,0
C1=C(c2nccc3ccccc23)CNC1,0
Oc1nc2cnccc2c2ccccc12,0
FC(F)(F)c1cnc(-c2cccnc2)[nH]1,0
NC(c1ccccc1)C1CCOCC1,0
Nc1cc(F)ccc1N1CCCCCC1,0
CNc1cncc(-c2ccc(C)cc2)n1,0
Cc1cc2cc3c(cc2[nH]1)NC(=O)C3(C)C,0
C1=C(c2cccnc2)C[C@@H]2CNC[C@H]1C2,0
CC(C)c1ncc2c(n1)CN(Cc1ccc3c(c1)OCCO3)CC2,0
CN1CCN(c2cc(-c3ccncc3)nc3cnccc23)CC1,0
CC(O)c1ccc(N2C[C@@]3(CN4CCC3CC4)OC2=O)s1,0
N#Cc1cc(F)c(C(=O)c2ccnc(Cl)n2)c(F)c1,0
COc1cc2c(CN3CCCN(C)CC3)coc2cc1C,0
COC(=O)N1CCC[C@@]2(CCC(=O)N(CCc3ccccc3)C2)C1,0
CNC(=O)C1CCc2cccc3c4c(n1c23)CCCCC4,0
Fc1ccc(Cl)c(Cn2nnnc2C2CCOCC2)c1,0
COc1c(C(C)=O)c(=O)oc2ccc(Br)cc12,0
COc1ccc(N2CCN(C(=O)Nc3ccccc3)CC2)cc1,0
CC(C)CC1C(=O)NCCC(NC(=O)C(N)Cc2ccc(O)cc2)C(=O)NC(Cc2ccccc2)C(=O)NC(Cc2ccccc2)NC1=O.O=C(O)C(F)(F)F,0
CC(C)C[C@@H]1CN[C@@H](CC(C)C)C(=O)N[C@H](CCC(N)=O)C(=O)N[C@@H](Cc2c[nH]c3ccccc23)C(=O)N[C@H](Cc2ccccc2)C(=O)NCCC(=O)N1,0
CC(C)C[C@@H]1CN[C@@H](Cc2ccccc2)C(=O)N[C@H](CCC(N)=O)C(=O)N[C@@H](Cc2c[nH]c3ccccc23)C(=O)N[C@H](Cc2ccccc2)C(=O)NCCC(=O)N1,0
CC(C)C[C@@H]1NC(=O)[C@@H](Cc2ccc(O)cc2)NC(=O)[C@@H]2CCCN2C(=O)[C@H](Cc2ccc3ccccc3c2)NC(=O)[C@H](CCCNC(=N)N)N(C)C1=O,0
CC(C)[C@@H]1NC(=O)[C@H](CCCCN)NC(=O)[C@@H](Cc2c[nH]c3ccccc23)NC(=O)[C@H](Cc2ccccc2)NC(=O)[C@@H]2CCCN2C(=O)[C@H](Cc2ccccc2)NC1=O,0
CC1(C)SSC(C)(C)[C@@H](NC(=O)[C@@H](N)Cc2ccc(O)cc2)C(=O)NCC(=O)N[C@@H](Cc2ccc(Cl)cc2)C(=O)N[C@@H]1C(=O)N[C@@H](Cc1ccccc1)C(=O)O,0
CC1(C)SSC(C)(C)[C@@H](NC(=O)[C@@H](N)Cc2ccc(O)cc2)C(=O)NCC(=O)N[C@@H](Cc2ccc(F)cc2)C(=O)N[C@@H]1C(=O)N[C@@H](Cc1ccccc1)C(=O)O,0
CC1(C)SSC(C)(C)[C@@H](NC(=O)[C@@H](N)Cc2ccc(O)cc2)C(=O)NCC(=O)N[C@@H](Cc2ccccc2)C(=O)N[C@@H]1C(=O)N[C@@H](Cc1ccccc1)C(=O)O,0
CC1(C)SSC[C@@H](C(=O)N[C@@H](Cc2ccccc2)C(=O)O)NC(=O)[C@H](Cc2ccc(Cl)cc2)NC(=O)CNC(=O)[C@@H]1NC(=O)[C@@H](N)Cc1ccc(O)cc1,0
CCC[C@H]1C(=O)N[C@@H](C2CCCCCC2)C(=O)N[C@@H](CN)C(=O)N[C@@H](CO[C@H]2C[C@H](N)C2)C(=O)N[C@H](C)CO[C@H](CC2CC3(CCC3)C2)[C@@H](C)C(=O)N1C,0
CC(C)[C@H](NC(=O)[C@@H]1CSSC[C@H](NC(=O)[C@H](C)N)C(=O)N[C@@H](Cc2ccccc2)C(=O)N2CCc3ccccc3[C@H]2C(=O)N[C@@H](CCCN)C(=O)N[C@@H](Cc2ccc(O)cc2)C(=O)N1)C(=O)O,0
C[C@@H](O)[C@H]1NC(=O)[C@H](CCCCN)NC(=O)[C@H](Cc2c[nH]c3ccccc23)NC(=O)[C@H](Cc2ccccc2)NC(=O)[C@@H](Cc2ccccc2)NC(=O)[C@H](N)CSSC[C@@H](C(=O)O)NC1=O,0
C[C@@H](O)[C@H]1NC(=O)[C@H](CCCCN)NC(=O)[C@H](Cc2c[nH]c3ccccc23)NC(=O)[C@H](Cc2ccccc2)NC(=O)[C@H](N)CSSC[C@@H](C(=O)O)NC(=O)[C@H](Cc2ccccc2)NC1=O,0
CCCCCCN(CCCCCC)CC(O)c1cc(-c2ccc(F)cc2)nc(-c2ccc(F)cc2)c1,0
CCC(C(=O)OC)n1c(-c2ccccc2)nc2ccccc2c1=O,0
CCCCCCCC/C=C\CCCCCCCC(=O)N[C@H](COP(=O)(O)O)Cc1ccc(OCc2cccnc2)cc1,0
CC(=O)Oc1ccc(CCC(=O)CC/C=C/c2ccccc2)cc1,0
COc1ccc(C(=O)Nc2cc(C(C)(C)C)on2)cc1Nc1ncnc2cnc(N(C)C)nc12,0
O=C(O)CSc1nc(NCc2ccccc2)nc(SCC(=O)O)n1,0
COc1ccc(-c2nnc(-c3nc(NCc4ccc5c(c4)OCO5)c4ccccc4n3)o2)cc1,0
CC1(C)CCc2[nH]c3ccc(Cl)cc3c(=O)c2C1,0
CC(C)=C1OC(=O)N(c2cc(Cl)cc(Cl)c2)C1=O,0
C[C@]12CCC(=O)C=C1[C@@H](F)C[C@@H]1[C@@H]2CC[C@]2(C)C(=O)CC[C@@H]12,0
Fc1ccc(C2SCc3nc4ccccc4n32)cc1,0
CC1(C)Nc2ccc(-c3csc(C#N)c3)cc2C(C)(C)C1=O,0
Fc1cccc(C2N=NC3=CC=C(Br)CN32)c1,0
Cc1nn(-c2cccc(Cl)c2)c2c1c(=O)n(C)c1ccccc21,0
Oc1ccc2nc(Cl)n(-c3ccccc3C(F)(F)F)c2n1,0
C1CCCCCC2(CCCCC1)OOCCCOO2,0
CC1Oc2ccccc2-c2c1c1ccccc1c(=O)n2C,0
CC(C)C1=CC2=CC=C3C(C)(C)COC(=O)[C@@]3(C)CC2=C(O)C1=O,0
C[C@@H]1NC[C@]23CC[C@H]4[C@@H](CC=C5C[C@@H](N(C)C)CC[C@@]54C)[C@@H]2CC[C@H]13,0
O=C1O/C(=C/Br)CCC1c1cccc2ccccc12,0
O=c1cc(-c2ccccc2)oc2c1ccc1ccccc12,0
C[C@]12CCC(=O)C(S)=C1CC[C@@H]1[C@@H]2CC[C@]2(C)C(=O)CC[C@@H]12,0
CC1(C)C=C(N2CCCCC2=O)c2cc(C(F)(F)F)ccc2O1,0
Clc1ccc2c(c1)C[C@H]1C[C@@H](c3ccccc3)N2O1,0
COc1ccc2c(c1)[C@H]1CC[C@]3(C)[C@@H](O)CC[C@H]3[C@@H]1CC2,0
COc1cc2c(c3[nH]c4ccccc4c(=O)c13)C=CC(C)(C)O2,0
C1=CN2CC(c3csc4ccccc34)N=C2S1,0
NC(=O)[C@H]1CC[C@H](CNc2nc(NCc3cccc(S(N)(=O)=O)c3)cc(-c3ccccc3)n2)CC1,0
CC12CCC(C(NC(=O)[C@@H](CC3CCCCC3)NC(=O)N[C@@H](Cc3ccc(N)nc3)C(=O)O)C1)C2(C)C,0
COc1ccc(N(C(=O)c2snc(C(N)=O)c2N)C(C(=O)NCc2ccccc2)c2ccc(O)cc2)cc1,0
CC(=N)N1CCC(Oc2ccc3c(c2)nc(CCC(N)=O)n3Cc2ccc3ccc(C(=N)N)cc3c2)CC1,0
CC(=O)Nc1cccc(O)c1C(=O)c1c(O)cc(C(=O)O[C@@H]2CCC[C@H]2NC(=O)c2ccc(O)cc2)cc1O,0
CC(NC(=O)CNC(=O)Nc1ccc(C(=N)N)cc1)c1ccc(C(=O)Nc2ccccc2)cc1,0
CC(=O)Nc1nc2ccc(CCNC(=O)Nc3cc(C(F)(F)F)ccc3OCCN)cc2[nH]1,0
O=S(=O)(NCc1ccc(S(=O)(=O)c2ccc(O)c(O)c2)cc1)c1cc(O)c(O)cc1-c1ccc(O)cc1,0
COC(=O)[C@H](Cc1ccc(O)c(O)c1)NC(=O)c1ccc(Sc2c(C)ccc3nc(N)[nH]c(=O)c23)cc1,0
Nc1noc2ccc(C(=O)N[C@@H](C(=O)Nc3ccc(-c4ccccc4S(N)(=O)=O)cc3)c3ccccc3)cc12,0
CN(C)c1ccc(CNCCCNCc2ccc(N(C)C)cc2)cc1,0
COc1ccc(/C=C/C(=O)NCCCCNc2ccncc2)cc1,0
CCCCCCCCC(=O)Cc1occ2c1[C@@H](O)[C@@H]1O[C@@H]1[C@@H]2O,0
CCCCCCCCN(C(=O)CC)C(CC)C(N)=O,0
CNC(=O)[C@H](CC(C)C)NCc1ccc(OCc2ccccc2)cc1,0
CCCCCCCCCC1(CC)C(=O)NC(=O)NC1=O,0
COc1ccc(OCCCNCCCCC2(O)CC2)cc1,0
CCCCCCCCc1ccc(NC(=O)[C@H]2NCC[C@@H]2O)cc1,0
C=CCCCCCCCCC(=O)N/C(=C\C)C(=O)O,0
O=C(CCCCCCCNC(=O)c1ccc2ccccc2c1)NO,0
C/C(=C\CSCCC(=O)O)CCn1cc(-c2ccccc2)nn1,0
CCCCNCC1CC1(C(=O)N(CC)CC)c1ccccc1,0
O=C(NCCCCCCNC(=O)C1CCCC1)C1CCCC1,0
C=CCOCC1C2CCC(O2)C1C/C=C\CCCC(=O)O,0
CCCCCOc1cc(C(=O)NCCN(C)C)c2ccccc2n1,0
C#CCN(C)CCCCCCOc1ccc2c(c1)CCC2=O,0
CCCCCCNc1cncc(C(=O)NCc2ccccc2)n1,0
CCCCCCCCCOc1ccc2nncn2n1,0
CCN(CC)CCCCCOc1ccc2occc(=O)c2c1,0
OCCCCCCCCCCOc1cccnc1,0
CCCOc1cc(/C=C/C(=O)O)ccc1OC(=O)CCc1ccccc1,0
CCC(=O)NCCn1c(CCc2ccccc2)cc2ccc(OC)cc21,0
CCCCC(SC[C@H](N)C(=O)O)(c1ccccc1)c1ccccc1,0
CCCCCCc1cn(CC(=O)NC23CC4CC(CC(C4)C2)C3)nn1,0
COCCCNCCOc1ccc2ccccc2c1Br,0
CC(C)(Cc1c[nH]c2ccccc12)NCC(O)COc1ccccc1,0
COc1ccccc1OCCNCCCc1c[nH]c2ccc(F)cc12,0
CCN(CC)CCNCc1ccc(-c2ccc(Cl)cc2)o1,0
CCOc1cc(CNCCc2cccc(F)c2)ccc1OC,0
C=COCCCNCc1coc(-c2ccc(C(C)(C)C)cc2)n1,0
COc1cc2cc(NC(=O)CN(C)Cc3ccccc3)c(=O)oc2cc1OC,0
Cc1ccc(S(=O)(=O)CCC(=O)NCCOc2ccc(Cl)cc2)cc1,0
COc1cc2c(cc1OC)CN(CCCCNC(=O)c1ccccc1)CC2,0
CN(C)CCN(C)c1cc(-c2cn[nH]c2)ccc1NC(=O)NCc1ccccc1,0
COCCN1C[C@@H]2[C@H](C1)[C@@H]2c1cc(-c2cnc(N)c(OC(F)F)c2)nc(C2CC2)n1,0
CCOC(=O)c1ccccc1NC(=O)CCc1nc(-c2ccc(C)cc2)no1,0
CCc1ccc(/C=N/NC(=O)c2ccc(OCCN(C)C)cc2)cc1,0
N#Cc1nc(COc2ccc(Br)cc2)oc1NCCCn1ccnc1,0
COC1(OC)c2ccccc2C(=O)N(CCCCCC(=O)NO)c2ccccc21,0
CC(C)CNc1nc(C#CCCO)cn2c(-c3ccc(C(=O)NC4CC4)cc3)cnc12,0
CCCCCCCCn1cc(C(=O)Cc2ccc(Cl)cc2Cl)nn1,0
CCCCCCCCCCCC[n+]1ccc2c(O)cccc2c1,0
O=C(/C=C/c1ccc(OCCCCCCN2CCCC2)cc1)c1ccccc1O,0
CCCNCCCOc1cccc2cccc(C(=O)CCCc3ccccc3)c12,0
CCN(CCc1ccccc1)Cc1cccc(OC)c1OCc1ccccc1,0
CCCCCCCCCCN1CCC[C@]2(C1)O[C@H](OC)Cc1ccccc12,0
CCCCCCSc1cc(Cl)c(C(=O)CCN2CC2C)c(Cl)c1,0
CCCCCCCCOP(=O)(OC)OC=C(Cl)Cl,0
O=C(O)CCCCCc1ccc(CCCc2ccccc2)cc1,0
CCN(CC)c1ccc(/C=C/C(=O)/C=C/c2ccc(N(CC)CC)cc2)cc1,0
CC1(C)C(=O)C=C[C@@]2(C)C1CC(=O)[C@@]1(C)C3=CC[C@@H](c4ccoc4)[C@]3(C)CCC12,0
C#C[C@]1(O)CC[C@@]2(C)C(CC[C@@H]3[C@@H]2CC[C@]2(C)C(c4cccnc4)=CC[C@@H]32)C1,0
CC(C)(C)c1cc(C(C)(C)C)c2oc(=O)c(-c3nc4ccccc4[nH]3)cc2c1,0
Oc1c(-c2cc3nc4ncccc4nc3c3ccccc23)ccc2ccccc12,0
CC#C[C@]1(O)CC[C@H]2[C@@H]3CCC4=CC(=O)CCC4=C3[C@@H](C3CCCCC3)C[C@@]21C,0
FC(F)(F)c1n[nH]c2nc3ccc(Br)cc3c(-c3ccccc3)c12,0
Cc1cc(C2NCCc3c2[nH]c2ccc(Cl)cc32)sc1Br.Cl,0
CC1(C)CCC[C@@]2(C=O)[C@H]1CC[C@]1(C)[C@@H]2CC[C@]2(C)Oc3ccc(O)cc3C[C@@H]12,0
C[C@@H]1C(=O)C(C)(C)Nc2ccc3c(c21)[C@H](c1ccccc1)Oc1ccccc1-3,0
Clc1ccc([C@H]2CC[C@]3(CC2)OO[C@]2(O3)C3CC4CC(C3)CC2C4)cc1,0
Cc1cncc(C2=CC[C@H]3[C@@H]4CC=C5N(C)C(=O)CCC[C@]5(C)[C@H]4CC[C@]23C)c1,0
C=C1CC[C@H]2C(=C)CC[C@H]3/C(=C/c4cccc(C(F)(F)F)c4)C(=O)O[C@@H]3[C@@H]12,0
C[C@@]12CCCC1C1CCC3Cc4nc5nc6ccccc6n5cc4C[C@]3(C)C1CC2,0
Cc1c(Cl)ccc2cc3c(nc12)SC(Nc1ccc(Cl)cc1)=NN=C3,0
CC1(C)CC[C@H]2C(=O)C[C@]3(C)[C@@]4(O[C@@H]4C[C@@H]4[C@@]5(C)CC[C@H](O)C(C)(C)[C@@H]5CC[C@]43C)[C@@H]2C1,0
Cc1cc(C)cc(NC2=Nc3ccc(Cl)cc3C(C#CC3CC3)(C(F)(F)F)N2)c1,0
C=C1C[C@H](OC(C)=O)[C@H](Br)C(C)(C)[C@@]12CC[C@](C)(Br)[C@@H](Cl)C2,0
Cc1ccc2c(c1)C(=O)N1CCc3c([nH]c4ccccc34)C1N2c1cccc(F)c1,0
Cc1ccc(C23Sc4cc(Br)ccc4N=C2c2ccccc2C3=O)cc1,0
CC1C[C@H]2C3=CC=C(c4cncc(F)c4)[C@@]3(C)CC[C@@H]2[C@@]2(C)CCN(C)C(=O)C=C12,0
C[C@@H]1C(=O)c2c(c3c(c4c(-c5ccccc5)cc(=O)oc24)OC(C)(C)C=C3)O[C@@H]1C,0
CC1(C)CC2(CC(c3ccccc3F)c3cc(Cl)c(O)cc3O2)N=C(S)N1,0
CC1=C(O)C(=O)C=C2C1=C[C@H](O)[C@@H]1[C@@]2(C)CC[C@@]2(C)[C@@H]3C[C@@H](C)C(=O)C[C@]3(C)CC[C@]12C,0
CN1CCC2(CC1)Oc1ccc(Br)cc1C1CC(c3ccc(Cl)cc3)=NN12,0
C/C=C1\C[C@@]23Cc4c([nH]c5ccccc45)[C@@H]1[C@@]21CCN(C)C3Cc2ccc(OC)c(O)c21,0
CC1CC(=O)C2=C(C1)NC1=C(C(=O)CC(C)C1)C2c1cc(C(F)(F)F)ccc1F,0
CC(=O)O[C@@H]1C[C@@]23C[C@@]24CC[C@H](O)C(C)(C)[C@@H]4CC[C@H]3[C@]2(C)C[C@@H]3OC(=O)C[C@@H](C)[C@@H]3[C@@]12C,0
CC12CCC(=O)C(Cl)=C1C1CC1C1C2CCC2(C)C1C1CC1[C@@]21CCC(=O)O1,0
N#Cc1ccc(N2C(=O)C3Cc4cc(Cl)c(O)c(Cl)c4CN3C2=S)cc1C(F)(F)F,0
N=C1CC(c2cccc(C(F)(F)F)c2)Cc2c1c(=O)c1cc(Cl)ccc1n2O,0
C[C@]12CCC(=O)C=C1CC[C@@H]1C2CC[C@]2(C)Nc3c(ncn3-c3ccc(F)cc3)CC12,0
CC(C)=C[C@H]1C[C@](C)(O)[C@H]2[C@@H](C[C@@]3(C)[C@@H]4CC=C5[C@@H](CC[C@H](O)C5(C)C)[C@]4(C)C(=O)C[C@]23C)O1,0
CC(=O)O[C@H]1C[C@@H]2[C@@]3(C)CCCC(C)(C)[C@@H]3CC[C@@]2(C)[C@@H]2C[C@H](O)[C@@H]3[C@H]([C@H](O)O[C@H]3C)[C@@]12C,0
CC1(C)CC(=O)C2=C(C1)N(c1cccc(Cl)c1)C(=O)NC2(C(F)(F)F)C(F)(F)F,0
CC(C)(C)OC(=O)N1CCCN(c2c3c(nc4ccccc24)CCCCC3)CC1,0
C[C@@]12C(=O)Nc3cc(F)c(F)cc3C(=O)N1[C@H]1c3cc(Cl)ccc3OC[C@@H]1[C@@H]2c1ccccc1,0
C[C@]12CCC3(CC1=CCC1C2CC[C@]2(C)C4=NN[C@H](c5ccccc5)[C@H]4CC12)OCCO3,0
Cc1ccccc1[C@H]1[C@@H]2CSCN2[C@@]2(C(=O)Nc3ccc(Cl)cc32)[C@@]12Cc1ccccc1C2=O,0
Cc1oc2c3c(ccc2c(=O)c1C)OC[C@H]1[C@@H]3C2=C(CC(C)(C)CC2=O)OC1(C)C,0
Cc1ccc(-c2oc3cc(Br)cc(Br)c3c(=O)c2O)cc1,0
CC(C)(C)NC(=O)[C@H]1CCC2C3CCC4=C(C#N)C(=O)CC[C@]4(C)C3CC[C@@]21C,0
Cc1c(C#N)c(N)nc2c3c(sc12)NC(=O)CC3c1c(F)cccc1Cl,0
O=C1CC(c2ccc(C(F)(F)F)cc2)CC2C1C(=O)c1cc(Cl)ccc1N2O,0
N#CC1=C(N)Oc2c(c(=O)[nH]c3c2ccc2ccccc23)C1c1ccc(Br)cc1,0
O=c1c(-c2cc(Cl)c(O)c(Cl)c2)coc2c(Cl)c(O)c(Cl)c(O)c12,0
COc1cc2c(cc1Br)C(C)(C)c1[nH]c3cc(C#N)ccc3c1C2=O,0
Br.Oc1cc2c(cc1O)[C@H]1C[C@@H](c3ccc(C(F)(F)F)cc3)CN[C@@H]1CC2,0
[C-]#[N+][C@]12[C@H](O)C(=O)C(C)(C)c3[nH]c4cccc5c4c3[C@]1(O)[C@H](C[C@@H](Cl)[C@]2(C)C=C)C5(C)C,0
O=C1NC(=O)c2c1c1c3c4c2-c2ccccc2C4C2CCC(O2)C3c2ccccc2-1,0
[C-]#[N+][C@]12C[C@@H](O)C(C)(C)c3[nH]c4cccc5c4c3[C@]1(O)[C@H](C[C@@H](Cl)[C@]2(C)C=C)C5(C)C,0
Cc1c2c(nn1-c1ccc(Cl)cc1)C[C@@H]1CC[C@@H]3[C@H](CC[C@]4(C)[C@@H](O)CC[C@@H]34)[C@@]1(C)C2,0
c1ccc2c(c1)c1cc[n+]2CCCCC[n+]2ccc(c3ccccc32)NCCCCCN1,0
Cc1cncc(C2=CC[C@H]3[C@@H]4CCC5=CC(=O)N(C)CC[C@]5(C)[C@H]4CC[C@]23C)c1,0
CCSC(=O)N1CCC(=C2c3ccc(Cl)cc3CCc3cccnc32)CC1,0
CC1(C)CC(=O)C2=C(C1)Oc1nc3c(c(N)c1[C@H]2c1ccccc1C(F)(F)F)CCCC3,0
C[C@]12CC(O)CC1CC[C@@H]1[C@@H]2CC[C@]2(C)C(c3cncc(Cl)c3)=CC[C@@H]12,0
CC(C)(C)[C@]1(O)CCN2C[C@H]3c4ccccc4CCc4cccc(c43)[C@@H]2C1.Cl,0
CC1=C2CC[C@]3(C)[C@H](CC=C4[C@@H]5CC(C)(C)CC[C@@H]5C(=O)[C@H](O)[C@]43C)[C@@]2(C)C=C(O)C1=O,0
C1=CC=C2NCCCCCCC/N=C3/C=CC=CC=C3NCCCCCCC/N=C\2C=C1,0
Cn1c(C#Cc2cc3ccc(Br)cc3[nH]2)cc2ccc(Br)cc21,0
CC(C)(C#N)c1ccc(C(=O)N2CCOCC23CCCC3)cc1,0
Cc1nc2c([nH]1)C(=O)C(Cl)=C(Nc1cc(F)cc(F)c1)C2=O,0
O=C(Nc1ccccc1F)c1c(O)ccn2c1nc1ccccc12,0
O=C(O)c1cc(=O)c2c3c(c(Cl)cc2[nH]1)S(=O)(=O)c1ccccc1-3,0
O=C1C2C3c4ccccc4C(c4ccccc43)[C@@H]2C(=O)N1c1cccnc1,0
O=C(NC1CCCCC1)[C@@H]1CSC2c3ccccc3C(=O)N21,0
Oc1nc2cc(Cl)c(Cl)cc2n2c(C(F)(F)F)nnc12,0
CN1C(=O)c2[nH]c(CC3CCCCC3)nc2N2C1=N[C@@H]1CCC[C@@H]12,0
Cc1cccc(N2CC3=C(C2=O)C(c2ccccc2)NC(=O)N3C)c1,0
N#Cc1cc(NC(=O)c2ccccc2)c(=O)n2c1[nH]c1ccccc12,0
CC(=O)N1CCN(C(C)(C)/C=C(\C#N)C(=O)N2CCC[C@@H](n3nc(-c4ccc(Oc5ccccc5)cc4F)c4c(N)ncnc43)C2)CC1,0
CCCC(=O)c1cnn(-c2ccc(NC(=O)c3cn(CC(=O)N4CCN(C)CC4)c4ccc(Cl)cc34)c(C(=O)O)c2)c1C,0
COCC1=C(C(=O)OC)C(c2cc(F)c(F)c(F)c2)N(C(=O)N2CCC(N3CCC(C(=O)OC)(c4ccccc4)CC3)CC2)C(=O)N1,0
Cc1cc(C#N)cc(C)c1Oc1nc(Nc2ccc(C#N)cc2)ncc1/C=C/C(=O)NCC1CCN(S(C)(=O)=O)CC1,0
C[C@H](CO)N1C[C@H](C)[C@@H](CN(C)Cc2ccc(Cl)c(Cl)c2)Oc2c(NS(=O)(=O)c3cn(C)cn3)cccc2C1=O,0
Nc1nccc2c1nnn2C1COC(COP(=O)(OCC(Cl)(Cl)Cl)OCC(Cl)(Cl)Cl)C1,0
COC1C[C@@H](OC(=O)c2cccnc2)C[C@H](/C=C/c2c(-c3ccc(F)cc3)nc(N(C)S(C)(=O)=O)nc2C(C)C)O1,0
Cn1cc(-c2cccc(-n3ccc4cc(C5CC5)cc(F)c4c3=O)c2CO)cc(Nc2ccc(N3CCN(C4COC4)CC3)cn2)c1=O,0
O=C(C[C@H](Nc1cc(Cl)ncn1)C(=O)N1CCC(N2CCCCC2)CC1)N1CCC(N2Cc3ccccc3NC2=O)CC1,0
C=CC(=O)Nc1cccc(-n2c(=O)n(C(C)C)c(=O)c3cnc(Nc4ccc(N5CCC(N(C)C)CC5)cc4OC)nc32)c1,0
O=C(C1CC1)N1CCN(c2nc3c(F)cc(F)cc3s2)CC1,0
O=S(=O)(c1cccc(F)c1)c1ccc2c(c1)CCNCC2,0
CC(=O)c1ccc2[nH]c(-c3cccnc3)cc(=O)c2c1,0
CC1CCN(c2ccc3c(c2Cl)CN2CC(=O)NC2=N3)CC1,0
O=S(=O)(c1ccccc1)n1ccnc1-c1ccccc1,0
N#CN1C[C@H]2CCN(C(=O)Nc3ccc(Cl)cc3F)[C@H]2C1,0
Cc1ccc(-n2nnc(CC(=O)N3CCSCC3)c2C)cc1,0
O=c1oc(-c2cccs2)nn1CC1(O)CCCCC1,0
CN1C/C(=C\c2ccccn2)C(=O)C(Cc2ccccn2)C1,0
Cc1cccc(NC(=O)C2CC(=O)OC23CCCC3)c1,0
O=C(O)c1ccc2c(c1)C(=O)/C(=C\c1ccc(F)c(F)c1)C2=O,0
Nc1nc(O)c(I)c(-c2cccc(C(F)(F)F)c2)n1,0
O=c1cc(N2CCc3ccccc32)[nH]c(=O)n1-c1ccc(Br)cc1,0
N#Cc1cc2c(-c3cccnc3)nn(-c3ccccc3)c2[nH]c1=O,0
CC(=O)[C@@]1(O)CCC2C3C[C@H](C)C4=CC(=O)C=CC4(C)[C@@]3(F)[C@@H](O)C[C@@]21C,0
O=C(NNC(=S)Nc1ccccc1)c1nsc2ccccc12,0
Cc1c(C)c2c(c(C)c1O)CCC(C)(C(=O)[N-][N+](C)(C)C)O2,0
Cc1ccccc1NC(=O)Nn1c(C)nc2ccccc2c1=O,0
C[C@@]12C[C@H](c3ccoc3)OC(=O)C1=CC[C@]1(C)[C@H]2[C@H]2C=C[C@]1(O)C(=O)O2,0
CC1(C)Oc2ccc(C#N)cc2C(NC(=O)c2ccccc2)[C@@H]1O,0
CCCCc1c(O)c2cc(OC)cnc2n(-c2ccccc2)c1=O,0
Cc1ccc(CNC(=O)c2ccc3oc(=O)n(Cc4ccccc4)c3c2)cc1,0
CCN(CC)CCSc1n[nH]c(-c2ccc(Cl)cc2Cl)n1,0
CCC(Oc1ccccc1)C(=O)N(C[C@H]1CCCN1)c1ccccc1,0
COc1cc(-c2nc(CO)cc3c4ccccc4n(C)c23)cc(OC)c1OC,0
Cc1nccn1CCC(=O)NC1CC(C)(C)Cc2c1cnn2-c1ccccc1,0
CSc1nc([N+](=O)[O-])cn1CC(O)c1ccc(Cl)cc1Cl,0
O=C(COC(=O)/C=C/c1ccco1)Nc1ncc(C(F)(F)F)cc1Cl,0
CCOc1ccc(C2=C(C#N)C(=O)NC(C)(c3ccc(OCC)cc3)C2)cc1,0
CCN(CC)c1ccc(/C=C2\C(=O)c3ccc(C(=O)O)cc3C2=O)cc1,0
[N-]=[N+]=NC[C@H](c1ccccc1)N1CCN(Cc2ccccc2)CCC1=O,0
CCOC(=O)c1ccc(OCc2nc3ccccc3n2C)cc1,0
CCn1nc(C)c(CNc2nnc(CC3CCCC3)o2)c1C,0
COc1cc(OC)nc(Oc2cccc(C(F)(F)F)c2C(=O)O)n1,0
Cc1ccc(-c2nc(S(=O)(=O)c3ccc(C)cc3)c(N(C)C)o2)cc1,0
COc1ccc(OCc2cc(C(=O)N3C[C@@H](C)O[C@@H](C)C3)no2)c(Cl)c1,0
O=C(c1ccc(NS(=O)(=O)c2cccs2)cc1)N1CCCCC1,0
COc1cc(C(=O)N/N=C/c2ccccc2C(F)(F)F)cc(OC)c1OC,0
CCOc1ccccc1-c1nc(Cn2cc(C)nc2CC)co1,0
CO/N=C(/CS(=O)(=O)c1ccc(OC)cc1)c1ccc(Cl)cc1,0
C/C(=N\NC(=O)Nc1ccccc1Cl)C1=C(O)[C@H](N)[C@@H]2Cc3c(c(O)c4c(O)c(C)ccc4c3C)C(=O)[C@]2(O)C1=O,0
C/C(=N\NC(=O)Nc1ccccc1Cl)C1=C(O)[C@H](N)[C@@H]2Cc3c(c(O)c4c(O)c(C)ccc4c3C)C(=O)[C@]2(O)C1=O.Cl,0
CC(C)(CN)c1nc(-c2ccc(Cl)c(O)c2)c(-c2ccnc(N)n2)[nH]1.O=C(O)C(F)(F)F.O=C(O)C(F)(F)F,0
CC(C)(c1ccc(N2C(N)=NC(N)=NC2(C)C)cc1)c1ccc(N2C(N)=NC(N)=NC2(C)C)cc1.Cl.Cl,0
CC1(C)N=C(N)N=C(N)N1c1ccc(SSc2ccc(N3C(N)=NC(N)=NC3(C)C)cc2)cc1.Cl.Cl,0
CO[C@H]1/C=C\C=C(/C)C(=O)Nc2cc(O)c(N)c(c2O)C[C@@H](C)C[C@H](OC)[C@H](O)[C@@H](C)/C=C(\C)[C@@H]1OC(N)=O,0
CO[C@H]1/C=C\C=C(/C)C(=O)Nc2cc(O)c(N)c(c2O)C[C@@H](C)C[C@H](OC)[C@H](O)[C@@H](C)/C=C(\C)[C@@H]1OC(N)=O.Cl,0
CS(=O)(=O)O.CS(=O)(=O)O.N=C(N)c1ccc2nc(C3CCC(c4nc5ccc(C(=N)N)cc5s4)CC3)sc2c1,0
CS(=O)(=O)O.CS(=O)(=O)O.NCc1ccc2c(C3(c4c[nH]c5cc(CN)ccc45)CCCCC3)c[nH]c2c1,0
Cc1cc(N2C(N)=NC(N)=NC2(C)C)ccc1/C=C/c1ccc(N2C(N)=NC(N)=NC2(C)C)cc1C.Cl.Cl,0
Nc1ncnc2c1ncn2C(=O)NC1CCCCC1,0
COc1cc(O)c2c(c1)O[C@@H]1COc3c(O)cccc3[C@@]1(O)C2=O,0
CC1(C)Oc2ccc(C#N)cc2C(n2ccc(N)nc2=O)[C@@H]1O,0
O=C1c2c(ccc(O)c2O)CN1N1Cc2ccc(O)c(O)c2C1=O,0
Cc1ccc(-n2c(N)c(C#N)c3[nH]nc(N)c3c2=O)cc1,0
Cc1n[nH]c2c1C(c1ccccc1O)c1c([nH]c(=O)[nH]c1=O)O2,0
Nc1ncnc2c1ncn2[C@H]1CCC(=O)c2cccc(O)c21,0
Cc1cc(C2=CC3CCC(C2)N3)on1.O=C(O)C(=O)O,0
NC(=O)c1cccc2c1Nc1nnc(Cl)cc1C(=O)N2,0
COC(=O)[C@]12Oc3cc(C)cc(O)c3C(=O)C1=C(O)OC=C[C@H]2O,0
N=C(N)Nc1cccnc1,0
Oc1ccc(CC2=NCCN2)cc1O,0
Nc1ccc(CC(=O)O)cn1,0
Nc1nnc(-c2ccccc2)c(N)n1,0
O=C(/C=C/c1ccc2c(c1)NCN2)NO,0
CC(C)/N=C(/NO)NC(C)C,0
CC1=Nc2c(O)nc(N)nc2OC1,0
Cc1sc(S(N)(=O)=O)cc1N,0
CCCc1cc(=O)[nH]c(N)n1,0
Oc1ccc(-c2nn[nH]n2)cc1O,0
CCN1C(=O)C2(CC(N)c3cc(O)ccc32)C(=O)N(c2ccccc2)c2cc(C(F)(F)F)ccc21,0
C[C@@]1(N)Cc2cccc(c2)CC[C@H](c2ccccc2)NC(=O)c2cc(Br)cc(c2)COC1=O,0
C[C@@H]1C[C@H]2C[C@H]3N[C@H](c4cnc5c(c4)[C@@]46C[C@H](C)C[C@@H](C5)[C@H]4CCCN6)CC[C@H]3[C@]3(C1)NCCC[C@H]23,0
Nc1cccc(NC(=O)c2cn3c(ccc4c(C(F)(F)F)cc(C(F)(F)F)nc43)n2)c1,0
C[C@H]1[C@H](C)[C@@H](O)C[C@@]23CC[C@@]4(C)[C@@]5(C)[C@H](C=C[C@]4(OC2)[C@H]13)[C@@]1(C)CC[C@H](O)C(C)(C)[C@@H]1C[C@@H]5O,0
Cc1c(O)cc2c(c1O)C(=O)[C@H]1C[C@@H](Cl)C(C)(C)O[C@@]1(C[C@H]1C(C)(C)[C@@H](Cl)CC[C@]1(C)O)C2=O,0
N#CC1=C(N)Oc2cc3oc(-c4ccccc4)cc(=O)c3c(O)c2C1c1ccc(Cl)cc1,0
CC1(C)C(=O)NC(=O)c2c1ccc1[nH]c(Nc3c(Cl)c(Cl)cc(Cl)c3Cl)nc21,0
O=C1Nc2cc(Br)ccc2[C@@]1(c1c[nH]c2ccccc12)C1CNc2ccccc21,0
CC1=C[C@@H]2/C=C/C[C@H](C)/C=C(\C)[C@@H](O)C/C=C/C(=O)[C@]23C(=O)N[C@@H](Cc2c[nH]c4ccccc24)[C@@H]3[C@@H]1C,0
COC(=O)c1c(O)cc(OC)cc1/C=C/c1cc(OC)c(OC)c(OC)c1,0
COc1ccc(OC)c(NC2c3ccccc3C(=O)N2c2cccnc2)c1,0
COC(=O)c1ccc2oc(=O)n(CCOc3ccnc4cc(OC)ccc34)c2c1,0
CC(=O)N[C@@H](C)c1ccc(OC2CCN(c3ccc(OC4CCC4)cn3)C2)cc1,0
O=C(CSc1nnc(-c2ccncc2)n1Cc1ccccc1)NC1CCCCC1,0
CN(Cc1cccnc1)C(=O)Nc1ccc(S(=O)(=O)c2ccccc2)cc1,0
O=C(/C(=C/c1ccc([N+](=O)[O-])cc1)n1cncn1)c1ccc(Cl)cc1,0
CCCSc1nc(N[C@@H]2C[C@H]2c2ccc(F)c(F)c2)c2nnn(CC)c2n1,0
CCn1c(CN2CCC(C)CC2)nc2cc(S(=O)(=O)N3CCCCC3)ccc21,0
Cc1ccccc1N(CC(=O)N/N=C/c1ccc(N(C)C)cc1)C(=O)c1ccccc1,0
O=C(CN1C(=O)S/C(=C/c2ccco2)C1=O)Nc1ccc(F)cc1,0
CN(C(=O)C1Cc2ccccc21)[C@@H]1CCc2c(CC(=O)O)c3ccccc3n2C1,0
CCN1CCCc2cc(-c3cncn3C(C)CN3CCOCC3)ccc21.Cl,0
S=c1oc(-c2ccc3c(c2)OCCO3)nn1CNC1CCCCC1,0
Cn1cc(CN2CCC(O)CC2)c(-c2ccc(Oc3ccccc3)cc2)n1,0
CCNC(=O)c1ccnc(N2CCCC(COc3ccccc3C)C2)c1,0
CC(=O)Nc1ccc(OCC(=O)c2cc(C)n(C(C)C)c2C)cc1,0
COc1cc2c(cc1OC)C(=O)C(C(=O)Nc1cccc(Br)c1)C2,0
COC(=O)c1cc(Cl)cc(NC(=O)CCc2cscn2)c1,0
COc1ccc(NC(=O)CN(C)C(=O)c2cc3c(s2)CCC(C)C3)cc1,0
NC1CC(c2cc(N3CCC(C(=O)NC4CCCCCC4)CC3)ncn2)C1,0
COc1ccc(NC(=S)OCCN2C(=O)c3ccc(C)cc3C2=O)cc1,0
COc1nnc(NC(=O)c2cnc(C)cc2-c2ccc3cn(C)nc3c2)s1,0
O=C(O)c1ccc(-c2nnc3cccnn23)cc1C1CCCC1,0
O=C1N[C@]2(CO1)C[C@H](C(=O)N1CC(OCc3ccc(Cl)c(Cl)c3)C1)C2,0
COc1cc2c(cc1OC)C(C(=O)O)C(c1ccc(C)o1)N(C)C2=O,0
O=C(O)c1ccnc(-c2cn(CCN3Cc4ccccc4C3)cn2)c1,0
COC[C@@H]1CCCN1c1cc(NC(C)=O)nc(-c2cccs2)n1,0
FC(F)(F)c1nc(-c2cnc(NCc3cccnc3)nc2)no1,0
COC(=O)c1ccc(NC(=O)C2CCN(C(=O)c3ccc(F)cc3)CC2)cc1,0
COc1ccc(OC)c(-c2cnn3cc(-c4ccncc4)cnc23)c1,0
Cc1ccccc1OCC(=O)Nc1nnc(-c2ccncc2)s1,0
C[C@@H](c1ccccc1)N(C)c1ccnc(-n2cnc3ccncc32)n1,0
Cc1nnc2c(SCC(=O)Nc3ccc(F)cc3F)nc3ccccc3n12,0
CN(C)c1ccc(C2CC(c3ccc([N+](=O)[O-])cc3)=NC(=S)N2)cc1,0
Fc1cc(CNc2nnc(-c3ccncc3)o2)ccc1OC(F)F,0
COC1=CC2(Oc3ccc(-c4ccccc4C=O)cc3C2=O)C(OC)=CC1O,0
CCCCN(C)C(=O)c1c(C)c(S(=O)(=O)N2CCC(C)CC2)c(C)n1C,0
COc1ccccc1Cn1c(-c2cccnc2N)nc2cccnc21,0
CCOc1ccccc1Nc1cc2n(c(=O)n1)CCc1cc(OC)c(OC)cc1-2,0
COc1c(NC(=O)c2cc3cccc(Oc4ccnc(C(=O)N5CCN(C)CC5)c4)c3n2C)cc(C(C)(C)C)cc1NS(C)(=O)=O,0
COc1ccc(C[C@H]2NC(=O)/C=C/C[C@@H]([C@H](C)[C@@H]3O[C@H]3c3ccccc3)OC(=O)[C@H](CC(C)C)OC(=O)C(C)(C)CNC2=O)cc1,0
CC(=O)O[C@@H]([C@H]1C[C@@H](C)[C@H]2[C@H](O1)[C@H](O)[C@@]1(C)[C@@H]3CC[C@H]4C(C)(C)[C@@H](O[C@H]5CN(S(C)(=O)=O)CCO5)CC[C@@]45C[C@@]35CC[C@]21C)C(C)(C)O,0
Br.COc1c(Br)c(C(=O)O)c(-c2c3c(c(OC)c(Br)c2C(=O)NCCN2CCCC2)OCO3)c2c1OCO2,0
CCn1cc(C(=O)O)c(=O)c2cc(F)c(N3CCN(Cn4nc(-c5ccccc5O)n(-c5ccc(OC)cc5)c4=S)CC3)cc21,0
Cc1cn([C@@H]2O[C@H](CO[Si](C)(C)C(C)(C)C)[C@@]3(OS(=O)(=O)C(c4ccsc4)=C3N)[C@H]2O[Si](C)(C)C(C)(C)C)c(=O)n(C)c1=O,0
CNC(=O)[C@H](C)Cn1cnc2ccc(-c3cnc(OC)c(NS(=O)(=O)c4cc(C(F)(F)F)cc(C(F)(F)F)c4)c3)cc2c1=O,0
CCOc1cc(Cl)c(-c2ncc(-c3nc4ccc(S(=O)(=O)C5CCN(C)CC5)cc4s3)c(=O)[nH]2)cc1N1CCOCC1,0
CNC(=O)N1CCC(CN2C[C@@H](c3ccccc3)N(C3CCN(C4(C)CCN(C(=O)c5c(C)ncnc5C)CC4)CC3)C2=O)CC1,0
C[C@H]1COCCN1C1CCN(C(=O)Cn2cc(NC(=O)c3cnn4cccnc34)c(-c3cc(Cl)ccc3OC(F)F)n2)CC1,0
O=C(NCc1ccc(F)cc1)c1ccc(N2CC3CC(C2)c2cccc(=O)n2C3)c(NS(=O)(=O)c2ccc3c(c2)OCCO3)c1,0
CO[C@@H](/C(C)=C/C=C/C(C)=C/c1coc(C)n1)[C@@H](C)[C@@H]1C[C@H](O)[C@@](C)(O)/C=C/[C@H](O)[C@@H](C)[C@H]2C[C@H](CC(=O)O2)C[C@@H]2O[C@H]2C(=O)O1,0
Cc1cc(C[C@@H](NC(=O)N2CCC(c3cc4ccccc4[nH]c3=O)CC2)C(=O)N2CCN(C3CCN(C)CC3)CC2)cc2cn[nH]c12.Cl,0
Cc1cc(C)n(-c2ccc(Cl)c(C(=O)NC(=O)Nc3nc4ccc(S(=O)(=O)CCCN5CCN(C)CC5)cc4s3)c2)n1,0
CC(C)=CCn1c(=O)c(C)cn([C@@H]2O[C@H](CO[Si](C)(C)C(C)(C)C)[C@@]3(OS(=O)(=O)C=C3N)[C@H]2O[Si](C)(C)C(C)(C)C)c1=O,0
O=C(CSc1nc2ccc(Nc3nc(N4CCOCC4)nc(N4CCOCC4)n3)cc2s1)Nc1cccc(C(F)(F)F)c1,0
COc1cc(N2CCN(C(C)=O)CC2)ccc1Nc1ncc(C(F)(F)F)c(Nc2ccc(N3CCN(C(C)=O)CC3)cc2OC)n1,0
COC(=O)c1ccc(N2CCC(O)(Cn3cnc4c(-c5ccc(CNC(=O)OC(C)(C)C)cc5)n(C)nc4c3=O)CC2)c(Cl)c1,0
CC(C)(/C=C(\C#N)C(=O)N1CCC[C@H](n2nc(-c3ccc(Oc4ccccc4)cc3F)c3c(N)ncnc32)C1)N1CCN(C2COC2)CC1,0
Clc1ccc2c(N3CCN(CCCN4CCN(c5ccnc6cc(Cl)ccc56)CC4)CC3)ccnc2c1.O=P(O)(O)O,0
CC[C@@H]1c2nncn2-c2cnc(Nc3ccc(C(=O)NC4CCN(C)CC4)cc3OC)nc2N1Cc1cccc(Br)c1,0
COC(=O)C1=C(C(=O)OC)[C@@H]2N(Cc3ccccc3)c3ccccc3[C@@]23C[C@@H](C(=O)OC)N(S(=O)(=O)c2ccc(C(F)(F)F)cc2)C3=N1,0
C/C=C(\C)C(=O)O[C@H]1C[C@@H](OC(C)=O)[C@@]2(C)CO[C@H]3[C@@H](O)[C@@]4(C)C5=C(C)[C@H](C6=CCOC6=O)C[C@@H]5O[C@@H](OCC)C[C@@H]4[C@]1(C)[C@@H]32,0
CC(C)(C)OC(=O)N1CCC[C@H]1C(=O)N1CCC(NS(=O)(=O)c2cc(S(=O)(=O)c3ccccc3)ccc2C(F)(F)F)CC1,0
CN(C)C(=O)CCc1ccc2c3c([nH]c2c1)[C@]1(C)[C@@H](C(=O)N2CCOCC2)C[C@H](CC(=O)NCC24C[C@H]5C[C@@H](C2)C[C@@H](C4)C5)C(=O)N1CC3,0
COc1cc(C(=O)N[C@@H]2CCN(C3CCN(C)CC3)C2)ccc1Nc1ncc2c(n1)-c1c(nn(C)c1-c1ccccc1Cl)CC2,0
Cn1cncc1CN1CC(N(CC2CCN(C(=O)c3ccc(Cl)cc3)CC2)S(=O)(=O)c2ccccn2)Cc2cc(C#N)ccc21,0
Cc1cn([C@@H]2O[C@H](CO[Si](C)(C)C(C)(C)C)[C@]3(C(N)=C(c4ccccc4)S(=O)(=O)N3C)[C@H]2O[Si](C)(C)C(C)(C)C)c(=O)n(C)c1=O,0
COc1cc([C@@H]2c3cc4c(cc3[C@@H](NC(=O)Cn3cc(-c5ccc(Br)cc5)nn3)[C@H]3COC(=O)[C@H]23)OCO4)cc(OC)c1OC,0
CN1CCN(c2ccc(Nc3cc(-c4cccc(N5CCc6cc(C(C)(C)C#N)cc(F)c6C5=O)c4CO)cn(C)c3=O)nc2)CC1,0
C[C@@]1(c2cccc(NS(=O)(=O)c3ccccc3)c2)O[C@H]2CO[C@@H]3N2[C@H]1O[C@]3(C)c1ccc(NS(=O)(=O)c2ccccc2)cc1,0
C/C1=C\[C@@H](O[C@@H]2CCCCO2)C(=O)/C=C/C=C/c2csc(n2)[C@@H](C)N2C(=O)C[C@@]([C@@](C)(O)C(=O)SCc3oc(=O)oc3C)(CC1)[S+]2[O-],0
CN(CCO)C(=O)N(C1CCCN(c2ccc(-c3ccccc3S(C)(=O)=O)cc2F)C1=O)S(=O)(=O)c1ccc2cc(Cl)ccc2c1,0
C/C=C(\C)C(=O)O[C@@H]1[C@H]2C(=O)[C@](C)([C@H]3CC[C@]4(C)[C@@H](CC(=O)O[C@H]4c4ccco4)[C@]34O[C@H]24)[C@@H]([C@@H](OC(C)=O)C(=O)OC)C1(C)C,0
CC1CN(C2COC2)CCN1c1ccc(Nc2cc(-c3cccc(N4CCn5c(cc6c5CC(C)(C)C6)C4=O)c3CO)cn(C)c2=O)nc1,0
C=C1CN(S(=O)(=O)c2ccc(C)cc2)CCCN(Cc2ccccc2)CCCN(S(=O)(=O)c2cccc([N+](=O)[O-])c2)C1.Cl,0
COc1ccc2c(c1)C1CC1(C(=O)N1CC3CCC(C1)N3)Cn1c-2c(C2CCCCC2)c2ccc(C(=O)NS(=O)(=O)N(C)C)cc21,0
COc1ccc2c(c1)OCCCCCCCC(C)(C)CN(C[C@@H](O)[C@H](Cc1ccccc1)NC(=O)O[C@H]1CO[C@H]3OCC[C@H]31)S2(=O)=O,0
Cc1c(N2CCN(Cc3cccc4nonc34)CC2)c(=O)n(C[C@H](N)c2ccccc2)c(=O)n1Cc1c(F)cccc1C(F)(F)F,0
CC[C@H]1OC(=O)[C@H](C)[C@@H](O[C@H]2C[C@@](C)(OC)C[C@H](C)O2)[C@H](C)[C@@H](O[C@@H]2O[C@H](C)C[C@H](N(C)C)[C@H]2O)[C@@]2(C)CC(C)=C(O2)[C@H](C)[C@@H](O)[C@H]1C,0
CC[C@H]1OC(=O)[C@H](C)[C@@H](O[C@H]2C[C@@](C)(OC)[C@@H](O)[C@H](C)O2)[C@H](C)[C@@H](O[C@@H]2O[C@H](C)C[C@H](N(C)C)[C@H]2O)[C@](C)(O)C[C@@H](C)/N=C2\O[C@]1(C)C=C2C,0
CO[C@]1(C)C[C@H](O[C@H]2[C@H](C)[C@@H](O[C@@H]3O[C@H](C)C[C@H](N(C)C)[C@H]3O)[C@@]3(C)C[C@@H](C)[C@H](O3)[C@H](C)[C@H](/C(C)=N/O)OC(=O)[C@@H]2C)O[C@@H](C)[C@@H]1O,0
CCN(C[C@H]1N[C@@](C)(C(=O)OC)[C@H]2C(=O)N(Cc3ccccc3)C(=O)[C@@H]12)S(=O)(=O)c1ccc(C(C)(C)C)cc1.O=C(O)C(F)(F)F,0
COc1cc([C@@H]2c3cc4c(cc3C(O[C@@H]3O[C@@H]5COC(c6cccs6)O[C@H]5[C@H](O)[C@H]3O)C3COC(=O)[C@@H]32)OCO4)cc(OC)c1O,0
C=CCNC(=O)C(=O)[C@@H]1CCCCCCCO[C@@H](C)[C@H](NC(=O)N[C@H](CN2CCC(C)(C)CC2=O)C(C)(C)C)C(=O)N2C[C@H]3[C@@H]([C@H]2C(=O)N1)C3(C)C,0
CC(C)(C)OC(=O)N[C@H]1CCCCC/C=C\[C@@H]2C[C@@]2(CNS(=O)(=O)C2CC2)NC(=O)[C@@H]2C[C@@H](OC(=O)N3Cc4cccc(F)c4C3)CN2C1=O,0
C=C[C@@H]1C[C@]1(NC(=O)[C@@H]1C[C@@H]2CN1C(=O)[C@H](C(C)(C)C)NC(=O)OCCCC/C=C/c1ccc3ccnc(c3c1)O2)C(=O)NS(=O)(=O)C1CC1,0
COc1cccc2c1C(=O)c1c(O)c3c(c(O)c1C2=O)C=C(C(C)=O)C[C@@H]3OC1CC(NC(=O)C(F)(F)C(F)(F)F)C(O)C(C)O1,0
CC[C@H](C)[C@@H]1NC(=O)[C@@H]2CCCN2C(=O)[C@H](Cc2ccccc2)NC(=O)[C@H](C)NC(=O)c2csc(n2)[C@H]([C@@H](C)CC)NC(=O)[C@@H]2CCCN2C1=O,0
CN1C(=O)[C@H](Cc2c[nH]c3cc([C@@]45C[C@H]6C(=O)N(C)[C@H](Cc7ccccc7)C(=O)N6[C@@H]4N(C=O)c4ccccc45)ccc23)NC(=O)[C@H]1Cc1ccccc1,0
Cc1noc(C)c1COc1ccccc1C(=O)NCc1ccco1,0
COc1cccc(OC)c1C1CCCC(=O)N1Cc1cccc(-n2nccn2)c1,0
CCN(CC)S(=O)(=O)c1ccc2c(c1)cc(C(=O)N1CCC(C)CC1)n2C,0
Cn1cc(-c2ccc(Cc3n[nH]c4ccc(C(=O)NC5CC5)cc34)cc2)cn1,0
O=C(COC(=O)c1cc(O)nc2ccccc12)NCc1ccccc1Cl,0
O=C(CSc1nnc(NC(=O)c2ccccc2Cl)s1)NC1CC1,0
COc1ccc(CSc2ccc([N+](=O)[O-])c3nonc23)cc1,0
O=C(NC(c1ccccc1)c1ccccc1)c1cnc(-c2cccnn2)nc1O,0
COc1ccc(C(=O)Nc2nn(-c3ccccc3)c(=O)c3ccccc23)cc1,0
COc1cccc(C(=O)c2ncc(C(=O)O)c3ccc(OC)cc23)c1,0
Cn1cc(-c2ccc(CN3C(=O)C(F)(C(F)(F)F)c4ccccc43)c(F)c2)cn1,0
O=C(Nc1ccccc1Br)c1cnn2c1NC(=C1CC1)C=C2C(F)F,0
O=C1CSC(c2c(Cl)cccc2Cl)N1c1ccc(Br)cn1,0
O=C1C(Nc2ccc(Cl)cc2)=C(N2CCCCC2)C(=O)c2ccccc21,0
Cc1ccc(Nc2nccc(-c3c(C(F)(F)F)nc4ccccn34)n2)cc1,0
Cc1ccc(-c2cc(Br)c3nc(O)ccc3c2)c(C)n1,0
CC(=O)N(C)CC/C=C1\c2ccc(Cl)cc2CCc2cccnc21,0
CCOC(=O)N1CCC2(CC1)OC21c2ccc(Cl)cc2CCc2cccnc21,0
N#Cc1cccc(Nc2ccnc3ccc(C(F)(F)F)cc23)c1,0
COCc1cn2c(C)c(C)nc2c2c1CCC(c1ccccc1)C2,0
Oc1sc(Nc2ccc(Cl)cc2)nc2c3ccccc3nc1-2,0
CC(C)(C)c1csc(NC(=O)c2ccc(Br)cc2)n1,0
NC(=S)N1N=C(c2ccc(Br)cc2)CC1c1cccc2ccccc12,0
O=c1c2ccccc2nc(/C=C/c2ccccn2)n1-c1ccccc1Br,0
S=C(Nc1ccc2c(c1)OCO2)Nc1c2ccccc2nc2ccccc12,0
CSc1nn(-c2cccc(F)c2)c2cc(C3=CCNCC3)ccc12,0
Cc1ccc(C)c(C(C)NC(=O)c2ccc(Br)o2)c1,0
Clc1ccc(-c2nc3cnccn3c2NC2CCCC2)cc1,0
Oc1ccc(Nc2ncnc3scc(-c4ccccc4)c23)cc1,0
c1ccc(-c2ccc(C3=Nn4c(nnc4-c4cccnc4)SC3)cc2)cc1,0
c1ccc2c(c1)ccc1cc3c(nc12)[nH]c1ccccc13,0
O=C(c1ccccc1)c1c(C#Cc2ccccc2)sc2c1CCCC2,0
Cc1ccc2c3c(ccc2c1)OC(=O)C[C@@H]3c1ccccc1,0
Cc1cc(-c2ccnc3cc(Cl)ccc23)ccc1O,0
Cc1cc(/C=C2\C(=O)Nc3ccc(F)cc32)c2cccccc1-2,0
CC1(C)CCC[C@@]2(C)[C@H]1CC[C@H]1CC(=O)[C@]3(C)CC[C@]12C3,0
CC(C)(C)C1(O)CCN(CC2c3ccccc3Oc3ccccc32)CC1,0
CN1CCCC[C@@H]1CC=C1c2ccccc2Cc2ccccc21,0
Cc1cccn2c1cc1c3ccccc3nc(-c3ccco3)c12,0
C[C@H](c1ccc(Cl)c(Cl)c1)n1cnc2cc3c(cc21)CCC3,0
CN(C)CC1Cc2cccc3c2N(C1)c1ccccc1S3,0
CC[C@H]1C[C@@H]2C[C@H]3c4c(c5cc(O)ccc5n4CC)CCN(C2)[C@@H]13,0
CCn1nc(C(=O)Nc2ccccc2)cc1-c1ccsc1,0
O=C(CCC1CCCC1)Nc1ccc2nc3ccccc3nc2c1,0
CC(NC(=O)C(C#N)C(C)(C)C)c1ccc(Cl)c(Cl)c1,0
O=S1(=O)N[C@H](c2ccccc2)C[C@H](c2ccc(C(F)(F)F)cc2)O1,0
C[C@H](Cl)[C@](O)(c1ccccc1)P1(=O)OCC(C)(C)CO1,0
COc1ccc(-c2ccc3cccc4c3c2C(=O)C(O)=C4)cc1,0
CC(=O)OC1(CC#Cc2ccccc2)C=CC(=O)/C1=C/c1ccccc1,0
CCOc1ccc(/N=C/c2ccc3ccccc3n2)cc1,0
Cc1cccc(Cl)c1N1C(=O)CN(c2ccccc2)C1=S,0
C[C@]12CC[C@@H]3c4ccccc4C(=O)C[C@H]3[C@@H]1CCC2=O,0
Nc1nc2ccccc2c2cc(Cc3ccccc3)oc12,0
CC1CCC(NC2CCCc3c2[nH]c2ccccc32)C1,0
O=C(Nc1nccc2c1[nH]c1cc(C(F)(F)F)ccc12)C1CC1,0
c1ccc2c(c1)sc1ccc(N3CCOCC3)cc12,0
O=C1/C(=C/c2ccc(Br)cc2)Oc2cc(O)ccc21,0
C/N=c1/c2ccccc2nc2n1CC/C2=C\c1ccccc1Br,0
CC1(C)Oc2cc(C(=O)c3ccccc3)cc(O)c2[C@@H]2C[C@H](O)CC[C@H]21,0
Cc1cc(Cl)ccc1Nc1nc2c(s1)C(=O)c1ccccc1C2=O,0
CC(C)c1csc(-c2nnc(S)n2/N=C/c2ccc[nH]2)n1,0
Cc1cc(Nc2ccc(OC(F)F)cc2)n2ncnc2n1,0
O=C(Cc1cc(-c2ccc3c(c2)OCO3)on1)NC1CCCC1,0
CCC(C)OC(=O)C1=C(C)NC(=O)NC1c1ccc(F)cc1,0
Cc1cccc(C(=O)NCCc2cncn2C)c1Cl,0
O=C(Nc1cccc(Cl)c1)c1ccc(C(F)(F)F)[nH]c1=O,0
Cc1cnccc1-c1cc2cnccc2c(NCC(C)(C)N)n1,0
Cc1ccc(-n2ncc(C(=O)NC3CCCCC3)c2N)cc1,0
Cc1cccc(C[C@@]2(C)CCCN2C(=O)c2cc(O)n(C)n2)c1,0
CC1(CNC(=O)c2cccc(-c3nccs3)c2)COC1,0
O=C1C=CC(=O)c2c(O)nc(-c3ccccc3)nc21,0
CN(C)c1nc2sc3c(c2c(=O)n1C)CC(C)(C)OC3,0
N#CC1COCCN1C(=O)c1ccc2[nH]ccc2c1,0
CO[C@@H]1C=C[C@@]23c4cc5c(cc4CN(C[C@@H]2O)[C@H]3C1)OCO5,0
Cl.Clc1nc2ccccc2nc1N1CCNCC1,0
O=C(Nc1cnc2ccccc2c1)N1CCOCC1,0
C#CC(=O)O[C@H]1C[C@@H]2CC3(C[C@@H]2C1)OCC(C)(C)CO3,0
COc1ccc2sc3c(c2c1)[S+]([O-])CCNC3=O,0
Cc1ccccc1C1=CS(=O)(=O)CCCS1(=O)=O,0
C#C[C@]12C=C(C#N)C(=O)C=C1[C@@]1(C)C=C(C#N)C(=O)[C@@](C)(CO)[C@@H]1CC2,0
O=C([C@@H]1C[C@@H]2CCCC[C@@H]2N1C(=O)[C@@H]1C[C@@H]1Cc1ccccc1)N1CCCC1,0
FC(F)(F)c1ccccc1-n1c(S)nnc1CN1CCCCC1,0
COc1ccc(C(=O)NC(=S)N2CCCCC2c2cccnc2)cc1OC,0
COc1cc2ncc3c(c(-c4ccccc4F)nn3C)c2cc1OC,0
Cc1cc(C)n(-c2ccc(NC(=O)c3ccc(CN4CCCCC4)cc3)cn2)n1,0
CC(OC(=O)c1ccc(Cl)cc1)C(=O)NCC1CCCCC1,0
O=C(CCN1CCN(c2ccccc2Cl)CC1)Nc1ccc(F)cc1F,0
Cc1cccc(Oc2nc(C)ccc2/C(=N/O)N2CC=CCC2)c1,0
COC(=O)c1cc(-c2ccc(F)cc2)sc1NC(=O)NC1CC1,0
C[C@H]1OC(=O)[C@@H]2C[C@@H]3CCCC[C@H]3[C@H](/C=C/c3ccc(N4CCN(C)CC4)cn3)[C@H]12,0
CCc1ccc(NC(=O)CSc2nc(=O)n3cc(C)ccc3n2)cc1,0
CC(=O)Nc1ccc(OC(=O)c2ccc(CN3CCN(C)CC3)cc2)cc1,0
Cn1cc(S(=O)(=O)N2CCc3ccccc32)cc1C(=O)NC(C)(C)C,0
O=C(/C=C1/C(=O)NC(=O)N(c2ccccc2)C1=O)/C=C/c1ccccc1,0
C#CCNc1ccnc2sc3c(=O)n(-c4ccc(OC)cc4)cnc3c12,0
O=C(COC(=O)c1cc[n+]([O-])cc1)Nc1ccc(Cl)c(C(F)(F)F)c1,0
O=C(O)C1(Oc2ccc3c(c2)CCC3)CCN(c2cnccn2)CC1,0
C[C@@H]1CN(C(=O)c2ccccc2)CCN1S(=O)(=O)c1c[nH]c2ccc(F)cc12,0
O=C(c1cccc(N2CCCCC2)n1)N(C1CC1)[C@H]1CC[C@H](O)CC1,0
O=C([C@@H]1C[C@H](NCc2ccnc3ccccc23)CN1)N1Cc2ccccc2C1,0
Cn1c(NCCCCCCNc2c3c(nc4cc(Br)ccc24)CCCC3)nc(-c2ccncc2F)cc1=O,0
CN(Cc1ccccc1)C(=O)[C@H](Cc1ccc2ccccc2c1)NC(=O)[C@@H]1CCCN1C(=O)Nc1ccccc1C(F)(F)F,0
CNC(=O)Nc1nc([C@H](CCN2CCC(c3ccccc3)CC2)C(=O)NCc2cc(C(F)(F)F)cc(C(F)(F)F)c2)cs1,0
COc1ccccc1-n1nc2c(c1C(C)C)C(CC(O)CO)(c1ccc(Cl)cc1)N(c1ccc(F)c(Cl)c1)C2=O,0
CC(C)(C)S(=O)(=O)CC(=O)NCCn1ccc2ncnc(Nc3ccc(Oc4cccc(C(F)(F)F)c4)c(Cl)c3)c21,0
CCN1CCN(Cc2ccc(NC(=O)c3ccc(C)c(-c4ccc5nc(NC(=O)C6CC6)sc5n4)c3)cc2C(F)(F)F)CC1,0
OC[C@@H](Cc1ccccc1)Nc1nc(Oc2ccc3c(c2)CCC3)nc2c1ncn2Cc1ccc(-c2ccccc2)cc1,0
O=C(O)/C=C/c1ccc(NC(=O)C2(NC(=O)c3ccc4c(c3)nc(-c3cccs3)n4C3CCCCC3)CCC2)cc1,0
CNCCN(C)C(=O)Oc1c(Br)c(C)nc(C)c1-c1ccc(Oc2ccc(OC(F)(F)F)cc2)cc1,0
COc1ccc(-c2nc3ccc(NC(C)=O)cc3c(=O)n2Cc2cccc(Cl)c2)cc1COc1ccc(NC(C)=O)cc1,0
CCCc1cc(C(=O)N/N=C/c2ccc(CC)s2)c2ccccc2n1,0
Cc1ccc([C@H](CNC(=O)c2cccs2)N2CCCCC2)cc1,0
CCN(Cc1nccs1)Cc1cc(Cl)ccc1OC,0
CCOC(=O)/C(=C\Nc1ccc(Cl)cc1)C(=O)c1ccccc1Cl,0
CN(CCc1c[nH]c2ccc(O)cc12)C[C@]1(c2ccc(F)cc2)CCOC1,0
COc1cccc(C(=O)/C=C/c2cc(OC)c(OC)cc2Br)c1,0
Cc1ccccc1NC(=O)C(Cc1ccccc1)n1cccc1,0
CCCCCCCOc1ccc2c(c1)CCCc1nncn1-2,0
CC[C@H](C)Cc1nc(N)c(C#N)c(-c2ccc(N(C)C)cc2)c1C,0
CCN(CC)c1ccc(CCNC(=O)Nc2ccc(Cl)cc2)cc1,0
COC(=O)c1sc2cc(Nc3ccc(F)cc3Br)cnc2c1N,0
NCCc1ccc(-c2c(O)cc(Br)c3[nH]c(=O)c4sccc4c23)cc1F,0
Br.Cc1cccc(C2CN(C)CCc3c2cc(O)c(O)c3Cl)c1,0
CC(C)(O)[C@H]1O[C@@]2(O)CC[C@@]3(C)C(=CC[C@H]4Cc5c([nH]c6ccccc56)[C@@]43C)C2=CC1=O,0
O=C1CS/C(=N\N=C2C3CCCC2C(c2ccc(F)cc2)NC3c2ccc(F)cc2)N1,0
NC(=S)N/N=C(\c1cc(Cl)cc(Cl)c1)c1cccc(Br)c1,0
CCN1CCc2c(C)c3c(n2-c2cc(Cl)c(C(N)=O)cc21)CC(C)(C)CC3=O,0
O=C(Nc1ccc(Cl)cc1)NS(=O)(=O)c1cc(Br)c(Br)s1,0
O=C(c1ccc(F)cc1)C1C(c2ccc(Cl)cc2)CNC12C(=O)Nc1ccccc12,0
C/C1=C/C[C@H]2[C@@H](/C=C(\C)C(=O)[C@@]3(O)C[C@H](C)[C@H](OC(=O)/C=C/c4ccccc4)[C@H]3[C@H]1O)C2(C)C,0
O=C(N/N=C/c1c(O)ccc2ccccc12)c1ccc(Br)c(Br)c1,0
O=C1OCC(Nc2ccc(Br)cc2)=C1c1cccc(Br)c1,0
CC(C)(O)[C@H]1O[C@H]2CC[C@@]3(C)[C@@H](CC[C@H]4Cc5c([nH]c6ccccc56)[C@@]43C)C2=C[C@H]1O,0
CCOC(=O)C1CCN(c2ccc3c(c2)C(O)(C(F)(F)F)c2ccccc2-3)CC1,0
CCOC(=O)[C@H]1CC[C@@H](C(=O)N2CC[C@@]3(C)c4cccc(O)c4C[C@@H]2C3(C)C)CC1,0
CC1(C(O)c2ccc(Br)cc2)OC(=S)N(c2ccc(Cl)cc2)C1=O,0
Cc1ccc(N2C(=O)C3Sc4nc(O)sc4C(c4ccccc4)C3C2=O)cc1,0
O=c1[nH]sc2c1c(=O)c1cc(F)c(-c3ccc4cnccc4c3)cc1n2C1CC1,0
O=S(=O)(Nc1c(F)cccc1F)c1cc(C(F)(F)F)cc(C(F)(F)F)c1,0
CC(C)=CCc1c(O)c2c(c3c1OC(=O)C[C@H]3c1ccccc1)O[C@@H](C)[C@H](C)C2=O,0
COC1CCCc2nc(Nc3ccc(C(C)(C)C)cc3)sc21,0
C=C(C)CC1(NC(C)c2ccccc2)CCCCC1,0
Fc1ccc(CSc2nc3c(F)cccc3s2)cc1F,0
C=CCC(Nc1ccc(Cl)cc1F)c1c(F)cccc1F,0
O=C(/C=C/c1ccccc1)Nc1nc2ccccc2c2ccccc12,0
C/C(=C\c1ccc(C(=O)O)cc1)c1ccc2c(c1)C(C)(C)CCC2,0
COc1ccc(C(=O)c2cnc3ccccc3c2-c2ccccc2)cc1,0
COC1(c2cccc(OCc3ccc4ccccc4c3)c2)CCCOC1,0
Cc1cnccc1-c1cc(C2CCN(C)CC2)[nH]c1-c1ccc(F)cc1,0
O=C(Nc1ccc2sc(-c3ccc(F)cc3)nc2c1)c1ccccc1,0
N#Cc1cccc(C2C3=C(CCC3=O)NC3=C2S(=O)(=O)CC3)n1,0
N#Cc1ccnc(-c2ccc(N3CCO[C@H]4CN(C#N)C[C@H]43)nc2)c1,0
CS(=O)(=O)N1CCCC12CCCN(C(=O)c1ccno1)C2,0
CS(=O)(=O)c1cncc(-c2cc(Cl)c3nc(N)nn3c2)c1,0
COC1OC2COC(c3ccccc3)OC2C(O)C1Br,0
NC1=N[C@@]2(c3cnccn3)CN(c3ncc(F)cn3)C[C@H]2CS1,0
CCOC(=O)n1cc(F)c(=O)n(C(=O)c2ccccc2C)c1=O,0
Cc1nc(N2CCOCC2)nc2c1CCN(C(=O)N1CCCC1)CC2,0
COC1=CC2(C=CC1=O)CCNC1=C2C(=O)c2nc[nH]c2C1=O,0
CSc1ncccc1C(=O)NC(=S)N1CCNC1=S,0
C[C@@H]1[C@@H](OC(=O)Nc2ccccc2)C[C@H]2[C@@H](C)C(=O)O[C@@H]3O[C@]4(C)CC[C@@H]1[C@]32OO4,0
Cc1nc2sc3c(c2c2nn(Cc4ccccc4)c(O)c12)CCC1(C3)OCCO1,0
Cc1ccc(F)c(N2CCOc3cc(S(=O)(=O)Nc4nccs4)ccc32)c1,0
c1cc(-c2cn3nccc3nc2C2CCCCC2)nc(N2CCCC2)n1,0
Cn1cc(-c2nncc3nc(Nc4ccc(F)cc4F)ccc23)cn1,0
CC(=O)c1ccc(N2CCCN(C(=O)c3ccc4c(c3)OCO4)CC2)cc1,0
COc1c(F)c(F)c(C(=O)Nc2ccccc2N2CCN(C(C)=O)CC2)c(F)c1F,0
N#Cc1ccc(O[C@H]2CC[C@H](NC(=O)c3cncnc3)CC2)cc1Cl,0
O=S(=O)(c1ccccc1)n1nc(-c2ccc(CO)o2)c2ccccc21,0
CC(=O)c1cn(S(=O)(=O)c2ccc(C)cc2)c2ccc([N+](=O)[O-])cc12,0
CC(C)Oc1ccc(CN2CC(Cc3nc(-c4ccncc4)no3)C2)cc1,0
Cc1ncc(-c2ccn(C)c(=O)c2)c(OC[C@H]2C[C@@H]2c2ccc(OC(F)F)cn2)n1,0
COc1cc2c(cc1NC(=O)CCCN1C(=O)CCC1=O)oc1ccccc12,0
CC(C)Oc1cccc2c1c(NC(=O)[C@@H]1CCCN1C)nn2Cc1ccccc1,0
COc1cc2c(cc1OC)[C@@H]1Cc3cc(OC)c(OC)c(OC)c3CN1CC2,0
CCN1CCC2(CCC(COc3ccc(C(=O)NS(=O)(=O)C4CC4)cc3)C2)CC1,0
COc1ccc(C(=O)Nc2nnc(-c3ccc(C(=O)O)cc3)s2)cc1,0
CC(C)CNC(=O)CSc1nc2nn(-c3ccccc3)c(=O)c-2c2n1CCCCC2,0
Cc1cccc(OCc2cc(=O)n3c(c2-c2cccnc2)SC[C@H]3C(=O)O)c1C,0
CC(OC(=O)CCc1nc(O)c2ccccc2n1)C(=O)c1ccc(Br)cc1,0
CC1OC(Oc2c(-c3cc(O)c(O)c(O)c3)oc3cc(O)cc(O)c3c2=O)C(O)C(O)C1O,0
C[C@@H]1O[C@@H](Oc2c(-c3cc(O)c(O)c(O)c3)oc3cc(O)cc(O)c3c2=O)[C@@H](O)[C@H](O)[C@H]1O,0
C[C@@H]1O[C@@H](Oc2c(-c3cc(O)c(O)c(O)c3)oc3cc(O)cc(O)c3c2=O)[C@H](O)[C@H](O)[C@H]1O,0
C[C@H]1OC(Oc2c(-c3cc(O)c(O)c(O)c3)oc3cc(O)cc(O)c3c2=O)[C@@H](O)[C@@H](O)[C@@H]1O,0
C[C@H]1O[C@@H](Oc2c(-c3cc(O)c(O)c(O)c3)oc3cc(O)cc(O)c3c2=O)[C@@H](O)[C@@H](O)[C@@H]1O,0
C[C@H]1O[C@H](Oc2c(-c3cc(O)c(O)c(O)c3)oc3cc(O)cc(O)c3c2=O)[C@@H](O)[C@@H](O)[C@@H]1O,0
Cc1ccc(C(=O)c2c3ccccc3[n+]([O-])n2[C@@H](C)C(N)=O)cc1,0
COc1cn(C(CCF)C(=O)Nc2ccc(C(=O)O)cc2)c(=O)cc1-c1cc(Cl)ccc1C#N,0
Nc1c([N+](=O)[O-])nc(Cl)c2nncn12,0
C[C@H](c1ccccc1)n1nnc2cnc3ccc(-c4ccc(C(F)(F)F)nc4)cc3c21,0
CNc1cccc(-c2c(OC)cccc2OC)n1,0
Cc1cc(/C=C(\C#N)C(=O)NCc2cccs2)c(C)[nH]1,0
CCOP(=O)(/C(C#N)=C(\C)O)c1ccccc1,0
CCS(=O)(=O)Nc1ccc(Br)cc1Cl,0
CCCC(=O)N1CCc2[nH]nc(Nc3cccc(C)c3)c2C1,0
OCC#Cc1ccc(CN2CCCC[C@@H]2CN2CCCC2)s1,0
O=C1N=C(N/N=C/c2ccco2)SC1Cc1ccc(F)cc1,0
CC1C/C(=N/OCC(O)CNC(C)(C)C)CC(C)(C)C1,0
C#CC1(NC(=S)Nc2cccc(OC)c2)CCCCC1,0
CC(C)CCc1ccc2c(C(=O)O)c[nH]c2c1,0
CC(=O)Nc1ccc2c(c1)Cc1cccc(NC(C)=O)c1-2,0
C#CCOc1ccc2c(=O)c(-c3ccc(O)cc3)coc2c1,0
Oc1ccc(/C=C/c2nc3ccccc3nc2O)cc1,0
C=C(c1ccc(C)cc1)C1COC2(CCC(O)CC2)OO1,0
Cc1ccc(C(=O)Nc2ccc3c(c2)CCC3)o1,0
COc1ccc(F)cc1-c1nc2c(C3CC3)[nH]n(C)c-2n1,0
CC(C)C(=O)Nc1ccc([N+](=O)[O-])c(C(F)(F)F)c1,0
Fc1cccc(Cn2cc(-c3ccc4[nH]ncc4c3)nn2)c1,0
O=C(O)c1cc(/N=N/c2ccccc2)ccc1O,0
O=C(O)C1CCc2cc(Cc3cncs3)ccc2C1,0
O=C(Nc1ccc(F)c(Cl)c1)N1CCOc2ccccc21,0
COC1CCC2(CC1)Cc1ccc(Br)cc1[C@@]21N=C(C)C(N)=N1,0
C=C1C(=O)O[C@@H]2[C@@H]1C/C=C(\CO)CC/C=C(\C)CC/C=C(\C)[C@H]2O,0
N#Cc1cccc(-c2nc3sc4c(c3c(=O)[nH]2)CCCCC4)c1,0
N#Cc1cccc(C2=Nc3ccc(C#Cc4ccccn4)cc3NC(=O)C2)c1,0
Cc1cc2c(s1)Nc1ccccc1N=C2N1CCNCC1,0
O=C1NCC(c2cc3ccc4ccccc4c3[nH]c2=O)Nc2ccccc21,0
O=c1/c(=C/c2c(O)ccc3ccccc23)sc2nc3ccccc3n12,0
O=C([C@H]1CCc2cn[nH]c2C1)N1CCn2c(cc3ccc(Cl)cc32)C1,0
CC[C@@H]1Oc2ccn(O)c(=O)c2[C@H]2[C@H](C)C[C@H](C)C[C@]12C,0
CC(Cc1cccc(F)c1)NCc1cnc(N2CCN(C)CC2)nc1,0
O=[N+]([O-])c1ccc(NN=C(c2ccccc2)c2ccccc2)nc1,0
Cc1ccc(NC(=O)c2cccc3cc(-c4cccc5[nH]nc(N)c45)ccc23)cc1,0
C=C(c1ccccc1)[C@@]12CC[C@@H](O)[C@@H]1CC(CCCCCCCC(=O)OC[C@H](COP(=O)([O-])OCC[N+](C)(C)C)OC(=O)CC)=C2c1ccccc1,0
CN(CCCNC(=O)c1ccc(C(F)(F)F)cc1)Cc1ccccc1,0
CN[C@H]1CC[C@@H](c2ccc(Cl)c(Cl)c2)c2ccc(S(=O)(=O)N(C)C)cc21,0
O=C(CS)NCCCCCNc1c(Cl)cc(Cl)c2cccnc12,0
Nc1nc2c(ncn2[C@@H]2O[C@H](CO[PH](=O)O)[C@@H](O)[C@H]2O)c(=O)[nH]1,0
OCCCNc1cc(-c2cncc(Nc3cccc(Cl)c3)n2)ccn1,0
Nc1nc(Oc2ccccc2)nc2c1ncn2C1O[C@H](CO)[C@@H](O)[C@H]1O,0
CC(C)=CCc1c(O)cc(O)c2c1O[C@@]13C(=C[C@H]4C(=O)C1(CC=C(C)C)OC[C@@H]3[C@H]4COC(=O)/C=C/c1ccccc1)C2=O,0
CCCCc1ccc(C(=O)Nc2ccc(S(=O)(=O)NC3CCN(C(=O)CCC)CC3)c3ccccc23)cc1,0
COc1cccc(NC(=O)N2CCCN(CCCCCNC(=O)/C=C/c3ccc(Cl)c(Cl)c3)CC2)c1,0
CCCC(=O)c1cnc2ccc(-c3cc(Cl)c(O)c(OC)c3)cc2c1Nc1ccc(N2CCNCC2)nc1,0
CC[C@H](C)/C=C(C)/C=C/C1=CC2=C(Cl)C(=O)[C@](C)(O)C(=O)C2=CN1c1cc(OC)c(OC)c(OC)c1,0
CCCc1nc2ccccc2n1Cc1ccc(-c2ccccc2S(=O)(=O)Nc2onc(C)c2C)cc1,0
CCCn1nc(C)cc1C(=O)Nc1cc(C(=O)c2ccc3c(/C=C/c4ccccn4)n[nH]c3c2)ccc1C,0
COC(=O)[C@]1(C)CCC[C@]2(C)c3ccc(C(C)C)c(NC(=O)Cn4cc(COc5ccccc5)nn4)c3CC[C@@H]12,0
COc1cc(-c2nc(SCC(=O)Nc3ccc4c(c3)OCO4)c(-c3ccccc3)[nH]2)cc(OC)c1OC,0
COc1ccccc1CN1CCC(CNC(=O)c2cc(-c3ccc(N(C)C)cc3)cs2)C1.O=C(O)C(F)(F)F,0
C[C@]12CCC(=O)C=C1C[C@@H](Sc1cccc3ccccc13)[C@@H]1[C@@H]2CC[C@]2(C)C(=O)CC[C@@H]12,0
CN(C)[C@@H]1CC[C@@]2(C)[C@@H](CC[C@@H]3[C@@H]2CC[C@]2(C)C(c4ccc5ccncc5c4)=CC[C@@H]32)C1,0
CC1C=CCC(=O)NC(c2ccc3ccccc3c2)C(C)C=CCC(=O)NC1c1ccc2ccccc2c1,0
CC1(C)CC[C@]2(C)CC[C@]3(C)C(=CC[C@@H]4[C@@]5(C)CC[C@H](O)C(C)(C)C5C(=O)C[C@]43C)[C@H]2C1,0
C[C@]12Cc3c(nn(-c4ccccc4)c3-c3ccc(Cl)cc3)C[C@@H]1CC[C@@H]1[C@@H]2CC[C@]2(C)C(=O)CC[C@@H]12,0
CC(=O)O[C@H]1CC[C@]2(C)[C@H]3CC=C4[C@@H]5[C@@H](C)[C@H](C)CC[C@]5(C(N)=O)CC[C@@]4(C)[C@]3(C)CC[C@H]2C1(C)C,0
CC1=CC(C)(C)Nc2ccc3c(c21)C(c1cc(C)cc(Br)c1)Oc1ccccc1-3,0
Nc1nc2c(c(-c3ccc4ccccc4c3)n1)CCCC/C2=C\c1ccc2ccccc2c1,0
Cc1c2c(nc3cnc4ccccc4c13)-c1cc(C(C)(C)C)cc(C(C)(C)C)c1OC2,0
Brc1ccc2c(-c3csc(-c4c[nH]c5ccc(Br)cc45)n3)c[nH]c2c1,0
Brc1ccc2oc(C3=Nc4ccccc4SC(c4cccc5ccccc45)C3)cc2c1,0
C(=C/c1cc(-c2ccc3ccccc3n2)nc2ccc3ccccc3c12)\c1ccc2ccccc2n1,0
C/C=C1\CC[C@@]2(C)[C@@H](CC[C@@H]3[C@@H]2CC[C@]2(C)C4=NN(c5ccccc5)[C@H](c5ccc(OC)cc5)[C@H]4C[C@@H]32)C1,0
C/C=C1\CC[C@@]2(C)[C@@H](CC[C@@H]3[C@@H]2CC[C@]2(C)C4=NN(c5ccccc5)[C@H](c5ccccc5)[C@H]4C[C@@H]32)C1,0
C=C1CCCC(C)(C)[C@@H]1C/C=C(\C)[C@H]1CC[C@@H]2[C@@]3(C)CCCC(C)(C)[C@@H]3CC[C@@]2(C)O1,0
C=C1CCCC(C)(C)[C@@H]1C[C@@H]1O[C@]2(C)CC[C@H]3C(C)(C)CCC[C@]3(C)[C@H]2CC/C=C\1C,0
C=C1CC[C@H]2C(C)(C)CCC[C@]2(C)/C1=C/CC1=C(C)CC[C@@]2(C(=O)OC)CCC(C)(C)C[C@@H]12,0
C=C1S/C(=N/c2c(C)cccc2Cl)N(C(=O)c2sc3ccccc3c2Cl)C12CCCCC2,0
C=C1S/C(=N/c2ccccc2Cl)N(C(=O)c2sc3ccccc3c2Cl)C12CCCCC2,0
C=C1S/C(=N\c2c(C)cc(C)cc2C)N(C(=O)c2sc3ccccc3c2Cl)C12CCCCC2,0
COc1cc2oc(-c3ccc(O)cc3)cc(=O)c2c(O)c1C1OC(CO)C(O)C(O)C1O,0
COc1cc2oc3cc(O)c(O)cc3c(=O)c2c(O)c1[C@@H]1O[C@H](CO)[C@@H](O)[C@H](O)[C@H]1O,0
CS(=O)(=O)O.CS(=O)(=O)O.Cc1[nH]c(-c2ccc(Cl)cc2)nc1C(=O)N=C(N)N,0
O=C(O)[C@H]1O[C@@H](Oc2cc3oc(-c4ccc(O)cc4)cc(=O)c3c(O)c2O)[C@H](O)[C@@H](O)[C@@H]1O,0
O=c1c(-c2ccc(O)cc2)coc2c(C3OC(CO)C(O)C(O)C3O)c(O)cc(O)c12,0
O=c1c(-c2ccc(O)cc2)coc2c([C@@H]3O[C@H](CO)[C@@H](O)[C@H](O)[C@H]3O)c(O)cc(O)c12,0
O=c1c(-c2ccc(O)cc2)coc2cc(O)c([C@H]3O[C@@H](CO)[C@H](O)[C@@H](O)[C@@H]3O)c(O)c12,0
O=c1c(-c2ccc(O)cc2)coc2cc(OC[C@H]3O[C@H](O)[C@H](O)[C@@H](O)[C@H]3O)cc(O)c12,0
O=c1c(-c2ccc(O)cc2)coc2cc(O[C@@H]3O[C@H](CO)[C@@H](O)[C@H](O)[C@H]3O)cc(O)c12,0
O=c1c(O[C@@H]2O[C@@H](CO)[C@H](O)[C@H]2O)c(-c2cc(O)c(O)c(O)c2)oc2cc(O)cc(O)c12,0
CC(C)[C@H](N)C(=O)N[C@H](C(=O)O)c1ccccc1,0
Cc1cccc(C)c1OCC(=O)N[C@H](C)C(N)=O,0
CCc1n[nH]c(=O)n1/N=C/c1ccccc1O,0
Cc1nc(N)sc1C(=O)N/N=C/c1cccnc1,0
COc1nn(Cc2ccccc2N)c(=O)o1,0
NNc1ccc(S(=O)(=O)N2CCCCC2)cn1,0
Cc1cc(CCNC(=O)NC2CNC2)cc(C)c1O,0
CC1(C)C(CCO)CC1n1ccc(=O)[nH]c1=O,0
CC(C)NC(=O)NCCN1CCc2[nH]ncc2C1,0
CC(C)[C@](N)(Cc1c[nH]cn1)C(=O)O.Cl,0
Cc1ccc2c(c1)NC(=O)CC(c1cccc(C#N)c1)=N2,0
CC(C)(C)NC(=O)N1CCC(=C2CCC2)CC1,0
CC(C)c1ccc2c(c1)C(=O)NC(C)(C)C2,0
Cc1ccc2c(n1)[nH]c1ccccc12,0
Cc1cc2sc3nc(C(=O)O)cn3c2cc1C,0
Fc1cc2nc(-c3ccncc3)[nH]c2cc1F,0
N#Cc1ccc(-c2cc(=O)c3c(O)cccc3o2)cc1,0
c1cc(-c2cn3ccsc3n2)cs1,0
Cc1ccc(-c2cc(C)oc(=O)c2)cc1,0
Cc1c2c(n3c(nc4ccccc43)c1C#N)NCC2,0
O=C1C(=O)N(c2cccc3[nH]ccc23)CCN1Cc1ccc(F)cc1Cl,0
O=C(c1ccc2[nH]cnc2c1)N1CCC[C@H](CN2CCCCCC2)C1,0
Cc1ccc(/C=C2\Oc3c(ccc(O)c3CN3CCN(C)CC3)C2=O)cc1,0
Cn1cc(C2=C(c3cn(C)c4ccccc34)C(=O)N(O)C2=O)c2ccccc21,0
Cc1ccccc1-c1c2c(nn1C)CCc1cnc(Nc3ccnn3C)nc1-2,0
O=C(c1cccnc1N1CCOC(c2ccc(F)cc2)C1)N1CCCC1,0
Cc1cc(NC(=O)c2cnc3ccccc3n2)ccc1N1CCCC1=O,0
CCC(=O)N1CCCC[C@@]1(C)c1noc(-c2ccc(F)cc2)n1,0
Cc1cc(Cl)nc(N(C)[C@@H]2CCN(c3ncnc4[nH]ccc34)C2)c1C#N,0
O=C(Nc1ccccc1)N1CCN(Cc2ccnc3ccccc23)CC1,0
C=C1[C@H](O[Si](C)(C)C(C)(C)C)C[C@H]2C(C)(C)CCC[C@]2(C)[C@H]1/C=C/c1ccoc1,0
CCCc1cccc(-n2ccc3ccc(-c4ccc5c(c4)c4cc(C)ccc4c[n+]5C)cc32)c1,0
Cc1cccnc1[C@H]1C[C@H]2CC[C@@H](C1)N2C(c1ccccc1Cl)c1ccccc1Cl,0
Clc1ccc2sc(-c3c(/N=C/C=C/c4ccccc4)sc4c3CCCC4)nc2c1,0
C(=C\c1ccc(Nc2c3ccccc3nc3ccccc23)cc1)\c1ccccc1,0
COc1cccc(C2(C)/C(=C/c3ccc(C)cc3)CCCC2CN(C)c2ccccc2)c1,0
CSc1ccc(-c2cc(NC(=O)C(Cl)Cl)cc(-c3ccc(SC)cc3)c2)cc1,0
S=c1n(Cc2ccc3ccccc3c2)c2ccccc2n1Cc1ccc2ccccc2c1,0
CC(C)=CC(=O)C[C@@H](C)[C@H]1CCC2=C3CC[C@H]4C(C)(C)[C@@H](O)CC[C@]4(C)[C@H]3CC[C@@]21C,0
CN(C)Cc1ccccc1-c1ccc2c(-c3ccc(C(C)(C)C)cc3)cccc2c1,0
CC1C=CNC2=C1C(=O)c1c(O)ccc(O)c1C2=O,0
O=c1oc2ccccc2c2cc(O)c(O)cc12,0
O=C1Nc2cc(C(F)(F)F)c(Cl)cc2N2CCNC[C@@H]12,0
N#CC1=C(N)N(c2ccc(F)cc2)N=C2CSCC=C21,0
NC(=O)c1c2c(n3ccccc13)C(=O)c1ccccc1C2=O,0
Cc1nc2cccc(-c3cc4c([nH]3)CCNC4=O)c2nc1N,0
c1ccc2c(c1)nc1n2C(c2ccncc2)NNC1,0
O=C(c1c[nH]c2ccccc12)N1CCCNCC1,0
O=C(O)c1cc(O)c2cc(Cl)ccc2n1,0
Nc1nc(N)nc(-c2cc(F)ccc2Br)n1,0
CC(O)CC#CCO,0
O=C1NCCCN1,0
CN1CC=C[C@@H](O)C1,0
OB(O)[C@H]1CCOC1,0
OC1(C(F)F)CNC1,0
OC1C=CSC1O,0
NC1=NCCNCC1,0
CN1CC=CC(O)C1,0
COC(=O)C(C)O,0
OC1CCCNC1,0
Cc1ccc(/N=C2/C(N)=CC(=O)c3ncccc32)cc1C,0
CC1CC(=O)c2cnc(Nc3ccc(C#N)c(F)c3)nc2C1,0
CC(C)(C)NC(=O)Nc1ccnc(-c2ccccn2)n1,0
C/C(=N/NC(=S)N1CC(C)CC(C)C1)c1ccccn1,0
O=C1C(=Cc2c(O)cc(O)cc2O)C(=O)c2ccccc21,0
CN1CCN(C(=S)NC(=O)/C=C/c2cccc3ccccc23)CC1,0
O=C(O)Cc1ccc2c(c1)/C(=C1/Nc3ccccc3C1=O)C(=O)N2,0
Cc1cc(C)c(C(=O)N2CCOCC2c2c(C)n[nH]c2C)o1,0
COC(=O)C1=C(C)Nc2[nH]c(=S)[nH]c(=O)c2C1c1ccccc1F,0
Cl.Oc1ccc2[nH]c3ncnc(N4CCCC(O)C4)c3c2c1,0
O=C1C=CC(=O)c2c1ccc1c2c(=O)oc2ccccc21,0
N#Cc1ccc(-c2ccc3c(c2Cl)CN2CC(=O)NC2=N3)cc1,0
O=c1[nH]c(-c2cc(F)c(O)cc2F)nc2ccccc12,0
O=c1cc(-c2ccccc2)oc2c(O)c(O)cc(F)c12,0
CC(=O)O[C@@H]1C[C@H]2[C@H](O)/C=C/C(=O)O[C@@H](C)CCC/C=C/[C@@H]2C1,0
N#Cc1c(O)ncc2c1Nc1cc(Cl)ccc1S2(=O)=O,0
CCN1C(=O)/C(=C2\SC(N3CCCCC3)=NC2=O)c2ccccc21,0
CC1Sc2sccc2-c2nc(-n3cnn(C)c3=O)sc21,0
N#Cc1c(-c2ccc(Br)cc2)[nH]c(=S)[nH]c1=O,0
Nc1ncc2c(n1)-c1ccccc1OC2N1CCCCC1,0
O=C(c1cnc2ccc(S(=O)(=O)N3CCC4(CC3)OCCO4)cc2c1O)N1CCOCC1,0
CN1C(=O)Cn2c1nc1nc(N3CCC[C@@H](N)C3)n(Cc3cc(F)ccc3C#N)c1c2=O,0
NS(=O)(=O)c1ccc(N2S(=O)(=O)c3ccccc3S2(=O)=O)c(Cl)c1,0
Cc1ccc2c(c1)[nH]c(=O)n2CC(=O)Nc1ccc2c(c1)C[C@]1(C2)C(=O)NC(=O)N1C,0
O=C(O)C(F)(F)F.O=C([C@@H]1COC[C@H]2CN(C3CCOCC3)C[C@H]21)N1CCCO1,0
NC(=O)N1CCC2(CC1)CN(Cc1cccnc1)C(=O)CO2.O=C(O)C(F)(F)F,0
CCOC(=O)N1CCN(C(=O)c2ccc3c(c2)NC(=O)C(N2CCOCC2)S3)CC1,0
CNC(=O)CN1CC[C@H]2CN(C(=O)c3cccn3C)C[C@H]2C1.O=C(O)C(F)(F)F,0
Cc1c(C(=O)N2CCN(C3CCC3(F)F)CC2)nnn1-c1nn2cccc2c(=O)[nH]1,0
O=C1NC(=O)C2(CCS(=O)(=O)N2c2ccc(Oc3ccc(F)cc3)nc2)C(=O)N1,0
CC1(C)Cc2c(Cl)cccc2C=[N+]1[O-],0
Cc1nnsc1Sc1ccccc1,0
Cc1ccc2ccc(C#N)cc2c1O,0
c1ccc(C2=NNC(c3ccccc3)C2)cc1,0
O=C(Nc1nccs1)c1cccc(F)c1,0
CC(C)(C)OC(=O)Oc1cccc(CC#N)c1,0
N#Cc1ccc(-c2ccc(-n3ccnc3)cc2)cc1,0
Cc1oncc1/C(S)=N/c1ccc(C#N)cc1,0
C=C1C(=O)[C@H]2O[C@]23C[C@H]2CC(C)(C)C[C@H]2[C@]13C,0
[O-]/[N+](=C\c1ccccc1)c1ccccc1,0
COc1ccc(/C=C/C(=O)/C=C(O)/C=C/c2ccc(CO)o2)cc1,0
CCCCOc1cnc(C(=O)Nc2cccc(C3(C)CCSC(N)=N3)c2)cn1,0
CCCCNc1nc(N)nc2ccc(Cc3ccc(CCN(C)C)cc3)nc12,0
CCN(CC)C(=O)c1ccc(NC(=O)CNc2ccc(F)cc2Cl)cc1,0
CC(C)OCCCNC(=O)c1csc(Nc2ccc(Cl)c(F)c2)n1,0
CC(C)C[C@H](NC(=O)[C@@H]1Cc2ccccc2CN1)C(=O)Nc1ccc(C(C)C)cc1,0
Cc1ccc2nc(C(=O)NCc3ccc(Cl)cc3)nc(NCCN(C)C)c2c1,0
Cc1cc(N)nc(CCc2cc(C#N)cc(NCCc3ccccn3)c2)c1,0
O=C(O)C[C@H](C(=O)N1CC[C@@H](CCc2ccc3c(n2)NCCC3)C1)c1cccs1,0
C#Cc1cc(Oc2cnc(NC(=O)CCC)nc2N)c(C(C)C)cc1OC,0
Clc1ccc(CCNCCCOc2ccc3c(c2)CCCN3Cc2ccccc2)cc1,0
CCC(C(=O)O)C1CCc2cc(OCCc3nc(-c4ccccc4)sc3C)ccc21,0
C=CCC(OC(=O)Cc1ccc(SCc2ccccc2C(=O)O)cc1)c1ccccc1,0
CC(C)(CCCOc1ccc(/C=C/c2ccccc2)cc1Cl)C(=O)O,0
CCCCc1ncc(/C(C)=C(\Cc2ccccc2)C(=O)O)n1Cc1ccccc1Cl,0
COc1ccc2nc3cc(Cl)ccc3c(NCCCCCCCCN)c2c1,0
CCO[C@@H](Cc1ccc(OC/C=C(\C)c2ccc(-c3ccccc3)cc2)cc1)C(=O)O,0
CCCCCCCCCS/C(S)=N/NC(=O)c1ccc(Cl)cc1,0
C[C@H]1CN(c2ccccc2-c2ccccc2)CCN1CCCCCC(=O)NCc1ccccc1,0
CCCCCCN1CCCN(Cc2ccc(C(=O)Nc3ccc(C(C)(C)C)cc3)cc2)CC1,0
C=CC(=O)Nc1cccc(Oc2nc(Nc3ccc(CN4CCN(C)CC4)cc3)ncc2Cl)c1,0
COc1ccc(/C=N/NC(=O)c2sccc2OCc2ccc(F)cc2)cc1OC,0
COc1cccc(-c2nc(C(=O)N[C@@H](CC(=O)O)c3ccc(C)cc3)ccc2OC)c1,0
Cc1ccc(C2CC(=O)C(/C=N/CCN3CCN(C(=S)Nc4ccccc4)CC3)=C(O)C2)cc1,0
COc1ccc(-c2ccc(C(O)Cc3cc(OC)c(OC)cc3[N+](=O)[O-])cc2)cc1,0
COc1ccc(OC)c(NC(=O)c2cccc(-c3nc(-c4ccc(F)cc4)no3)c2)c1,0
CCCS(=O)(=O)c1cccc(C#Cc2c(OCC(=O)O)cccc2-c2sc(C)nc2C)c1,0
Cc1cccc(C(=O)NCc2ccc(-c3n[nH]c4c3Cc3cc(CN5CCN(C)CC5)ccc3-4)s2)c1,0
COc1ccccc1N1CCN(CCN(C(=O)C2CCC(C[18F])CC2)c2ccccn2)CC1,0
COc1ccc(Cl)cc1NC(=O)CN(c1cccc(C)c1C)S(=O)(=O)c1ccccc1,0
COc1ccc(N2C[C@@H](C)N[C@@H](C)C2)cc1NS(=O)(=O)c1ccc(-c2ccc(C)o2)cc1,0
Cc1cc(N(CC(=O)NC2CCCCC2)CC(=O)NC2CCCCC2)c2ccccc2n1,0
COc1ccc(N(C)S(=O)(=O)c2cccc(C(=O)NC3CCCC(C)C3C)c2)cc1,0
COc1cc(/C=C2/SC(=S)N(CCC(=O)Nc3ccccc3)C2=O)cc(OC)c1OC,0
O=C(O)COc1ccc(CC2=C(n3ccc4ccccc43)c3ccccc3C(=O)C2=O)cc1,0
Nc1cccc(C(=O)Nc2ccc(C(=O)OCC(=O)c3ccc(Cl)cc3)cc2)c1,0
Cc1ccc(NC(=O)c2ccnc(C(C)(C)C#N)c2)cc1-c1ccnc(N2CCO[C@H](CO)C2)c1,0
O=C(CCCCCn1cc(C(=O)Nc2nc3ccccc3s2)c(=O)c2cc(F)ccc21)NO,0
Cc1c(OC(C)C(=O)N[C@H](C(=O)O)c2ccccc2)ccc2c3c(c(=O)oc12)CCCC3,0
CCOc1ccc(N2C(=O)C(CC(=O)Nc3ccccc3)N(Cc3ccccn3)C2=S)cc1,0
COc1ccc(-n2c(Cc3cccn3C)nnc2SCC(=O)NCc2ccc(F)cc2)cc1,0
COc1cc(OC)c2c(=O)cc(C(=O)NCCC3CCN(Cc4ccccc4)CC3)oc2c1,0
COC[C@H](C)Oc1cc(C#Cc2cccc(OCCN3CCCC3)c2)cc(C(=O)Nc2ccn(C)n2)c1,0
CCCCCc1ccc(S(=O)(=O)NCCc2c[nH]c3cc(C(=O)O)ccc23)cc1,0
COc1ccc(CNC(=O)[C@@H](Cc2ccc3c(c2)OCO3)[C@@H](CO)Cc2ccc3c(c2)OCO3)cc1,0
COCCNCCC(=O)Nc1sc2c(c1-c1nc3cc(C)ccc3s1)CCNC2,0
COc1cccc(CNC(=O)c2cn(Cc3ccc(Cn4ccccc4=O)cc3)nc2C2CC2)c1F,0
COc1ccc(NC(=O)CCCn2c(=O)c3sccc3n(Cc3ccccc3)c2=O)cc1,0
COc1cc2nc(-c3ccsc3)cc(OCCCN3CCC(O)CC3)c2cc1OC,0
O=C(NCC1CCCO1)C(c1cccnc1)N(C(=O)Cc1cccs1)c1ccccc1,0
CC(=O)N[C@@H](C)c1ccc(O[C@@H]2CCN(c3cc(OCC(C)C)ncc3C#N)C2)cc1,0
COc1cc2c(cc1OC)C(C)(CCCN1CCN(c3ccccc3OC)CC1)OCC2,0
O=C(OCc1ccccc1)C(=Cc1cc(=O)[nH]nc1-c1ccccc1)C(=O)OCc1ccccc1,0
CC(C)Oc1ccc(Oc2ccc(S(=O)(=O)C3(C(=O)NO)CCN(C4CC4)CC3)cc2)cc1,0
COc1ccc(SCC(O)COc2ccc3oc4ccc(C(=O)O)cc4c(=O)c3c2)cc1,0
Cc1cc(CN2CCCCC2)ccc1C(=O)Cn1ccc(OCc2ccc(F)cn2)cc1=O,0
CCO[C@H]1CC[C@@](CS)(C(=O)N[C@@H](Cc2cccnc2)C(=O)Nc2ccccc2)CC1,0
Cc1cccc(CN(CC(=O)N/N=C/c2cccs2)S(=O)(=O)c2ccc(Cl)cc2)c1,0
COCCn1c(SCC(=O)c2ccccc2)nc2cc(C(=O)NC3CCCC3)ccc2c1=O,0
O=C(CCCCC1CCSS1)O[C@@H]1CO[C@H]2[C@@H]1OC[C@@H]2OC(=O)NCc1ccccc1,0
COC(=O)[C@@H]1C[C@@H](NC(=O)c2ccc(OC)cc2OC)CN1CC(c1ccccc1)c1ccccc1,0
COc1cnc(-c2ccc(Cl)cc2CCNC(=O)c2ccc(COCC(F)(F)F)nc2)cn1,0
COc1ccc(NC(=O)/C=C/c2ccccc2Cl)cc1OCCN1CCC(NC2CC2)CC1,0
CNC(=O)c1cccc2cc(Oc3ccnc(NC(=O)c4ccc(OCCN5CC(F)C5)cc4)c3)ccc12,0
CN(CC(=O)Nc1cccc(F)c1)C(=O)c1ccccc1OCCOc1ccccc1,0
C=CC(=O)N(c1ccc(Cl)cc1F)c1ncnc2cc(OC)c(OCCCN3CCOCC3)cc12,0
COc1ccc(OC)c2sc(N(CCCn3ccnc3)C(=O)COc3ccccc3)nc12,0
Cc1ccc(CNC(=O)CCCCn2c(=O)c3ccccc3n(Cc3ccc(Cl)cc3)c2=O)cc1,0
N#Cc1ccc(OCCCCCCn2cc(/C=C3\NC(=S)NC3=O)c3ccccc32)cc1,0
CCCCCCN1CC(=O)N(C)[C@@H](Cc2ccc(-c3cc(OC)c(OC)c(OC)c3)cc2)C1=O,0
O=C(Nc1ccc(Oc2ccc(F)cc2)cc1)[C@H]1C[C@H](Cc2ccc(F)cc2)CN1C(=O)Cn1ccnn1,0
CCOC(=O)c1csc(-c2nc(CCNC(=O)c3ccccc3)sc2Cl)n1,0
O=C1c2c(Cl)c(Cl)c(Cl)c(Cl)c2C(=O)N1CCCCN1CCN(c2ncccn2)CC1,0
COc1ccc(NC(=O)Cn2c(=O)n(Cc3ccccc3)c(=O)c3oc4ccccc4c32)cc1Cl,0
COc1cc2c(cc1OC)CN(C(=O)CSc1nnc3scc(-c4ccccc4)n13)CC2,0
O=S(=O)(c1ccc(Br)cc1)c1nc(-c2ccco2)oc1NCCCn1ccnc1,0
CS(=O)(=O)c1ccc(-n2nc(COc3ccc4c(c3)OCO4)cc2-c2ccccc2)cc1,0
O=C(/C=C/c1cccc2ccn(Cc3ccc4c(c3)OCO4)c12)NS(=O)(=O)c1cccs1,0
CCCCn1cc(COC(=O)[C@H](C)[C@@H]2CCc3c(C)cc(OC(C)=O)c(C)c3C2)nn1,0
COc1ccc(C(=O)Cn2c3c(c(=O)n4nc(-c5ccccc5)cc24)CN(C2CCCCC2)C3=O)cc1,0
COc1ccc2c(OC)ccc(CNCCCCCCNCc3ccc(OC)c4ccc(OC)cc34)c2c1,0
CO[C@H]1O[C@H](COCc2ccccc2)[C@@H](OCc2ccccc2)[C@H](OCc2ccccc2)[C@H]1OCc1ccccc1,0
O=C(O)CCC(=O)N(CCc1ccccc1OCc1ccc(CCc2ccccc2)cc1)Cc1ccc(C(=O)O)cc1,0
CCOP(=O)(OCC)C(CCC(=O)c1cccc(Br)c1)P(=O)(OCC)OCC,0
CCC(=O)NCCN(C)c1cccc(OCCCCCCNC(=O)Oc2cccc(-c3ccccc3)c2)c1,0
CCCCOP(=O)(CC(CCc1ccccc1)NS(=O)(=O)c1ccc(C)cc1)OCCCC,0
c1ccc(Cn2c(CCCCc3nnc(COc4ccccc4)n3Cc3ccccc3)nnc2COc2ccccc2)cc1,0
CCCCCC(C)N(Cc1ccc(OCC(C)C)cc1)C(Nc1ccc(N(C)C)cc1)=C1C(=O)OC(C)(C)OC1=O,0
COc1ccccc1/C=C/CCCCOc1ccc(C(=O)c2cccc(C(=O)O)c2)cc1CCC(=O)O,0
COc1cc(NC(C)CCCN(Cc2ccccc2OC)C(=O)COCc2ccccc2)c2ncccc2c1,0
CCOC(=O)Cn1nc(C)c(NC(=O)COc2cccc(Cl)c2)c1C,0
CCN(CCc1ccc(O)c(OC)c1)Cc1cccc(O)c1OC,0
O=C(COC(=O)/C=C/c1ccc(OC(F)F)cc1)NC1CCCC1,0
Cn1cnnc1SCC(=O)NCCC(c1ccccc1)c1ccccc1,0
CCOC(=O)C(Cc1cc(C(C)=O)ccc1OC(C)C)C(=O)OCC,0
O=C(NCCS)/C(Cc1ccc(OCc2ccccc2)cc1)=N\O,0
COc1ccccc1S(=O)(=O)Cc1ccc(C(=O)NCCN2CCCCCC2)o1,0
COCCO/C(O)=C1\C(C)=NC(C)=C(C(=O)OCCSC)C1C,0
CCCN(CC(O)Cn1c2ccccc2c2ccccc21)S(C)(=O)=O,0
O=C(NCC1CC1)c1onc(CSc2ccncc2)c1C(=O)NCC1CC1,0
OCCN1CCN(c2cccnc2Oc2ccc(Nc3ccccn3)cc2)CC1,0
Cc1ccc(NC(=O)CSCC(=O)N(C)CC(=O)Nc2c(C)cccc2C)cc1,0
CC(C)(O)[C@H](F)CNC(=O)c1cnc(-n2ccc3cc(Cl)cnc32)cc1NC1CCC1,0
CC(C)C[C@H](N)C(=O)OCc1ccc(-c2cccc3c(=O)cc(N4CCOCC4)oc23)cc1,0
COc1cccc(S(=O)(=O)Nc2cccc(-n3ncc(C(=O)O)c3C3CC3)c2)c1,0
COc1ccccc1NC(=O)[C@H](COCc1ccccc1)NC(=O)OC(C)(C)C,0
CN(C)CCCNc1cc(N(C)C(=O)Nc2c(Cl)cccc2Cl)ncn1,0
COCCOc1nc(-c2ccc(Cl)c(Cl)c2)n(-c2ccc(NC(=O)CO)cc2)n1,0
O=C(CCc1cccc(F)c1)N(Cc1nc2c(c(=O)[nH]1)COCC2)Cc1cccs1,0
COc1ccc2c(c1)[C@H]1OCCN(CCCCNC(=O)c3ccccc3)[C@@H]1CO2,0
CCCc1nnc(SCC(=O)Nc2nc(C)cs2)n1CCOC,0
CCOC(=O)Cc1cc(O)cc2oc(CCCCCC(C)O)cc(=O)c12,0
CCC(CN(C)C)C(=O)c1ccc(OCC(=O)O)cc1.Cl,0
COc1cc(NC(C)CCCNc2c(OC)c(=O)c2=O)c2ncccc2c1,0
O=C1CCCN1CCC1CCCCN1C(=O)c1ccc(SCCO)cc1,0
COc1ccc(/C=N/CCC/N=C/c2ccc(OC)cc2O)c(O)c1,0
C#Cc1cc(Oc2cnc(NCCN(C)C)nc2N)c(C(C)C)cc1OC,0
COc1ccc(C(=O)CCC(=O)NCc2ncc(C)s2)cc1F,0
COc1ccc(/C=C/C(=O)NCCn2c(=O)oc3cc(OC)ccc32)cc1,0
O=C(NCCCCCn1cncn1)c1ccc(Br)cc1,0
O=C(CS)NCCCCCC(=O)Nc1ccc2ncccc2c1,0
OC(COCc1ccc(CN2CCOCC2)cc1)CN1CCc2ccccc2C1,0
COC[C@@H]1[C@H](C(=O)NCCCN2CCCC2=O)CCCN1Cc1ccccc1,0
CN(C)C(CNC(=O)CCNC(=O)OCC(F)(F)F)c1ccsc1,0
O=C1NC(=O)C(COCc2ccccc2)(COCc2ccccc2)N1,0
COCCC(=O)NC[C@H]1CC[C@H](C(c2ccccn2)N(C)C)CC1,0
COc1ccccc1N(CCC(N)=O)C(=O)CN[C@H](c1ccncc1)C(C)C,0
CCN(CC)c1ccc(/C=N/NC(=O)CCC(=O)NCc2ccccc2)c(O)c1,0
CC(C)OCCCNC(=O)CS(=O)(=O)Cc1ccc(C(C)C)cc1,0
CC(C)c1ccc(CCCN2CC=C(CCC(=O)NO)C2=O)cc1,0
CCC(COC)NC(=O)CCc1nnc(Cc2cccc(C(F)(F)F)c2)o1,0
CC(C)CN(CCc1ccc(Cl)cc1)C1CCN(c2nc(N)n[nH]2)CC1,0
COc1ccccc1OCC(=O)NCc1c(C)nn(-c2ccccc2)c1C,0
COc1ccc(C[C@@H](O)/C=C/C=C/C(=O)NCc2ccccc2)cc1OC,0
COCCO[C@H]1C[C@H](NC(=O)c2cc(-c3cncs3)cc3[nH]ccc23)C1,0
COc1ccccc1C(C)NS(=O)(=O)NC(=O)OCc1ccccc1,0
CN(C)CCOc1ccc(C(=O)N/N=C/c2cccc(Cl)c2)cc1,0
CCOC(=O)c1c(C)[nH]c(CCC(=O)NCc2ccc(OC)cc2OC)c1C,0
C[C@@H]1[C@@H](OC[C@H]2[C@H](C)[C@@H](OCCc3ccccc3)O[C@@H]2C)O[C@H](C)[C@H]1CO,0
COc1ccc(OS(=O)(=O)c2ccc(NC(=O)NCCCl)cc2)cc1,0
COCCS(=O)(=O)NC(=O)c1cnc(OCC23CC4CC(CC(C4)C2)C3)c(C2CC2)c1,0
COCC(COC)Nc1nc(N[C@H](C)C2CC2)nc(-c2cccc(C(F)(F)F)n2)n1,0
COCCCOc1nc(C(C)(C)C)ccc1CNC(=O)C(C)c1ccc(NS(C)(=O)=O)c(F)c1,0
CCc1cc(-c2nnc(-c3cc(C)nc(N(CC)CC)c3)o2)cc(C)c1OC[C@@H](O)CO,0
CC(C)[C@H](NC(=O)c1ccc2ccccc2n1)C(=O)N[C@@H](CC(=O)O)C(=O)COc1c(F)cccc1F,0
Cc1ccc(C[C@H](O)/C=C/[C@H]2CCC(=O)N2CCSc2nc(C(=O)O)cs2)o1,0
CCn1c(C(O)(c2ccccc2)c2ccccc2)nc2ccc(C(=O)NC[C@H](O)COC)cc21,0
COc1cc(/C=C/C(=O)NC(NC(=S)Nc2ccccn2)C2CC2)cc(OC)c1OC,0
COc1cc(OC)cc(N(CCN2CCC[C@@H]2CO)c2ccc3ncc(-c4cnn(C)c4)nc3c2)c1,0
COc1cc(/C=N/NC(=O)CSCc2ccc([N+](=O)[O-])cc2)cc(OC)c1OC,0
COc1ccc(NC(=O)C/C(C)=N/NC(=O)C(=O)NC2CCCCC2)c(OC)c1,0
NCCCC(Cc1cn([C@H]2CC[C@H](Oc3ccncc3)CC2)cn1)C(=O)O,0
Oc1ccc([C@@]2(Cn3ccnc3)OC[C@H](Cn3cc(C(O)c4ccccc4)nn3)O2)c(F)c1,0
CCC[C@H](NC(=O)Cc1cc(F)cc(F)c1)C(=O)Nc1ncc(CN2CCOCC2)s1,0
O=S(=O)(CCCOc1ccc2c(c1)OCO2)NCCc1c[nH]c2ccccc12,0
COc1cccc(C(=O)NCCCCN2CCc3ccc([N+](=O)[O-])cc3C2)c1O,0
COc1cc(C(NC(=O)N[C@@H](CC(C)C)C(=O)OC(C)C)C(=O)O)ccc1O,0
COc1ccc(CCNC(=O)[C@H](C)NC(=O)[C@@H]2CSC3c4ccccc4C(=O)N32)cc1,0
Cc1ccn(CC(=O)Nc2ccc(CCNC[C@H](O)c3cccnc3)cc2)n1,0
CC(=O)NC(Cc1cccc(F)c1)C(=O)NC1CCN(c2ncccc2[N+](=O)[O-])CC1,0
Cc1c(C(=O)N(C)[C@H]2CCCc3c2cnn3C)cnn1C(C)C,0
Cn1cc(C(=O)NCc2ccccc2)c2ccccc2c1=O,0
Cc1cc(C(=O)O)cc2c(=O)c3ccccc3oc12,0
CN(CCO)C(=O)Nc1cc(Cl)c(Cl)cc1F,0
O=S(=O)(Nc1ccc(Cl)cc1Cl)C1CCCCC1O,0
Cc1cc(O)nc2c1c(C)nn2C1CCOC(C)(C)C1,0
Cc1nn(Cc2ccccc2)c(=O)c2c(N)scc12,0
c1cnc2ncc(-c3ccnc4[nH]ccc34)n2c1,0
O=C(O)c1cc(C(=O)O)c2c(Br)cccc2n1,0
O=C1OC(c2ccccc2)=NC1=Cc1ccc([N+](=O)[O-])cc1,0
O=C(Cn1ccc2c(Cl)cccc21)Nc1nc[nH]n1,0
COc1ccc2c(c1)CN(c1cc(C)nc(N)n1)CC2,0
O=C(Nc1nccs1)c1cn2ccccc2n1,0
CC(C)OC(=O)N1CC(=O)Nc2ccccc21,0
Cc1cc(NC2Cc3cc(F)c(F)cc3C2)n2ncnc2n1,0
CCC1CCC(C)N1C(=O)NCc1nnc2n1CCC2,0
CCc1nnc(/N=C/C2=C(O)OC(C)(C)OC2=O)s1,0
COC1CCN(C(=O)c2cc(C3CC3)[nH]n2)CC1,0
CC(=O)Nc1sc2c(c1-c1ncco1)CCNC2,0
CCOC(=O)N1CCC(n2cc3[nH]cccc-3c2=O)CC1,0
CCc1cccc(CC(=O)NC2CCN(C(=O)NC(C)(C)C)CC2)c1,0
CC(C)c1ccn2ncnc(N[C@H]3CC[C@H](N4CCOCC4)CC3)c12,0
COC(=O)COc1ccc2c(c1C)O/C(=C\c1ccco1)C2=O,0
Cc1nc([C@H](NC(=O)C(C)(F)F)c2ccc(Cl)c(F)c2)no1,0
O=C(CS(=O)(=O)c1ccccc1)Nc1nc(-c2ccccc2)cs1,0
CCOC(=O)c1c(C2CCN(C(=O)OCC)CC2)nc2ccccn12,0
O=C(NCCCn1ccc2ccccc21)Nn1cnc2ccccc21,0
Cn1cc(Cl)c(C(=O)N/N=C/c2ccc3c4c(cccc24)CC3)n1,0
Cc1cc(N2CCN(C(=O)c3ccc(F)cc3)CC2)nc(NC(C)C)n1,0
CN(C)c1ccc(NC(=O)Nc2ccnc3cccnc23)cc1,0
COC(=O)Cn1c(-c2ccncc2)nc2c(C(N)=O)cccc21,0
CNc1ncccc1C(=O)N[C@@H]1CCOC[C@@H]1Oc1ccc(C)nc1,0
COc1cccc(C(=O)O/N=C(\N)c2ccncc2)c1OC,0
O=c1cc(N2CCOCC2)nc(Cc2nc3ccccc3[nH]2)[nH]1,0
COc1ccc(NC(=O)C(=O)NNC(=O)c2cccs2)cc1,0
CC(=O)Nc1nc(C)c(-c2nc(CCCO)no2)s1,0
NS(=O)(=O)c1ccc(NC(S)=NNC(=O)c2cccs2)cc1,0
Cc1nc(C)c(C(=O)Nc2cccc(S(N)(=O)=O)c2)nc1C,0
CCN1CCc2c(sc(NC(=O)NCC3CCCO3)c2C(N)=O)C1,0
CCNC(=O)Nc1nc2cc(-c3cccnc3)cc(C(=O)N(C)C)n2n1,0
CCOC(=O)c1sc(-c2cccc(C)n2)nc1O,0
COC(=O)NC(c1cccc(C)c1)[C@]1(C(C)=O)CCCC1=O,0
CCC1(O)CCN(C(=O)c2ccc3cc[nH]c3c2)CC1,0
Cc1csc(N2CCCN(C(=O)c3ccoc3)CC2)n1,0
O=C(COC(=O)c1ccc(Br)cc1)NC1CCCC1,0
COCc1cc(C)nc2sc(C(=O)N3CCCCC3)c(N)c12,0
CCc1cc(N=[N+]=[N-])cc(CC)c1NC1=NCCN1,0
Cc1ccc(C(=N)NOC(=O)/C=C/c2ccccc2)cc1,0
C=CC1(C)CN(Cc2ccco2)S(=O)(=O)c2c(F)cccc2O1,0
O=C1C(N2CCN(c3ccccc3)CC2)=CC(=O)c2c(O)cccc21,0
CN(C)C(=O)Nc1ccccc1OC(=O)N(C)C,0
Cn1ccc2c(ccn2CC(=O)Nc2ccccc2F)c1=O,0
Cc1ccnc(CNC(=O)N2CCOCC(F)(F)C2)c1,0
COc1ccc(-c2c3cc4c(cc3cc(=O)n2N)OCO4)cc1,0
CN(C)C(=O)c1cn[nH]c1C1(C)CCN(c2ncccn2)CC1,0
c1ccc(-c2noc([C@@H]3Cc4nc[nH]c4CN3)n2)cc1,0
C[C@@H](c1nnnn1C1CC1)N1CCC(n2ccnc2)CC1,0
COc1ccc(C(C#N)N2CCN(C)CC2)cc1OC,0
CCCNC(=O)c1cc(C2CCCCN2C(=O)OC)on1,0
Cc1cc(NC(=O)CN2CCCC[C@@H]2C)n(C)n1,0
CCn1ncc(C#N)c1NS(=O)(=O)c1cc(C)c(Cl)s1,0
Cc1ccc(C(=O)NCCNc2nccc(-n3ccc4cccnc43)n2)cc1,0
Oc1nc2n(c3nc(Cc4ccccc4)nc1-3)C[C@@H](Cc1ccccc1)N2,0
CCOC(=O)C1CCN(C(=O)c2ccc(Cl)c([N+](=O)[O-])c2)CC1,0
CCOC(=O)[C@@H]1C2C(C)CC(C[C@@H]1OC(=O)c1ccccc1)N2C,0
CN(C)CCN1C(=O)c2cccc3cc4ccc([N+](=O)[O-])cc4c(c23)C1=O,0
COCC1CCN(C(=O)c2cn(Cc3ccccc3C(F)(F)F)nn2)C1,0
CCN1CCC(N(C)C(=O)Nc2ccc(N3CCOCC3)cc2C)CC1C,0
COC(=O)c1ccc(SCC(=O)N2CCC(C)CC2)c([N+](=O)[O-])c1,0
CCCn1c(=O)c2nc([C@H](C)c3ccccc3)[nH]c2n(CCC)c1=O,0
CCOC(=O)Cc1csc(N/N=C(\C)c2cccnc2)n1,0
CC(=O)NC[C@H]1CN(c2ccc([S+]([O-])C(F)(F)F)cc2)C(=O)O1,0
CC(C)c1nnsc1CN1CCCn2nc([C@@H](O)CN(C)C)cc2C1,0
O=C(CCc1ccco1)Nc1ncn(CC(=O)N2CCCCCC2)n1,0
CN(C)S(=O)(=O)c1cc([N+](=O)[O-])ccc1N1CCCCCC1,0
O=C(Nc1cnccn1)[C@H]1CC[C@@H]2[C@@H](CCN2Cc2ccoc2)O1,0
Cc1cccc(-n2ncc(C(=O)Nc3ccc([C@H]4CNCCO4)cc3)n2)c1,0
COCc1noc(CCC(=O)c2ccc3c(c2)OCCO3)n1,0
O=C(NCC1CCC(c2ccnc3ncnn23)CC1)C1CC1,0
CCc1ncc2c(n1)CN(C(C)C(=O)Nc1ccc(Cl)cn1)CC2,0
C#Cc1cccc(/N=C/c2cc([N+](=O)[O-])ccc2O)c1,0
CCOC(=O)c1ccc(NC(=O)CN2Cc3ccccc3C2=O)cc1,0
Cc1cc(C(=O)N2CCCCC2C)ccc1NCCCO,0
CN1C(=O)NC(C)(C2CCCN(CCc3ccccc3Cl)C2)C1=O,0
CCn1ncc(Br)c1C(=O)N(C)CCc1nccs1,0
C[C@@H](CN1CCCCCC1)NCc1ccc2nonc2c1,0
OC1(CN2CCCC2)CCCN(Cc2cnc(-c3ccccc3)nc2)C1,0
Cc1cc(CN2CCC3(CC2)COC(COc2ccccn2)C3)no1,0
O=C(NCCn1ccc(-c2ccc(F)cc2)n1)N1CCCC1,0
CCn1c(C(=O)NC2CCCC2)cc2cc(S(=O)(=O)N(C)C)ccc21,0
CC(C)C(OC(=O)C1CCCO1)C(=O)NC1CCCC1,0
CC(C)CN1CCN(C(=O)c2[nH]nnc2Nc2ccccc2F)CC1,0
CCN(Cc1ccoc1)c1ncc(S(N)(=O)=O)s1,0
Cc1cnn(-c2ccc(S(=O)(=O)N(C)CC(F)F)cc2F)c1,0
Cc1ncc(C(=O)NCc2nc(C(C)(C)C)no2)cn1,0
Cc1ccccc1OCc1nc2c3cnn(C)c3ncn2n1,0
CCc1nnsc1C(=O)Nc1cnccc1-n1ccnc1,0
O=C(O)CS(=O)(=O)c1ccc(-c2ccc3c(c2)OCO3)cc1,0
CCCc1nc2c(nnn2-c2cccc(OC(C)C)c2)c(=O)[nH]1,0
C=CCNC(=O)c1ccc(N[C@H]2CC(=O)N(C(C)(C)C)C2)nc1,0
COc1cccc(Cn2c(=O)cnc3cnc(Nc4ccccc4)nc32)c1,0
CC(C)(C)CC(=O)N1[C@@H](COc2ccc([N+](=O)[O-])cc2)COC1(C)C,0
COc1cc2nc3c(c(C)nn3C)c(NCCCN(C)C)c2cc1OC,0
O=C1c2ccccc2C(=O)N1CCCN1CCN(c2ccccc2)CC1,0
CC(C)n1ncc2c(C(=O)NCc3cn(-c4cccc(F)c4)nn3)cccc21,0
Cc1ccn2c(C(=O)NCCOc3ccccc3)c(C)nc2c1,0
COc1ccc(OC)c2sc(N(Cc3cccnc3)C(C)=O)nc12,0
CCn1nc(C)c(CNc2nnc([C@@H]3Cc4ccccc4O3)o2)c1C,0
CSc1nsc(SC)c1NC(=O)OCC1CCCO1,0
O=C(NCCS(=O)(=O)Cc1cccc(O)c1)c1c(Cl)cccc1Cl,0
COc1cc(OC)cc(C2(O)CCN(Cc3ccon3)CC2)c1,0
O=C(CNC(=O)C1COc2ccccc2O1)N/N=C\c1ccccc1Cl,0
CCOC(=O)c1c(OC)c(-c2ccc(OC)cc2)cn(C)c1=O,0
Cc1noc(CCCC(=O)NC(C)c2nnc3n2CCCCC3)n1,0
CCCNC(=O)CN1C(=O)CCn2nc(-c3ccc(Cl)cc3)cc21,0
CCOC(=O)Cn1ccc(NC(=O)COc2ccc(F)cc2F)n1,0
COC(=O)c1ccc(NC(=O)CN2CCN(c3ccccc3C)CC2)cc1,0
COc1ccc(-c2cc(C(=O)NCC3CCCO3)on2)cc1OC,0
COc1cccc(C(=O)NS(=O)(=O)c2ccc(NC(C)=O)cc2)c1,0
O=C(Cn1cnc2c(NCc3ccccc3)ncnc21)NCc1ccccn1,0
Cc1ccc(-c2noc(Cn3cnc4ccccc4c3=O)n2)cc1,0
CC(=O)N1C(c2ccc(C)cc2)SC(C)(C)C1C(=O)O,0
O=C(Nc1cccnc1)c1ccnc2[nH]c(-c3ccc(F)cc3)nc12,0
Clc1cccc(-c2c[nH]c3ccnc(N4CCOCC4)c23)c1,0
CN(c1ncc(-c2ccccc2)s1)C1CCN(C#N)C1,0
O=C1OC(c2ccccc2)C(C(=O)c2ccc(Cl)cc2)=C1O,0
C[C@]1([C@@H](O)c2ccc(Cl)cc2)NC(=S)N(c2ccc(Cl)cc2)C1=O,0
COC(=O)C1(Cc2ccccc2)CC(=O)OC12CCCCC2,0
C[C@@H]1CN(c2ccc3c(N)nncc3c2)CCN1c1cccc(F)c1,0
Cc1cc(C)cc(Oc2ccc(/C(=N/O)n3cnc(C)c3)cn2)c1,0
Cc1ccc(CN2CCC[C@@H]3CN(C(=O)c4ccco4)C[C@@H]32)o1,0
CC[C@@]12CC[C@H]3[C@H](C)CC[C@H]4CC(=O)O[C@H](O1)[C@]43OO2,0
CC(=O)Nc1ccc(Cc2n[nH]c(=O)c3ccccc23)cc1,0
CC1(C)CN(c2ccc3c(n2)NC(=O)CO3)[C@H](c2ccccc2)CO1,0
Cc1cc(Cn2c(=O)c3c(C)ncn3c3ccccc32)no1,0
CCOC(=O)c1cc2c3ccc(Cl)cc3nc(O)n2n1,0
Cc1cc2cc(S(=O)(=O)N3CCCC3(C)C)ccc2[nH]c1=O,0
COc1ccc(N/C(C)=C2\C(=O)C=C(C)OC2=O)cc1,0
CO.Cc1ccc(C2=NCN(c3ccc(C(=O)O)cc3)C(S)=N2)cc1,0
Cc1ccn2c(=O)c(C(=O)NCc3ccc(F)cc3)cnc2c1,0
CCCN1C(=O)SC(CC(=O)Nc2ccc(Br)cc2)C1=O,0
CC1(C(=O)Nc2ccc3[nH]cnc3c2)CCN1C(=O)C/C=C/c1ccccc1,0
O=C1NC2(CCN(CCc3c[nH]c4ccc(F)cc34)CC2)CN1Cc1ccccc1,0
O=C(c1ccccc1)N1CC(COc2ccccc2)OC(c2ccco2)O1,0
COc1ccc(-c2c(-c3ccnc(NC(C)=O)c3)[nH]c3cccnc23)cn1,0
CNc1ccc(-c2nn(Cc3ccc(C#N)cc3)c(=O)c3ccccc23)c(F)n1,0
CC1(O)OC(=O)C(c2ccc3ccccc3c2)=C1c1ccc(S(C)(=O)=O)cc1,0
CC(Oc1ccc(Oc2cnc3c(Cl)cccc3n2)cc1)C(=O)O,0
O=C(Cc1nnc(-c2ccc3ncccc3c2)o1)N1CCN(C2CCCCC2)CC1,0
COC(=O)[C@](C)(NCc1nc2ccccc2o1)c1cc(F)ccc1F,0
O=C(Nc1nc(-c2ccncc2)cs1)C1COc2ccccc2O1,0
O=C(NC1CCCCC1)NC1CCN(C(=O)c2ccccn2)CC1,0
CC1(C)Cc2c(sc3nc(SCC(=O)O)nc(O)c23)CO1,0
c1cnc2cc(CN3CCC(c4nnn5cnc6[nH]ccc6c45)CC3)ccc2n1,0
Oc1cc(Cc2ccc(Cl)cc2)nn1-c1cc(-c2nnn[nH]2)ccn1,0
COc1ccnc(N2CCN(c3ccc(C(F)(F)F)nn3)CC2)c1,0
Cc1cc2n[nH]c(=O)n2c2cc(-c3ccc(CN4CCN(C)CC4)cc3)ccc12,0
Cc1nn2c(N3CCCC(C(N)=O)C3)cc(-c3ccccc3)nc2c1C,0
C[C@H](NC(=O)c1cc(C(F)(F)F)nn1C)c1nc(-c2cccc(F)c2)no1,0
Cc1c(Cl)cc(C(F)F)c2nc(CCc3nc(N4CCCC4)nn3C)nn12,0
COc1ccc2ccc(=O)oc2c1C1=NN(C(C)=O)C(c2ccccc2)C1,0
Cc1cc(S(=O)(=O)c2ccc(F)c(F)c2)cc2c3c(oc12)CCNC3,0
CS(=O)(=O)c1ccc(-c2ccc3c(N4CCC4)c(C#N)cnc3c2)cc1,0
CCN1CCc2c(c(C)nn2C(=O)Nc2ccc(Br)cc2)C1,0
C/C(=C/CO)C12OOC3(OC1CC(=O)c1ccccc12)C1CC2CC(C1)CC3C2,0
O=C(O)C1=CS[C@@H]2/C(=C\c3cn4c(n3)sc3cc(Cl)ccc34)C(=O)N12,0
O=C(c1ccc(N2CCOCC2)nc1)N1CCC(c2c[nH]c3ccccc23)CC1,0
CN1CCN(C(=O)c2cc3nc(-c4ccccc4)cc(-c4ccccc4)n3n2)CC1,0
O=C(Nc1ccccc1)Nc1ccc(C(=O)N2CCOCC23CCC3)cc1,0
COC1CCN(c2nccc(/C(C#N)=C3\Nc4ccccc4S3)n2)CC1,0
