smiles,activity
CCOC(=O)C1=C(C)NC(C)=C(C(=O)OCC)C1c1ccccc1/C=C/C(=O)OC(C)(C)C,1
CCOC(=O)C1=C(C)NC(C)=C(C(=O)OCC)C1c1ccccc1/C=C/C(=O)NC(C)(C)C,1
CCOC(=O)C1=C(C)NC(C)=C(C(=O)OCC)C1c1ccccc1/C=C/C(=O)NCC(C)C,1
CCOC(=O)C1=C(C)NC(C)=C(C(=O)OCC)C1c1ccccc1/C=C/C(=O)N(CC)CC,1
CCCCN(C)C(=O)/C=C/c1ccccc1C1C(C(=O)OCC)=C(C)NC(C)=C1C(=O)OCC,1
CCOC(=O)C1=C(C)NC(C)=C(C(=O)OCC)C1c1ccccc1/C=C/C(=O)N(C)C(C)(C)C,1
CCCCCN(CCCCC)C(=O)/C=C/c1ccccc1C1C(C(=O)OCC)=C(C)NC(C)=C1C(=O)OCC,1
CCCCc1nc(Cl)c(C(=O)N[C@@H](Cc2ccccc2)C(=O)OC)n1C,1
CCCCc1nc(Cl)c(C(=O)N[C@@H](Cc2cc3ccccc3[nH]2)C(=O)OC)n1C,1
CCCCc1nc(Cl)c(C(=O)N[C@H](C(=O)O)[C@@H](C)CC)n1C,1
CCCCc1nc(Cl)c(C(=O)N[C@@H](CCSC)C(=O)O)n1C,1
CCCCc1nc(Cl)c(C(=O)N[C@@H](Cc2ccccc2)C(=O)O)n1C,1
CCCOC(=O)[C@H](CCc1ccccc1)N[C@@H](C)C(=O)N1N=C(C(C)(C)C)S[C@H]1C(=O)O,1
C[C@H](N[C@@H](CCc1ccccc1)C(=O)O)C(=O)N1N=C(C(C)(C)C)S[C@H]1C(=O)O,1
CNC(=S)C1=CC(C)(C)Oc2ccc([N+](=O)[O-])cc21,1
CNC(=O)C1=CC(C)(C)Oc2ccc([N+](=O)[O-])cc21,1
CC1(C)C=C(C(=S)NCCC#N)c2cc([N+](=O)[O-])ccc2O1,1
CC1(C)C=C(C(=O)NCCC#N)c2cc([N+](=O)[O-])ccc2O1.O,1
CNC(=S)C1=CC(C)(CF)Oc2ccc([N+](=O)[O-])cc21,1
CNC(=O)C1=CC(C)(CF)Oc2ccc([N+](=O)[O-])cc21,1
CC1(CF)C=C(C(=S)NCCC#N)c2cc([N+](=O)[O-])ccc2O1,1
CC1(CF)C=C(C(=O)NCCC#N)c2cc([N+](=O)[O-])ccc2O1,1
CNC(=S)C1=CC(CF)(CF)Oc2ccc([N+](=O)[O-])cc21,1
CNC(=O)C1=CC(CF)(CF)Oc2ccc([N+](=O)[O-])cc21,1
N#CCCNC(=S)C1=CC(CF)(CF)Oc2ccc([N+](=O)[O-])cc21,1
N#CCCNC(=O)C1=CC(CF)(CF)Oc2ccc([N+](=O)[O-])cc21,1
CNC(=S)C1=CC(C)(C(F)(F)F)Oc2ccc([N+](=O)[O-])cc21,1
CNC(=O)C1=CC(C)(C(F)(F)F)Oc2ccc([N+](=O)[O-])cc21,1
CC1(C(F)(F)F)C=C(C(=S)NCCC#N)c2cc([N+](=O)[O-])ccc2O1,1
CC1(C(F)(F)F)C=C(C(=O)NCCC#N)c2cc([N+](=O)[O-])ccc2O1,1
CNC(=S)C1=CC(C(F)(F)F)(C(F)(F)F)Oc2ccc([N+](=O)[O-])cc21,1
CNC(=O)C1=CC(C(F)(F)F)(C(F)(F)F)Oc2ccc([N+](=O)[O-])cc21,1
N#CCCNC(=S)C1=CC(C(F)(F)F)(C(F)(F)F)Oc2ccc([N+](=O)[O-])cc21,1
N#CCCNC(=O)C1=CC(C(F)(F)F)(C(F)(F)F)Oc2ccc([N+](=O)[O-])cc21,1
N#Cc1ccc2c(c1)[C@@H](N1CCCC1)CCO2,1
CC(N/C(=N\C#N)Nc1ccncc1)C(C)(C)C,1
CNC(=S)[C@]1(c2cccnc2)CCCCS1=O,1
CCc1nc2ccc(C3Nc4c(C)cccc4O3)cc2n1Cc1cccc2c1CCN2c1ccccc1C(=O)O,1
CCCc1nc2ccc(C3Nc4c(C)cccc4O3)cc2n1Cc1cccc2c1CCN2c1ccccc1C(=O)O,1
CCCCc1nc2ccc(C3Nc4c(C)cccc4O3)cc2n1Cc1cccc2c1CCN2c1ccccc1C(=O)O,1
CCc1nc2ccc(C3Nc4cccc(C)c4O3)cc2n1Cc1cccc2c1CCN2c1ccccc1C(=O)O,1
CCCc1cc2ccc(C3Nc4cccc(C)c4O3)cc2n1Cc1cccc2c1CCN2c1ccccc1C(=O)O,1
CCCCc1cc2ccc(C3Nc4cccc(C)c4O3)cc2n1Cc1cccc2c1CCN2c1ccccc1C(=O)O,1
CCc1cc2ccc(C3Nc4c(C)cccc4O3)cc2n1Cc1cccc2c1CCN2c1ccccc1C(=O)O,1
CCCc1cc2ccc(C3Nc4c(C)cccc4O3)cc2n1Cc1cccc2c1CCN2c1ccccc1C(=O)O,1
CCCCc1cc2ccc(C3Nc4c(C)cccc4O3)cc2n1Cc1cccc2c1CCN2c1ccccc1C(=O)O,1
CCc1cc2ccc(C3Nc4cccc(C)c4O3)cc2n1Cc1cccc2c1CCN2c1ccccc1C(=O)O,1
O=c1c2ccccc2nc2n(Cc3ccccc3)cnn12,1
Cc1nn2c(=O)c3ccccc3nc2n1Cc1ccccc1,1
CCCc1nn2c(=O)c3ccccc3nc2n1Cc1ccccc1,1
O=c1c2ccccc2nc2n(Cc3ccccc3)c(CCl)nn12,1
CN1CC[C@]23c4c5ccc(OCc6nn7c(=O)c8ccccc8nc7n6Cc6ccccc6)c4O[C@H]2[C@@H](O)C=C[C@H]3[C@H]1C5,1
O=c1c2ccccc2nc2n(Cc3ccccc3)c(CN3CCCCC3)nn12,1
O=c1c2ccccc2nc2n(Cc3ccccc3)c(-c3ccccc3)nn12,1
Cc1ccc(-c2nn3c(=O)c4ccccc4nc3n2Cc2ccccc2)cc1,1
COc1ccc(-c2nn3c(=O)c4ccccc4nc3n2Cc2ccccc2)cc1,1
CCOc1ccc(-c2nn3c(=O)c4ccccc4nc3n2Cc2ccccc2)cc1,1
COc1cc2nc(N3CCN(C(=O)c4ccco4)CC3)nc(N)c2cc1OC,1
COc1ccc(CC2C(=O)CCN2C(=O)C(C)CS)cc1,1
COc1ccc(CC2C(=NO)CCN2C(=O)C(C)CS)cc1,1
COc1ccc(CC2C(=NCCO)CCN2C(=O)C(C)CS)cc1,1
CCOC(=O)C(C)N=C1CCN(C(=O)C(C)CS)C1Cc1ccc(OC)cc1,1
C[C@H](CS)C(=O)N1CCC[C@H]1C(=O)O,1
O=[N+]([O-])c1ccccc1-c1nc2cc(C(F)(F)F)ccc2[nH]1,1
COc1cc(-c2nc3cc(C(F)(F)F)ccc3[nH]2)ccc1O,1
FC(F)(F)c1ccc2[nH]c(-c3ccc4c(c3)OCO4)nc2c1,1
O=[N+]([O-])c1ccc2[nH]c(-c3ccccc3)nc2c1,1
COc1ccccc1-c1nc2cc([N+](=O)[O-])ccc2[nH]1,1
CCOc1ccccc1-c1nc2cc([N+](=O)[O-])ccc2[nH]1,1
COc1cc(-c2nc3cc([N+](=O)[O-])ccc3[nH]2)ccc1O,1
COc1ccc(-c2nc3cc([N+](=O)[O-])ccc3[nH]2)cc1OC,1
COc1ccc(-c2nc3cc([N+](=O)[O-])ccc3[nH]2)c(OC)c1OC,1
CCCCC(=O)N(Cc1ccc(-c2ccccc2-c2noc(=O)[nH]2)cc1)[C@@H](CCC)C(=O)O,1
CCCC(=O)N(Cc1ccc(-c2ccccc2-c2noc(=O)[nH]2)cc1)[C@@H](CC)C(=O)O,1
CCC[C@@H](C(=O)O)N(Cc1ccc(-c2ccccc2-c2noc(=O)[nH]2)cc1)C(=O)CC,1
CCCCC(=O)N(Cc1ccc(-c2ccccc2-c2noc(=O)[nH]2)cc1)[C@@H](CCCC)C(=O)O,1
CCCC[C@@H](C(=O)O)N(Cc1ccc(-c2ccccc2-c2noc(=O)[nH]2)cc1)C(=O)CCC,1
CCCC[C@@H](C(=O)O)N(Cc1ccc(-c2ccccc2-c2noc(=O)[nH]2)cc1)C(=O)Cc1ccccc1,1
CCC[C@@H](C(=O)O)N(Cc1ccc(-c2ccccc2-c2noc(=O)[nH]2)cc1)C(=O)Cc1ccccc1,1
CCCC(=O)N(Cc1ccc(-c2cc(F)ccc2-c2noc(=O)[nH]2)cc1)[C@@H](CCC)C(=O)O,1
CCCCC(=O)N(Cc1ccc(-c2ccccc2-c2nnn[nH]2)cc1)[C@H](C(=O)O)C(C)C,1
NCCCC[C@H](N[C@@H](CCc1ccccc1)C(=O)O)C(=O)N1CCC[C@H]1C(=O)O,1
CCOC(=O)[C@H](CCc1ccccc1)N[C@@H](C)C(=O)N1[C@H](C(=O)O)C[C@@H]2CCC[C@@H]21,1
CCOC(=O)[C@H](CCc1ccccc1)N[C@H]1CCc2ccccc2N(CC(=O)O)C1=O,1
O=C1[C@@H]2C[C@@H](O)CN2C(=O)c2ccccc2N1Cc1cccc(Br)c1,1
O=C1[C@@H]2C[C@@H](O)CN2C(=O)c2ccccc2N1Cc1ccc(Br)cc1,1
COc1cc(CN2C(=O)[C@@H]3C[C@@H](O)CN3C(=O)c3ccccc32)cc(OC)c1OC,1
O=C1[C@@H]2C[C@@H](O)CN2C(=O)c2ccccc2N1Cc1cc(Br)cs1,1
CCc1nc2cc([N+](=O)[O-])ccc2n1Cc1cccc2c1ccn2-c1ccccc1C(=O)O,1
CCCc1nc2cc([N+](=O)[O-])ccc2n1Cc1cccc2c1ccn2-c1ccccc1C(=O)O,1
CCCCc1nc2cc([N+](=O)[O-])ccc2n1Cc1cccc2c1ccn2-c1ccccc1C(=O)O,1
CCCCCc1nc2cc([N+](=O)[O-])ccc2n1Cc1cccc2c1ccn2-c1ccccc1C(=O)O,1
CCCc1nc2cc([N+](=O)[O-])ccc2n1Cc1ccc2c(ccn2-c2ccccc2C(=O)O)c1,1
CCCCc1nc2cc([N+](=O)[O-])ccc2n1Cc1ccc2c(ccn2-c2ccccc2C(=O)O)c1,1
CCCCc1nc(Cl)c(CO)n1Cc1ccc(-c2ccccc2-c2nnn[nH]2)cc1,1
CNCC(O)c1cccc(O)c1,1
COc1cc2nc(N3CCN(C(=O)C4CCCO4)CC3)nc(N)c2cc1OC,1
Cl.O=C1CCCN1CCCCN1CCN(C(c2ccc(F)cc2)c2ccc(F)cc2)CC1,1
Cl.O=C1CCCN1CCCCN1CCN(c2ccccc2Cl)CC1,1
Cc1ccccc1N1CCN(CCCCN2CCCC2=O)CC1.Cl,1
Cl.O=C1CCCN1CCCCN1CCN(c2ccccc2O)CC1,1
Cl.O=C1CCCN1CCCCN1CCN(c2ccc(F)cc2F)CC1,1
Cl.O=C1CCCN1CCCCN1CCN(C(c2ccccc2)c2ccccc2)CC1,1
COc1cc2ncn(Cc3ccccc3)c(=O)c2cc1OC,1
COc1cc2ncn(Cc3ccc(F)cc3)c(=O)c2cc1OC,1
COc1ccc(Cn2cnc3cc(OC)c(OC)cc3c2=O)cc1,1
COc1cc2ncn(Cc3ccccc3Cl)c(=O)c2cc1OC,1
COc1cc2ncn(Cc3ccccc3C)c(=O)c2cc1OC,1
COc1ccc(Cn2cnc3ccc(OC=O)cc3c2=O)cc1,1
COc1cc(OC)c(OC)cc1Cn1cnc2cc(OC)c(OC)cc2c1=O,1
COc1cc2ncn(Cc3ccccc3OC=O)c(=O)c2cc1OC,1
CCOC(=O)C1=C(C)NC(C)=C(C(=O)OC)C1c1cccc([N+](=O)[O-])c1,1
COc1cc2ncn(Cc3ccc(OC)c(Oc4ccccc4)c3)c(=O)c2cc1OC,1
COc1cc2ncn(Cc3ccc(Oc4ccccc4)c(OC)c3)c(=O)c2cc1OC,1
COc1cc2ncn(Cc3ccc(OCc4ccc(F)cc4)c(OC)c3)c(=O)c2cc1OC,1
COc1cc2ncn(Cc3ccc(OCc4cccc(F)c4)c(OC)c3)c(=O)c2cc1OC,1
COc1ccc(COc2ccc(Cn3cnc4cc(OC)c(OC)cc4c3=O)cc2OC)cc1OC,1
COc1cc2ncn(Cc3ccc(OCc4ccc(F)c(Cl)c4)cc3)c(=O)c2cc1OC,1
COc1cc2ncn(Cc3ccc(OCc4ccc(F)c(F)c4)cc3)c(=O)c2cc1OC,1
COc1cc(COc2ccc(Cn3cnc4cc(OC)c(OC)cc4c3=O)cc2)ccc1O,1
COc1cc2ncn(Cc3ccc(OCc4ccc(Cl)cc4Cl)cc3)c(=O)c2cc1OC,1
CCCc1nc2c(C)cc(C(=O)NC[C@H](C)c3ccccc3)cc2n1Cc1ccc(-c2cccc(-c3nnn[nH]3)c2)cc1,1
CCCc1nc2c(C)cc(C(=O)N[C@@H](C)c3ccccc3)cc2n1Cc1ccc(-c2cccc(C(=O)O)c2)cc1,1
CCCc1nc2c(C)cc(C(=O)N[C@H](C)c3ccccc3)cc2n1Cc1ccc(-c2cccc(C(=O)O)c2)cc1,1
CCCc1nc2c(C)cc(C(=O)N[C@@H](C)c3ccccc3)cc2n1Cc1ccc(-c2cccc(-c3nnn[nH]3)c2)cc1,1
CCCc1nc2c(C)cc(C(=O)N[C@H](C)c3ccccc3)cc2n1Cc1ccc(-c2cccc(-c3nnn[nH]3)c2)cc1,1
CCCc1nc2c(C)cc(C(=O)N[C@H](CO)c3ccccc3)cc2n1Cc1ccc(-c2cccc(C(=O)O)c2)cc1,1
CCCc1nc2c(C)cc(C(=O)N[C@@H](CO)c3ccccc3)cc2n1Cc1ccc(-c2cccc(C(=O)O)c2)cc1,1
CCCc1nc2c(C)cc(C(=O)N[C@H](CO)c3ccccc3)cc2n1Cc1ccc(-c2cccc(-c3nnn[nH]3)c2)cc1,1
CCCc1nc2c(C)cc(C(=O)N[C@@H](CO)c3ccccc3)cc2n1Cc1ccc(-c2cccc(-c3nnn[nH]3)c2)cc1,1
CCCc1nc2c(C)cc(C(=O)N[C@H](COC)c3ccccc3)cc2n1Cc1ccc(-c2cccc(C(=O)O)c2)cc1,1
CCCc1nc2c(C)cc(C(=O)N[C@@H](COC)c3ccccc3)cc2n1Cc1ccc(-c2cccc(C(=O)O)c2)cc1,1
CCCc1nc2c(C)cc(C(=O)N[C@H](COC)c3ccccc3)cc2n1Cc1ccc(-c2cccc(-c3nnn[nH]3)c2)cc1,1
CCCc1nc2c(C)cc(C(=O)N[C@@H](COC)c3ccccc3)cc2n1Cc1ccc(-c2cccc(-c3nnn[nH]3)c2)cc1,1
CCCc1nc2c(C)cc(C(=O)NC[C@@H](C)c3ccccc3)cc2n1Cc1ccc(-c2cccc(C(=O)O)c2)cc1,1
CCCc1nc2c(C)cc(C(=O)NC[C@H](C)c3ccccc3)cc2n1Cc1ccc(-c2cccc(C(=O)O)c2)cc1,1
CCCc1nc2c(C)cc(C(=O)NC[C@@H](C)c3ccccc3)cc2n1Cc1ccc(-c2cccc(-c3nnn[nH]3)c2)cc1,1
CCCc1nc2c(C)cc(C(=O)NCC(C)c3ccccc3)cc2n1Cc1ccc(-c2cccc(-c3nnn[nH]3)c2)cc1,1
CCCc1nc2c(C)cc(C(=O)NC[C@@H](O)c3ccccc3)cc2n1Cc1ccc(-c2cccc(C(=O)O)c2)cc1,1
CCCc1nc2c(C)cc(C(=O)NC[C@H](O)c3ccccc3)cc2n1Cc1ccc(-c2cccc(C(=O)O)c2)cc1,1
CCCc1nc2c(C)cc(C(=O)NC[C@@H](O)c3ccccc3)cc2n1Cc1ccc(-c2cccc(-c3nnn[nH]3)c2)cc1,1
CCCc1nc2c(C)cc(C(=O)NC[C@H](O)c3ccccc3)cc2n1Cc1ccc(-c2cccc(-c3nnn[nH]3)c2)cc1,1
CCCc1nc2c(C)cc(C(=O)NCCc3ccccc3)cc2n1Cc1ccc(-c2cccc(C(=O)O)c2)cc1,1
CCCc1nc2c(C)cc(C(=O)NCc3ccccc3)cc2n1Cc1cccc2c1ccn2-c1ccccc1C(=O)O,1
CCCc1nc2c(C)cc(C(=O)NCCc3ccccc3)cc2n1Cc1ccc2c(ccn2-c2ccccc2C(=O)O)c1,1
Cc1nc(C)c2c(n1)N(Cc1ccc(-c3ccccc3-c3nnn[nH]3)cc1)C(=O)CC2,1
Cc1nc2c(c(C(F)(F)F)n1)CCC(=O)N2Cc1ccc(-c2ccccc2-c2nnn[nH]2)cc1,1
Cc1nc2c(c(C(F)(F)F)n1)CC(C)C(=O)N2Cc1ccc(-c2ccccc2-c2nnn[nH]2)cc1,1
Cc1nc(C)c2c(n1)N(Cc1ccc(-c3ccccc3-c3nnn[nH]3)cc1)C(=O)C(C)(C)C2,1
CCc1nc(C)nc2c1CCC(=O)N2Cc1ccc(-c2ccccc2-c2nnn[nH]2)cc1,1
Cc1nc(C(C)C)c2c(n1)N(Cc1ccc(-c3ccccc3-c3nnn[nH]3)cc1)C(=O)CC2,1
CCCc1nc(C)nc2c1CCC(=O)N2Cc1ccc(-c2ccccc2-c2nnn[nH]2)cc1,1
CCc1nc(C)c2c(n1)N(Cc1ccc(-c3ccccc3-c3nnn[nH]3)cc1)C(=O)CC2,1
Cc1nc(C(C)C)nc2c1CCC(=O)N2Cc1ccc(-c2ccccc2-c2nnn[nH]2)cc1,1
CCCc1nc(C)c2c(n1)N(Cc1ccc(-c3ccccc3-c3nnn[nH]3)cc1)C(=O)CC2,1
Cc1nc(CO)c2c(n1)N(Cc1ccc(-c3ccccc3-c3nnn[nH]3)cc1)C(=O)CC2,1
Cc1nc(C=O)c2c(n1)N(Cc1ccc(-c3ccccc3-c3nnn[nH]3)cc1)C(=O)CC2,1
Cc1nc(CO)nc2c1CCC(=O)N2Cc1ccc(-c2ccccc2-c2nnn[nH]2)cc1,1
Cc1nc(C)c2c(n1)N(Cc1ccc(-c3ccccc3-c3nnn[nH]3)cc1)CCC2,1
Cc1nc(C)c2c(n1)N(Cc1ccc(-c3ccccc3C(=O)[O][K])cc1)C(=O)CC2.O,1
Cc1nc(C)c2c(n1)N(Cc1ccc(-c3ccccc3-c3nnn[nH]3)nc1)C(=O)CC2,1
Cc1nc(C)c2c(n1)N(Cc1ccc(-c3ccccc3-c3nnn[nH]3)cn1)C(=O)CC2,1
C[C@H](NC(CCc1ccccc1)C(=O)O)C(=O)N1C(=O)NC[C@H]1C(=O)O,1
CCCCCCCCC(N[C@H](C)C(=O)N1C(=O)N(C)C[C@H]1C(=O)O)C(=O)O,1
CCCCCCCCC(N[C@@H](C)C(=O)N1C(=O)N(C)C[C@H]1C(=O)O)C(=O)O,1
CCCCCCCCC(N[C@@H](CC)C(=O)N1C(=O)N(C)C[C@H]1C(=O)O)C(=O)O,1
C[C@H](NC(CCc1ccccc1)C(=O)O)C(=O)N1C(=O)N(C)C[C@H]1C(=O)O,1
CCCCN1C[C@@H](C(=O)O)N(C(=O)[C@H](C)NC(CCc2ccccc2)C(=O)O)C1=O,1
CC(C)CC(N[C@@H](C)C(=O)N1C(=O)N(Cc2ccccc2)C[C@H]1C(=O)O)C(=O)O,1
CC(C)CCC(N[C@@H](C)C(=O)N1C(=O)N(Cc2ccccc2)C[C@H]1C(=O)O)C(=O)O,1
CCCCCCCCC(N[C@@H](C)C(=O)N1C(=O)N(Cc2ccccc2)C[C@H]1C(=O)O)C(=O)O,1
CCCCCCCCC(N[C@@H](CC)C(=O)N1C(=O)N(Cc2ccccc2)C[C@H]1C(=O)O)C(=O)O,1
C[C@H](NC(Cc1ccccc1)C(=O)O)C(=O)N1C(=O)N(Cc2ccccc2)C[C@H]1C(=O)O,1
C[C@@H](NC(CCc1ccccc1)C(=O)O)C(=O)N1C(=O)N(Cc2ccccc2)C[C@H]1C(=O)O,1
C[C@H](NC(CCc1ccccc1)C(=O)O)C(=O)N1C(=O)N(Cc2ccccc2)C[C@H]1C(=O)O,1
CC[C@H](NC(CCc1ccccc1)C(=O)O)C(=O)N1C(=O)N(Cc2ccccc2)C[C@H]1C(=O)O,1
C[C@H](N[C@@H](CCc1ccccc1)C(=O)O)C(=O)N1CCC[C@H]1C(=O)O,1
CCCCCCCCC(N[C@@H](C)C(=O)N1C(=O)N(C)C[C@H]1C(=O)O)C(=O)OCC,1
CCOC(=O)C(CCc1ccccc1)N[C@@H](C)C(=O)N1C(=O)N(C)C[C@H]1C(=O)O,1
CCOC(=O)C(CCc1ccccc1)N[C@H](C)C(=O)N1C(=O)N(C)C[C@H]1C(=O)O,1
CCCCCCCCC(N[C@@H](C)C(=O)N1C(=O)N(Cc2ccccc2)C[C@@]1(C)C(=O)O)C(=O)OCC,1
CCOC(=O)C(CCc1ccccc1)N[C@@H](C)C(=O)N1C(=O)N(Cc2ccccc2)C[C@@]1(C)C(=O)O,1
CCOC(=O)[C@H](CCc1ccccc1)N[C@@H](C)C(=O)N1CC2(C[C@H]1C(=O)O)SCCS2,1
C[C@H](N[C@@H](CCc1ccccc1)C(=O)O)C(=O)N1CC2(C[C@H]1C(=O)O)SCCS2,1
C[C@H](N[C@H](CCc1ccccc1)C(=O)O)C(=O)N1CC2(C[C@H]1C(=O)O)SCCS2,1
NCCC[C@H](N[C@@H](CCc1ccccc1)C(=O)O)C(=O)N1CC2(C[C@H]1C(=O)O)SCCS2,1
CCOC(=O)[C@H](CCc1ccccc1)NCC(=O)N1CC2(C[C@H]1C(=O)O)SCCS2,1
CCOC(=O)[C@H](CCc1ccccc1)N[C@@H](C)C(=O)N1CCC[C@H]1C(=O)O,1
CCOC(=O)C(CCc1ccccc1)OC(C)C(=O)N1CCC[C@H]1C(=O)O,1
CCOC(=O)C(CCc1ccccc1)OC(C)C(=O)N1CC2CCCCC2[C@H]1C(=O)O,1
CCOC(=O)C(CCc1ccccc1)OC(C)C(=O)N1CC2CCCCC2C[C@H]1C(=O)O,1
CCOC(=O)C(CCc1ccccc1)SC(C)C(=O)N1CCC[C@H]1C(=O)O,1
CCOC(=O)C(CCc1ccccc1)SC(C)C(=O)N1CSC[C@H]1C(=O)O,1
CCOC(=O)C(CCc1ccccc1)SC(C)C(=O)N1CC2CCCCC2[C@H]1C(=O)O,1
CCOC(=O)C(CCc1ccccc1)SC(C)C(=O)N1Cc2ccccc2C[C@H]1C(=O)O,1
CC(OC(CCc1ccccc1)C(=O)O)C(=O)N1CCC[C@H]1C(=O)O,1
CC(OC(CCc1ccccc1)C(=O)O)C(=O)N1Cc2ccccc2C[C@H]1C(=O)O,1
CC(SC(CCc1ccccc1)C(=O)O)C(=O)N1CCC[C@H]1C(=O)O,1
CC(SC(CCc1ccccc1)C(=O)O)C(=O)N1CC2CCCCC2[C@H]1C(=O)O,1
CC(SC(CCc1ccccc1)C(=O)O)C(=O)NC1(C(=O)O)CCCC1,1
CC(S[C@@H](CCc1ccccc1)C(=O)O)C(=O)NC1(C=O)CCC(c2ccccc2)CC1,1
CCOCC(CCc1ccccc1)SOC(C)C(=O)N1C2CCCCC2C[C@H]1C(=O)O,1
CCOCC(CCc1ccccc1)S(=O)OC(C)C(=O)N1CCC[C@H]1C(=O)O,1
CCOC(=O)C(CCc1ccccc1)S(=O)(=O)C(C)C(=O)N1CCC[C@H]1C(=O)O,1
CCOC(=O)C(CCc1ccccc1)NC(C)C(=O)N1C(C(=O)O)c2ccccc2C[C@H]1C(=O)O,1
CC(NC(CCc1ccccc1)C(=O)O)C(=O)N1C(C(=O)O)c2ccccc2C[C@H]1C(=O)O,1
CCOC(=O)C(CCc1ccccc1)NC(C)C(=O)N1CC2CCCCC2[C@H]1C(=O)O,1
CC(NC(CCc1ccccc1)C(=O)O)C(=O)N1CC2CCCCC2[C@H]1C(=O)O,1
NCCCC[C@H](N[C@@H]1CCc2ccccc2N(CC(=O)O)C1=O)C(=O)O,1
CCOC(=O)[C@H](CCCCN)N[C@@H]1CCc2ccccc2N(CC(=O)O)C1=O,1
O=C(O)CN1C(=O)[C@H](N[C@@H](CCCCNC(=O)OCc2ccccc2)C(=O)O)CCc2ccccc21,1
CCOC(=O)[C@H](CCCCNC(=O)OCc1ccccc1)N[C@@H]1CCc2ccccc2N(CC(=O)O)C1=O,1
CC(C)(C)OC(=O)NCCCC[C@H](N[C@@H]1CCc2ccccc2N(CC(=O)O)C1=O)C(=O)O,1
CCOC(=O)[C@H](CCCCNCOc1ccccc1)N[C@@H]1CCc2ccccc2N(CC(=O)O)C1=O,1
O=C(O)CN1C(=O)[C@H](N[C@@H](COCc2ccccc2)C(=O)O)CCc2ccccc21,1
CCOC(=O)[C@H](COCc1ccccc1)N[C@@H]1CCc2ccccc2N(CC(=O)O)C1=O,1
O=C(O)CN1C(=O)[C@H](N[C@@H](CSCc2ccccc2)C(=O)O)CCc2ccccc21,1
CCOC(=O)[C@H](CSCc1ccccc1)N[C@@H]1CCc2ccccc2N(CC(=O)O)C1=O,1
O=C(O)CN1C(=O)[C@H](N[C@@H](CSCCc2ccccc2)C(=O)O)CCc2ccccc21,1
O=C(O)CN1C(=O)[C@H](N[C@@H](CSc2ccccc2)C(=O)O)CCc2ccccc21,1
CCOC(=O)[C@H](CSc1ccccc1)N[C@@H]1CCc2ccccc2N(CC(=O)O)C1=O,1
O=C(O)CN1C(=O)[C@H](N[C@H](Cc2ccccc2)C(=O)O)CCc2ccccc21,1
CCOC(=O)[C@H](Cc1ccccc1)N[C@H]1CCc2ccccc2N(CC(=O)O)C1=O,1
O=C(O)CN1C(=O)[C@H](N[C@@H](CC2=c3ccccc3=NC2)C(=O)O)CCc2ccccc21,1
CCOC(=O)[C@@H](CC1=c2ccccc2=NC1)N[C@@H]1CCc2ccccc2N(CC(=O)O)C1=O,1
CC(C)C[C@H](N[C@@H]1CCc2ccccc2N(CC(=O)O)C1=O)C(=O)O,1
COC(=O)[C@@H](CC(C)C)N[C@H]1CCc2ccccc2N(CC(=O)O)C1=O,1
CCCC[C@H](N[C@@H]1CCc2ccccc2N(CC(=O)O)C1=O)C(=O)O,1
CCCC[C@@H](N[C@@H]1CCc2ccccc2N(CC(=O)O)C1=O)C(=O)OCC,1
CSCC[C@H](N[C@@H]1CCc2ccccc2N(CC(=O)O)C1=O)C(=O)O,1
CCOC(=O)[C@@H](CCSC)N[C@@H]1CCc2ccccc2N(CC(=O)O)C1=O,1
CCC[C@H](N[C@@H]1CCc2ccccc2N(CC(=O)O)C1=O)C(=O)O,1
CCC[C@H](N[C@H]1CCc2ccccc2N(CC(=O)O)C1=O)C(=O)OCC,1
CC(CS)C(=O)NCC(=O)O,1
CC(CS)C(=O)N(C)CC(=O)O,1
CCN(CC(=O)O)C(=O)C(C)CS,1
CC(CS)C(=O)N(CC(=O)O)C(C)C,1
C.CC(=O)SCCC(=O)N(CC(=O)O)C(C)C,1
CC(CS)C(=O)N(CC(=O)O)C1CC1,1
CC(=O)SCC(C)C(=O)N(CC(=O)O)C1CC1,1
CC(C(=O)O)N(C(=O)CCS)C1CC1,1
CC(=O)SCCC(=O)N(C1CC1)C(C)C(=O)O,1
CC(CS)C(=O)N(CC(=O)O)C1CCC1,1
CC(=O)SCC(C)C(=O)N(CC(=O)O)C1CCC1,1
CC(CS)C(=O)N(CC(=O)O)C1CCCC1,1
CC(=O)SCC(C)C(=O)N(CC(=O)O)C1CCCC1,1
CC(CS)C(=O)N(CC(=O)O)C1CCCCC1,1
CC(=O)SCC(C)C(=O)N(CC(=O)O)C1CCCCC1,1
CC(CS)C(=O)N(CC(=O)O)C1CCCCCC1,1
CC(=O)SCC(C)C(=O)N(CC(=O)O)C1CCCCCC1,1
CC(CS)C(=O)N(CC(=O)O)[C@@H]1C[C@H]2CC[C@@H]1C2,1
CC(=O)SCC(C)C(=O)N(CC(=O)O)C1CC2CC23CCC13,1
CC(CS)C(=O)N(CC[C@@H]1CC2CC(C1C)C2(C)C)CC(=O)O,1
CC(=O)SCC(C)C(=O)N(CCC1CC2CC(C1)C2(C)C)CC(=O)O,1
CC(CS)C(=O)N(CC(=O)O)C[C@H]1CC2CC(C1C)C2(C)C,1
CC(=O)SCC(C)C(=O)N(CC(=O)O)C[C@H]1CC2CC(C1C)C2(C)C,1
CC(=O)SCC(C)C(=O)N(CC(=O)O)[C@@H]1CCC2CC1C2(C)C,1
CC(CS)C(=O)N(CC(=O)O)C1Cc2ccccc2C1,1
CC(=O)SCC(C)C(=O)N(CC(=O)O)C1Cc2ccccc2C1,1
COCCN(CC(=O)O)C(=O)C(C)CS,1
CSCCCN(CC(=O)O)C(=O)C(C)CS,1
CSCCCN(CC(=O)O)C(=O)C(C)CSC(C)=O,1
CC(CS)C(=O)N(CCC1CCCO1)CC(=O)O,1
CC(=O)SCC(C)C(=O)N(CCC1CCCO1)CC(=O)O,1
CC(CS)C(=O)N(CCc1ccco1)CC(=O)O,1
CC(CS)C(=O)N(CCc1cccs1)CC(=O)O,1
CC(=O)SCC(C)C(=O)N(CCc1cccs1)CC(=O)O,1
CC(CS)C(=O)N(CC(=O)O)C1CCS(=O)(=O)C1,1
CC(=O)SCC(C)C(=O)N(CC(=O)O)C1CCS(=O)(=O)C1,1
CCN1CCCC1CN(CC(=O)O)C(=O)C(C)CS,1
C=CCN(CC(=O)O)C(=O)C(C)CS,1
C=CCN(CC(=O)O)C(=O)C(C)CSC(C)=O,1
CC(CS)C(=O)N(CC(=O)O)c1ccccc1,1
CC(=O)SCC(C)C(=O)N(CC(=O)O)c1ccccc1,1
CC(=O)SCC(C)C(=O)N(CC(=O)O)c1ccccc1C,1
C=C(C(C)CS)N(CC([O])=O)c1cccc(C)c1,1
CC(=O)SCC(C)C(=O)N(CC(=O)O)c1cccc(C)c1,1
C=C(C(C)CS)N(CC([O])=O)c1ccc(C)cc1,1
CC(=O)SCC(C)C(=O)N(CC(=O)O)c1ccc(C)cc1,1
C=C(C(C)CS)N(CC([O])=O)c1cc(C)cc(C)c1,1
CC(=O)SCC(C)C(=O)N(CC(=O)O)c1cc(C)cc(C)c1,1
C=C(C(C)CS)N(CC([O])=O)c1ccc2c(c1)CCC2,1
CC(=O)SCC(C)C(=O)N(CC(=O)O)c1ccc2c(c1)CCC2,1
COc1cccc(N(CC(=O)O)C(=O)C(C)CSC(C)=O)c1,1
CSc1cccc(N(CC(=O)O)C(=O)C(C)CSC(C)=O)c1,1
CC(=O)SCC(C)C(=O)N(CC(=O)O)c1cccc(F)c1,1
C=C(C(C)CS)N(CC([O])=O)c1ccc(F)cc1,1
CC(=O)SCC(C)C(=O)N(CC(=O)O)c1ccc(F)cc1,1
C=C(C(C)CS)N(CC([O])=O)c1ccc(CCCC)cc1,1
CCCCc1ccc(N(CC(=O)O)C(=O)C(C)CSC(C)=O)cc1,1
CC.CC(=O)SCC(C)C(=O)N(CC(=O)O)c1ccc(C(C)C)cc1,1
CC(CSC(=O)CC(C)(C)C)C(=O)N(CC(=O)O)C1CCCC1,1
CC(CSC(=O)C(C)(C)C)C(=O)N(CC(=O)O)C1CCCC1,1
C[C@H](CSC(=O)C(C)(C)C)C(=O)N(CC(=O)O)C1CCCC1,1
CC(S)C(=O)NCC(=O)O,1
CCc1nc2c(C)cc(C)nc2n1Cc1ccc(-c2ccccc2-c2nn[nH]n2)cc1,1
CCCc1nc2c(C)cc(C)nc2n1Cc1ccc(-c2ccccc2-c2nn[nH]n2)cc1,1
CCCCCn1c(=O)c2cccnc2n1Cc1ccc(-c2ccccc2-c2nn[nH]n2)cc1,1
CC(C)Cn1c(=O)c2cccnc2n1Cc1ccc(-c2ccccc2-c2nn[nH]n2)cc1,1
CCCCn1c(=O)c2cccnc2n1Cc1ccc(-c2ccccc2-c2nn[nH]n2)cc1,1
CC(C)CCn1c(=O)c2cccnc2n1Cc1ccc(-c2ccccc2-c2nn[nH]n2)cc1,1
CCn1c(=O)c2ccc(C)nc2n1Cc1ccc(-c2ccccc2-c2nn[nH]n2)cc1,1
CCCn1c(=O)c2ccc(C)nc2n1Cc1ccc(-c2ccccc2-c2nn[nH]n2)cc1,1
CCCCn1c(=O)c2ccc(C)nc2n1Cc1ccc(-c2ccccc2-c2nn[nH]n2)cc1,1
CCCCn1c(=O)c2ccc(Cl)nc2n1Cc1ccc(-c2ccccc2-c2nn[nH]n2)cc1,1
CCCCn1c(=O)c2cc(F)c(Cl)nc2n1Cc1ccc(-c2ccccc2-c2nn[nH]n2)cc1,1
CCCCn1c(=O)c2cc(F)cnc2n1Cc1ccc(-c2ccccc2-c2nn[nH]n2)cc1,1
CCCCn1c(=O)c2ccc(OC)nc2n1Cc1ccc(-c2ccccc2-c2nn[nH]n2)cc1,1
CCCCn1c(=O)c2ccc(NC)nc2n1Cc1ccc(-c2ccccc2-c2nn[nH]n2)cc1,1
CCCCn1c(=O)c2ccc(C3CNCCS3)nc2n1Cc1ccc(-c2ccccc2-c2nn[nH]n2)cc1,1
CCCCn1c2ncccc2c(=O)n1Cc1ccc(-c2ccccc2-c2nn[nH]n2)cc1,1
CCCCn1c2nc(C)ccc2c(=O)n1Cc1ccc(-c2ccccc2-c2nn[nH]n2)cc1,1
CCCCn1c2nc(Cl)ccc2c(=O)n1Cc1ccc(-c2ccccc2-c2nn[nH]n2)cc1,1
CCCC1c2ncccc2C(=O)N1Cc1ccc(-c2ccccc2-c2nn[nH]n2)cc1,1
CCCCC1c2ncccc2C(=O)N1Cc1ccc(-c2ccccc2-c2nn[nH]n2)cc1,1
CCCn1nc(OCc2ccc(-c3ccccc3-c3nn[nH]n3)cc2)c2cccnc21,1
CCCCn1nc(OCc2ccc(-c3ccccc3-c3nn[nH]n3)cc2)c2cccnc21,1
CCCCn1nc(OCc2ccc(-c3ccccc3-c3nn[nH]n3)cc2)c2ccccc2c1=O,1
CCC(C)C(NC(=O)C(Cc1ccc(O)cc1)NC(=O)C(NC(=O)C(CCCNC(=N)N)NC(=O)C(N)CC(=O)O)C(C)C)C(=O)NC(Cc1c[nH]cn1)C(=O)N1CCCC1C(=O)NC(Cc1ccccc1)C(=O)O,1
CCCCC(=O)N(Cc1ccc(-c2ccccc2-c2nnn[nH]2)cc1)[C@@H](CC(C)C)C(=O)OC,1
CCCCC(=O)N(CC(=O)O)Cc1ccc(-c2ccccc2-c2nnn[nH]2)cc1,1
CCCCC(=O)N(Cc1ccc(-c2ccccc2-c2nnn[nH]2)cc1)C(Cc1ccc(F)cc1)C(=O)O,1
CCCCC(=O)N(Cc1ccc(-c2ccccc2-c2nnn[nH]2)cc1)[C@@H](C)C(=O)O,1
CCCCC(=O)N(Cc1ccc(-c2ccccc2-c2nnn[nH]2)cc1)C(Cc1ccccc1)C(=O)O,1
CCCCC(=O)N(Cc1ccc(-c2ccccc2-c2nnn[nH]2)cc1)C(CC(C)C)C(N)=O,1
CCCCC(=O)N(Cc1ccc(-c2ccccc2-c2nnn[nH]2)cc1)C(CO)CC(C)C,1
O=C(CO[N+](=O)[O-])NNC(=O)c1ccc(NCC(O)CN2C(=O)/C(=C\c3ccccc3)S/C2=N/c2ccccc2)cc1,1
O=C(CO[N+](=O)[O-])NNC(=O)c1ccc(NCC(O)CN2C(=O)/C(=C\c3ccc(O)cc3)S/C2=N/c2ccccc2)cc1,1
O=C(CO[N+](=O)[O-])NNC(=O)c1ccc(NCC(O)CN2C(=O)/C(=C/c3ccccc3O)S/C2=N/c2ccccc2)cc1,1
COc1cc(/C=C2/S/C(=N/c3ccccc3)N(CC(O)CNc3ccc(C(=O)NNC(=O)CO[N+](=O)[O-])cc3)C2=O)cc(OC)c1OC,1
CC1=C(C(=O)OC(C)C)C(c2cccc([N+](=O)[O-])c2)N(C(=O)N(C)C)C(=O)N1,1
CNC(=O)N1C(=O)NC(C)=C(C(=O)OC(C)C)C1c1cccc([N+](=O)[O-])c1,1
CC1=C(C(=O)OC(C)C)C(c2cccc([N+](=O)[O-])c2)N(C(N)=O)C(=O)N1,1
CC1=C(C(=O)OC(C)C)C(c2cccc([N+](=O)[O-])c2)NC(=O)N1,1
CCOC(=O)C1=C(C)NC(=O)N(C(N)=O)C1c1cccc([N+](=O)[O-])c1,1
COC(=O)C1=C(C)NC(=O)N(C(N)=O)C1c1cccc([N+](=O)[O-])c1,1
CCNC(=O)N1C(=O)NC(C)=C(C(=O)OC(C)C)C1c1cccc([N+](=O)[O-])c1,1
CC1=C(C(=O)OC(C)C)C(c2cccc([N+](=O)[O-])c2)N(C(=O)NC(C)C)C(=O)N1,1
CC1=C(C(=O)OC(C)C)C(c2cccc([N+](=O)[O-])c2)N(C(=O)NCc2ccccc2)C(=O)N1,1
CC1=C(C(=O)OC(C)C)C(c2cccc([N+](=O)[O-])c2)N(CCN(C)Cc2ccccc2)C(=O)N1,1
CC1=C(C(=O)OC(C)C)C(c2ccccc2[N+](=O)[O-])N(C(N)=O)C(=O)N1,1
CC1=C(C(=O)OC(C)C)C(c2cccc(C(F)(F)F)c2)N(C(N)=O)C(=O)N1,1
CC1=C(C(=O)OC(C)C)C(c2ccccc2C(F)(F)F)N(C(N)=O)C(=O)N1,1
CC1=C(C(=O)OC(C)C)C(c2cccc(Cl)c2)N(C(N)=O)C(=O)N1,1
CC1=C(C(=O)OC(C)C)C(c2ccccc2Cl)N(C(N)=O)C(=O)N1,1
CC1=C(C(=O)OC(C)C)C(c2cccc(Br)c2)N(C(N)=O)C(=O)N1,1
CC1=C(C(=O)OC(C)C)C(c2ccccc2Br)N(C(N)=O)C(=O)N1,1
CC1=C(C(=O)OC(C)C)C(c2c(Cl)cccc2Cl)N(C(N)=O)C(=O)N1,1
CC1=C(C(=O)OC(C)C)C(c2cccc(Cl)c2Cl)N(C(N)=O)C(=O)N1,1
CC1=C(C(=O)OC(C)C)C(c2cccc(-c3conn3)c2-c2conn2)N(C(N)=O)C(=O)N1,1
CC1=C(C(=O)OC(C)C)[C@@H](c2cccc([N+](=O)[O-])c2)N(C(N)=O)C(=O)N1,1
CC1=C(C(=O)OC(C)C)[C@H](c2cccc([N+](=O)[O-])c2)N(C(N)=O)C(=O)N1,1
COC(=O)C1=C(C)NC(C)=C(C(=O)OC)C1c1ccccc1[N+](=O)[O-],1
CCOC(=O)C1=C(COCCN)NC(C)=C(C(=O)OC)C1c1ccccc1Cl,1
COc1ccc(OC)c2c1C[C@H](NCCc1ccccc1)[C@@H](O)C2,1
COc1ccc(OC)c2c1C[C@H](NCCCc1ccccc1)[C@@H](O)C2.Cl,1
COc1ccc(OC)c2c1C[C@H](NCCCCc1ccccc1)[C@@H](O)C2.Cl,1
COc1ccc(OC)c2c1C[C@H](NCCCc1c[nH]c3ccccc13)[C@@H](O)C2.Cl,1
COc1ccc(OC)c2c1C[C@H](NCCCc1nc3ccccc3s1)[C@@H](O)C2.Cl,1
COc1ccc(OC)c2c1C[C@H](NCC(c1ccccc1)c1ccccc1)[C@@H](O)C2.Cl,1
COc1ccc(OC)c2c1C[C@H](NCCC(c1ccccc1)c1ccccc1)[C@@H](O)C2.Cl,1
C=C/C(=C\C)C(CCCN[C@H]1Cc2c(OC)ccc(OC)c2C[C@@H]1O)c1ccccc1.Cl,1
COc1ccc(OC)c2c1C[C@H](NCCCCC(c1ccccc1)c1ccccc1)[C@@H](O)C2.Cl,1
COc1ccc(OC)c2c1C[C@H](NCCC(C1CCCCC1)C1CCCCC1)[C@@H](O)C2.Cl,1
COc1ccc(CCN(C)CCCC(C#N)(c2ccc(OC)c(OC)c2)C(C)C)cc1OC,1
CCCc1nc2c(C)cc(C(=O)NCc3ccccc3)cc2n1Cc1ccc(-c2ccccc2C(=O)O)cc1,1
CCCc1nc2c(C)cc(C(=O)NCc3ccccc3OC)cc2n1Cc1ccc(-c2ccccc2C(=O)O)cc1,1
CCCc1nc2c(C)cc(C(=O)NCc3cccc(OC)c3)cc2n1Cc1ccc(-c2ccccc2C(=O)O)cc1,1
CCCc1nc2c(C)cc(C(=O)NCc3ccc(OC)cc3)cc2n1Cc1ccc(-c2ccccc2C(=O)O)cc1,1
CCCc1nc2c(C)cc(C(=O)NCc3ccc(OC)c(OC)c3)cc2n1Cc1ccc(-c2ccccc2C(=O)O)cc1,1
CCCc1nc2c(C)cc(C(=O)NCCc3cccc(OC)c3)cc2n1Cc1ccc(-c2ccccc2C(=O)O)cc1,1
CCCc1nc2c(C)cc(C(=O)NCCc3ccc(OC)cc3)cc2n1Cc1ccc(-c2ccccc2C(=O)O)cc1,1
CCCc1nc2c(C)cc(C(=O)NCCc3ccc(OC)c(OC)c3)cc2n1Cc1ccc(-c2ccccc2C(=O)O)cc1,1
CCCc1nc2c(C)cc(C(=O)NCCc3cc(OC)ccc3OC)cc2n1Cc1ccc(-c2ccccc2C(=O)O)cc1,1
CCCc1nc2c(C)cc(C(=O)NCCc3ccccc3F)cc2n1Cc1ccc(-c2ccccc2C(=O)O)cc1,1
CCCc1nc2c(C)cc(C(=O)NCCc3ccc(F)cc3)cc2n1Cc1ccc(-c2ccccc2C(=O)O)cc1,1
CCCc1nc2c(C)cc(-c3nc4ccccc4n3C)cc2n1Cc1ccc(-c2ccccc2C(=O)O)cc1,1
CCc1nc2c(C)cc(C)nc2n1[C@H]1CCc2cc(-c3ccccc3-c3nnn[nH]3)ccc21,1
CCc1nc2c(C)cc(C)nc2n1[C@@H]1CCc2cc(-c3ccccc3-c3nnn[nH]3)ccc21,1
CCCc1nc2c(C)cc(C)nc2n1[C@H]1CCc2cc(-c3ccccc3-c3nnn[nH]3)ccc21,1
CCCCc1nc2c(C)cc(C)nc2n1[C@@H]1CCc2cc(-c3ccccc3-c3nnn[nH]3)ccc21,1
Cc1cc(C)c2nc(C(C)C)n([C@@H]3CCc4cc(-c5ccccc5-c5nnn[nH]5)ccc43)c2n1,1
Cc1cc(C)c2nc(C3CC3)n(C3CCc4cc(-c5ccccc5-c5nnn[nH]5)ccc43)c2n1,1
CCc1nc2c(C)c(C)c(C)nc2n1C1CCc2cc(-c3ccccc3-c3nnn[nH]3)ccc21,1
CCc1c(C)nc2c(nc(CC)n2C2CCc3cc(-c4ccccc4-c4nnn[nH]4)ccc32)c1C,1
CCc1cc(C)c2nc(CC)n(C3CCc4cc(-c5ccccc5-c5nnn[nH]5)ccc43)c2n1,1
CCc1cc(C)c2nc(C(C)C)n(C3CCc4cc(-c5ccccc5-c5nnn[nH]5)ccc43)c2n1,1
CCc1nc2c(C)cc(CC(C)C)nc2n1C1CCc2cc(-c3ccccc3-c3nnn[nH]3)ccc21,1
Cc1cc(CC(C)C)nc2c1nc(C(C)C)n2C1CCc2cc(-c3ccccc3-c3nnn[nH]3)ccc21,1
CCc1nc2c(CC(C)C)cc(C)nc2n1C1CCc2cc(-c3ccccc3-c3nnn[nH]3)ccc21,1
CCc1nc2c(C)cc(Cc3ccccc3)nc2n1C1CCc2cc(-c3ccccc3-c3nnn[nH]3)ccc21,1
CCc1nc2c(C)cc(CC(C)C)nc2n1[C@@H]1CCc2cc(-c3ccccc3C(=O)O)ccc21,1
CCCNC(=O)c1cc(C)c2nc(CCC)n(Cc3ccc(-c4ccccc4C(=O)O)cc3)c2c1,1
CCCCNC(=O)c1cc(C)c2nc(CCC)n(Cc3ccc(-c4ccccc4C(=O)O)cc3)c2c1,1
CCCc1nc2c(C)cc(C(=O)NN3CCOCC3)cc2n1Cc1ccc(-c2ccccc2C(=O)O)cc1,1
CCCc1nc2c(C)cc(C(=O)N3CCCCC3)cc2n1Cc1ccc(-c2ccccc2C(=O)O)cc1,1
CCCc1nc2c(C)cc(C(=O)Nc3ccc(C)cc3)cc2n1Cc1ccc(-c2ccccc2C(=O)O)cc1,1
CCCc1nc2c(C)cc(C(=O)NCCc3ccccc3)cc2n1Cc1ccc(-c2ccccc2C(=O)O)cc1,1
CCCc1nc2c(C)cc(C(=O)NCCN3CCOCC3)cc2n1Cc1ccc(-c2ccccc2C(=O)O)cc1,1
CCCc1nc2c(C)cc(C(=O)NCCCc3ccccc3)cc2n1Cc1ccc(-c2ccccc2C(=O)O)cc1,1
CCCc1nc2c(C)cc(C(=O)NCCCN3CCOCC3)cc2n1Cc1ccc(-c2ccccc2C(=O)O)cc1,1
CCCc1nc2c(C)cc(NC(C)=O)cc2n1Cc1ccc(-c2ccccc2C(=O)O)cc1,1
CCCc1nc2c(C)cc(NC(=O)CC)cc2n1Cc1ccc(-c2ccccc2C(=O)O)cc1,1
CCCC(=O)Nc1cc(C)c2nc(CCC)n(Cc3ccc(-c4ccccc4C(=O)O)cc3)c2c1,1
CCCc1nc2c(C)cc(NC(=O)c3ccccc3)cc2n1Cc1ccc(-c2ccccc2C(=O)O)cc1,1
CCCc1nc2c(C)cc(NC(=O)c3ccc(C)cc3)cc2n1Cc1ccc(-c2ccccc2C(=O)O)cc1,1
CCCc1nc2c(C)cc(NC(=O)CCc3ccccc3)cc2n1Cc1ccc(-c2ccccc2C(=O)O)cc1,1
CCCc1nc2c(C)cc(NC(=O)OC)cc2n1Cc1ccc(-c2ccccc2C(=O)O)cc1,1
CC(C)c1cccc(C(C)C)c1O,1
Cc1ccc(NC(=O)c2ccc(CN3CCN(C)CC3)cc2)cc1Nc1nccc(-c2cccnc2)n1,1
FC(F)(F)c1ccc2[nH]c(-c3ccccc3)nc2c1,0
COc1ccccc1-c1nc2cc(C(F)(F)F)ccc2[nH]1,0
CCOc1ccccc1-c1nc2cc(C(F)(F)F)ccc2[nH]1,0
Oc1ccc(-c2nc3cc(C(F)(F)F)ccc3[nH]2)cc1,0
CCCOc1ccc(-c2nc3cc(C(F)(F)F)ccc3[nH]2)cc1,0
CN(C)c1ccc(-c2nc3cc(C(F)(F)F)ccc3[nH]2)cc1,0
NNc1ccc(-c2ccccc2)nn1,0
NNc1ccc(-c2ccc(Cl)cc2)nn1,0
COc1ccccc1-c1ccc(NN)nn1,0
COc1ccc(-c2ccc(NN)nn2)cc1,0
c1ccc(-c2ccc(-n3ccnc3)nn2)cc1,0
Clc1ccc(-c2ccc(-n3ccnc3)nn2)cc1,0
COc1ccccc1-c1ccc(-n2ccnc2)nn1,0
COc1ccc(-c2ccc(-n3ccnc3)nn2)cc1,0
c1cnnc(-c2ccccc2N2CCCC2)c1,0
Clc1ccc(-c2ccc(N3CCCC3)nn2)cc1,0
COc1ccccc1-c1ccc(N2CCCC2)nn1,0
Cc1cc(C)n(-c2ccc(-c3ccccc3)nn2)n1,0
Cc1cc(C)n(-c2ccc(-c3ccc(Cl)cc3)nn2)n1,0
COc1ccccc1-c1ccc(-n2nc(C)cc2C)nn1,0
COc1ccc(-c2ccc(-n3nc(C)cc3C)nn2)cc1,0
N#Cc1cnn(-c2ccc(-c3ccccc3)nn2)c1N,0
N#Cc1cnn(-c2ccc(-c3ccc(Cl)cc3)nn2)c1N,0
COc1ccccc1-c1ccc(-n2ncc(C#N)c2N)nn1,0
COc1ccc(-c2ccc(-n3ncc(C#N)c3N)nn2)cc1,0
CCOC(=O)c1cnn(-c2ccc(-c3ccccc3)nn2)c1N,0
CCOC(=O)c1cnn(-c2ccc(-c3ccc(Cl)cc3)nn2)c1N,0
CCOC(=O)c1cnn(-c2ccc(-c3ccccc3OC)nn2)c1N,0
CCOC(=O)c1cnn(-c2ccc(-c3ccc(OC)cc3)nn2)c1N,0
O=C(NNc1ccc(-c2ccc(Cl)cc2)nn1)NC1CCCCC1,0
COc1ccccc1-c1ccc(NNC(=O)NC2CCCCC2)nn1,0
O=C(NNc1ccc(-c2ccc(Cl)cc2)nn1)Nc1ccccc1,0
FC(F)(F)c1ccc(/C=N/Nc2ccc(-c3ccc(Cl)cc3)nn2)cc1,0
COc1ccc(-c2ccc(N/N=C/c3ccc(C(F)(F)F)cc3)nn2)cc1,0
COc1ccc(/C=N/Nc2ccc(-c3ccc(Cl)cc3)nn2)cc1,0
COc1ccc(/C=N/Nc2ccc(-c3ccc(OC)cc3)nn2)cc1,0
COc1ccc(/C=N/Nc2ccc(-c3ccc(Cl)cc3)nn2)c(OC)c1,0
COc1ccc(/C=N/Nc2ccc(-c3ccccc3OC)nn2)c(OC)c1,0
COc1cc(/C=N/Nc2ccc(-c3ccc(Cl)cc3)nn2)cc(OC)c1OC,0
COc1ccccc1-c1ccc(N/N=C/c2cc(OC)c(OC)c(OC)c2)nn1,0
C[C@@H](CSC(=O)C(C)(C)C)C(=O)N(CC(=O)O)C1CCCC1,0
O=c1c2ccc(F)cc2ncn1Cc1ccc(F)cc1,0
O=c1c2cc(Br)ccc2ncn1Cc1ccc(F)cc1,0
O=c1c2ccc(Cl)cc2ncn1Cc1ccc(F)cc1,0
COc1ccc(Cn2cnc3cc(Cl)ccc3c2=O)cc1,0
COc1ccc(Cn2cnc3cc(F)ccc3c2=O)cc1,0
COc1cc2ncn(Cc3ccc([N+](=O)[O-])cc3)c(=O)c2cc1OC,0
COc1cc2ncn(Cc3ccc(C#N)cc3)c(=O)c2cc1OC,0
COc1ccc(-n2cnc3cc(OC)c(OC)cc3c2=O)cc1,0
COc1cc2ncn(Cc3ccc(OCc4ccc(F)cc4)cc3)c(=O)c2cc1OC,0
Cc1oc(C)c(C(=O)NS(=O)(=O)c2ccc3c(c2)OCCO3)c1Br,0
Cc1ccsc1CN(C)C(=O)c1cc2c([nH]c1=O)CCCC2=O,0
CCN(C(=O)c1ccc2[nH]c3c(c2c1)CCCC3)[C@H]1CCS(=O)(=O)C1,0
C[C@H]1NC(=O)c2cc(-c3cccc4c(=O)n(C)c(OC5(C)CC5)nc34)[nH]c21,0
CC1CCC2(CC1)OC[C@@H](C(=O)N1CCCN(C)CC1)N2C(=O)c1ccccc1F,0
CN1CCC2(CC1)CN(S(=O)(=O)c1ccc(Cl)s1)Cc1ccccc1O2,0
COc1cccc(S(=O)(=O)n2c3c(c4ccccc42)CCNCC3)c1,0
CC12CCC(C(=O)Nc3ccccc3N3CCOCC3)(CC1=O)C2(C)C,0
CC(=O)NC1CCN(Cc2ccc3c(c2)Nc2nccnc2S3)CC1,0
Cc1nc(CN2CCOCC3(CCN(c4ccccn4)C3)C2)cs1,0
CN(Cc1ccccc1)c1nc2c(S(=O)(=O)c3ccc(Cl)cc3)nnn2c2ccsc12,0
O=C(N/N=C/c1cccs1)c1ccc(NC(=O)c2ccccc2Cl)cc1,0
Nc1scc(CN2CCN(c3ccccn3)CC2)c1C(=O)c1ccc(Cl)cc1,0
Cc1ccc(Nc2ncccc2S(=O)(=O)Nc2ccc(F)cc2)cc1F,0
COC(=O)c1ccccc1NC(=O)NCc1ccc2c(c1)CCN2C(=O)c1ccccc1,0
Cc1cc(C)cc(Oc2ccc(/C(=N/O)N3CCN(c4ccccc4)CC3)cn2)c1,0
Cc1nc(C(F)(F)F)ccc1C(=O)Nc1ccc(Cl)c(-n2cccn2)c1,0
COc1ncccc1NC(=O)N1C[C@H](C)N(c2ccc(C#N)c(C(F)(F)F)c2)C[C@H]1C,0
CN(C)c1ccc(/C=C2\N=C(c3ccccc3)N(/N=C3\C(=O)Nc4ccccc43)C2=O)cc1,0
CN1CC[C@]2(CC[C@@H](c3cc(-c4cccc(OC(F)(F)F)c4)ccn3)N2)C1=O,0
CCCCNC(=O)c1nn(-c2ccc(C)cc2)c(=O)c2c1c1ccccc1n2C,0
O=C(NO)c1ccc(N2C[C@H]3CN(Cc4ccc5ccccc5c4)C[C@H]3C2)nc1,0
COc1ccccc1-c1cnc2cc(OC)c(S(=O)(=O)C(C)(C)C)cn12,0
Cc1cc2oc(N3CCC(C(=O)N[C@H]4CC[C@@H](CO)CC4)CC3)nc2cc1Cl,0
O=C(NCc1cccnc1N1CCOCC1)c1cncc(-c2ccc(Cl)cc2)n1,0
COc1ccccc1S(=O)(=O)N1CC(c2ccccc2)C(c2nc(C)no2)C1,0
N#Cc1ccc(NC2CCC(c3nnn4cnc5[nH]ccc5c34)CC2)c(F)c1,0
COc1cc(NC(=O)c2ccc3c(c2)OCCO3)ccc1NC(=O)c1ccco1,0
COc1ccc(S(=O)(=O)N2Cc3ccccc3CC2C(=O)Nc2nccs2)cc1,0
CCOc1ccc(N(C(=O)c2cc3ccccc3oc2=O)C2C=CS(=O)(=O)C2)cc1,0
Cc1cccc2c1C1=NCCN1C(=S)S2,0
CC(=O)c1cccc2c1S(=O)(=O)c1ccccc1O2,0
Cc1ccc(/C=C2\C(=O)ON=C2c2ccccc2)o1,0
CN(C)C1Cc2cccc3[nH]cc(c23)C1,0
COC(=O)C1=Cc2cc(Cl)ccc2OC(=O)C1,0
Fc1ccc(-c2cn(C3CN4CCC3CC4)nn2)cc1,0
C/C(=C\C1=C(Cl)C(=O)c2ccccc2C1=O)C(=O)O,0
Oc1ccc2nc3ccccc3nc2c1,0
COc1cccc(C(=O)N2CCCCCCC2)n1,0
O=C1c2ccccc2NC(=S)[C@@H]2CCCN12,0
COc1cc(C)c2c(N)c(C(C)=O)sc2n1,0
Cc1cc(-c2n[nH]c(-c3ccnc(C)c3)n2)ccn1,0
N#Cc1cccc(NC(=O)c2ccccc2C(=O)O)c1,0
c1ccc2c(c1)CC(Cc1nc([C@H]3CCOC3)n[nH]1)C2,0
Cc1ccc(/N=N/c2cc(=O)[nH]c(=O)[nH]2)cc1C,0
O=C(O)C1CCCC(C(=O)Nc2ccsc2)C1,0
COC(=O)c1c[nH]c2ncc(-c3ccco3)cc12,0
CCSC1=C(C#N)C2(CCCCC2)C(C#N)C(=O)N1,0
CCc1ccc(Nc2[nH]cnc3ncnc2-3)cc1,0
CC(C)C[C@@H]1O[C@H](C(C)C)Cc2n[nH]c(O)c21,0
CN1C[C@@H](CO)C=C2c3cccc4[nH]cc(c34)CC21,0
CN(C(=O)[C@H]1CCCO1)c1ncc(Br)s1,0
COC(=O)[C@@H]1CCC(=O)N1Cc1ccc(C)cc1,0
CC(C)c1nc(CC(=O)N2CCOCC2)cs1,0
O=c1c2ccccc2nnn1Cc1ccccc1,0
c1cnc(N2CCCC3(CCN(CC4CC4)C3)C2)nc1,0
COC(=O)C1Oc2ccc(Cl)cc2C1=O,0
O=C1O[C@@H](c2ccccc2)C[C@@H]1CN1CCOCC1,0
Cc1cc(CN2CC[C@H](N3CCCCC3)C2)on1,0
Cc1ccn(CCc2ccc3c(c2)CCO3)c(=O)c1C#N,0
CC(C)Oc1ccc(N2C(=O)c3ccc(C(=O)O)cc3C2=O)cc1-c1nc2cc(-c3ccccc3)ccc2o1,0
OCc1ccc(-c2cc3ncnc(Nc4ccc(OCc5cccc(F)c5)c(Cl)c4)c3s2)o1,0
COc1ccc(-c2cc(C(=O)Nc3nc4ccc(Cl)cc4s3)nc3cc(-c4ccccc4)nn23)cc1,0
N#Cc1ccc(-c2ccc(C(=O)N(Cc3cccc(-c4ccccc4)c3)c3ccc(N4CCNCC4)cc3)o2)cc1,0
O=C(Nc1noc2ccccc12)N1C[C@H]2CN(Cc3cccc(Oc4cc(Cl)cc(Cl)c4)c3)C[C@H]2C1,0
CC(C)(Oc1cccc(C2CCCN(S(=O)(=O)c3cccc(-c4ccc5ccsc5c4)c3)C2)c1)C(=O)O,0
Nc1ccc(-c2cccs2)cc1NC(=O)c1ccc(-c2cn(CCC34CC5CC(CC(C5)C3)C4)nn2)cc1,0
COc1ccc(-c2cc(OC(C)=O)c3c(-c4cccs4)c(NC(=O)c4ccc(F)cc4)oc3c2)cc1,0
Cc1c(C)c2c(c(C)c1O)CCC(C)(C(=O)N(c1ccccc1)C(C(=O)NCc1ccccc1)c1ccccc1)O2,0
COc1c(O)cc2oc3c(CN4CCCCCC4)c(O)c(CC=C(C)C)c(O)c3c(=O)c2c1CC=C(C)C,0
COc1ccc(CN)cc1-n1nc2c(c1C(C)C)C(c1ccc(Cl)cc1C)N(c1cc(Cl)ccc1C)C2=O,0
Cn1c2ccc(-c3cccc4ccccc34)cc2c2nc(SCC(=O)NC3CCCCC3)n(-c3ccccc3)c(=O)c21,0
CN(c1ccc(Cl)cc1)c1ccc(C(=O)c2ccc(C(=O)C3(c4ccccc4)CCCC3)c(C(=O)O)c2)nc1,0
CCNC(=O)c1ccc(-c2c(C)nc3c(OCc4ccc(-c5cccc(C(F)(F)F)c5)cc4)cccn23)cn1.Cl,0
O=C(O)c1ccc(C(=O)/C(=C\c2ccc(Br)c([N+](=O)[O-])c2)SCc2ccc(Cl)cc2)cc1,0
CNC(=O)c1ccc(Oc2cc(NC(=O)N3CCN(c4ccc(Cl)cc4)CC3)cc(Oc3ccc(F)cc3)c2)cc1,0
Cc1nc(NC(=O)Cc2cccc(C(F)(F)F)c2)sc1-c1ccc2c(/C=C/c3ccccn3)n[nH]c2c1,0
Cc1cc(SC2=C(O)OC(C)(CCc3ccc(O)cc3)CC2=O)c(C(C)(C)C)cc1NS(=O)(=O)c1ccccc1,0
CCCCOC(=O)N1CCC(NC(=O)c2nn(-c3ccc(Cl)cc3Cl)c(-c3ccc(Cl)cc3)c2C)CC1,0
O=C(O)c1ccc2cc(N3C4CCC3CC(OCc3c(-c5ccccc5OC(F)(F)F)noc3C3CC3)C4)ccc2c1,0
CC(C)c1onc(-c2c(Cl)cccc2Cl)c1COc1ccc(N(C)C(=O)c2cccc(C(=O)O)c2)c(Cl)c1,0
COc1ccc(COc2cc(-c3cccc(OC)c3)nc3ccc(NC(=O)c4ccc(Cl)cc4)cc23)cc1,0
Cc1cc(-n2cnc3c(NCCC(F)(F)F)cc(Oc4ccc(F)c(C(F)(F)F)c4)cc32)ccc1C(=O)NC1CC1,0
C=CCO/N=C1/C=C2C3=CC[C@H]([C@@]4(C)OC(C)(C)O[C@@H]4CCC(C)(C)O)[C@@]3(C)CC[C@@H]2[C@@]2(C)C[C@@H]3OC(C)(C)O[C@@H]3C[C@@H]12,0
Cn1c(-c2ccc3ncccc3c2)c(C2CCCC2)c2ccc(C(=O)NC(C)(C)C(=O)Nc3ccc(/C=C/C(=O)O)cc3)cc21,0
Cc1c(-c2cc(Cl)cc(Cl)c2)nn(C(C)c2ccc(C(=O)NCCC(=O)O)cc2)c1-c1ccc2ncccc2c1,0
CCOc1ccc(/N=N/c2c(-c3ccccc3)nn(C(=O)CC(=O)Nc3cccc(C)c3)c2-c2ccccc2)cc1,0
O=C(O)CCc1ccc(NC(=O)[C@H](C2CCCCC2)n2c(-c3ccc(Cl)cc3)nc3cc(F)c(F)cc32)c(F)c1,0
Cc1ccccc1Nc1ncc(C(=O)NCc2ccc(Cl)cc2)cc1NC(=O)c1csc2ccccc12,0
CCOC(=O)c1c(C)nc(Nc2ccc(Nc3ccnc4cc(Cl)ccc34)cc2)nc1-c1ccccc1,0
Fc1ccc(/C(Cn2nnc3ccccc32)=N\Nc2nc(-c3cc(C(F)(F)F)cc(C(F)(F)F)c3)cs2)cc1,0
COc1cc2c(Nc3ccc(Cl)c(Cl)c3)ncnc2cc1OCc1csc(C2CCN(C)CC2)n1,0
CCC(C)c1nc(-c2ccc(CN3CCC(n4c(O)nc5ccccc54)CC3)cc2)c(-c2ccccc2)nc1O,0
O=C(Nc1cccc(-c2nc3sccn3c2-c2ccnc(Nc3ccccc3)n2)c1)c1ccccc1,0
CCc1nc2c(C)cc(-c3ccc(CN4CCN(C)CC4)cc3)cn2c1NC(=O)OCc1cc(Cl)cc(Cl)c1,0
CN(C)c1nc(Nc2ccc(C(F)(F)F)cc2)c2nc(Nc3c(Cl)cccc3Cl)sc2n1,0
COc1cc2c(Nc3ccc(Cl)c(Cl)c3)ncnc2cc1OCc1csc(C2CCCN(C)C2)n1,0
CCCN(Cc1c(C)nc2n(-c3c(C)cc(C)cc3C)c3ncccc3n12)CC1CCC1.O=C(O)C(F)(F)F,0
Cc1cc(C#N)cc2nc(-c3ccc(C(=O)NCCC4CCN(c5ccc(C(F)(F)F)cc5)CC4)cc3)oc12,0
O=C(O)CC1CCC(c2ccc(-c3ccc4nc(C(=O)Nc5cccc(C(F)(F)F)c5)cn4c3)cc2)CC1,0
CC(=O)c1cnc2ccc(-c3cc(Cl)c(O)c(Cl)c3)cc2c1Nc1ccc(CN2CCCC2)cc1,0
CC(NC(=O)c1ccccc1Sc1ccc2c(/C=C/c3ccccn3)n[nH]c2c1)c1ccc(Cl)cc1,0
O=C(Nc1ccccc1-c1nc2cc(CN3CCN(C4CCCCC4)CC3)ccc2o1)c1ccc2ccccc2c1,0
CNC(=O)c1ccccc1-c1ccc(Cn2c(C)c(C)c3cc(C(=O)N[C@@H](C)c4cccc(C(C)C)c4)ccc32)cc1,0
Cc1cscc1-c1cc(Nc2nccc(C(F)(F)F)n2)cc(-c2cnc([C@@]3(O)CC[C@H](C(=O)O)C(C)(C)C3)s2)c1,0
O=C(O)c1ccc(N(Cc2ccc(C3CCCCC3)cc2)C(=O)c2ccc(Oc3ccccc3)cc2)cc1O,0
Cc1ccc(NC(=S)Sc2nc(Nc3cccc(C)c3)nc(SC(=S)Nc3ccc(C)cc3)n2)cc1,0
Cc1nc(C)c([C@H](OC(C)(C)C)C(=O)O)c(N2CCC(C)(C)CC2)c1-c1ccc(-c2ccccc2)cc1,0
Cc1cc(Nc2ncc(Cl)c(Nc3cc(C(F)(F)F)cc(C(F)(F)F)c3)n2)c(OC(C)C)cc1C1CCNCC1,0
CCOc1cncc(-c2ccc3c(c2)CCC3N[C@@H]2CC[C@@](C(=O)N3CCc4ccc(C(F)(F)F)cc4C3)(C(C)C)C2)c1,0
Cc1cc(OCc2c(-c3c(Cl)cncc3Cl)noc2C(C)C)ccc1-c1ccc2c(c1)c(C(=O)O)cn2C,0
c1ccc(Nc2cc3nc4ccccc4n(-c4ccccc4)c-3c/c2=N\CCCCC23CCCCN2CCCC3)cc1,0
O=C(O)c1[nH]c2cc(Cl)ccc2c1-c1c(-c2ccc(F)cc2)ncn1Cc1ccc(OCc2cc(F)c(F)c(F)c2)cc1,0
CC(C)(C)c1ccc(C(C)(C)N2CCc3cc(S(=O)(=O)Nc4ccc(CCCC5CCCC5)cc4F)ccc3C2)cn1,0
O=C(NCc1cccs1)c1ccc(-c2ccc(-c3nc(-c4ccc(Cl)c(Cl)c4)cs3)cc2C(=O)O)cc1,0
O=C(Nc1ccc(OC(F)(F)F)cc1)Nc1ccc(Sc2ccccc2)nc1Sc1ccccc1,0
Cc1c(C)n(Cc2ccc(-c3ccccc3C(=O)O)cc2)c2ccc(C(=O)N[C@@H](C)c3ccc(OC(C)C)cc3)cc12,0
O=C(Nc1cccnc1)Oc1ccc(OCc2nc3ccccc3s2)cc1C1(c2ccccc2)CC2CCC1C2,0
CC(C)(C)CC(C)(C)Nc1c(-c2ccccc2OC(=O)C(c2ccccc2)c2ccccc2)nc2ccccn12,0
c1ccc(Nc2cc3nc4ccccc4n(-c4ccccc4)c-3c/c2=N/CCCCC23CCCCN2CCCC3)cc1,0
CC1(C)Oc2cc(O)cc(CCc3ccccc3)c2C(C2=Cc3c(CCc4ccccc4)cc(O)cc3OC2(C)C)C1=O,0
N#Cc1ccc(N[C@@H](CC2CCCCC2)C(=O)N[C@@H]2CCCc3ccccc32)c2ccccc12.O=C(O)C(F)(F)F,0
Cc1nn(-c2ccccc2C(C)C)c2c1[C@@H](c1ccc(Oc3ccccc3)cc1)S[C@@H](C)C(=O)N2,0
Cc1noc(C)c1-c1ccc2c(Nc3ccccc3C(C)(C)C)c(C(=O)NC3CCCC3)cnc2c1.Cl,0
CCC(C)Sc1cccc(-c2nc3cc(C)ccn3c2NCc2ccccc2)c1.O=C(O)C(F)(F)F,0
CCN(CC)CCNC(=O)[C@]1(C)CC[C@]2(C)CC[C@]3(C)C4=CC=C5C(=CC(=O)C(O)=C5C)[C@]4(C)CC[C@@]3(C)[C@@H]2C1,0
O=C(Nc1cc(Oc2ccc(F)cc2)cc(Oc2ccc(F)cc2)c1)Nc1cc(Cl)nc(Cl)c1,0
CCc1ccc(C(=O)Nc2cccc(C(F)(F)F)c2)cc1-c1ccc(C)c(-c2cnc3cnccn23)c1,0
O=C(Nc1ccc(-c2cc(Nc3cccc(C(F)(F)F)c3)ncn2)cc1)Nc1cccc(Cl)c1F,0
O=C(Nc1cccc(-c2cnc3c(NC(=O)c4ccccc4)cccn23)c1)Nc1ccc(Cl)c(Cl)c1,0
CCC(O)(c1cccc(F)c1)C1CCC(N2C(=O)Cc3cc(OC)c(OC(C)C)cc3C2c2ccc(Cl)cc2)CC1,0
Cc1c(C)n(Cc2ccc(-c3ccccc3C(=O)O)cc2)c2ccc(C(=O)N[C@@H](C)c3cccc(C4CC4)c3)cc12,0
CCc1onc(-c2c(Cl)cccc2Cl)c1COc1ccc(C2(C#N)CC2c2ccc(C(=O)O)cc2)c(Cl)c1,0
C[C@H]1[C@H](C)CC[C@]2(C(=O)O)CC[C@]3(C)C(=CC[C@@H]4[C@@]5(C)CC[C@H](OC(=O)CCCC(=O)O)C(C)(C)[C@@H]5CC[C@]43C)[C@H]12,0
COc1cccc(NC(=S)Nc2ccc3nc(Oc4ccc(F)cc4C(C)O)c(Cc4ccccc4)cc3c2)c1,0
COc1cc2nccc(Oc3ccc4c(C(=O)Nc5ccc(Cl)c(C(F)(F)F)c5)cccc4c3)c2cc1OC,0
CCCn1c(-c2cccc(F)c2)nc2cc(Nc3nnc(-c4ccccc4C(F)(F)F)s3)c(F)cc21,0
Clc1cc(NCCCNC2CCC3(CC2)OO[C@@]2(c4ccccc4)CC(c4ccccc4)=C[C@H]2O3)c2ncccc2c1,0
Cc1c(C)n(Cc2ccc(-c3ccccc3C(=O)O)cc2)c2ccc(C(=O)N[C@@H](C)c3cccc(C(C)C)c3)cc12,0
Cc1cccc(C)c1-c1ccccc1CN(C(=O)c1ccc(-c2ccc(C#N)cc2)o1)c1ccc(N2CCNCC2)cc1,0
Cc1c(C)n(Cc2ccc(-c3ccccc3)cc2)c2ccc(C(=O)N[C@@H](C)[C@H]3CCCN3C(=O)OCc3ccccc3)cc12,0
Cc1cc(C(F)(F)F)ccc1-c1cc(F)c2c(ccn2C(CC(C)C)c2ccc(C(=O)NCCC(=O)O)cc2)c1C,0
COC(=O)[C@]1(C)CCC[C@]2(C)c3ccc(C(C)C)cc3-c3c(c4ccccc4n3CCNc3ccc(OC)cc3)[C@@H]12,0
Cc1ccc(CCOc2ccc(-c3c(C)nc(C)c([C@H](OC(C)(C)C)C(=O)O)c3N3CCC(C)(C)CC3)cc2)s1,0
C=C(c1c(-c2ccc(OC)c(OC)c2)[nH]c2ccccc12)c1c(-c2ccc(OC)c(OC)c2)[nH]c2ccccc12,0
CC(C)c1cccc(C(C)C)c1NC(=O)N(Cc1ccccc1)C(C)c1nc2ccccc2c(=O)n1-c1ccccc1,0
CCOc1ccc(-c2ccc(Oc3ccccc3C(C)(C)C)c(NC(=O)Nc3ccc(C)cc3)c2)cc1C(=O)O,0
Cc1ccc(Nc2c3ccccc3nc3ccccc23)cc1NC(=O)Oc1ccc(N(CCCl)CCCl)cc1,0
COc1cc(NC(C)CCCNC(=O)OC(C)(C)C)c2nc(C(F)(F)F)cc(C)c2c1-c1ccc(C(F)(F)F)cc1,0
O=C(O)c1ccc(CN2C(=O)/C(=C/c3cccc(OCc4ccccc4)c3)S/C2=N\c2ccc(C(F)(F)F)cc2)cc1,0
O=C(Nc1cccc(OCc2cn(-c3ccccc3C(F)(F)F)nn2)c1)Nc1ccc(Cl)c(C(F)(F)F)c1,0
CC(C)(C)c1ccc(O)c(C2(c3cc(C(C)(C)C)ccc3OCCN3CCCCC3)C(=O)Nc3ccccc32)c1,0
C[C@@H](NC(=O)c1nn(-c2ccc(Cl)cc2Cl)c2c1CCCC/C2=C\c1ccc(Cl)cn1)c1ccccn1,0
O=C(O)C1=CC[C@@H](c2ccc(Cl)c(Cl)c2)N(S(=O)(=O)c2ccc(Cl)cc2)[C@H]1c1cccc(Cl)c1,0
CC(C)c1ccccc1Sc1ccc(-c2cc(N3CCC(NC(=O)OC(C)(C)C)C3)ncn2)cc1C(F)(F)F,0
Cc1cn(Cc2ccc3ccccc3c2)c2c(-c3cc(NS(=O)(=O)c4ccc(F)c(F)c4)no3)cc(F)cc12,0
C[C@H]1OC(=O)[C@@H]2C[C@@H]3C[C@H](C(=O)Nc4ccncc4)CC[C@H]3[C@H](/C=C/c3ccc(-c4cccc(C(F)(F)F)c4)cn3)[C@H]12,0
CCc1cccc(C)c1NC(=O)c1ccccc1Sc1ccc2c(/C=C/c3ccccn3)n[nH]c2c1,0
C[C@@H](NC(=O)c1ccccc1Sc1ccc2c(/C=C/c3ccccn3)n[nH]c2c1)C1CCCCC1,0
CC(C)(C)c1ccc(CN2CCCCC(NC(=O)c3cc(-c4cccc(F)c4)cs3)C2)cc1.O=C(O)C(F)(F)F,0
Fc1cccc(-c2nc(-c3cnccn3)no2)c1,0
O=C(NC1CCC(C(=O)N2CCCO2)CC1)C1CCCC1,0
CS(=O)(=O)Nc1ccc(-c2cncc3nccn23)cc1,0
Cc1ccc2[nH]cc(C(=O)On3nnc4ccccc43)c2c1,0
O=[N+]([O-])c1cccc(N2CC[N+]3(CCCC3)CC2)c1,0
Cn1c(SCC(=O)N2CCCC2=O)nc2ccccc21,0
C=C(C(=O)c1ccc(Cl)cc1)N1C(=O)C=NC(=O)C1C,0
Cc1ccc(N2C(=O)NC(=O)/C(=C/c3ccoc3)C2=O)cc1,0
Cc1ncc(CN2CCOC[C@@H](C3CCC3)C2)cn1,0
CC(C)[C@@H](C(=O)N1CCCCC1)N1C(=O)c2ccccc2C1=O,0
CN1C(=O)S/C(=C\C2=Cc3ccccc3OC2)C1=O,0
Cc1ccc(C(=O)Nc2cccc(C(=O)N3CCN(C)CC3)c2)cc1,0
CC(=O)Nc1cccc(-c2cn3c(n2)CCC3)c1,0
C/C1=C/CC[C@@]2(C)O[C@@H]2[C@H]2OC(=O)[C@@H](CN3CC[C@H](F)C3)[C@@H]2CC1,0
COC(=O)C1=C(C)N=C(C)/C(=C(/O)OC)C1C(C)C,0
O=C1NCCN1C(=O)C(c1ccccc1)c1ccccc1,0
N#CC1(C(=O)N2CCN(Cc3cscn3)CC2)CCCCC1,0
O=C(Nc1ccncc1)c1ccc([N+](=O)[O-])cc1,0
CC(=O)c1cc2c(s1)[C@@H](N1CCCC1=O)[C@H](O)C(C)(C)O2,0
COc1ccc(C2=NNC(=O)C2(C)C)cc1Cl,0
COc1cc2c(cc1OC)CN(C(=S)NC(=O)c1ccccc1)CC2,0
CCCN1C(=O)NC(c2ccccc2)(c2ccccc2)C1=O,0
[O-]/[N+](=C\c1nc(-c2ccccc2)ns1)C1CCCCC1,0
Cc1cc(C)cc(NC(=O)CN2CCN(c3ccccc3)CC2)c1,0
CCc1ccc(CN(C)c2cc([C@H]3CCOC3)nc(C)n2)nc1,0
CC1CN(C(=O)CN(Cc2ccccc2Br)C2CC2)CCO1,0
c1cnnc(N2CCCC2CNc2nc3ccccc3o2)c1,0
N#Cc1cn(-c2cc(C(=O)O)ccn2)cc1-c1cccs1,0
COc1cccc(CC(=O)N(C)[C@H]2CCOC(C)(C)C2)c1,0
CCOC(=O)C1=C(C)N(C)C(=O)NC1c1cccc2ccccc12,0
N#Cc1c(-c2ccc(Cl)cc2)ccn2nc(CCC(=O)O)nc12,0
CC1=C(C(=O)OCc2ccccc2)C(c2ccco2)NC(=O)N1C,0
Cl.Oc1cccc(-c2nc(N3CCOCC3)c3sccc3n2)c1,0
Cc1nn(C2CCCC2)c2nc(C(C)(C)CN3CCN(C)CC3)[nH]c12,0
C[C@H](CO)n1c2c(c3ccccc3c1=O)C(=O)c1ccccc1-2,0
O=C(CCl)NCc1cc(-c2ccc(Cl)cc2)no1,0
CC(=O)N1CCc2c(c(Nc3ccccc3)nn2CC2CC2)C1,0
COc1ccc2c(c1OC)C(=O)N(c1ccc(F)cc1)C2,0
COc1ccc2c3c1O[C@H]1C[C@H](O)C=C[C@@]31CCN(CC=C(C)C)C2,0
CC1(C)C=C(n2ccccc2=O)c2cc(OS(=O)(=O)F)ccc2O1,0
C/C=C1\CN2[C@H]3C[C@@]45c6ccccc6N(C(=O)c6ccc(OC)c(OC)c6)[C@@H]4[C@@H]2C[C@@H]1C3(C(=O)OC)[C@H]5OC(C)=O,0
O=C(O)c1ccc(NC(=O)[C@@H]2c3ccccc3CCN2C(=O)/C=C/c2cc(Cl)ccc2-n2cnnn2)cc1,0
Cc1oc(S(C)(=O)=O)cc1-c1c2c(=O)n(C)c(=O)n(CC3CC3)c2nn1Cc1ccnc2ccc(Cl)cc12,0
C[C@@H]1CN(c2ccc(F)cc2C(F)(F)F)CCN1S(=O)(=O)c1ccc(C(O)(c2nnc[nH]2)C(F)(F)F)s1,0
CCc1nc2ccccc2n1-c1nc(N2CCOCC2)c2sc(CN3CCN(C(=O)C4CCCC4)CC3=O)cc2n1,0
CN1[C@H](CN2CCCC2)C[C@@H]2CN(C(=O)Cc3ccsc3)CC[C@@H]21.O=C(O)C(F)(F)F.O=C(O)C(F)(F)F,0
C/C=C(\C)OC(=O)[C@H]1C(C)(C)[C@H]([C@@H](O)C(=O)OC)[C@]2(C)C(=O)[C@@]1(O)C=C1[C@@H]3CC(=O)O[C@@H](c4ccoc4)[C@]3(C)CC[C@@H]12,0
CC(Oc1ccc(S(C)(=O)=O)cc1C(=O)N1CCN(c2cnc(C(F)(F)F)cn2)CC1)C(F)(F)F,0
C=C1CN(S(=O)(=O)c2ccc(C)cc2)CCCN(Cc2ccccc2)CCCN(S(=O)(=O)c2ccn(C)c2)C1,0
COC1(C(=O)N2Cc3cc(S(C)(=O)=O)ccc3C2C(=O)Nc2ccc(C(O)(C(F)(F)F)C(F)(F)F)cc2)CC1,0
CCC(C)NC(=O)CCn1c(=O)c2cccn2c2ccc(F)cc21,0
C[C@H](c1ccccc1)n1c(=O)[nH]c2cnc(-c3cnc4ccc(F)cn34)nc21,0
Cc1cc(C(=O)NC2CCOCC2)n(Cc2csc(N3CCCCC3)n2)c1,0
CCOC(=O)c1sc2ncn(CC(=O)Nc3cccc(C)c3)c(=O)c2c1C,0
CN(C)C(=O)n1cc(C(=O)[C@@H]2CSC(c3cccnc3)N2)c2ccccc21,0
Cc1ccc(-c2ccnc(N3CCCN(Cc4ccncc4)CC3)n2)c(C)n1,0
Cc1cc(C)c(C)c(S(=O)(=O)N2CCN(C(=O)c3ccco3)CC2)c1C,0
Cc1ccc2nc(CNC(=O)c3cc(=O)c4ccccc4o3)cn2c1,0
Cc1ccc(N(C)C(=O)c2cc(S(=O)(=O)N3CCCCC3)c[nH]2)cc1,0
Cc1cc(-n2ncc(=O)[nH]c2=O)cc(Cl)c1C(=O)c1ccc(Cl)cc1,0
O=S(=O)(c1ccc2oc3c(c2c1)CNCC3)n1ccc2ccc(F)cc21,0
CSc1nnc2n1-c1ccc(Cl)cc1C(c1ccccc1)=NC2,0
CC(C)C1Cc2nc(S)nc(O)c2C(c2ccc(Cl)cc2)O1,0
Cc1nn(C)c(C)c1S(=O)(=O)N1CCC(Cc2ccc(Cl)c(F)c2)CC1,0
O=C(OCc1ccccc1)[C@@H]1COC(c2ccc(Br)cc2)=N1,0
COc1ccc(-n2nc3c(c2O)CSc2ccccc2-3)cc1,0
COc1ccc(-c2nc(C3CCNCC3)n3ccccc23)cc1,0
CCOc1cc(/C=C2\Oc3ccc(Cl)cc3C2=O)ccc1O,0
COc1ccc(N2C(=O)C3C4C=CC(C4=C4CCCC4)C3C2=O)cc1,0
O=c1c2ccccc2n2c(-c3ccccc3O)nnc2n1-c1ccccc1,0
Cc1cc(C)n(Cc2ccc(C(=O)Nc3ccc4cnccc4c3)s2)n1,0
Oc1cc(CSc2cccc(F)c2F)nc2nc(-c3ccccc3)nn12,0
N#Cc1cc(COc2ccc(Cl)cc2Cl)cc(C(=O)O)c1,0
Cc1cc(N2C(=O)C3=C(CCCC3)C2=O)c(F)cc1NC(=O)c1occc1C,0
O=C(O)c1ccc2c(c1)C1(CCCCC1)CN2C(=O)c1cccs1,0
C(=C/c1n[nH]c2cc(-c3ccncc3)ccc12)\c1ccc2c(c1)OCO2,0
O=C1CCS(=O)(=O)N1c1ccc(Nc2c3ccccc3nc3ccccc23)cc1,0
CCOP12(OCC)NC(=O)OC1(C(F)(F)F)c1ccccc1O2,0
CCCOC(=O)N1Cc2nc(-c3ccccc3)nn2-c2cc(C)ccc21,0
Fc1cc(Cl)ccc1-c1nn2c(-c3ccncc3)nnc2s1,0
COc1ccc(C(=O)Nc2cc(C)nn2-c2cccc(F)c2)cc1OC,0
COc1cccc2c1C(=O)C1=C(C[C@H](Cn3cc(-c4ccccc4)nn3)O[C@H]1C)C2=O,0
CCn1c(=O)c(NC(=O)c2ccccc2)c2n(c1=S)CCCCC2,0
CNC(=O)/C(=N/OC)c1ccccc1Oc1ccc(Cl)c(C)c1,0
C/C(=C/c1ccccc1)C(=O)N1CCC[C@H](n2cnc3ccccc3c2=O)C1,0
COc1ccccc1-n1cc(C2=CCN(C(=O)OC(C)(C)C)CC2)nn1,0
COc1ccc2c(c1O)CCC/C(=C\c1cc(OC)c(OC)c(OC)c1)C2=O,0
CC(=O)C(=O)N(c1ccccc1C(=O)O)c1ccccc1N1CCCCC1,0
O=C(O)c1ccc(CSc2nnc(-c3ccc4c(c3)OCO4)o2)cc1,0
CCOC(=O)c1cccc(NC(=O)c2oc3c(c2C)-c2nn(CC)cc2CC3)c1,0
COc1ccc(NC(=O)c2cc(Br)ccc2Cl)c([N+](=O)[O-])c1,0
CC(C(=O)N1C[C@@H]2[C@H](CNc3nc(-c4ccccn4)cs3)[C@@H]2C1)c1ccccc1,0
c1cc(-c2nc(OC[C@@H]3CCCCN3)c3c4c(sc3n2)CCCC4)ccn1,0
COc1cc(C(=O)c2ccn(-c3ccc(Cl)cc3)c2)cc(OC)c1OC,0
COc1ccccc1N1CCN(CC2CN(c3ccccc3)c3ccccc3O2)CC1,0
O=C(Nc1nc2sc3c(c2c(=O)s1)CCN(Cc1ccccc1)C3)c1ccccc1,0
COCC1CCCN(c2nc3cc(C(=O)O)ccc3nc2-c2ccc(F)cc2)C1,0
N#Cc1ccc(C(c2ccc(C#N)cc2)n2cc(COc3ccccc3)nn2)cc1,0
C=C1C(=O)O[C@H]2[C@H]1CC/C(COC(=O)/C=C/c1ccc3c(c1)OCO3)=C\CC[C@@]1(C)O[C@@H]21,0
Cc1c(Cl)cccc1S(=O)(=O)Nc1nc(-c2ccc(C#N)cc2)co1,0
COc1ccc(NC(=O)Cn2nc3ccc(-c4ccccc4)nn3c2=O)cc1,0
CNc1cc(N2C[C@@H]3CCN(C(=O)c4cc(F)ccc4-n4nccn4)C[C@@H]32)ncn1,0
CN(C)[C@H]1CC[C@H](n2cc(C(N)=O)c(Nc3ccnc(F)c3)n2)[C@@H](C#N)C1,0
Cc1cccc(C(=O)N[C@H]2C[C@@H](n3cnc4c(NC5CCNCC5)ncnc43)C2)n1,0
COC(=O)C(C)(C)NC(=O)C(=O)Nc1ccc(-c2cnco2)c(OC)c1,0
CCC1(c2ccc(F)cc2)NC(=O)N(CC(=O)Nc2cc(C)on2)C1=O,0
COc1ccccc1NC(=O)c1cnn2ccc(N[C@@H]3CCCNC3)nc12,0
Cn1ccc(CN2CCC(c3ccc4c(c3)CN(C3CCC(=O)NC3=O)C4=O)CC2)n1,0
Cc1nn(C)c2c(=O)n(CC(=O)Nc3cc(Cl)cc(Cl)c3)nnc12,0
COC(=O)C1Cc2cc3c(cc2C(c2cc(OC)c(OC)c(OC)c2)N1)OCO3,0
O=C(CCn1cccn1)N1CCN(Cc2ccc(Cl)s2)CC1,0
CC(C)C(=O)NCCN(C)C(=O)c1c(F)cc(F)cc1F,0
O=C(Nc1ccc(S(=O)(=O)N2CCCCC2)cc1)C1CC1,0
CNC(=O)[C@@H]1[C@H]2CN(Cc3ccoc3)CCN2C[C@H]1c1ccccc1,0
OCCC1CN(Cc2ccncc2)CCN1C1CCCC1,0
CN(C)c1cc(C(=O)N(CC(F)F)C2CC2)ccn1,0
O=C(CCC(F)(F)F)NCCCc1ccccn1,0
CCN(CC1CCOCC1)C(=O)CN1CCCCCC1=O,0
Cc1ccc(S(=O)(=O)/N=C(\CN2CCCC2)N2CCCC2)cc1,0
CCN(CC)C(=O)[C@@]1(c2ccccc2)CC1CN1CCN(C)CC1,0
O=C(Cc1c(Cl)cccc1Cl)N1CCC(OC2CNC2)CC1,0
CCCN1C[C@@H](CNC(=O)NCc2ccc3occc3c2)CC1=O,0
COc1cccc(CCNC(=O)C(=O)c2c[nH]c3ccccc23)c1,0
Cc1nnc(CN(C)C2CCN(CCc3cccs3)C2)n1C,0
CN(Cc1ccncc1Cl)[C@H]1CCN(CC(F)(F)F)C1=O,0
Cc1nnc(CCNC(=O)c2ccc(Cl)s2)s1,0
Clc1cnccc1CN[C@H]1C[C@H](N2CCOCC2)C12CCC2,0
CCn1nc(C)c(CNC(=O)C2COc3ccccc3C2)c1C,0
O=C(CCSc1ccccc1)OCn1nnc2ccccc2c1=O,0
Cc1ccc(OCC2CCCN(C(=O)Cn3ccccc3=O)C2)cc1,0
O=C(NC[C@]1(CO)COCCN1Cc1ccccc1)c1nccc2ccsc12,0
O=C(NC[C@H]1[C@H](c2ccccc2)[C@H](CO)N1Cc1ccccn1)C1CCC1,0
COCCNC(CN1CCN(c2cnccn2)CC1)c1ccc(F)cc1,0
COc1ccc(OCCNS(=O)(=O)c2ccccc2)cc1,0
CCOCC(=O)N1CCc2c(CN(C)C)nn(C(C)C)c2C1,0
COc1ccc(OC)c(S(=O)(=O)NCCc2ccccc2)c1,0
CCOc1ccccc1CN1C[C@@H]2CC[C@H]1CN(S(=O)(=O)N(C)C)C2,0
COc1ccccc1C1(CNC(=O)CN2CCOCC2)CCC1,0
CCCCNC(=O)C1CC(=O)N(CCc2ccc(C)cc2)C1,0
CCOC(=O)C(N)CSC1CC(=O)N(CCc2ccccc2)C1=O.Cl,0
CC(=O)c1c(C)[nH]c(C(=O)OCCCCN2C(=O)c3ccccc3C2=O)c1C,0
CCCCNC(=O)CCn1c(=O)c2ccccc2n(Cc2cccc(Cl)c2)c1=O,0
COc1ccc(S(=O)(=O)NCc2ccc(C(=O)N(C)Cc3ccco3)cc2)cc1,0
COc1cc(-c2nnc([S+]([O-])Cc3cccc(F)c3)o2)cc(OC)c1OC,0
CCN(CC(=O)Nc1cccc(C(C)=O)c1)S(=O)(=O)c1ccccc1,0
COc1ccc(CC(=O)OCC(=O)Nc2ccc(OC(F)F)cc2)cc1OC,0
Cc1ccc(CNC(=O)COC(=O)c2cccc(S(=O)(=O)N3CCCCC3)c2)cc1,0
CCOc1ccc(CC(=O)Nc2ccc(S(=O)(=O)N3CCCC3)cc2)cc1,0
COc1ccccc1N1CCN(CCCCNC(=O)c2ccn3nccc3c2)CC1,0
CC(C)[C@H](C(=O)O)N(Cc1ccccc1)S(=O)(=O)c1ccc(N(C)C)cc1,0
CCOCCc1c(O)nc(S)nc1O,0
CC(C)=CC(=O)NC1=CC(=O)[C@@]2(O)CC[C@H](C)N12,0
CCC[C@@H]1C[C@H](O)[C@@H](O)/C=C/C=C\C(=O)O1,0
CNC(=O)c1ccc(N2CCOCC2)c(F)c1,0
CN1CCN(NS(=O)(=O)c2cccs2)CC1,0
O=c1cc(N2CCCC2)cnn1CC1CCNC1,0
COC(=O)CNc1ccc2c(c1)OCO2,0
CCCCN1CC(C)C(O)C(O)C1,0
Cc1ccc(C(=O)N2C[C@@H](CO)[C@H](N(C)C)C2)cc1,0
CCOC(=O)c1cc[n+](C)c(F)c1,0
Cc1c(CCl)c(=O)oc2c(C)c3occ(CCl)c(=O)c3cc12,0
Cc1cccc(-n2ncc3c(NC4CCCCC4)ncnc32)c1,0
CC1=NN(c2ccccc2)C(=O)[C@]12C(=O)C=CC[C@H]2c1ccccc1,0
COc1cccc([C@H]2CC(O)=Nc3c2ncn3-c2ccc(F)cc2)c1,0
CC1CN(C(=O)c2ccccc2Sc2ccccc2C#N)CC(C)O1,0
Fc1ccc(Oc2c3cc4c(cc3nc3occc23)OCO4)cc1,0
Oc1cccc2ccc(/C=C/c3ccc4c(c3)OCO4)nc12,0
CN1Cc2c(-c3cccnc3)[nH]c3nccc(c23)-c2cc(F)ccc21,0
CN(C)C(=O)Oc1cccc(-c2cn3cc(Cl)ccc3n2)c1,0
ClCc1cccc(Cn2cnc3c(Cl)nc(Cl)nc32)c1,0
C1=C(c2c[nH]c3ccccc23)CCN(Cc2ccco2)C1,0
O=c1cc(CNc2ccc(F)cc2)c2cc(Cl)ccc2o1,0
Cc1ccccc1-c1[nH]nnc1C1=CC(=O)C[C@H](c2ccc(F)cc2)C1,0
Nc1nc(Nc2cccc(Cl)c2)c2c(n1)-c1ccccc1C2,0
Cc1ccc(/C=C2\CC3CC(\C2=N\NC(N)=S)C3(C)C)cc1,0
Oc1ccc(-c2nc3cc(O)cc(Br)c3o2)cc1,0
O=C(O)Cc1cc(Cl)c2c(c1)CCC(c1ccccc1)N2,0
CC[C@@]12C=C(CN)n3c4c(c5ccccc53)CCN(CCC1)[C@H]42,0
N#Cc1cn(-c2ccc(C(=O)O)c(O)c2)cc1-c1cccs1,0
C/C=C/COC1(C(F)(F)F)OC(=O)Nc2ccc(F)cc21,0
O=C(O)c1cc2c([nH]c3ccccc32)c(-c2ccsc2)n1,0
C=C(C1COC2(CCCC2)OO1)C12CC3CC(CC(C3)C1)C2,0
O=C(c1cccc(F)c1)N1CCC2(CC1)CCN(c1ccncc1)CC2,0
C=C(C)[C@@H]1C/C=C(\C)[C@H](N=[N+]=[N-])CCC2=C[C@@H]1OC2=O,0
O=C1NC(=S)C(c2ccc(Cl)cc2)N1c1ccc2[nH]cnc2c1,0
COc1ccc(F)cc1-c1ccc2nc(N)sc2c1,0
Brc1ccc(-c2nnc(-c3ccc4nc[nH]c4c3)o2)cc1,0
O=C(c1cc2c(s1)-c1ccccc1OC2)N1CCCC1,0
O=C1O/C(=C\c2ccccc2)C(O)=C1c1ccccc1,0
c1ccc(-c2nc3c([nH]2)CCOc2ccccc2-3)cc1,0
Oc1ccc2c(-n3cnc(-c4ccccc4)c3)nccc2n1,0
Cc1nc2c(C(=O)Oc3cncc(Cl)c3)cccc2[nH]1,0
CCOC(=O)c1ccc(N2Cc3ccccc3C2)cc1O,0
CCCn1c(=O)c2ccccc2c2cc(C(N)=O)ccc21,0
O=C(NNc1nc2ccccc2s1)c1ccc(F)cc1,0
O=C(Nc1cc(Cl)ccc1O)OCC(F)(F)F,0
COc1ccc(C)cc1Nc1cc(C)nc(C)n1,0
N#Cc1cccc(/C=C/C(=O)c2occc2O)c1,0
COc1ccc(C2C(=O)c3ccccc3C2=O)c(OC)c1,0
CC(=O)c1ccc(/C=C/c2nc3ccccc3n2C)o1,0
Cc1nc(C#N)c(N/N=C/c2c(F)cccc2Cl)o1,0
COC1CCC(C(=O)Nc2nc(-c3ccccc3)ns2)CC1,0
Oc1oc(-c2ccccc2)nc1/C=N/Cc1ccncc1,0
O=C(Nc1nc(-c2ccccc2)c(-c2ncon2)s1)C1CC1,0
CN(CC(C)(C)O)C(=O)Nc1ccc(F)c(-n2cccc2)c1,0
Cc1cc(=O)oc2cc(NS(=O)(=O)c3ccccc3)ccc12,0
CC1S/C(=N/N=C/c2ccco2)N(Cc2ccccc2)C1=O,0
CCc1cc2c3c(c(=O)oc2cc1OC(C)C(=O)O)CCCC3,0
Cc1ccccc1NC(=O)Nc1cc(N2CCCC2)ncn1,0
Cc1c2n(c3ccccc13)CCN(Cn1nnc3ccccc31)C2,0
Cc1nccn1C[C@H]1CCCN(c2nc3ccccc3o2)C1,0
Cc1nc[nH]c1-c1nccn1Cc1cc2ccccc2[nH]1,0
Cc1noc(-c2ccc3[nH]cc([C@H]4C[C@H](N(C)C)C4)c3c2)n1,0
O=C(Nc1ccccc1F)c1cccc2[nH]c(-c3ccncc3)nc12,0
O=[N+]([O-])c1ccccc1N/N=C\c1ccccc1F,0
Fc1ccc(Nc2ncnc3c2cnn3-c2ccccc2)cc1,0
CCc1ccc(Nc2nc3ccccc3c3nnc(C)n23)cc1,0
Cc1ccc(NC(=O)NS(=O)(=O)c2cc3ccccc3o2)cc1,0
COC(=O)c1c(-c2ccc(N(C)C)cc2)oc2c1C(OC)CCC2,0
COc1ccc(C(=O)n2c(-c3ccco3)nc3ccccc32)cc1,0
CC(C)n1nc(-c2cc(C(C)(C)C)on2)c2c(N)ncnc21,0
CCNc1nc(Cl)nc(NC2(C#N)CCCCC2)n1,0
COc1cc(OC)c2c(=O)c3ccc(O)c(O)c3oc2c1,0
O=C(Nc1ncc[nH]1)C1C(=O)N2c3ccccc3Cc3cccc1c32,0
COC(=O)c1cc(NC(=O)c2cccc(F)c2)cc(C(=O)OC)c1,0
O=C(Nc1ccccn1)Nc1cccc2c1-c1cccn1C2=O,0
O=C1NC2(CCCCC2)n2c1c(Cl)cc(Nc1ccon1)c2=O,0
N#Cc1cnc(C(N)=O)c(NCc2ccc(Cl)c(Cl)c2)n1,0
COc1cc2c(cc1C1COc3cc(O)ccc3C1=O)OCO2,0
C=CC(=O)Nc1cccc(-c2nn(C(C)C)c3ncncc23)c1,0
COc1cc(NC(=O)Nc2ccccc2)cc(OC)c1OC,0
CC(C)(C)OC(=O)NC1CC2CCCC(C1)C2NCCn1ccnc1,0
NS(=O)(=O)c1ccc(-c2nnc(-c3ccccc3Cl)o2)cc1,0
CCCCn1nc(-c2ccco2)nc1-c1cn[nH]c1,0
Cc1ccc(-c2noc(CN3CCC(c4ccn[nH]4)CC3)n2)cc1,0
C1CCC(Nc2nc3nonc3nc2NC2CCCCC2)CC1,0
Cc1cc(NC(=O)c2cccnc2)cc(-c2nc3ncccc3o2)c1O,0
Cc1cc(C(=O)NC2CCc3cc(-c4noc(C)n4)ccc32)ccn1,0
CC1CC/C(=N\N=C2/SCC(=O)N2Cc2ccc([N+](=O)[O-])cc2)C1,0
CCOc1cc(/C=N/n2c(C)nc3ccccc3c2=O)ccc1O,0
CC(Nc1ccc2c(c1)OCCO2)C(=O)Nc1ccc(-c2cnco2)cc1,0
Cc1ccc(S(=O)(=O)NN=C2C3CC4CC(C3)CC2C4)cc1[N+](=O)[O-],0
C[C@]1(COc2ccc(C(F)(F)F)cn2)CCn2cc([N+](=O)[O-])nc2O1,0
COc1ccc2oc(C(=O)OCC(=O)NC3(C#N)CCCC3)c(C)c2c1,0
COc1ccc(-c2nnc3sc(-c4c(OC)cccc4OC)nn23)cc1,0
N#Cc1ccccc1-n1cc(COc2ccc3oc(=O)ccc3c2)nn1,0
CCc1ccc(NC(=O)Cn2cc(-c3nc(C(C)C)no3)ccc2=O)cc1,0
COc1cc(OC)cc(Oc2cc(=O)c3c(OC)cc(OC)cc3o2)c1,0
CCOC(=O)c1nc(NCc2cccc(F)c2)c2c(C)noc2n1,0
COc1cccc(F)c1CNc1ccc(-c2cnc(C)nc2C)c2nncn12,0
COC[C@H](C)Oc1cc(Oc2cccc(OC)c2)cc(C(=O)Nc2ccc(C(=O)O)cn2)c1,0
O=C(CCCCCCNC(=O)c1ccc(N(C(=O)c2ccccn2)c2ccccc2)cc1)NO,0
CN(CCCNCc1ccc(C(=O)O)cc1)CC(=O)Nc1ccc(Oc2ccccc2)cc1,0
CCCN(Cc1ccc(OCCN2C(=O)CCC2=O)c(C)c1)C(CC(=O)O)c1ccc(Cl)cc1,0
CCOC(=O)CCc1c(/C=C/c2ccc(O)c(OC)c2)noc1/C=C/c1ccc(O)c(OC)c1,0
[O-][s+]1nc(NCCCN(Cc2cccs2)c2ccccn2)c(NCc2ccccc2)n1,0
CCCCCNc1nc(Nc2cc(Cl)ccc2C)nc(N2CCN(CCN(C)C)CC2)n1.Cl,0
COCCOC(=O)c1c(C)nc(SCC(=O)Nc2ccc(OC)cc2)c(C#N)c1-c1ccco1,0
CCOCCCNC(=O)C(c1ccccc1)N(Cc1ccc2c(c1)OCO2)C(=O)c1ccccc1O,0
O=C(NCCCCc1ccccc1)n1c(=O)n(C(=O)NCCCCc2ccccc2)c2ccccc21,0
CC1CCCCN(CCCOCCCOc2ccc(Cl)cc2)C1.O=C(O)C(=O)O,0
CCCCc1cn(CCCC)c(=O)n1Cc1ccc(-c2ccccc2-c2nn[nH]n2)nc1,0
CCOc1ccc(Cn2c(CNS(=O)(=O)c3cccc(Cl)c3)nc3cccnc32)cc1,0
O=C(c1ccccc1)c1ccc(S(=O)(=O)N[C@H](Cc2c[nH]c3ccccc23)C(=O)O)cc1,0
CCOCCOC(=O)/C(C#N)=C(\NCc1cc(-c2ccccc2)no1)C(C)C,0
CCOc1cc(C(=O)Nc2ccc([N+](=O)[O-])cn2)cc(OCC)c1OCC,0
O=C(/C=C\c1ccco1)NCC(=O)N1CCC(c2nccn2CCc2ccsc2)CC1,0
COc1cc(NC(=O)C(CC(=O)c2ccc(C(C)C)cc2)N2CCOCC2)cc(OC)c1,0
O=[N+]([O-])/C=C(\NC1CCCCC1)NS(=O)(=O)c1cnccc1NC1CCCCCCC1,0
Cc1cc(NC[C@H](C)NS(=O)(=O)C2CC2)c2cnn(-c3cccc(C(=O)NC(C)C)c3)c2c1,0
CCN(CC(=O)Nc1ccc(NC(C)=O)cc1)CC(=O)Nc1cccc(Cl)c1,0
CCOc1ccccc1N(CC(=O)NC1CCCCC1)C(=O)CCC(=O)Nc1cc(C)ccn1,0
COc1cc2ncnc(Nc3cccc(Cl)c3)c2cc1OCCCN1CCNCCNCC1,0
C=CCOc1cccc(C2C(C(=O)c3ccc(C)o3)=C(O)C(=O)N2CCN(C)C)c1,0
CCCNC(=O)c1coc(C2C3CCC(O3)C2Cc2ccccc2CCC(=O)O)n1,0
CCOC(=O)c1cc(CCCOc2ccc(-c3noc(C(F)(F)F)n3)cc2N)on1,0
CCCCc1ccc(Nc2nc3c(ncn3COCCBr)c(=O)[nH]2)cc1,0
CC(=O)Nc1ccc(NC(=O)CCCCCN2C(=O)c3ccccc3C2=O)cc1,0
C[C@H](CO)Nc1cc(NS(=O)(=O)c2ccccc2)nc(SCc2ccccc2)n1,0
COc1ccc(NC(=O)CSc2ncccc2C(=O)OC(C)C)cc1OC,0
COc1cc2ncnc(N[C@@H](C)c3ccc(F)cc3)c2cc1OCCCCCCC(=O)NO,0
CC(C)(C)OC(=O)NCCCC[C@@H]1N=C(c2ccccc2)c2ccccc2N(CCCCC(=O)O)C1=O,0
CCCCCCCCc1ccc(/C=C/C(=O)Nc2cccc3c2OC(c2nnn[nH]2)CO3)cc1,0
CCCCCCCCCCCCn1c2nc(=O)[nH]c(=O)c-2cc2cccc([N+](=O)[O-])c21,0
CCCc1c(OCCCOc2cc(O)c(OCC)cc2CC)ccc2c1OC(C(=O)O)CC2,0
CCOc1cc(C(=O)OCC(=O)Nc2ccc(SC(F)F)cc2)cc(OCC)c1OCC,0
CCCCCCN1C[C@@H](O)[C@H](n2cc(COC(=O)c3ccccc3)nn2)C[C@@H]1c1ccc(OC)cc1,0
CCCc1cc(C(C)=O)ccc1OCC(O)COc1ccc2c(=O)cc(C(=O)O)oc2c1CCC,0
O=C(O)CC1CCC(c2ccc(NC(=O)CCNC(=O)c3ccc(OCC4CC4)cc3)cc2)CC1,0
CC(C)C[C@H](NC(=O)OCc1ccccc1)C(=O)NCCNc1ccc(OCc2ccccc2)cc1,0
CCCCN(C)CCCNC(=O)Cn1ncc2c3ccccc3n(Cc3cccc(Cl)c3)c2c1=O,0
O=S(=O)(NCCCCCCCCn1cc(-c2cccnc2)nn1)c1ccccc1Br,0
CNC(=O)CCCCC[C@H](NC(=O)c1cncs1)c1ncc(-c2ccc3cccnc3c2)[nH]1,0
CCN(CC)CCOc1ccc(CCC(Cc2cc3ccc(C)cc3oc2=O)C(=O)NO)cc1,0
CCCOc1c(C(=O)N/N=C\c2ccccc2)sc(C(=O)N/N=C/c2ccccc2)c1OCCC,0
O=C(NCCCCCCCn1nnc(-c2cccc(Cl)c2)n1)Oc1cccnc1,0
CCOc1ccc(OCC)c(NC(=O)CN(c2ccc(C)cc2)S(=O)(=O)c2c(C)noc2C)c1,0
CC(C)CN(Cc1cc(Cl)c2c(c1)OCCCO2)C(=O)C(C)CNCc1cccc([N+](=O)[O-])c1,0
CCC(CC)O[C@@H]1C=C(C(=O)O)C[C@H](NCc2ccc(-c3cccc4c3OCO4)cc2)[C@H]1NC(C)=O,0
C=CCc1cc(OC)c(O[C@H](C)[C@@H](OC(C)=O)c2ccc(O)c(OC)c2)c(OC)c1,0
CCC(c1cccc(C(=O)N[C@H](C(=O)NCc2ccccn2)C(C)CC)c1)c1c(O)oc2ccccc2c1=O,0
CCCc1nc2c(C)ccnc2n1Cc1ccc(OC(C(=O)O)c2ccccc2OCC)cc1,0
CCCCCN(CCCCC)C(=O)N1CCN(C(=O)C(c2ccccc2)c2ccccc2)C(C(=O)O)C1,0
CC(Oc1cccc(CCN(CCCOc2ccccc2)c2nc3ccccc3o2)c1)C(=O)O,0
Cc1c(COc2ccc(CN[C@@H](CO)C(=O)O)c(OCc3cccc(C#N)c3)c2)cccc1-c1ccccc1,0
COc1cccc(C(=O)CN2CCCC[C@H]2C(=O)N[C@@H](CCC2CCCCC2)C(=O)OC(C)C)c1,0
COc1cc(/C=N/OCC(=O)Nc2ccc(OC(F)F)cc2)ccc1OCc1ccccc1,0
CCCCCCNC(=O)c1nc(-c2ccccc2)oc1Cc1ccc(OP(=O)(O)O)cc1,0
CCOc1cc(/C=N\Nc2ccc([N+](=O)[O-])cc2)ccc1OCC(=O)Nc1ccc(C)c(C)c1,0
CCOC(=O)c1cnc2c(cnn2CC(Cl)COc2ccccc2)c1NCCc1ccccc1,0
CCCC(Nc1cncc(-c2ccc(NC(=O)C3CCNCC3)c(OC)c2)n1)c1cccnc1,0
COc1ccc2[nH]nc(C(=O)NCC3CCN(Cc4ccc(OCc5ccccc5)cc4)CC3)c2c1,0
COc1cc(NC(=O)CCSc2nc3ccc(C)cc3c(=O)n2-c2ccccc2)cc(OC)c1OC,0
CCc1cc(-c2nc(-c3cc(C)c(OC[C@@H](O)CNC(=O)CO)c(CC)c3)no2)cc(C2CCCCC2)n1,0
CCCCOC(=O)NS(=O)(=O)c1sc(CC(C)C)cc1-c1cccc(CN(C)C=O)c1,0
COC[C@@H](O)CN(Cc1ccco1)Cc1c(C)nn(-c2ccccc2)c1Oc1ccc(C)cc1,0
O=C(Cc1ccccc1)Nc1nnc(CCSCc2nnc(NC(=O)Cc3ccccc3)s2)s1,0
COc1cc(-c2cccc(-c3ccc4c(c3)OCCO4)c2Cl)ccc1CNCCNS(C)(=O)=O,0
CCCOc1ccc(-c2ccc(-c3ccccc3Cl)n2CC(=O)/N=C(/N)NCCC2OCCO2)cc1,0
C[C@@](Cc1ccccc1)(CN1CCCC1)NC(=O)c1cnc(C#N)nc1NCC1CCC2(CC1)CC2,0
CNc1cccc(CCOc2csc(C[C@H](NC(=O)c3c(Cl)cccc3Cl)C(=O)O)c2)n1,0
Cc1ccccc1S(=O)(=O)NCc1ccc(CNC(=O)c2ccc(CNc3ncccn3)cc2)cc1,0
CNC(=O)CCCCCn1nc(C(=O)NN2CCCCC2)c(C)c1-c1ccc(Cl)cc1,0
CC(C)n1cc(-c2nc(Nc3ccc4c(c3)CCN(CCCCCO)C4)ncc2F)cn1,0
CCN(CC)S(=O)(=O)c1cc(NC(=O)CSc2nnc(-c3cccs3)o2)ccc1C,0
CCC(CC)O[C@@H]1C=C(C(=O)O)C[C@H](NCc2ccc(-c3cccs3)cc2[N+](=O)[O-])[C@H]1NC(C)=O,0
COc1ccc(C(=O)NC[C@H]2CN(CCc3ccc(OC)c(OC)c3)C[C@@H]2c2ccc(OC)cc2)cc1,0
COc1ccc(N(CC(=O)N/N=C(\C)CCc2ccccc2)S(=O)(=O)c2ccc(C)cc2)cc1,0
Cc1onc(-c2ccccc2)c1COc1ccc(C(=O)N[C@@H](Cc2ccccc2)C(=O)O)cn1,0
CCCCN(C=O)c1c(CC)nc2ccc(C(=O)NCCc3c[nH]c4ccccc34)cn12,0
COc1ccc(CCNC(=O)c2ccc(N(C)S(=O)(=O)c3ccc(C)cc3)cc2)cc1OC,0
COc1cc2ncnc(Nc3ccc(Cl)cc3)c2cc1OCCCCCC(=O)NO,0
CCOc1ccc(NC(=O)c2ccc(NC(=O)CCS(=O)(=O)c3cccs3)cc2)cc1,0
CCCCCCNC(=O)CCc1c(C)nc2nc(-c3cc(OC)cc(OC)c3)nn2c1C,0
CCOc1ccc(NC(=O)CSc2nnc(Cc3csc(N)n3)n2-c2ccccc2)cc1,0
COc1ccc(/C=C2\SC(=S)N(CCCCCC(=O)Nc3cc(C)on3)C2=O)cc1OC,0
O=C(CCCCCCC(=O)Nc1cccc(-c2cn(Cc3ccc(F)cc3)nn2)c1)NO,0
CC(CN(C)C)Oc1cc(Oc2ccc(S(C)(=O)=O)cc2)cc(C(=O)Nc2nccs2)c1,0
COc1ccc(O)c(CN2CCC(n3nccc3NC(=O)CCOc3ccccc3)CC2)c1,0
COCCCn1cc(Nc2cc(-c3ccc(OC4CCOCC4)c(C#N)c3)ccn2)cn1,0
CSCC[C@H](NC=O)C(=O)N[C@@H](CC(C)C)C(=O)N[C@]1(C(=O)O)C[C@@H]1c1ccccc1,0
COc1cc(NC(C)CCCNC(=O)NC(CO)(CO)CO)c2ncccc2c1,0
COC(=O)[C@H](Cc1ccccc1)NC(=O)[C@@H](NC(=O)[C@H](O)[C@@H](N)CC(C)C)C(C)C,0
CNC(=O)[C@H](Cc1ccc(OC)cc1)NC(=O)[C@H](CC(C)C)N[C@@H](C)C(=O)O,0
NCCCNCCCCNCCCN1C(=O)c2cccc3cc(N)cc(c23)C1=O,0
CCCCCO[C@H](CC(=O)NO)C(=O)N[C@@H](Cc1c[nH]c2ccccc12)C(=O)NC,0
CC(C)C[C@H](NC(=O)OCc1ccccc1)C(=O)N[C@H](C=O)CCC(N)=O,0
C[C@H](NC(=O)[C@H](CCC(=O)O)NC(=O)CCc1ccc(-c2cccs2)cc1)C(N)=O,0
CNC(=O)[C@H](Cc1ccccc1)NC(=O)[C@H](CC(C)C)NC(=O)C(S)CCCC(=O)O,0
CC(C)C[C@@H](C(=O)N[C@@H](Cc1ccccc1)C(N)=O)[C@H](CSCC#N)C(=O)NO,0
NC(=O)[C@@H](NC(=O)c1ccc(C2CC2)c(OCC2CC2)n1)c1ccc(F)cc1,0
O=C(NCc1ncccc1F)c1csc(CCNCCc2nc3ccccc3[nH]2)n1,0
O=C(O)Cc1ccccc1OCCC1Oc2ccccc2N(CC(=O)O)C1=O,0
C=CCN(c1ccccc1C(=O)NCC(=O)O)S(=O)(=O)c1ccccc1C,0
Cc1nc([C@H](NC(=O)c2cnc(C3CC3)c(OCC3CC3)n2)C2CC2)no1,0
CCOc1ccc(/C=N/NC(=O)C(C)N(c2ccc(OC)cc2)S(C)(=O)=O)cc1,0
Cc1ccc(/C=C/C(=O)N[C@@H](Cc2ccccc2)C(=O)N[C@H](C=O)C[C@@H]2CCNC2=O)cc1,0
CCNC(=O)COC(=O)/C=C/c1c(C)nn(Cc2cccc(OC)c2)c1Cl,0
CC(C)[C@H](NC(=O)C1CCN(S(=O)(=O)c2ccccc2)CC1)C(=O)NCc1ccco1,0
O=C(CN(Cc1ccco1)C(=O)CNS(=O)(=O)c1ccccc1)NCc1ccccc1,0
Cc1ccc(NCc2nnc(SCC(N)=O)n2CC2CCCO2)c(C)c1,0
NC(=O)c1cccc([C@H]2C[C@H]3CC[C@@H](C2)N3CCN(CC2CCCC2)C(=O)CCO)c1,0
COc1ccc(CCNCCCC2Oc3cc4c(cc3NC2=O)OCCO4)cc1OC,0
COc1ccccc1N1CCN(CC(O)COc2c(OC)ccc3c2COC(C)C3=O)CC1,0
N=C(N)c1cccc(C2Oc3ccccc3N(CCCCCN3CCOCC3)C2=O)c1,0
O=C(COC(=O)c1ccc(S(=O)(=O)Nc2ccccc2)cc1)NCc1ccco1,0
COc1ccc(N[C@H]2CCCN(C(=O)CCCN3CCCC3=O)C2)cc1OC,0
Cc1ccc(-n2nc(C)c(NC(=O)COC(=O)c3ccccc3NCCO)c2C)cc1,0
CCN(CC)C(=O)c1ccccc1NS(=O)(=O)c1ccc(OC)c(OC)c1,0
O=C1C2CCCN2C(=O)N1CCCCNCCOc1ccc(C(F)(F)F)cc1,0
Cc1nc(-c2ccccc2)ncc1C(=O)N1CCC(N2CCC(O)CC2)CC1,0
Cl.Cl.NCCCn1c2c(c3cnccc3c1=O)C(=O)c1ccccc1-2,0
Cc1nnc2ccc(C(=O)NC3CN(c4ncccc4Cl)C3)cc2c1C,0
O=C(NCc1ccc(Br)cc1)c1ccc2n[se]nc2c1,0
O=C1CC(N2CCN(c3ccccc3)CC2)C(=O)N1c1cccc(Cl)c1,0
CN1CCN(C2Cc3ccccc3Sc3ccc(-c4nnn(C)n4)cc32)CC1,0
CC(=O)N1CCc2cc(S(=O)(=O)N3CCN(c4ccc(C)cc4)C(C)C3)ccc21,0
CN(C)CCN1C(=O)c2cccc3cc(I)cc(c23)C1=O,0
COc1cc2c(cc1OC)[C@@]13CC[N+]4(C)CC5=CCO[C@H]6CC(=O)N2[C@H]1[C@H]6[C@H]5C[C@@H]34,0
O=C1NC(=O)/C(=C2\CN(CC3CCCCC3)S(=O)(=O)c3ccccc32)S1,0
C=C1C(=O)O[C@@H]2[C@@H](OC(=O)[C@H](C)CC)[C@@](C)(O)CCC[C@@H](C)C(=O)C[C@@H]12,0
CS(=O)(=O)c1ccc(C(=O)Nc2ccc(I)cc2)cc1,0
COc1cccc(NC(=S)N/N=C2\CC[Se]c3ccccc32)c1,0
O=S(=O)(c1ccccc1)c1cnc2c(F)cccc2c1N1CCOCC1,0
CCOC(=O)/C=C1/C(=O)N(C(=O)OCC)c2ccc(Br)cc21,0
O=C(c1ccccc1)N1CCCCC(S(=O)(=O)c2ccccc2)C1=O,0
O=C(C1CCC(=O)N(C2CC2)C1)N1CCN(c2ccc(Cl)cc2)CC1,0
CC(=O)N1CCCc2cc(S(=O)(=O)N3CCN(c4ccccc4F)CC3)ccc21,0
Cc1ccc(Cn2c(=O)n(C)c3c(N(C)C)nc(C(F)(F)F)nc32)cc1,0
CN(C)C(=O)CN1CCC2(CC1)CC(=O)c1c(ccc3ccccc13)O2,0
COC(=O)c1ccc(CN2CCN(S(=O)(=O)N3CCCCCC3)CC2)cc1,0
COc1cccc(NS(=O)(=O)c2ccc(S(=O)(=O)N3CCCC3)cc2)c1,0
Cn1c(N2CCNC(c3ccc(N4CCNCC4)cc3)C2)nc(-c2ccncc2F)cc1=O,0
C=CS(=O)(=O)N1CCN(c2ccn3ncc(-c4ccccc4)c3n2)CC1,0
Cc1ccc(S(=O)(=O)N2CCC[C@H]2C(=O)OCC(=O)Nc2ccc3c(c2)OCO3)cc1,0
Cc1nc(-c2c(C)noc2C)cc(C2CCN(S(=O)(=O)N(C)C)CC2)n1,0
N#CCNC(=O)C1(NC(=O)c2csc(-c3ccncc3)n2)CCCCC1,0
O=C1Nc2ccc(S(=O)(=O)N3CCC[C@H]3COCC(F)(F)F)cc2C1=O,0
CCOCCN1C[C@@H]2CCCO[C@@H]2[C@H](NC(=O)c2cnoc2C)C1.O=C(O)C(F)(F)F,0
CCOC(=O)[C@@H]1C[C@@H](C(=O)OCC)CN(C(=O)C(=O)c2c[nH]c3ccccc23)C1,0
C=C1C(=O)O[C@H]2/C=C(\C)CC/C=C(\C)[C@@H](OC(=O)[C@@]3(C)O[C@H]3C)[C@H](O)[C@@H]12,0
CN1CCN(C(=O)c2ccccc2NC(=O)c2cccc(Cl)c2)CC1,0
Cc1ccnc(N2CCC[C@@]3(CCC(=O)N(Cc4cnc(C)cn4)C3)C2)c1,0
O=C1NCN(c2ccccc2)C12CCN(C1CCOc3cccc(F)c31)CC2,0
Cn1c(=O)n(C)c2cc(NS(=O)(=O)c3ccc(Cl)s3)ccc21,0
CN(C)C[C@@H]1CCC[C@@H]2CN(c3cccnc3)C[C@@H]21.O=C(O)C(F)(F)F,0
Cc1ccn2c(c1)nc(=O)c1cc(S(=O)(=O)N3CCCCC3)ccc12,0
C[C@]12CCC(OS(N)(=O)=O)CC1=CC(=O)C1C2CC[C@]2(C)C(=O)CCC12,0
CN1CCC(N2CCN(c3nccc4[nH]c(-c5ccc(F)c(F)c5)nc34)CC2)CC1,0
O=C(C1CCN(S(=O)(=O)c2cc(Cl)ccc2Cl)CC1)N1CCOCC1,0
O=C(COc1c(-c2ccccc2Cl)oc2ccccc2c1=O)Nc1ccc2c(c1)COC2=O,0
CCOCn1oc(=O)c(-c2ccc(F)cc2)c1-c1ccnc(Oc2ccc(C)cc2C)n1,0
N#Cc1c(NC(=O)CSc2nnc(-c3ccccc3O)n2-c2ccccc2)sc2c1CCCC2,0
CC(C(=O)c1ccccc1)n1c2c(c(=O)n3nc(-c4ccccc4)cc13)CN(C1CCCCC1)C2=O,0
Cn1cncc1C(O)(c1ccc(C#N)cc1)c1cc2cc([N+](=O)[O-])cc(-c3ccc(F)cc3)c2o1,0
CCC(C(=O)Nc1ccc(-c2ccccc2)cn1)n1nnc(-c2ccncc2)c1-c1ccccc1,0
CCCS(=O)(=O)Nc1ccc(F)c(-c2cc3cnc4[nH]nc(C5CC5)c4c3cc2OC)c1Cl,0
Cc1cc(=O)oc2c3c(ccc12)OC(C)(C)[C@H](OC(=O)CC(C)C)[C@@H]3OC(=O)CC(C)C,0
Cc1cc([C@H](C)Nc2nccc(N3C(=O)OC[C@@H]3C)n2)ncc1-c1ccnc(C(F)(F)F)c1,0
CCNC(=O)c1ccc(Nc2c(Oc3cccc(C)c3)cnn(-c3ccc(F)cc3)c2=O)cc1,0
CC(=O)NC(C)(C)c1nc(-c2ccc(Oc3ccc(OCc4ccccc4)cc3)cc2)no1,0
COc1cnc(Cl)nc1-c1ccc(N(Cc2ccsc2)C(=O)c2ccc(O)cc2O)cc1,0
Cc1nnc(-c2ccc(O[C@H]3CC[C@H](NC(=O)Nc4ccc(OC(F)(F)F)cc4)CC3)cc2)o1,0
COc1ccc2c3ccnc(C)c3n(Cc3cn(CCNc4ccnc5cc(Cl)ccc45)nn3)c2c1,0
COc1c(O)cc2oc3cc(O)c(CC=C(C)C)c(OC(C)=O)c3c(=O)c2c1CC=C(C)C,0
C[C@H](Oc1cccc(Cl)c1Cl)C(=O)Nc1ccc2oc(-c3ccc(-n4cnnn4)cc3)nc2c1,0
CCc1nc(Cl)c(C2C(C(=O)OC3CCCCC3)=C(C)NC(C)=C2C(=O)OC2CCCCC2)[nH]1,0
COc1ccc2cc([C@H](C)c3nnc(SCc4cn(-c5ccccc5)nn4)o3)ccc2c1,0
O=[N+]([O-])c1c(CS(=O)(=O)c2ccccc2)nc2c(Sc3ccc(Cl)cc3)cc(Cl)cn12,0
CC(=O)N(CC(C)C)C(C(=O)NCc1ccccc1)c1cn(C(=O)OC(C)(C)C)c2ccccc12,0
COc1ccc(/C=C\c2cc(OC)c(OC)c(OC)c2)cc1NC(=O)Nc1ccc(C)c(C)c1,0
CC(C)c1cccc(C(C)C)c1/N=N/C(=C1/NCCN1Cc1ccc(Cl)nc1)[N+](=O)[O-],0
CC(C)=CCc1cc(C(=O)Nc2cc3ccc(OCCCN4CCCCC4)c(C)c3oc2=O)ccc1O,0
CCCc1nc2c(C)cc(-c3ccccn3)cc2n1Cc1ccc(-c2ccccc2-c2nn[nH]n2)cc1,0
CCOc1ccc(C(=O)c2ccc(C(=O)c3ccc(N(C)c4ccc(Cl)cc4)cn3)cc2C(=O)O)cc1,0
Cc1cc(Nc2ccc(C(=O)/C=C/c3ccccc3)cc2)n2nc(SCc3nc4ccccc4[nH]3)nc2n1,0
Oc1cc2c(cc1CCCOc1ccc(C3N=NN=N3)cc1)OC(CCc1ccccc1)C2,0
COc1ccc(Nc2nc(Oc3cccc(NC(=O)/C=C/C(C)C)c3)c3sccc3n2)cc1,0
CCCC(C)Oc1ccc(C(C)(C)C)cc1NC(=O)c1nnn(-c2cc(Cl)ccc2OC)c1C,0
N#Cc1cc(S(=O)(=O)Nc2nccs2)ccc1Oc1ccc(-c2cc(C3CC3)n[nH]2)c(Cl)c1,0
CCCCCN(C(=O)Nc1nc2ccc(C)cc2s1)c1ccc(OC(C)(C)C(=O)OCC)cc1,0
Cc1cc(-n2cnc3c(NCC4CCOCC4)cc(Oc4cccc(F)c4)cc32)ccc1C(=O)NC1CC1,0
CO[C@H]1O[C@]2(C)CC[C@H]3CCC[C@@H](CCOP(=O)(Oc4ccccc4)Oc4ccccc4)[C@]31OO2,0
CCOP(=O)(OCC)c1ccc(-c2nc(-c3ccc(Oc4ccc(F)cc4)cc3)no2)cc1,0
COc1ccc(-c2cc(CNc3nc(NC(C)C)nc4cc(-c5ccccc5)sc34)on2)cc1,0
CCNC(=O)c1ccc(-n2cnc3c(NCCC(F)(F)F)cc(Oc4cccc(F)c4OC)cc32)cc1C,0
COc1cc2c(Nc3ccc(NC(=O)c4ccccc4)cc3)ncnc2cc1OCc1ccccc1,0
O=C(Nc1ccccc1)N1CCC(CN(Cc2ccc(Cl)cc2)Cc2ccc([N+](=O)[O-])s2)CC1,0
CCOc1cc(C(=O)Nc2ccc(Cl)c(-c3nc4ccccc4o3)c2)cc(OCC)c1OCC,0
O=C(/C=C/c1c(OCc2cn(-c3ccc(F)cc3)nn2)ccc2ccccc12)c1ccc([N+](=O)[O-])cc1,0
Cc1cc(C)nc(CNC(=O)c2cnc(Oc3ccc4c(c3)CCC(c3ccccc3)O4)s2)n1,0
COc1ccc(N(Cc2ccccc2)C(=O)c2ccc3c(c2OC)C=CC(C)(C)O3)nc1OC,0
CCOC(=O)Nc1cc(Cl)c(Nc2ncnc3cc(OC)c(OC)cc23)cc1Cl,0
CC(C)NC(=O)OCc1c(-c2ccccc2)c(-c2ccccc2)c(COC(=O)NC(C)C)n1C,0
CCOC(=O)c1cnc(Nc2ccc(OC(C)C)c(Cl)c2)n(Cc2ccc(Cl)cc2)c1=O,0
COc1cc(-c2ccn(-c3ccc(NC(=O)Nc4ccc(F)cc4F)cc3)n2)cc(OC)c1OC,0
CC(C)[C@@H](Nc1ncnc2[nH]c(-c3ccnn3C3CCC3)cc12)c1ccc2c(c1)OCCO2,0
COc1cc(OCc2csc(-c3cccc(O)c3)n2)c2cc(-c3cn4nc(C)ccc4n3)oc2c1,0
CC(C)c1cc(Cn2c3ccccc3c(=O)n2C(C)Cn2cc(-c3ccc(C(C)(C)C)cc3)nn2)on1,0
Cc1ccc2cc(C(c3nnnn3C3CCCC3)N(Cc3ccco3)Cc3cccs3)c(O)nc2c1,0
CCCCc1nnc2c(Oc3ccc(NS(=O)(=O)c4cc(C)ccc4OC)cc3)nc3ccccc3n12,0
CCCOc1ccc(-c2cc(Cn3cc4nc(-c5cccc(F)c5F)nc-4cn3)on2)c(C(F)(F)F)c1,0
Cc1ccc(OCc2cn(Cc3cccc(Cl)c3)nn2)c(-c2nn(-c3ccccc3)cc2C=O)c1,0
CCn1cc(NC(=O)OCc2ccccc2)c2cc(-c3nc(CN4CCC(O)CC4)cs3)ccc21,0
O=C(O)c1ccc(CNc2nc(Oc3ccccc3C(F)(F)F)nc(-c3ccccc3)n2)cc1,0
COc1cccc(-c2cc(Oc3ccc(S(=O)(=O)Nc4ncc(F)s4)cc3C#N)ccc2Cl)c1,0
CC(=O)c1ccc(NC(=O)CSc2nnc(COc3ccc4ccccc4c3)n2-c2ccccc2)cc1,0
O=[N+]([O-])c1cccc(Cc2ccc(CN(Cc3ccccn3)S(=O)(=O)c3ccc(Cl)cc3)cc2)c1,0
COC(=O)c1sc(-n2cnc3cc(OC)c(OC)cc32)cc1OCc1ccccc1C(F)(F)F,0
COc1ccc(N(c2cccc3nc(Nc4c(C)cc(Cl)cc4OC)n(C)c23)C(C)C)cn1,0
CSc1ccc(CCNC(=O)Cn2c(C)c3cnn(-c4ccccc4)c(=O)c3c2C)cc1,0
CCC(CO)Oc1cc(NC(=O)c2cccc(Cl)c2)c2ncn(C(C)C)c2c1,0
CCNc1nc(Nc2cc(F)c(C(=O)N3CCC[C@H]3COC)cc2OC)ncc1C(F)(F)F,0
CN(C(=O)C1CCCCC1)c1ccc2c(c1)nc(NC(=O)c1cccs1)n2CCC(N)=O,0
CCNC(=O)c1cc2c(-c3cc(OCCN(C)C)c(Cl)cc3Cl)nc(N)nc2s1,0
COc1cc(NC(=O)c2cc(-c3ccc(F)cc3OC(C)C)[nH]n2)cc(OC)c1OC,0
CCNc1cc2c(cn1)C(=O)N(c1cccc(O[C@@H](CCNC)c3cccs3)c1)CCN2C,0
COc1ccc(NC(=O)CN(C)C(=O)c2cn(-c3ccccc3)nc2-c2ccc(F)cc2)cc1,0
CCCS(=O)(=O)Nc1ccc(F)c(C(=O)c2n[nH]c3ncc(-c4ccccc4C)cc23)c1F,0
COc1cc2c(cc1OC)CN(Cc1ccccc1CNC(=O)c1cccc(C#N)c1)CC2,0
Cl.OCCCc1c[nH]cn1,0
CCOC(=O)Cc1csc(N)n1,0
NCCOc1ccccn1,0
CC(=O)c1c(C)[nH]c(C(N)=O)c1C,0
CSC(C)(C)[C@@H](N)C(=O)O,0
CC(C)[C@H](N)C(=O)N1C(C#N)C[C@H]2C[C@H]21,0
CCCCN(C)C(=N)NO,0
CCC(C)C(N)C(=O)N(C)C,0
NC(=O)N(O)CC1CCCC1,0
NCC1C[C@]1(C(N)=O)c1ccccc1,0
Cl.NC1CCN(c2nc3c(cc2F)c(=O)c(C(=O)O)cn3-c2ccno2)C1,0
CCn1c(=O)c2ccnn2c2ccc(C(=O)NCc3cnccn3)cc21,0
Cc1noc(C)c1S(=O)(=O)N(CC(=O)O)c1ccc2c(c1)OCO2,0
O=C(Cn1cnc2ccccc2c1=O)Nc1ccc(S(=O)(=O)N2CCOCC2)cc1,0
COCCNc1nc2c(c(N3CCn4nc(C)cc4C3)n1)CCNCC2,0
CCOC(=O)N1CCC(NCC2CCN(c3cnn(C)c(=O)c3)C2)CC1,0
O=C(O)C1=CNC2=C(/C=N/c3ccccc3C(=O)O)CCCN2C1=O,0
COCCN1C(=O)N[C@@H]2CN(C(=O)c3ccnn3C3CCC3)CC[C@@H]21,0
CCOC(=O)N1CCC(NS(=O)(=O)c2ccc(NC(C)=O)cc2)CC1,0
Cc1cc(N2CCC(NC(=O)CN3CCN(C(=O)OC(C)(C)C)CC3=O)CC2)ncn1,0
CCc1ccc(COc2ccc3c(c2)CCC(CN2CC(C(=O)O)C2)=C3C)c(OC)c1,0
CCCCOC(=O)/C=C/c1ccc2c(c1)C(=O)C(=O)N2Cc1ccc(Br)cc1,0
C[C@@](C(=O)O[C@H]1C[N+]2(CCOCc3ccccc3)CCC1CC2)(c1ccccc1)N1CCCCC1,0
CC[N+](CC)(CC(=O)Nc1c(C)cccc1C)Cc1ccccc1.O=C([O-])c1ccccc1,0
CCn1c(=O)c2cc(C(=O)N(CCN(C)C)Cc3ccccc3)sc2c2ccccc21,0
O=C(CSc1nc2ccccc2c(=O)n1Cc1ccc(Cl)cc1)NCc1cccs1,0
Cc1c(CCOCCF)cc(-c2ccc(S(C)(=O)=O)cc2)n1-c1ccc(F)cc1,0
CCCN1CC[C@]23c4c5ccc(O)c4O[C@H]2C(=O)CC[C@@]3(OCCCc2ccccc2)[C@H]1C5,0
O=C(NCCCCN1CCN(c2ccc(Cl)cc2Cl)CC1)c1cc2ccccc2cn1,0
O=C(N/N=C/c1ccc(OC(F)F)cc1OC(F)F)c1ccc(Br)cc1,0
CN(C)c1nc2cc(F)ccc2cc1CNCCc1ccccc1,0
COc1ccc(-c2cn(CC(=O)c3ccc(F)cc3F)cn2)cc1,0
CCN(CCNc1nccc(-c2ccccn2)n1)c1cccc(C)c1,0
O=S(=O)(c1cccs1)N(CCn1ccc(C(F)(F)F)n1)C1CCCC1,0
COc1cccc(CN2CCC(O)(c3ccc(C)cn3)CC2)c1OC,0
COc1ccccc1CN1CCCC(N2CCN(c3ccc(F)cc3)CC2)C1,0
COC(=O)CCN(C(=O)C12CC3CC(CC(C3)C1)C2)c1ccccn1,0
CCOC(=O)N1CCN(C(=O)CCSc2ccc(Cl)cc2)CC1,0
CN(C)C(=O)CN1CCCC1c1cccc(Cc2ccccc2F)n1,0
CC(C)CS(=O)(=O)CCC(=O)N1CCCC[C@H]1c1ccco1,0
CS(=O)(=O)Cc1ccc(-c2ccc(OCc3ccccc3)nc2)nc1,0
c1cnc(NC[C@H]2OC[C@@H]3CCN(Cc4ccsc4)C[C@@H]32)nc1,0
CCN(CC)C(NC(=O)c1ccccc1)C(=O)c1ccccc1,0
CCc1nc(C)c([C@H]2CN(C)C[C@@H]2C(=O)N(C)Cc2sccc2C)[nH]1,0
Cn1nc(C2CNCCO2)cc1CCOc1cccc(C(F)(F)F)c1,0
O=C(C1CC=CC1)N1CCc2c(COCc3ccncc3)cncc2C1,0
CCN1CCCC(OC(=O)C(O)(c2ccccc2)C2CCCC2)C1,0
CN(C)CCn1c(=O)c2c3ccccc3n(CCN(C)C)c2c2ccccc21,0
CNCc1ccc(OCc2ccc3c(c2)OCCO3)cc1.Cl,0
CCN(C(=O)c1ccnc(C(=O)O)c1)[C@@H](C)Cc1ccsc1,0
c1cc(CN2CC[C@H]3O[C@@H](COCC4CCOCC4)CC[C@H]32)ccn1,0
CCCc1cc(=O)oc2cc(OCC(=O)NCc3ccccn3)ccc12,0
O=C(Cc1ccccc1)NCC(=O)Nc1nc2ccccc2s1,0
CCC(CC)C(=O)N(C)CC(=O)Nc1ccc(Br)cn1,0
Cc1csc2c1c(=O)n(CCc1ccccc1)c(=O)n2CCF,0
CCCc1nc(N2CC(O)C(Cc3ccnc4ccccc34)C2)no1,0
CCC(=O)N1[C@H](CO)[C@@H](c2ccc(-c3cccnc3)cc2)[C@@H]1CN(C)C(C)=O,0
Cc1c(C(=O)N2CCCC2)sc2ncnc(NCCN(C)C)c12,0
COCCn1nc(C)c(CNc2nc(C3CC3)ns2)c1C,0
COc1ccc2c(c1)C(=O)c1c-2n(CCCNCCO)c(=O)c2ccccc12,0
COc1c(C)cc(C(=O)[C@H]2CCCN(Cc3ncc[nH]3)C2)cc1C,0
CC1=C(C)C(=O)C(C(CCCC(=O)O)c2cccnc2)=C(C)C1=O,0
O=C(CO/N=C/c1ccc(OC(F)F)cc1)NC1CCCCC1,0
CC1CC(C)(C)N=C(S)N1CCC(=O)N1CCN(Cc2ccccc2)CC1,0
O=C1C2CCN(CC2)C1Cc1ccc(OCCOc2ccccc2)cc1,0
COc1ccc([C@H](C)NCCC(=O)N(C)C)c(Br)c1,0
C[C@H](NCCN1CCCS1(=O)=O)c1cc2cc(Cl)ccc2o1,0
O=C(CSc1ccncc1)N1C[C@H]2CC[C@@H]1CN(Cc1cccnc1)C2,0
COc1ccc(SC2CC(=O)N2C(=O)NCc2ccccc2)cc1,0
COc1ncccc1C(=O)NCc1cncc(-c2cccs2)c1,0
COc1cc(CCCl)c(CC2=NCCc3cc(OC)c(OC)cc32)cc1OC.Cl,0
CC(C)(CN1C(=O)c2ccccc2C1C(=O)NCCCC(F)F)c1ccc(F)cc1,0
O=C(NCCc1ccccc1Cl)c1cc(COc2ccc(F)cc2F)on1,0
CCCCc1ccc(S(=O)(=O)Nc2ccc3c(c2)CCN(C2CCN(C)CC2)CC3)cc1,0
O=C1c2ccccc2C(OCC2(CO)CC2)(c2ccc(Cl)cc2)N1Cc1ccccn1,0
CCS(=O)(=O)c1ccc(CC(=O)Nc2ccc(CCN3CCc4ccccc43)cc2)cc1,0
COc1ccccc1[S+]([O-])Cc1ccc(C(=O)NCc2ccccc2Cl)o1,0
CCCN(Cc1c(-c2ccccc2)nn(C)c1N(C)C)C(=O)c1ccc(C)cc1,0
COc1cc2c(cc1OC)CC(=O)N(CCCNCCc1ccc(Cl)cc1)C=C2,0
COc1ccc([C@@H]2Cc3cc(C(F)(F)F)ccc3N(CCN(C)C)C(=O)[C@@H]2CC(C)=O)cc1,0
N#Cc1cccnc1NCc1ccc(CN2CCOCC2)cc1,0
CC1CC1C(=O)N(C)CC(=O)Nc1ccccc1Br,0
CC(C)C(O)(C(=O)OCC1=CC2CCN1CC2)c1ccccc1,0
CC(C)(C)OC(=O)C1CC2CCC1N2Cc1cscn1,0
CCn1ncnc1-c1nccn1CCc1scnc1C,0
CCn1cc(-c2c[nH]c3ncc(-c4ccncc4)nc23)cn1,0
CCCN(CC#N)S(=O)(=O)c1cccc(F)c1C,0
Cc1nnc(SCc2cc(=O)n3cccc(C)c3n2)s1,0
O=C(Cc1ccccc1Cl)NC1CCOc2ncccc21,0
CC(C)N1CC[C@H](N(C)C(=O)c2ccc(C(=O)O)cc2F)C1,0
CC(C)=CC1CC(C)(CCO)Oc2c1c(=O)n(C)c1cnccc21,0
Cc1cnc(CN2CCC[C@@H](NC(=O)OC(C)(C)C)C2)s1,0
Cc1cccc(CN2CCC(=O)N(CC3CCCCC3)CC2)n1,0
O=C(c1ccc(NS(=O)(=O)c2ccc(F)cc2)cc1)N1CCC1,0
Cn1c([S+]([O-])Cc2ccccn2)nc2ccccc21,0
CNC(=O)C(Sc1ccccc1F)c1csnn1,0
CSc1ccc(Cl)c(C(=O)OCC(=O)N2CC(C)OC(C)C2)c1,0
COc1c(C[C@H](C)C(C)(C)O)c(=O)n(C)c2ccccc12,0
Cc1cc(S(=O)(=O)N2CCCc3ccccc32)sc1C(=O)O,0
CCc1cnccc1C(=O)NCc1cccc(C(=O)N2CCCC2)c1,0
CCCCNC(=O)CN1CCn2nc(-c3ccc(Cl)cc3)cc2C1=O,0
Cc1ccc(S(=O)(=O)N/N=C/c2cccc3nccnc23)cc1,0
CCOC(=O)COc1ccc(C(=O)NC2CCCCC2)cc1,0
CCn1cc(CN(C)C(=O)C(c2ccccc2C)N(C)C)cn1,0
CCOC(=O)c1c(C)cc2cnn(-c3ccc(C(=O)O)cc3)c(=O)c2c1C,0
CC(=O)N(Cc1ncc(C(C)C)o1)C1CCN(Cc2ncc[nH]2)C1,0
c1ccc(CO[C@H]2CO[C@@]3(CCCN(Cc4cccnc4)C3)C2)nc1,0
COc1cc2c(cc1CNCc1ccnc(-n3cccn3)c1)OC(C)C2,0
CC(C)n1ccnc1CN1CCCN(C(=O)CC2C=CCC2)CC1,0
O=[N+]([O-])c1ccc(COc2cccc(Cn3cncn3)c2)cc1,0
O=C(N[C@H]1CC1c1ccccc1)c1ccc([N+](=O)[O-])cc1,0
O=c1ccc(C2CC2)nn1Cc1c(Cl)oc2ccccc12,0
Cc1nc(CNC(=O)N2CCC(CCc3ccc(F)cc3F)CC2)no1,0
CCC(CC)c1nnc(NC(=O)c2ccc3c(c2)OCCO3)s1,0
CO[C@@H]1C[C@@H](c2nc(C3CC3)n[nH]2)N(Cc2cc(C#N)ccc2F)C1,0
c1csc(CN2CCCN(c3ncnc4[nH]ccc34)CC2)c1,0
CCCCC12CN3CC(C)(CN(C1)C3c1ccc(O)c(OC)c1)C2=O,0
O=c1cc(N2CCOCC2)nc2c(CNc3ccc(Cl)cc3)cccn12,0
CC1(COc2cc(O)c3c(=O)c4ccccc4oc3c2)CO1,0
c1cc(-c2ccc3ncc(-c4ccncc4)n3n2)cc(N2CCOCC2)c1,0
COc1ccc(-c2cn(-c3ccc(OC)c(OC)c3)nn2)cc1,0
O=C(Cc1ccc(OC(F)(F)F)c(F)c1)NC1COc2ncccc21,0
COc1cc(CN2CCN(c3ccccc3F)CC2)cc(OC)c1O,0
CCOC(=O)c1cnc2c(c(C)nn2CC)c1Cl,0
O=S(=O)(c1ccc2c(c1)OCO2)N1CCC[C@H]1c1ccccn1,0
FC(F)(F)CN1CCOC[C@H]1c1nc(-c2ccsc2)no1,0
Cc1nc2ncnn2c(C)c1CCC(=O)NCc1ccc(Cl)cc1,0
COc1cc2c(cc1OC)C(c1ccccc1)N(C(C)=O)CC2,0
O=C(c1cc([N+](=O)[O-])ccc1Cl)N1CCN(Cc2ccccc2)CC1,0
COC(=O)c1cc(C(=O)OC)n(Cc2ccc(Cl)cc2Cl)n1,0
Cc1nc2cnc(Nc3ccccc3)nc2n(C[C@H]2CCCO2)c1=O,0
O=S(=O)(NCCc1cn2ccccc2n1)c1ccc2c(c1)OCCO2,0
COCC1(NC(=O)c2nccnc2C(=O)N2CCCCC2)CCCC1,0
Cn1c(CO)cnc1SCc1ccc([N+](=O)[O-])cc1,0
O=C(CS(=O)(=O)c1ccccc1)Nc1ccccn1,0
c1cc(-c2noc(C3CC3)n2)ccc1O[C@H]1CCNC1,0
CCOC(=O)c1coc(N2CCC(OCc3cccnc3)CC2)n1,0
COc1ncc(-c2ccc3c(c2)COC3)cc1NS(C)(=O)=O,0
O=C(NC(C(=O)c1ccccc1)N1CCOCC1)c1ccccc1,0
COc1cc(/C=N/NC(=O)c2ccccc2)cc(OC)c1OC,0
CC(=O)OCCNc1cc(SC(C)C)c2nonc2c1[N+](=O)[O-],0
Cc1c(C)c2c(c(C)c1O)CCC(C)(C(=O)OCCCO[N+](=O)[O-])O2,0
COc1cc2c(cc1OC)CC(=O)N(CCCN(C)Cc1c(C)noc1C)CC2,0
CCOC(=O)CC(C)n1cc(C(=O)OC)c(CC)c1CC(=O)OC,0
COc1cc(NS(=O)(=O)c2ccc(OC)c(OC)c2)cc(OC)c1,0
COc1ccc(CC(=O)N2CCc3cc(OC)c(OC)cc3C2O)cc1OC,0
COc1ccc(CCNC(=O)CCN2C(=O)COc3ccc(C)cc32)cc1OC,0
COc1ccc(C2CCN(CCc3cnn(-c4nccc5c(=O)[nH]cnc45)c3)CC2)cc1,0
COc1cc2[nH]c(=O)n(CCC(=O)N3CC=C(c4ccccc4)CC3)c(=O)c2cc1OC,0
COCCNC(=O)c1cnn2ccc(N3CCCC3c3cc(F)cnc3C)nc12,0
COC(=O)/C(=C/c1ccc(F)cc1)Cn1nnn(-c2ccc(OC)cc2)c1=O,0
O=C(NCCc1ccccc1)[C@@H]1O[C@H]2CN(Cc3ccccc3)C(=O)[C@@H]1O2,0
COc1ccc(C2C3=C(COC3=O)N(CCO)c3cc(OC)ccc32)cc1,0
CCCN1CCc2nc(N3CCOCC3)nc(NC(C)C)c2C1,0
COC(=O)CCC(=O)N1CCCC(N2CCN(c3ccc(OC)cc3)CC2)C1,0
COC(=O)C[C@@H]1OC[C@H](C(C)C)N1S(=O)(=O)c1ccc(C)cc1,0
O=C(CN1CCCc2nc(-c3ccncc3)ncc2C1=O)NCc1ccco1,0
O=C(CN1CCN(Cc2ccccc2Cl)C1=O)NCc1cccnc1,0
CCc1cc(CNC(=O)N2CCC(Cc3cnn(C)c3)C2)on1,0
CC/N=C1\SC(C(=O)Nc2ccc(OC)cc2)CC(=O)N1CC,0
Cc1ccc(C)c(OCc2cc(C(=O)N3CCN(c4cnccn4)CC3)no2)c1,0
COCCCN1CC2(CCCN(c3ncnc4[nH]ccc34)C2)CCC1=O,0
CC1CCN(S(=O)(=O)c2ccc(NC(=O)C3CCCCC3C(=O)O)cc2)CC1,0
Cc1nnc(SCC(=O)NNC(=O)c2ccco2)n1-c1cccc(Cl)c1,0
COc1cccc(CNC(=O)COc2cc(O)c3c(c2)OC(C)(C)CC3=O)c1,0
CC(C)c1cc(C(C)C)nc(N2CCN(c3ccnc([C@@H](C)O)n3)CC2)n1,0
CNC(=O)c1ccc(CNC(=O)C2CCN(c3nc4ccccc4o3)CC2)cc1,0
Cn1cc2c(nc(NCc3ccccc3)n3nc(-c4ccco4)nc23)n1,0
CCN(CC(=O)Nc1ccc(NC(C)=O)cc1)C(=O)c1ccc2c(c1)OCO2,0
Cc1ccc(-c2nc(CN3CCOC(Cn4cncn4)C3)cs2)o1,0
CN(Cc1ccc(C#N)cc1)Cc1ccc(COc2ccc3c(CO)cc(=O)oc3c2)cc1,0
CCCSc1nnc(N2C(=O)C(O)=C(C(=O)c3ccco3)C2c2ccccc2F)s1,0
CCOCc1nc2c(=O)n(Cc3ccccc3)nc(C)c2c2cc(-c3ccccc3)nn12,0
CC(C)n1nnnc1SCC(=O)N1N=C(c2cccs2)CC1c1cccs1,0
CCOC(=O)Nc1ccc2c(c1)N(C(=O)CCN(CC)CC)c1ccccc1CC2,0
O=C(Nc1nnc(SCc2ccc([N+](=O)[O-])cc2)s1)c1ccc(Cl)cc1,0
CCOC(=O)c1sc2nc(CSc3nc4ccccc4n3CC)nc(O)c2c1C,0
O=C(O)Cc1cccc(OCCC2Oc3ccccc3N(Cc3ccc(Cl)cc3)C2=O)c1,0
COc1cnc2ccc(=O)n(CCN3CCC(NCc4ccc(Cl)c(Cl)c4)CC3)c2c1,0
CCOc1ccc(Br)cc1S(=O)(=O)Nc1cccc(-c2ccc(OC)nn2)c1,0
CCOC(=O)c1sc(-c2ccccc2)nc1N1CCC(NCc2ccc(OC)cc2)CC1,0
c1ccc(Cn2ccc3c(OC4CCN(Cc5ccncc5)CC4)ncnc32)cc1,0
COc1ccc(C2(OC)OC(=O)C(c3ccc4c(c3)OCO4)=C2Cc2ccccc2)cc1,0
CCOC(=O)N(C)c1c(CC)nc2c(OCc3ccccc3OC)cccn12,0
COc1ccc(NC(=O)CC2C(=O)N(c3ccc(C)cc3)C(=O)N2CCc2ccccc2)cc1,0
Cc1nc(Nc2c(Cl)cc(OC(F)F)cc2Cl)c(=O)n([C@@H](C)C2CC2)n1,0
C=Cc1ccc(Cn2c(=O)n(CC3CCC(C(=O)NC(C)C)CC3)c(=O)c3sccc32)cc1,0
CCN(CC)C(=O)Cn1c(SC)nc(-c2ccc(F)cc2)c1-c1ccnc(NC(C)=O)c1,0
Cc1ccc(CNC(=O)CCc2c(C)nn(-c3ccc(N4CCCCC4)nn3)c2C)cc1,0
CC(=O)Nc1cccc(OCCCN2CCC(c3noc4cc(F)ccc34)CC2)c1,0
Cc1oc(-c2cccs2)nc1CCOc1ccc(CC2SC(=O)NC2=O)cc1,0
CN(C)CCCOc1cc(C(=O)Nc2cc(F)cc(F)c2)n(Cc2ccccc2)n1,0
CC(C)[C@H](NC(=O)c1ccc([N+](=O)[O-])cc1Cl)C(=O)N1CCN(C/C=C/c2ccccc2)CC1,0
COc1ccc(CCN(Cc2ccc(C(=O)O)cc2)c2nc3cccnc3s2)cc1,0
CN(C)CCCNc1nc(N2CCOCC2)nc2cc(-c3ccc(C(F)(F)F)cc3)sc12,0
COc1ccc(C(=O)c2c(C)n(Cc3cccc(O[C@@H](C)C(=O)O)c3)c3ncccc23)cc1,0
O=C(c1ccc(F)cc1)N1CCN(c2ccc(OCCCN3CCCCCC3)cc2)C(=O)C1,0
COc1ccc(CCCc2nnc(SCC(=O)Nc3cc(F)ccc3C)o2)cc1,0
CCN(CC)CCOc1nnc2n1-c1ccc(Cl)cc1C(c1ccccc1)=NC2,0
CCOc1ccccc1CNC(=O)CCCn1nc(C)c2sc3ccccc3c2c1=O,0
CCOC(=O)C(CC(=O)N1CCN(C(C#N)c2cccnc2C)CC1)(c1ccccc1)c1ccccc1,0
COc1cc2c(cc1OC)-c1nc3ccccc3c(NCCCN3CCOCC3)c1C2,0
C[C@H](NC(=O)c1cnco1)c1ccc(OC2CCN(c3ccnc(OCC(F)F)c3)C2)cc1,0
O=c1ccc(OCCCN2CCC(c3noc4cc(F)ccc34)CC2)nn1-c1ccc(F)c(F)c1,0
CCn1c(SCC(=O)Nc2cc(C)nn2-c2ccccc2)nnc1-c1cccs1,0
Cl.O=C(c1ccc(Cl)cc1)N1CCN(c2ccc(OCCCN3CCCCC3)cc2)C(=O)C1,0
COc1cccc(CNC(=O)C(C#N)c2nc3cc(OC)ccc3nc2N2CCCCCC2)c1,0
CCOc1ccccc1C(C(=O)NC1CCCC1)N(C(=O)c1csnn1)C1CCCC1,0
COc1ccc(CCN(C)C(=O)C2CCCN(C3CCN(Cc4ccccc4)CC3)C2)cc1OC,0
CNC(=O)c1cccc(OCCCCN2CCC(c3noc4cc(F)ccc34)CC2)c1,0
COC(C)(C)COC(=O)CS(=O)(=O)c1ccc([C@@H](C)NC(=O)c2cc3c(Cl)cc(C)cc3n2C)cc1,0
CCc1nc2ccc(C(=O)N(C)Cc3ccco3)cn2c1N(CC)C(=O)NCCc1ccccc1,0
O=C(O)C(=O)c1ccc(CN(Cc2ccc(-c3csnn3)cc2)S(=O)(=O)c2ccccc2)cc1,0
CCC(C)(C)NC(=O)C(c1ccccc1F)N(Cc1ccco1)C(=O)Cn1nnc2ccccc21,0
CCCC=Cc1ccc(CN2C(CC(C)C)C(=O)N(Cc3cn(Cc4ccco4)nn3)CCS2(=O)=O)cc1,0
CCN(CC)Cc1onc(-c2cccc(Cl)c2)c1-c1ccnc(N[C@@H]2CCN(C(=O)c3cnn(C)c3)C2)n1,0
O=C1O/C(=C\Cn2cc(/C=C/Br)c(=O)[nH]c2=O)C(OCc2ccccc2)=C1OCc1ccccc1,0
COc1ccccc1N(CC(=O)Nc1cccnc1OC(C)C)S(=O)(=O)c1ccc(C)cc1,0
COc1ccc(S(=O)(=O)N[C@H]2CC[C@H](CCN3CCN(c4cccc(C#N)c4)CC3)CC2)cc1OC,0
CCCc1nc(C)c(CC(=O)N(CC)CC)c(=O)n1Cc1ccc(-c2ccccc2-c2nnn[nH]2)cc1,0
CCOc1ccc2c(c1OC(C)C)CCN(c1ccc(C(=O)Nc3cccc(C)n3)cn1)C2,0
CC1(OC(=O)C2CCCC2)C(=O)C=C2C=C(c3ccsc3)N(CCc3ccccn3)C=C2C1=O,0
CCN1CCN(/C(=N\c2cccc(Cl)c2)c2ccc(C(=O)N(CC)CC)cc2)CC1,0
CCc1nc2ccc(Cl)cn2c1C(=O)NCc1ccc2c(c1)CCN(Cc1ccc(OC)cc1)C2,0
Cc1c(OCCCCCN2CCN(C)CC2)ccc2c(=O)cc(-c3ccccc3)oc12,0
Cc1ccccc1-n1c(SCC(=O)c2cc(C)n(C)c2C)nnc1-c1cccnc1,0
COc1cccc(CN2CCN(Cc3cccc(Oc4ccccc4)c3)CC2)c1OC,0
CN(CCOc1ccc(-c2ccc3c(c2)OCCO3)cc1-c1ccccc1Cl)CC(=O)O,0
Cc1c(C#N)c(-c2ccccc2)nn1CCCN1CCN(c2cccc(Cl)c2)CC1,0
CCOc1ccc(C2c3cc(OC)c(OC)cc3CC(=O)N2c2ccc(OC)cc2)cc1,0
CO/N=C(/C(=O)OC)c1ccccc1CO/N=C(\C)C1=Cc2c(Cl)cccc2C1,0
CCCN(CCC)C(=O)Cc1c(-c2ccccc2)nc2ccc(C(=O)OC)cn12,0
CCN(CC(=O)Nc1ccc(OC)cc1)C(=O)c1cc(-c2cccs2)nn1-c1ccccc1,0
O=S(=O)(c1ccccc1)n1ccc2c(OCCN3CCCCCC3)cccc21,0
O=c1ccc(-c2ccccc2)nn1CCCC/N=C(\S)Nc1cccc(F)c1,0
CCCn1c(-c2ccc(F)cc2)nc2c(NCC3CCCN3CC)nc(C)nc21,0
CC(C)N1CCC(NC(=O)c2ccn(Cc3cc(-c4ccc(Cl)s4)on3)c2)CC1,0
CN(c1ccccc1)S(=O)(=O)c1ccc(Cl)c(C(=O)Nc2ccc(N3CCOCC3)cc2)c1,0
O=C(CCCN1C(=O)/C(=C/c2cccc(Br)c2)SC1=S)Nc1cccnc1,0
N#Cc1cn(CCc2ccccc2)c2c(N3CCN(Cc4ccccc4)CC3)ncnc12,0
COCCC(=O)N[C@H]1CC[C@H](CCN2CCN(c3nc(C)cc4occc34)CC2)CC1,0
COc1cc(C(=O)c2nc(-c3ccccc3)cn2-c2ccccn2)cc(OC)c1OC,0
COc1ccc(S(=O)(=O)NCC(c2ccc3c(c2)OCO3)N2CCN(c3ccccc3)CC2)cc1,0
COc1ccc(CCNC(=O)C2CCCN2C(=O)Nc2ccc(C)cc2)cc1OC,0
O=C(O)C[C@H](NC(=O)OCc1ccccc1)C(=O)COC(=O)c1c(Cl)cccc1Cl,0
COc1cc(S(=O)(=O)N(C)C)ccc1Nc1cc2cc(-c3cnn(CC(C)(C)O)c3)ccc2cn1,0
CCCS(=O)(=O)Nc1ccc(F)c(C(=O)c2c[nH]c3ncc(-c4cncnc4)cc23)c1F,0
COc1cc(-c2nnc(SCC(=O)Oc3ccccc3Cl)o2)cc(OC)c1OC,0
O=C(CCC(=O)N(CC(=O)NC1CCCCC1)Cc1cccs1)Nc1ccccn1,0
COc1cnc(Cl)cc1-c1cc(C)ncc1C(=O)Nc1nnc(O[C@H]2CC[C@@H](OC)C2)s1,0
O=C(Nc1ccc(Cl)c(Cl)c1)N1CCN(C[C@@H]2CCCN(CCc3ccccc3)C2)CC1,0
COc1cccc(F)c1-n1cc(-c2ccccc2Sc2ccc(C(=O)O)cc2)nn1,0
COc1cc(C2(c3c(-c4ccc(C)cc4)[nH]c4ccccc34)COC2)cc(OC)c1OC,0
Cc1c(Cl)cccc1-n1c(SCC(=O)N(CCC#N)c2ccccc2)nc2ccccc2c1=O,0
Cn1cncc1C(OCc1c(-c2cc(Cl)ccc2Cl)cc(C#N)c(=O)n1C)c1ccc(C#N)cc1,0
CCOC(=O)CC(=O)CSc1nc(-c2ccccc2)cc(-c2ccc(Cl)cc2)c1C#N,0
COc1ccc(-c2nc3cc(NC(=O)[C@H](C)Oc4cccc(F)c4F)ccc3o2)cc1,0
c1ccc(CSc2nc(Sc3ccccn3)c3nnn(Cc4ccccc4)c3n2)cc1,0
Cc1c(Cc2ccccc2)c(=O)oc2c(COC(=O)c3ccccc3)c(OC(C)C)ccc12,0
Cc1cc(C(=O)CSc2nnc(-c3ccc(F)cc3)o2)c(C)n1CC1COc2ccccc2O1,0
COc1cccc([C@@H]2OC[C@H]([C@@H](O)c3ccc(OC)c(OC)c3)C[C@H]2C/C=C/c2ccc(OC)c(OC)c2)c1,0
Cc1ccc(S(=O)(=O)N(CC(=O)N(Cc2ccc(C3CCCCC3)cc2)c2ccc(C(=O)O)c(O)c2)CC(C)C)cc1,0
Cc1cc(=O)oc2cc(OCCCCCn3cc(CNc4c5c(nc6cc(Cl)ccc46)CCCC5)nn3)ccc12,0
O=C(NCCCC[C@H](NC(=O)OCC1c2ccccc2-c2ccccc21)C(=O)O)OCC1c2ccccc2-c2ccccc21,0
O=C(O)c1[nH]c(CN(C2CCCCC2)S(=O)(=O)c2cc(Cl)cc(Cl)c2)nc1Cc1ccc(-c2ccccc2)cc1,0
CN(C)CCCOc1ccc(CNc2nc3ccc(Oc4ccc(F)cc4)cc3s2)cc1.O=C(O)C(F)(F)F,0
CCOc1cc(C(Nc2ccc3c(N)nccc3c2)C(=O)N2CCCC2c2ccccc2)ccc1OC(C)C,0
COc1cc2c(cc1OC)CN(CCc1ccc(NC(=O)c3ccc(Oc4ccc(-c5ccccn5)cc4)nc3)cc1)CC2,0
Cc1cc(SC2=C(O)OC(CCc3ccc(O)cc3)(C(C)C)CC2=O)c(C(C)(C)C)cc1OS(=O)(=O)Cn1ccnc1,0
C/C(=C\c1cc(-c2ccc(OCc3cc(C(=O)NCCO)ccc3-c3ccc(Cl)cc3)cc2)n(C2CCCCC2)n1)C(=O)O,0
O=NCc1ccc(-c2ccc3ncnc(Nc4ccc(OCc5cccc(F)c5)c(Cl)c4)c3c2)o1,0
CC(C)N1C[C@H](C)[C@@H](CN(C)Cc2ccc(Oc3ccccc3)cc2)Oc2c(NC(=O)c3ccccc3)cccc2C1=O,0
CCCCCOC(=O)COc1ccc2c(=O)cc(-c3cc(C(C)(C)C)c(O)c(C(C)(C)C)c3)oc2c1,0
Cc1ccc(CN2CCCC2)cc1NC(=O)c1ccc(Nc2ncc(C)c(-c3ccc(OC(F)(F)F)cc3)n2)c(F)c1,0
COc1ccc(C(=O)CSc2nnc(Cc3ccccc3Nc3c(Cl)cccc3Cl)o2)cc1OC,0
Cc1cc2c(cnn2[C@@H](CC(C)C)c2ccc(C(=O)NCCC(=O)O)cc2)cc1-c1ccc(C(F)(F)F)cc1Cl,0
CCc1cccc2c1CNc1c(cccc1CCc1ccccc1)/C=C\2COc1ccc([N+](=O)[O-])cc1,0
OCCCCc1ccc(-c2nc(-c3ccc(F)cc3)c(-c3ccnc4c3CC(c3ccccc3)N4)[nH]2)cc1,0
COc1ccccc1C(=O)OC(c1ccc(NC(=O)c2ccc(OC(F)F)cc2)cc1)(C(F)(F)F)C(F)(F)F,0
CCOc1cc(C)ccc1C1CCN(CCCCNC(=O)c2ccc(-c3ccc(C(F)(F)F)cn3)cc2)CC1,0
CCCCCCCC(=O)N(c1ccc(Nc2c3ccccc3nc3cc(N)ccc23)cc1)S(C)(=O)=O.Cl,0
O=C(/C=C/c1ccc(Cl)c(Cl)c1)NCCCCCN1[C@@H]2CC[C@H]1CC(c1c[nH]c3ccc(O)cc13)C2,0
COc1cccc(-c2c(OC)cc(NC(C)CCCNC(=O)OC(C)(C)C)c3nc(C(F)(F)F)cc(C)c23)c1,0
CCCCNc1c(-c2ccc(OC)c(SC3CCCCC3)c2)nc2ccc(C)cn12.O=C(O)C(F)(F)F,0
Cc1[nH]c2ccccc2c1C1C(CC(=O)N(Cc2ccco2)C(C)(C)C(=O)Nc2ccc(N(C)C)cc2)C1(C)C,0
COc1cc2c(cc1OC)CN(CCc1ccc(NC(=O)c3ccccc3Sc3ccccc3)cc1)CC2,0
C=CCOc1ccc(-c2nc3c(NC4CCCC4)cccn3c2-c2ccnc(NC3CCCC3)n2)cc1,0
C[C@H](CCC(F)(F)C(C)(C)O)[C@H]1CC[C@H]2/C(=C/Cn3nnc(-c4ccccc4Cl)n3)CCC[C@]12C,0
O=C(NCC(CCN1CCC(N2CCCCC2)CC1)c1ccc(Cl)c(Cl)c1)Nc1ccc(C(F)(F)F)cc1,0
CCN1CCC(O)(c2ccc(Oc3ccc(F)cc3)cc2)C(C(=O)c2ccc(Oc3ccc(F)cc3)cc2)C1.Cl,0
CN(c1ccc(Cl)cc1)c1ccc(C(=O)c2ccc(C(=O)c3cccc(OC(F)(F)F)c3)c(C(=O)O)c2)nc1,0
O=C(O)CC1CCC(c2ccc(-c3ccc4nc(C(=O)NCc5ccc(F)c(OC(F)(F)F)c5)cn4c3)cc2)CC1,0
Cc1cc(-c2c(Cl)cccc2Cl)cc2nnc(Nc3ccc(S(=O)(=O)N(CCN4CCCC4)C(C)C)cc3)nc12,0
CC(C)(C)c1ccc(CNC(=O)c2ccc(NC(=O)c3cccc(CN4C(=O)OC[C@H]4Cc4ccccc4)c3)cc2)cc1,0
Cc1ccc(NC(=O)c2ccc(CN3CCN(C)CC3)cc2)cc1C(=O)Nc1ccc(OCc2cccc(F)c2)c(Cl)c1,0
Cc1ccncc1-c1cccc2c(CCCOc3cc(C)c(Cl)c(C)c3)c(C(=O)NS(=O)(=O)c3ccccc3)[nH]c12,0
CC[C@@H](C)Oc1cc2c(cc1OC)CC(=O)N(c1ccc(C(C)N3CCC(NC(C)=O)CC3)cc1)C2c1ccc(Cl)cc1,0
CCC(=O)N1CCC(c2ccc(OCc3ccsc3-c3cccc(-n4ncc(C(=O)O)c4C(F)(F)F)n3)cc2)CC1,0
CC(C)(C)c1ccc(N(Cc2ccc(C(=O)NCCC(=O)O)cc2)C(=O)Nc2ccc(OC(F)(F)F)cc2)cc1,0
COc1ccc(Oc2cc(NCCC(F)(F)F)c3ncn(-c4ccc(C(=O)NC5CC5)c(C)c4)c3c2)cc1F,0
COc1cc2nc([S+]([O-])CC(=O)Nc3ccc(C)cc3)nc(Nc3c(Cl)cc(/C=C/C#N)cc3Cl)c2cc1OC,0
COc1cc(CNC(=O)c2ccc3c(c2)c(C)c(C)n3Cc2ccc(-c3ccccc3C(=O)O)cc2)ccc1O,0
COc1ccc(CNCc2cc(NC(=O)CN3CCCCC3)cc(Nc3ccnc4ccc(Cl)cc34)c2)cc1,0
O=C(Nc1nc2ccccc2s1)c1cccc2c1CN(c1nc(C(=O)O)c(CCCOc3ccccc3)s1)CC2,0
COc1cccc(CC(=O)N2CCC(Nc3ccc(-c4cc(C)cc(Nc5cc(C(F)(F)F)ccn5)n4)cn3)CC2)c1,0
C=CCn1c(SCC(=O)Nc2ccc(/C(C)=N\O)cc2)nnc1-c1cc(-c2ccccc2)nc2ccccc12,0
CC(C)=CCC/C(C)=C/Cc1cc(O)cc2c1OC(/C=C(\C)CCC=C(C)C)C1=C2C(=O)C2=C(NCCS2(=O)=O)C1=O,0
COc1cc2ncnc(Nc3ccc(F)c(Cl)c3)c2cc1OCCCSc1nc2ccccc2o1,0
CC(C)CC1(O)CCN(C(=O)Nc2cc(Oc3ccc(F)cc3)cc(C(=O)Oc3ccc(C(C)(C)C(=O)O)cc3)c2)CC1,0
COc1ccc(/C=C/C(=O)c2ccc(OC)c3c2OC(C)(C)C=C3)cc1OCC(=O)Nc1ccccc1Cl,0
CC(NC(=O)OC(C)(C)C)c1ccc(Nc2ncc(Cl)c(CCc3ccccc3C3(C(N)=O)CC3)n2)cc1,0
CCOC(=O)c1ccc(N(C(=O)CCl)C(C(=O)NCCc2cccc(C(F)(F)F)c2)c2c[nH]c3ccccc23)cc1,0
CCc1sc(CCc2cc(OC)cc(NCc3cc(Cl)cc(NC(=O)OC(C)C)c3)n2)nc1C,0
Cc1cc(NCCCCNc2ccnc3cc(Cl)ccc23)nc(Nc2ccc(C(=O)N3CCSCC3)cc2)n1,0
CCCOc1cc(/C=C/C(=O)NCCc2cc(C(C)(C)C)c(O)c(C(C)(C)C)c2)cc(OCCC)c1O,0
CN1CCN(Cc2ccc(NC(=O)CCSc3ccc4c(/C=C/c5ccccn5)n[nH]c4c3)cc2C(F)(F)F)CC1,0
O=C(O)c1ccc(NC(=O)c2cccc(OCc3ccccc3Cl)c2OCc2ccccc2Cl)nc1,0
O=C(O)c1cccc(OCC2CCN(c3ccc(NC(=O)c4cccc(Oc5ccccc5)c4)cn3)CC2)c1,0
CC(C)N(C[C@@H](O)c1ccc(Cl)c(Cl)c1)C(=O)Nc1ccc(CCNC(=O)c2ccc(F)cc2F)cc1,0
S=C(NCCCNc1ccnc2cc(Cl)ccc12)NCCCNc1ccnc2cc(Cl)ccc12,0
O=C(O)CCc1ccccc1/C=C1/C2CCC(O2)C1c1nc(C(=O)NCCCCC2CCCCC2)co1,0
CN(CCCNC(=O)c1ccccc1Nc1ccc2c(/C=C/c3ccccn3)n[nH]c2c1)c1ccccc1,0
CCN(CC)Cc1ccc2nc(NC(=O)N/N=C/c3ccc(OCc4ccccc4Cl)cc3O)sc2c1,0
COc1ccccc1CCNC(=O)c1ccccc1Sc1ccc2c(/C=C/c3ccccn3)n[nH]c2c1,0
COc1cc(OCCCN2CCCC2)ccc1Nc1ncc(Cl)c(Nc2ccccc2P(C)(C)=O)n1,0
CCC[C@@H]1CN([C@H](Cc2ccccc2)N2CCC[C@H]2CN2C(=N)NC[C@H]2C(C)C)C(=N)N1CC1CCC(C(C)(C)C)CC1,0
Cc1ccccc1C(=O)Nc1ccc(C(=O)N2CCCC(NCCCCN3CCOCC3)c3cc(Cl)ccc32)c(C)c1,0
COc1ccc(-c2csc(NC(C)c3nc4cc(Cl)c(N5CCCCC5)cc4n3CCOCCO)n2)cc1,0
CCc1c(-c2ccccc2)nc(C(C)C)c(CCP(=O)(O)C[C@H](O)CC(=O)O)c1-c1ccc(F)cc1,0
COc1cc(-c2cccn(Cc3ccc(CCC(=O)O)cc3)c2=O)ccc1NC(=O)Nc1c(C)cccc1C,0
CC(C)(C)c1ccc(Oc2cccc(C3SC(CC(=O)NNc4ccccc4)C(=O)N3[C@@H](CC(=O)O)C(=O)O)c2)cc1,0
CCCCCCCCOc1ccc(-c2nc(C)c(-c3ccnc(NC(=N)N4CCN(C)CC4)n3)s2)cc1,0
COc1cccc(-c2nc(-c3ccccc3)[nH]c2-c2ccnc(NCCNS(=O)(=O)c3ccc(Cl)cc3)c2)c1,0
COc1cc(C(=O)NC(Cc2ccccc2)c2nc(C(=O)NC3CCC(F)(F)CC3)cs2)cc(OC)c1OC,0
COc1ccc(-c2nc(-c3ccccc3)c(-c3ccccc3)n2C(NN2CCNCC2)c2ccccc2)c(OC)c1OC,0
C=CC(=O)Nc1cc(Nc2cc(-n3c(SC)nnc3-c3ccc(F)cc3)ccn2)c(OC)cc1N1CCCN(C)CC1,0
COc1ccc(Sc2ccc(Sc3ccccn3)nc2C(=O)Nc2nc(CC(=O)O)c(Cl)s2)cc1,0
COc1ccc(C(=O)OCCN(C(C)C)C(C)C)cc1NC(=O)Nc1cc(-c2cnn(C)c2)ccc1OC(F)(F)F,0
Cc1cc(-n2cnc3c(NCCC(F)(F)F)cc(Oc4ccc(S(C)(=O)=O)cc4)cc32)ccc1C(=O)NC1CC1,0
O=S(=O)(NCCCNc1nccc(-c2[nH]c(-c3ccccc3)nc2-c2ccc(Cl)c(O)c2)n1)c1ccc(Cl)cc1,0
CNC(=O)[C@@H](Cc1ccc([N+](=O)[O-])cc1)NC(=O)c1cc(-c2ccc(CN[C@H](C)c3ccc(C)cc3)o2)ccc1Cl,0
COc1ccc(Nc2ncccc2C(=O)NCc2cn(Cc3cccc(Oc4ccccc4)c3)nn2)c(OC)c1,0
COCCN1CCC(Oc2cc(C(C)(C)C)ccc2C(=O)Nc2ccccc2C(=O)Nc2ccc(Cl)cn2)CC1,0
O=C1N=C(NCCCCCCCCNC2=NC(=O)/C(=C/c3ccc(O)cc3)S2)S/C1=C\c1ccc(O)cc1,0
COc1cc(NC(=O)N2Cc3cnc(Nc4ccc(OCc5ccccc5)cc4)nc3C2)cc(OC)c1OC,0
COc1cc(F)ccc1-c1ccc([C@@H](CC(=O)O)NC(=O)[C@@H]2CCCN2S(=O)(=O)c2cc(Cl)cc(Cl)c2)cc1,0
C=CC(=O)Nc1cccc(Nc2nc(Nc3ccc(N(C)CCN(C)C)cc3OC)nc3ccc(F)cc23)c1,0
O=C(Nc1ccc(Br)cc1)Nc1ccc(COc2ccc3oc(NCCN4CCOCC4)nc3c2)cc1,0
CN1CCCC1CCNCCC(=O)Nc1ccc(-c2cccc3c(=O)cc(N4CCOCC4)oc23)c2sc3ccccc3c12,0
COc1cc(-c2nc(-c3ccccc3)[nH]c2-c2ccnc(NCCCNS(=O)(=O)c3cccc(F)c3)n2)ccc1F,0
CC1=C(C(=O)N(C(C)C)C(C)C)CC(CC(=O)NC(c2ccccc2)c2ccccc2)C(=O)N1CCC1=CCCCC1,0
CCOCCN(Cc1ccc(Oc2ccc(F)cc2)cc1)C(=O)Nc1c(SC)cc(C)nc1SC,0
CCCC(Cc1ccc(C(=O)NCCC(=O)O)cc1)C(=O)c1cc2cc(Cl)ccc2n1-c1cccc(F)c1,0
CC(C)(C)c1ccc(CCN2CCc3cc(S(=O)(=O)Nc4ccc(OCCCOC5CCCC5)cc4F)ccc3C2)cc1,0
O=c1cc(-c2ccccc2)c2ccc(OCCN3CCN(CCCNc4c5c(nc6ccccc46)CCCC5)CC3)cc2o1,0
COc1ccc(CN(C)CCCOc2ccc(NC(=O)c3cccc4c(O)c5cccc(C)c5nc34)c(C)c2)cc1OC,0
CC(C)(C)OC(=O)N(CCc1ccccc1)Cc1ccccc1OCc1ccc(NC(=O)C2CCC2)cc1,0
CCCCN(c1cc(-c2ccc(Cl)cc2)c(F)cc1F)S(=O)(=O)c1ccc(OC(C)C(=O)O)c(C)c1C,0
Cl.Cn1c2ccccc2c2cc(CNCCCCCCNCc3cc4c5ccccc5n(C)c4cn3)ncc21,0
COc1ccc(/C=C/C(=O)NCC(=O)N(C)c2ccc(SC)c(COc3cccc4ccc(C)nc34)c2SC)cc1,0
Cc1nc(-c2ccc(Cl)cn2)nc(NC[C@H](NCCCCc2ccc(C#N)cc2)c2ccccc2)c1Cl,0
Cc1ccc(OCCN(C)C)cc1NC(=O)c1ccc(Nc2ncc(C)c(-c3ccc(OC(F)(F)F)cc3)n2)cc1,0
CCN(CC)Cc1ccc2nc(NC(=O)N/N=C/c3ccc(OCc4ccc(Cl)cc4Cl)cc3O)sc2c1,0
CCN(CC)Cc1ccc(-c2ccnc3ccc(-c4cnc(OC)c(NS(=O)(=O)c5ccc(F)cc5F)c4)cc23)cc1,0
COc1cc2c(Nc3ccc(Sc4nc(C)c(C)n4C)c(Cl)c3)c(C#N)cnc2cc1NCCCN(C)C,0
COc1cccc(-c2nn(-c3ccccc3)cc2-c2ccnc(NCCCNC(=O)c3cccc(C(F)(F)F)c3)c2)c1,0
CCCC(=O)N1CCN(C(=O)Oc2ccc3[nH]c(-c4cc(C)cc(C)c4)c(CCNCCCCc4ccc(O)cc4)c3c2)CC1,0
COc1ccc(C(=O)c2ccc(C(=O)c3ccc(N(CC4CC4)c4ccc(Cl)cc4)cn3)cc2C(=O)O)cc1,0
COc1cc(-c2ccc(COc3cc([C@@H](CC(=O)O)C4CC4)ccn3)cc2[C@H](OC)C(C)(C)C)c(F)cn1,0
CCC(=O)c1ccc2nc(NCCCCOc3cc(O)c4c(=O)cc(-c5ccccc5)oc4c3)sc2c1,0
Cc1ccccc1C(C)C(=O)Nc1nnc(CCSCCc2nnc(NC(=O)C(C)c3ccccc3C)s2)s1,0
CCOC(=O)c1c(NC(=O)CSc2cn(CCNC(=O)c3ccc(OC)c(OC)c3)c3ccccc23)sc2c1CCCC2,0
Cc1ccc2c(NCc3ccc(NC(=O)C4CCN(Cc5ccccc5)CC4)cc3)nc(N(C)CCc3ccccn3)nc2c1,0
C[C@@H]1CN([C@H](C)CO)C(=O)Cc2cc(NC(=O)CCC(F)(F)F)ccc2O[C@@H]1CN(C)Cc1ccc(Oc2ccccc2)cc1,0
CN(C)CCCOc1ccc(CNc2nc3ccc(Oc4ccc(C#N)cc4)cc3s2)cc1.O=C(O)C(F)(F)F,0
CCOC[C@@]1([C@@H](NC(=O)[C@H](CC(C)C)NC(=O)OCc2ccccc2)c2ccccc2)OOC2(O1)C1CC3CC(C1)CC2C3,0
COc1cc(C(C(=O)NC2CCCCC2)N(Cc2cccs2)C(=O)Cc2c[nH]c3ccccc23)cc(OC)c1OC,0
COc1cc(OC)cc(C2Cc3cnc(N(CCCCOCc4ccccc4)C(C)=O)cc3N=C2NC(=O)NC(C)(C)C)c1,0
COc1cc(-c2nc3cc(/C=C4\SC(=O)N(Cc5cc(OC)c(OC)c(OC)c5)C4=O)ccc3[nH]2)ccc1OCC(C)C,0
COc1ccc(/C=C/C[C@H]2C[C@@H]([C@@H](O)c3ccc(OC)c(OC)c3)CO[C@@H]2c2ccc(OC)c(OC)c2)cc1OC,0
COc1ccc(CC2CCSCC2)c(Nc2nc3ccccc3nc2NS(=O)(=O)c2ccc(CN(C)C)cc2)c1,0
CCOc1cc2ncc(C#N)c(Nc3ccc(OCc4ccccc4OC)c(Cl)c3)c2cc1NC(=O)/C=C/CN(C)C,0
COC(=O)CCCN1CCC(Oc2ccc3cc(NC(=O)c4ccc(OC)c(-c5cccc(OC)c5)c4)c(=O)oc3c2C)CC1,0
CC(C)(C)[C@H]1CC[C@H](N(Cc2ccc(C(=O)NCCC(=O)O)cc2)C(=O)Nc2ccc(OCC3CC3)cc2)CC1,0
CN1CCN(CCCN(Cc2ccc(-c3ccc(CNCc4ccc5c(c4)OCO5)cc3)cc2)C(=O)Nc2ccccc2)CC1,0
COc1ccc(/C=C\c2cc(OC)c(OC)c(OC)c2)cc1OCc1ccc(CN2CCCC[C@@H]2C(=O)O)cc1,0
CCOP(=O)(Cc1ccc(Nc2ncc(Cl)c(Nc3ccccc3S(=O)(=O)C(C)C)n2)cc1)OCC,0
CCCCCCCS(=O)(=O)Nc1ccc(Nc2c3ccccc3nc3ccccc23)c(OC)c1.CS(=O)(=O)O,0
CCCCNC(=O)c1ccc(Oc2ccc3c(CC(=O)O)coc3c2)c(NS(=O)(=O)c2ccc(Cl)cc2Cl)c1,0
CC(C)(C)NC(=O)C(c1c(C(=O)O)[nH]c2cc(Cl)ccc12)N(C=O)Cc1ccc(OCc2cccc(Cl)c2)cc1,0
CCCCN(C(C)=O)c1ccc(NC(=O)[C@H]2Cc3ccccc3CN2C(=O)c2cccc(Oc3ccccc3)c2)cc1,0
O=C(NC(Cc1ccc(OCc2ccc(F)cc2)cc1)C(=O)O)c1cc2cc(-c3ccc(Cl)cc3)ccc2s1,0
CCCc1cc(Oc2ccc(Cl)cc2)ccc1OCCCOc1ccc(C2SC(=O)NC2=O)cc1,0
CC(=O)Oc1cc(C)ccc1C1CCN(CCCCNC(=O)c2ccc(-c3ccc(C(F)(F)F)cc3)cc2)CC1,0
Cc1cc(NC(=O)c2ccc(C(C)NCC(C)C)cc2)nn1Cc1cc(Cl)ccc1OCC(C)C.Cl,0
COc1cc(Oc2ccc(Nc3ccc(C#N)cc3)cc2)cc(OC)c1CNCCc1ccc(C(F)(F)F)cc1,0
COc1cc(/C=C/C(=O)/C=C(O)/C=C/c2cc(CC=C(C)C)c(O)c(OC)c2)cc(CC=C(C)C)c1O,0
COc1ccc(C(=O)Nc2c(-c3ccc(C)cc3)cc(-c3ccc(OCCCC(F)(F)F)cc3)[nH]c2=O)cc1,0
Cc1c(Cl)cccc1CCCCOc1ccc(C#Cc2cccc3c(CCC(=O)O)c(C)n(CC(=O)O)c23)cc1,0
CC(C)C[C@H](c1ccc(C(=O)NCCC(=O)O)cc1)n1ncc2cc(-c3ccc(C(F)(F)F)cc3Cl)ccc21,0
CC(C)=CCC/C(C)=C/CC1Cc2c(OC(=O)Nc3ccc(F)cc3)cc(=O)n(CCCO)c2CC1(C)C,0
CC(C)c1ccccc1SC1=C(O)OC(CCCCC(=O)Nc2ccccc2)(c2ccccc2)CC1=O,0
Cc1cc(C)c(C)c(COc2ccc(C[C@H](Nc3ccccc3C(=O)c3ccccc3)C(=O)O)cc2)c1C,0
CC(C)=CCC/C(C)=C/CC1Cc2c(OC(=O)Nc3ccc(Cl)cc3)cc(=O)n(CCCO)c2CC1(C)C,0
O=C(O)CCNC(=O)c1ccc(-c2cc(C(F)(F)F)ccc2CNc2ccc(-c3ccc(Cl)cc3)c(Cl)c2)cn1,0
O=C(O)CCNC(=O)c1ccc(-c2cc(Cl)ccc2CNc2ccc(-c3ccc(Cl)c(F)c3)c(F)c2)cn1,0
CCN(CCCCNc1c2c(nc3ccccc13)CCCC2)CC(=O)Nc1nc(-c2ccc(Cl)cc2)cs1,0
CCc1sc2ncnc(N[C@H](CC3CCCCC3)C(=O)O)c2c1-c1cccc(Oc2ccc(F)cc2)c1,0
CCCCCCCCN1C(=O)O[C@H]2C(=C[C@H]3[C@@H]4CCc5cc(O)ccc5[C@H]4CC[C@]23C)[C@@H]1c1cccc(C(N)=O)c1,0
C=CCS[C@H]1[C@@H](C(=O)O)[C@H](c2ccc(Cl)c(Cl)c2)N(S(=O)(=O)c2ccc(C)cc2)[C@@H]1CC1CCCC1,0
COc1ccccc1N1CCN(CCCCN(C(=O)Nc2cccc(Cl)c2)C(=O)Nc2cccc(Cl)c2)CC1.Cl,0
COc1cc2ncnc(Nc3ccc(-c4nc5cc(Cl)ccc5s4)cc3)c2cc1OCCCN1CCN(C)CC1,0
CCOC(=O)CCNC(=O)N1C(c2ccc(OC)cc2OC(C)C)=N[C@H](c2ccc(Cl)cc2)[C@@H]1c1ccc(Cl)cc1,0
COc1ccc(C(NC(=O)COc2ccc(Oc3ccccc3)cc2)c2cc(Cl)c3cccnc3c2O)cc1,0
COc1ccc(Cn2cnc(N)c3nc(C(C)(C)COc4cccc(-c5ccsc5)c4)nc2-3)cc1OC1CCCC1,0
Cc1c(COc2cc(OCc3cccnc3)c(CN3CCCC[C@H]3C(=O)O)cc2[N+](=O)[O-])cccc1-c1ccccc1,0
COc1cc(/C=C/C(=O)c2cc(CC=C(C)C)c(OC)c(CC=C(C)C)c2O)ccc1OC(=O)c1cccnc1,0
Cc1ccc(CN2CCOCC2)cc1NC(=O)c1ccc(Nc2ncc(C3CC3)c(-c3ccc(OC(F)(F)F)cc3)n2)cc1,0
COc1cc2c(Oc3ccc(NC(=O)N/N=C/c4ccc(Cl)cc4)cc3F)ccnc2cc1OCCCN1CCCC1,0
Cc1oc(-c2cccc(Br)c2)nc1CN(Cc1ccc(OC(C)(C)C(=O)O)cc1)Cc1ccco1,0
COc1cc(Nc2ncnc3ccc(-c4ccc(CN5C[C@@H]6[C@H](CO)[C@@H]6C5)cc4)cc23)ccc1Oc1ccccc1,0
COc1ccc(-c2nc(CCOc3cccc(C[C@@H]4C(=O)N(c5ccc(C(C)(C)C)cc5)[C@@H]4C(=O)O)c3)c(C)o2)cc1,0
CCN(CC)CCn1cnnc1-c1cc(Oc2ccc(NC(=O)Nc3ccc(Cl)cc3Cl)cc2F)ccn1,0
CO[C@H]1O[C@]23C=C[C@@H]4[C@@]1(CC[C@]1(C)[C@@H]([C@H](C)C/C=C/C(C)(C)OC)CC[C@@]41C)[C@@H]2CC[C@H](OC(=O)CC(=O)O)C3(C)C,0
CCN[C@H]1CC[C@H](Nc2nc(NCc3ccc(-c4ccccc4)cc3)c3ncn(C(C)C)c3n2)CC1.Cl,0
CCOc1cc([C@H](c2cc3cc(Br)ccc3cc2OC)[C@@](O)(CCN(C)C)c2cccc3ccoc23)cc(OC)n1,0
O=C1c2cccc3cc4ccccc4c(c23)C(=O)N1CCCCNCCCN1C(=O)c2cccc3cc4ccccc4c(c23)C1=O,0
CC(=O)OC[C@@H](Cc1ccccc1)NC(=O)[C@H](Cc1ccc2ccccc2c1)NC(=O)OCC1c2ccccc2-c2ccccc21,0
CCc1ccc(C2OOC(c3ccc(C(=O)NCCCNc4ccnc5cc(Cl)ccc45)cc3)OO2)cc1,0
Cc1noc(C)c1CCOc1ccc(-c2c(C)nc(C)c([C@H](OC(C)(C)C)C(=O)O)c2N2CCC(C)(C)CC2)cc1,0
O=C(CC(c1ccc(Cl)cc1Cl)C(C(=O)Nc1ccccn1)C(=O)Nc1ccccn1)c1ccccc1,0
O=C(Nc1cccc(NC(=O)c2cccc(N3CCCCC3)c2)c1)c1cccc(OC2CCN(CC3CC3)CC2)c1,0
O=C(Nc1cc(F)cc(F)c1)NC1CCN(CCCCCNC(=O)C2CC2c2ccc(Cl)c(Cl)c2)CC1,0
CC(C)C[C@H](NCc1ccc(-c2ccccc2)cc1)C(=O)N[C@@H](Cc1c[nH]c2ccccc12)C(=O)NC(C)(C)C,0
COCOC[C@@]12C=C[C@@H](C(C)(C)C(=O)NCc3ccccc3)C[C@@H]1C=C(C)C[C@@H]2OC(=O)NC1CCCCC1,0
CCN(CC)CCN(C(=O)c1ccc(-c2ccccc2)[nH]1)C(C(=O)NC1CCCCC1)c1ccc(F)cc1,0
CSc1ccc(CN(C)CCOc2ccc(NC(=O)c3cccc4c(O)c5ccccc5nc34)cc2)cc1,0
O=S(=O)(NCCCNc1cc(-c2[nH]c(-c3ccccc3)nc2-c2cccc(O)c2)ccn1)c1ccc(Cl)cc1,0
CCN(CC)CCNC(=O)c1c(C)[nH]c(/C=C2\C(=O)Nc3cc(-c4ccc(-c5ccccc5)s4)ccc32)c1C,0
Cc1c(C)c2c(c(C)c1O)CCC(C)(COc1ccc(NCC(O)COc3cccc4[nH]c5ncccc5c34)cc1)O2,0
COc1ccccc1NC(=O)Oc1cc(=O)n(CCCO)c2c1CC(C/C=C(\C)CCC=C(C)C)C(C)(C)C2,0
CCOC(=O)c1[nH]c2cc(Cl)ccc2c1C(C(=O)NC1CCCCC1)N(C=O)Cc1ccc(Cl)cc1,0
COc1ccc(C(=O)Nc2sc(Cc3ccccc3)cc2C(N)=O)cc1COc1cccc(Cl)c1Cl,0
COc1cc2c(cc1OC)CN(CCc1ccc(NC(=O)c3cccc4c(=O)c5cccc(OCC[18F])c5[nH]c34)cc1)CC2,0
CCCCOC(=O)C1CCC(C(C)(O)c2ncc(-c3cc(C)cc(Nc4cc(OC)ccn4)n3)s2)CC1,0
COc1cc(/C=C/C(=O)N(CC(=O)Nc2ccc3ccccc3c2)C2CCN(Cc3ccccc3)CC2)ccc1O,0
O=C(O)CCNC(=O)c1ccc(-c2cc(Cl)ccc2CNc2ccc(-c3cccc(F)c3)cc2)cn1,0
C=CC(=O)Nc1cc(-c2c(-c3ccccc3)oc3ncnc(NC(C)C)c23)ccc1N(C)CCN(C)C.Cl,0
COc1ccc(Cn2cnc(N)c3nc(C(C)(C)COc4ccc(Cl)c(Cl)c4)nc2-3)cc1OC1CCCC1,0
CSc1ncc2cc(-c3ccccc3)c(-c3ccc(CNCCc4n[nH]c(-c5ccccc5)n4)cc3)nc2n1,0
COc1cc(C(=O)NS(=O)(=O)c2ccccc2C)ccc1Cc1cn(C)c2ccc(C(=O)NC[C@@H](C)CC(F)(F)F)cc12,0
COc1ccc2[nH]cc(C3CCCN(CCCCN4C(=O)CC(c5c[nH]c6ccc(OC)cc56)C4=O)C3)c2c1,0
Cc1ccc(C2=C(C(=O)Nc3nn[nH]n3)C(=O)N[C@@](c3ccc(OCCCCCC(F)(F)F)cc3)(C(F)(F)F)C2)cc1,0
COc1ccc(NC(=O)[C@H](Cc2ccccc2)Nc2cc(C)nc(NCCc3ccc(F)cc3)n2)cc1.O=C(O)C(F)(F)F,0
COC(=O)c1ccc(C(=O)Nc2ccccc2C(=O)Nc2ccc(CCN3CCc4cc(OC)c(OC)cc4C3)cc2)cc1,0
COc1cccc(Nc2c3cc(NC(=O)CCN4CCCC4)ccc3nc3ccc(NC(=O)CCN4CCCC4)cc23)c1,0
COc1ccc(Cn2c(=O)c(C(=O)NCCc3ccc(C)cc3)cc3c(NC(=O)COc4ccc(Cl)cc4)cccc32)cc1,0
COc1ccc(C(=O)NC2=C(c3ccc(C)cc3)CC(c3ccc(OCCCC(F)(F)F)cc3)(C(F)(F)F)NC2=O)nn1,0
COc1cc2c(Oc3ccc(NC(=O)NCc4ccncc4)c(Cl)c3)ncnc2cc1OCCCN1CCCC1,0
CC(C)NCc1ccc(-c2c3ncn(CC4(O)CCN(Cc5ccc(-c6ccco6)cc5Cl)CC4)c(=O)c3nn2C)cc1,0
CCC[n+]1cccc(NC(=O)c2ccc(NC(=O)c3ccc(C(=O)Nc4ccc5c(ccc[n+]5CCC)c4)cc3)cc2)c1,0
CC(C)Nc1cncc(-c2ccc3[nH]nc(-c4nc5c(-c6cc(F)cc(NCCN(C)C)c6)cncc5[nH]4)c3n2)c1,0
COc1cc2nc([S+]([O-])CC(=O)Nc3ccccc3F)nc(Nc3c(Cl)cc(/C=C/C#N)cc3Cl)c2cc1OC,0
CCCc1cccc(CC)c1NC(=O)CN1C[C@H](c2ccc3c(c2)OCO3)[C@@H](C(=O)O)[C@@H]1c1ccc(OC)cc1,0
CC(C)[C@@H](NS(=O)(=O)c1ccc(-c2ccc(COc3ccc(NC(=O)OC(C)(C)C)cc3)cc2)cc1)C(=O)O,0
CCOc1cc2ncnc(Nc3ccc4c(cnn4Cc4ccccc4)c3)c2cc1NC(=O)/C=C/CN1C[C@@H](C)N[C@@H](C)C1,0
CCC(CC)O[C@@H]1C=C(C(=O)O)C[C@H](NCc2ccc(-c3cccc4c3oc3ccccc34)o2)[C@H]1NC(C)=O,0
COc1cc2c(NC3CCN(c4ccc(C(=O)NO)cc4)CC3)cc(-c3ccc(C)o3)nc2cc1OCCCN1CCCC1,0
O=C(Nc1cc(-c2ccc3c(OCCCNC4CCN(Cc5ccccc5)CC4)cc(=O)oc3c2)ccn1)c1ccccc1,0
C=CC(=O)Nc1cc2c(Nc3ccc(OCc4cccc(F)c4)c(Cl)c3)ncnc2cc1OCCOC,0
COc1ccc(/C=C/C[C@H]2C[C@@H]([C@@H](O)c3ccc(OC)c(OC)c3)CO[C@@H]2c2ccccc2)cc1OC,0
O=C(O)CCNC(=O)c1ccc(-c2cc(F)ccc2CNc2ccc(-c3ccc(C(F)(F)F)cc3)c(F)c2)cn1,0
COc1cccc([C@H]2OC[C@H]([C@@H](O)c3ccc(OC)c(OC)c3)C[C@@H]2C/C=C/c2ccc(OC)c(OC)c2)c1,0
O=C(NCc1ccccc1OCC(F)(F)F)c1nn(Cc2ccccc2)c(-c2ccccc2)c1C(F)F,0
Cc1c(COc2cc(OCc3cccc(C#N)c3)c(CN3C[C@@H](O)C[C@@H]3CO)cc2Cl)cccc1-c1ccccc1,0
CCN(CC)CCC(C)Nc1nc(/C=C/c2c(Cl)cc(Cl)cc2Cl)nc2ccc(N)cc12,0
CCC(O)c1csc2cc(-c3nc(-c4ccc(OCCN(C)C)cc4)[nH]c3-c3ccncc3)ccc12,0
CCCc1cc(Oc2ccccc2)ccc1OCCCOc1ccc(C2SC(=O)NC2=O)cc1C,0
COc1ccc2cc(CCC(=O)CC(Nc3cc(C)on3)c3ccc(Br)cc3)ccc2c1,0
OC[C@H](Cc1ccccc1)Nc1nc(Oc2ccc3c(c2)CCC3)nc2c1ncn2Cc1ccc(-c2ccccc2)cc1,0
Cc1cc(-n2cnc3c(NCCC(F)(F)F)cc(Oc4cccc(F)c4)cc32)ccc1C(=O)NC1CC1,0
COc1cc(Nc2c(C#N)cnc3cc(-c4cccc(CCN5CCOCC5)c4)c(OC)cc23)c(Cl)cc1Cl,0
Cn1cc(Cl)c(COc2ccc3nc([C@H]4CCCC[C@H]4C(=O)O)n(Cc4ccc(OC(F)(F)F)cc4F)c3c2)n1,0
O=C(NCCCc1ccccc1)C(c1cccnc1)N(C(=O)c1ccco1)c1ccc(-c2ccccc2)cc1,0
O=C(O)c1ccc(N2CC(O)(c3ccc(OCc4c(-c5c(Cl)cccc5Cl)noc4C4CC4)cc3Cl)C2)nc1,0
CN1CCN(CCc2cccc(Nc3c(C(=O)C4CC4)cnc4ccc(-c5cc(F)c(O)c(Cl)c5)cc34)c2)CC1,0
CC[C@@H](CS(=O)(=O)C1CCCC1)N1C(=O)[C@@](C)(CC(=O)O)C[C@H](c2cccc(Cl)c2)[C@H]1c1ccc(Cl)cc1,0
COc1ccc(/C=N/NC(=O)Cn2c(-c3ccc(N(C)C)cc3)cc(-c3ccccc3)c2-c2ccccc2)cc1,0
CCN(C)c1nc2ccc(C(O)(c3ccc(Cl)cc3)c3cncn3C)cc2c(Cl)c1Cc1ccc(-n2cccn2)cc1,0
CC[C@H](C)N(Cc1ccc(OC)c(OS(=O)(=O)c2ccc(F)cc2)c1)C(=O)Nc1ccc(C(F)(F)F)cc1,0
Cc1cccc(OC(=O)N(CC(=O)O)[C@@H](C)c2cccc(OCc3coc(-c4ccc(Cl)cc4)n3)c2)c1,0
O=C([C@H](Cc1ccc2ccccc2c1)N/C(=N/C1CCCCC1)NC1CCCCC1)N(Cc1ccccc1)C1CN2CCC1CC2,0
COc1cccc(COc2ccc3cc(/C=C4\SC(=S)N(C(Cc5c[nH]c6ccccc56)C(=O)O)C4=O)ccc3c2)c1,0
Cc1c(C)c2c(c(C)c1CCCCCCN=[N+]=[N-])CCC(C)(COc1ccc(/C=C3\CC(=O)NC3=O)cc1)O2,0
O=C(Nc1ccc(N(CCCl)CCCl)cc1)Nc1ccc2ncnc(Nc3cccc(Cl)c3F)c2c1,0
COc1cccc(-c2nn(-c3ccccc3)cc2-c2ccnc(NCCCNC(=O)Nc3cccc(C(F)(F)F)c3)c2)c1,0
Cc1ccc2[nH]c(=O)c(C(c3nnnn3C3CCCC3)N(Cc3ccccc3)Cc3ccc(C(C)C)cc3)cc2c1,0
O=C(O)CCNC(=O)c1ccc(CN(c2ccc(Cl)cc2)c2nc(-c3ccc(OC(F)(F)F)cc3)cs2)cc1,0
CCc1c(C2CCN(CCCSc3ccc(F)cc3)CC2)c2ccc(F)cc2n1-c1ccc(-c2nnn[nH]2)cc1,0
CC[C@H](C)NCCC(=O)Nc1sc2c(c1-c1nc3cc(-c4ccncc4)ccc3s1)CCN(C1CCC1)C2,0
O=C1NC(=O)C(=Cc2ccc(Sc3ccc(Cl)cc3)c([N+](=O)[O-])c2)C(=O)N1,0
Cn1cc(C(=O)O)c(=O)c2cc(F)c(N3CCN(c4ccccn4)CC3)c(C(F)F)c21,0
COc1cc2c(cc1OC)C1=C(C#N)CC/C(=N\C(=O)c3ccco3)N1CC2,0
Cn1c2cccc([N+](=O)[O-])c2c2ncnc(N3CCN(CCc4ccc(F)c(F)c4)CC3)c21,0
Cc1ccc(CN2C(=O)OC[C@H]2C(=O)N2CCC[C@@H](CNC(=O)OC(C)(C)C)C2)cc1,0
COc1cc(-c2nnnn2-c2nc3ccccc3s2)cc(OC)c1OC,0
Cc1ccc(N2O[C@H]3C(=O)N(c4ccc(C(=O)O)cc4)C(=O)[C@H]3[C@@H]2c2ccc(O)cc2)cc1,0
CC(C)Oc1ccc2[nH]nc(-c3cc(N4CCC(C#N)CC4)ncn3)c2c1,0
C[C@@H](c1ccccc1)N1c2cc(-n3c(=O)[nH]c4ncccc43)ccc2C(=O)NC1(C)C,0
CN1CCc2nc(C(=O)Nc3ccncc3CNC(=O)c3ccc(Cl)s3)sc2C1,0
O=C(CNC(=O)c1ccc(Br)o1)Nc1cccc(-c2cnc3ccccc3n2)c1,0
O=C(O)c1cc(-c2ccc(/C=N/N3C(=O)C4C5C=CC(C6CC56)C4C3=O)o2)ccc1Cl,0
COc1ccccc1CN1C(=O)c2cc3occc3n2C[C@@]1(C)C(=O)NC1CCC(C)CC1,0
O=C(C1CC1)N1CCC[C@@H](Nc2cc(-n3c(-c4cccc(O)c4)nc4ccccc43)ccn2)C1,0
O=C(O)[C@H]1CCCN1Cc1cnc2c(N3CCc4c(-c5ccccc5)cccc43)ncnc2c1,0
CC(=O)N1N=C(c2ccc3c(c2)OCCO3)OC1c1ccc(OCc2ccccc2)cc1,0
N#Cc1ccc2[nH]c(-c3ccc(-c4ccc(O[C@H]5CC[C@H](C(=O)O)CC5)nc4)nc3)nc2c1,0
CC(C)(Oc1ccc(Cl)cc1)C(=O)N1CCC(NC(=O)Nc2ccc(C#N)cc2)CC1,0
O=C(OCC(=O)N1N=C(c2ccc(Cl)cc2)CC1c1ccco1)c1cncc(Br)c1,0
C=CC(=O)N1CCC[C@@H](n2nc(-c3ccc(Oc4ccccc4)cc3)c3c(N)ncnc32)C1,0
CC(C)(O)C1CCN(Cc2cc3nc(-c4cccc5[nH]ncc45)nc(N4CCOCC4)c3s2)CC1,0
CCN1CCN(c2ccc(C(C)(C)NC(=O)c3cc4[nH]c5ccccc5c(=O)c4cc3F)cn2)CC1,0
COC(=O)N[C@@H](c1ccncc1)[C@@H](O)C(=O)OC1CC2C(C)(C)C1(C)[C@@]13CC(C)c4ccccc4[C@@]21O3,0
Cc1ccc(-n2c(=O)c3cc4c(=O)n(-c5ccc(C)c(C)c5)c(=O)c4c(C(=O)c4ccccc4)c3c2=O)cc1C,0
C[C@@H]1[C@H](O)C[C@H]2[C@@H](C)[C@H](OC(=O)/C=C/c3cccc(Cl)c3)O[C@@H]3O[C@@]4(C)CC[C@@H]1[C@]32OO4,0
O=C(c1cc(-c2ccco2)n[nH]1)N1CCC[C@H](n2nnc3cc(C(F)(F)F)ccc32)C1,0
O=C(O)c1cccc(C(=O)N2CCn3cc(C(=O)Nc4ccccc4)nc3[C@H]2c2ccccc2)c1,0
CN/C(=N\S(=O)(=O)N1CCC(C(F)(F)F)CC1)N1C[C@H](c2ccccc2)C(c2ccc(Cl)cc2)=N1,0
CCC1(O)CC(=O)OCc2c1cc1n(c2=O)Cc2c-1nc1ccccc1c2/C=N/c1ccc(C#N)cc1,0
Cc1cc(C)c(S(=O)(=O)N2CCN(S(=O)(=O)c3c(C)cc(C)cc3C)OCCCCCO2)c(C)c1,0
O=C(N/N=C/c1cccs1)N1CCc2ncnc(Nc3cccc(C(F)(F)F)c3)c2C1,0
Cn1cc(-c2cc(NS(C)(=O)=O)c3ccn(CC4CC(F)(F)C4)c3c2)c2cc[nH]c(=O)c21,0
Cn1cc(C(=O)c2cncc(NC(=O)Cc3cccc(C(F)(F)F)c3F)c2)c2cncnc21,0
COc1ccc(N(Cc2nnc3n2CCCCC3)C(=O)Nc2ccccc2)cc1,0
CC(=O)N[C@@H]1CCC[C@H](C(=O)Nc2cc(-c3cnn4ccccc34)c(Cl)cn2)C1,0
COC(=O)C1(CC2CC(c3cccc(Br)c3)=NO2)CCN(C(=O)OC(C)(C)C)CC1,0
Cc1ccc(-c2noc(C3CC(F)(F)C3)n2)cc1NC(=O)c1cnc2ccc(C(C)O)cn12,0
COc1cc2ncnc(Nc3cccc(Cl)c3F)c2cc1OC(=O)N1CCN(C)C[C@H]1C,0
FC(F)(F)c1cccc(N2CCN(C3CCN(c4ccc(-c5ncns5)nn4)CC3)CC2)c1,0
CN1CCN(C(=O)CN(c2cc(C#CC(C)(C)C)sc2C(=O)O)C(=O)[C@H]2CC[C@H](C)CC2)CC1,0
Cc1ccccc1Cc1nc(CNc2cccc(N3CCOC3=O)c2C)no1,0
O=C1NC(Cc2ccc(Nc3nc(-c4ccc([N+](=O)[O-])cc4)cs3)cc2)CO1,0
COc1ccc(NC(=O)C2(C)Cc3c(-c4cccc(NC(C)=O)c4)ccnc3O2)cn1,0
CNC(=O)c1cncc(-c2cnc(Cl)c(NS(=O)(=O)c3ccccc3C(F)(F)F)c2)c1,0
COC(=O)C1CCN(c2nccnc2Oc2ccc(Nc3ccccn3)cc2)C1,0
CCn1nc(C)c2ccnc(N3CCC(C(=O)N4CCN(c5cccc(OC)c5)CC4)CC3)c21,0
COc1ccc(C(=O)Nc2ccc(NC(C)=O)cc2)cc1S(=O)(=O)N1CCCCC1C,0
COc1cc(C(=O)c2c(-n3ccnc3)[nH]c3ccccc23)cc(OC)c1OC,0
Cc1ccc(N2CCc3c(NS(=O)(=O)c4cccc(Cl)c4C)n[nH]c3C2=O)cc1,0
CCC(C(=O)Nc1cc(OC)ccc1OC)n1c(=O)c(C(F)(F)F)nc2ccccc21,0
CCn1cc(-c2cccc(C(=O)Nc3cc(N4CC[C@@H](C(C)(C)O)C4)cnc3C(F)(F)F)n2)cn1,0
c1cc2cc(-c3n[nH]c4ccc(-c5cncc(OCCN6CCCC6)c5)cc34)[nH]c2cn1,0
O=C(Oc1c(-c2ccccc2)c(=O)n2c3c(cccc13)CC2)c1cccc([N+](=O)[O-])c1,0
Cc1noc(-c2ccccc2C(=O)N[C@H]2CCC[C@@H]2Nc2ncc(C(F)(F)F)cc2F)n1,0
COc1cc(NC(=O)c2ccc(Cl)c([N+](=O)[O-])c2)ccc1NS(=O)(=O)C(F)(F)F,0
O=[N+]([O-])c1c(Cl)cc2c(no[n+]2[O-])c1Nc1ccc(-c2ccc(F)cc2)c(O)c1,0
Cc1c(C(=O)Nc2c(C)n(C)n(C(C)C)c2=O)noc1C1CCCC(C(C)(C)C)O1,0
Cc1cccc(C)c1Nc1nnc(CNc2c(C)n(C)n(-c3ccccc3)c2=O)o1,0
O=C(NC1CCCCC1)C(c1ccc(O)cc1)N(C(=O)c1cnccn1)c1cccc(F)c1,0
COC(=O)c1ccc(C2C(C(=O)C(C)(C)C)=C(O)C(=O)N2CCc2c[nH]c3ccccc23)cc1,0
CN(C)CCn1ccc(Nc2ncc3c(n2)-c2c(nn(C)c2-c2cccc(Cl)c2)CC3)n1,0
COc1cc2c(Nc3ccc(Cl)cc3F)ncnc2cc1OCCN1CCN(C)CC1,0
c1ccc2sc(Nc3ccc(Oc4nccnc4N4CCOCC4)cc3)nc2c1,0
Cc1cc(F)ccc1Nc1nc2ccc(N(C)C(=O)/C=C/CN(C)C)cc2n2cncc12,0
COc1cc(C2C(C(=O)c3ccc(F)cc3)=C(O)C(=O)N2Cc2cccnc2)ccc1O,0
COc1ccccc1CNC(=O)[C@]1(C)Cn2nc(-c3ccccc3)cc2C(=O)N1Cc1ccco1,0
O=C(/C=C1\SC(=O)N(CC(=O)Nc2ccc(Cl)cc2)C1=O)Nc1ccc(F)cc1,0
COc1ccc(C(=O)Nc2ccc(N3CCN(c4ccccc4)CC3)c(C(=O)O)c2)cc1,0
O=[N+]([O-])c1cc(-c2cncs2)ccc1CC(O)c1ccc(-n2cncn2)cc1,0
CC(C)(C)n1nnnc1C(c1ccncc1)N(Cc1ccccc1)Cc1ccco1,0
COc1ccc(-c2csc(Cc3nnc(N4CCOCC4)n3-c3ccccc3)n2)cc1,0
COc1ccc(Cc2cc(C3CCN(C(=O)c4ccc5c(c4)OCCO5)CC3)nc(N)n2)cc1,0
COc1ccc(NC(=O)COC(=O)c2ncc(Cl)c(Cl)c2Cl)c(OC)c1,0
O=c1cc(-c2c[nH]nn2)c2ccc(N3CCC(NCCc4ccccc4)CC3)cc2o1,0
COc1ccc(C2CC(=O)c3cnn(-c4nc(C)cc(C)n4)c3C2)cc1OC,0
CN(C)/C=N/N=C/c1cn(S(=O)(=O)c2ccc3ccccc3c2)c2cccc([N+](=O)[O-])c12,0
CCOC(=O)c1ccccc1NC(=O)c1cnc(N2CCOCC2)c2ccccc12,0
Cc1nocc1C(=O)Nc1cn2nc(-c3cn(C)nc3-c3ccc(F)cc3)ccc2n1,0
CCOc1ccc2nc(Cl)c(/C=N/NC(=O)c3cc4ccccc4oc3=O)cc2c1,0
CC(Nc1nccc(N2C(=O)OC[C@@H]2[C@@H](C)O)n1)c1cnc(-c2ccccc2)s1,0
N#CCc1cnc(-c2ccc3ccccc3c2)n1-c1ccnc(N[C@@H]2CCCN(C(=O)C3CC3)C2)n1,0
Cc1cc(C(=O)Nc2ccccc2-c2nc(CNC(=O)C3COc4ccccc4O3)c(C)o2)c(C)o1,0
CCCCN1CCC(Cc2noc(-c3cc(Cl)c(N)c4c3OCCO4)n2)C1.Cl,0
CC(C)n1cc(C(=O)c2cncc(NC(=O)Cn3cc4cc(F)ccc4n3)c2)c2cncnc21,0
COc1ccccc1C(=O)Nc1ccccc1OCc1cc(=O)n2cc(C)sc2n1,0
CS(=O)(=O)N1C(=O)N(c2cccc(C(F)F)c2)C2=C(C(=O)CC2)C1c1ccc(C#N)cc1,0
O=C(CSc1nc2nn(-c3ccccc3)c(=O)c-2c2n1CCCCC2)Nc1ccc(F)c(F)c1,0
CCc1ccc(NC(=O)Cn2c(=O)c(-c3ccccc3NC(C)=O)nc3ccccc32)cc1,0
CCOc1ccccc1-c1nccc2cc(S(=O)(=O)Nc3ccncn3)ccc12,0
CCn1c(-c2cnc(C)nc2)nc2c(-c3ccc4c(c3)[C@@]3(CCCN3C(C)C)C(=O)N4)ncnc21,0
CCNC(=O)Nc1ncc(-c2cc(-c3c(C)cc(OC)cc3C)nc(-c3cnccn3)n2)s1,0
O=C(O)C[C@@H]1CCCN(c2ccc(C(=O)NC3CCCCC3)c(OC3CCCCC3)n2)C1,0
Cc1cc(C(=O)Nc2cccc(Oc3ccc4nc(NC(=O)C5CC5)sc4n3)c2)n(C)n1,0
Cc1cc(C)n2nc(SCc3nnc(SCc4cccc([N+](=O)[O-])c4)s3)nc2n1,0
COc1cccc(NC(=O)N2CCN(c3nc4ccccc4n(Cc4ccccc4)c3=O)CC2)c1,0
COc1cc(-c2nnc3ccc(-c4ccc(Br)cc4)nn23)cc(OC)c1OC,0
Cc1c(CC(=O)N[C@@H](Cc2ccccc2)C(=O)O)c(=O)oc2cc3occ(C(C)(C)C)c3cc12,0
O=C(NCc1ccc(N2CCN(Cc3ccccc3)CC2)c(F)c1)c1ccc([N+](=O)[O-])o1,0
COc1cccc(NC(=O)Cn2c(=O)n(-c3ccccc3)c(=O)c3c4c(sc32)CCCC4)c1,0
COc1ccc(C2CC(c3ccccc3)=NN2C(=O)COC(=O)c2cccc(N)c2)cc1,0
Cc1c(OCCN(C)C)ccc2c3c(c(=O)oc12)CN(C(=O)c1ccc(C(=O)O)cc1)CC3,0
CNC(=O)c1cccc(Nc2ncnc(N3CC(Oc4cccc(F)c4)C3)n2)c1,0
Cc1ccc(S(=O)(=O)N(CC(=O)Nc2ccc(Cl)cc2)C(=O)N2CCN(C)CC2)cc1,0
COc1ccc(OC)c2c1-c1c3c(cc4c(=O)onc(c14)[C@H]2SCC(N)=O)OCO3,0
CC1CCNC(=O)c2cc3ccc(C(=O)Nc4cnn(Cc5ccncc5)c4)nc3n21,0
CS(=O)(=O)c1ccc(CN2CCC(c3nnn4cnc5[nH]ccc5c34)CC2)cc1,0
COc1cc2ncccc2cc1NC(=O)c1csc2cnc(N(C)CCN)nc12,0
CCCS(=O)(=O)N1C[C@@H](C)C[C@H](Nc2ncccc2-c2cnc3[nH]ccc3n2)C1,0
CCC(=O)Oc1c2c(cc3c1OCO3)[C@@H](c1cc(OC)c(O)c(OC)c1)[C@H]1C(=O)OC[C@@H]1C2,0
Cc1cccc(Cn2c(=O)c(C(=O)NCc3ccccn3)nn(-c3cccc(F)c3)c2=O)c1,0
CN(C(=O)OC(C)(C)C)[C@H](CNc1ncnc2c1cnn2C)Cc1ccccc1,0
CCOC(=O)/C(=N/Nc1ccccc1)Sc1nnnn1-c1ccc(C)cc1,0
CCOc1ccccc1NC(=O)NC(=O)N(C)S(=O)(=O)c1ccc(C)cc1,0
Cc1cc(C(=O)Nc2ccc([C@@H](O)[C@H]3COCC(=O)N3Cc3ccccc3F)cc2)n(C)n1,0
COc1cc(-c2nnc(-c3ccc(N4CCOCC4)cc3)o2)cc(OC)c1OC,0
O=C(Nc1nc(-c2ccc(S(=O)(=O)N3CCOCC3)cc2)cs1)c1ccc([N+](=O)[O-])cc1,0
C[C@H](Nc1ncc(F)c(N2C(=O)OC[C@@H]2[C@@H](C)O)n1)c1cnc(Cl)c(F)c1,0
COC(=O)Nc1ccc([C@H]2CN(c3nc(-c4ccncc4F)cc(=O)n3C)CCO2)cc1,0
COc1ccc(-c2ccc3nnc(-c4ccc(OC)c(OC)c4OC)n3n2)cc1N,0
CNS(=O)(=O)c1ccc(C(=O)N2CCOc3ccc(-c4ccc5nc[nH]c5c4)cc3C2)cc1,0
C=CC(=O)Nc1ccc(C(=O)N2CC[C@@H](Nc3ncc4ccccc4n3)C2)cn1,0
COc1ccc(-c2nonc2NC(=O)c2nn(-c3ccc(C)cc3)ccc2=O)cc1OC,0
Cc1cc(O)nc(SCC(=O)Nc2cc(S(=O)(=O)N(C)C)ccc2Cl)n1,0
CN(C)C(=O)c1ccc(Nc2cc(N3CC[C@@](C#N)(C4CC4)C3=O)ccn2)nc1,0
O=C(O)C(F)(F)F.c1cnc(NCc2nnn3c2CN(Cc2ccsc2)CCC3)nc1,0
COc1ccc(NS(=O)(=O)c2ccc(-n3sc4ccccc4c3=O)cc2)nn1,0
CCOC(=O)C1=C(N)OC2=C(C(=O)CC(C)(C)C2)C1c1cc(CSc2nnnn2C)cs1,0
COc1ccc(NC(=O)Cn2nc3c4cc(-c5cc(C)ccc5C)nn4ccn3c2=O)c(OC)c1,0
Cn1cnc(-c2c(Br)csc2NC(=O)CN2C(=O)CCc3ncccc32)n1,0
CCO/N=C1/CCN(c2c(F)cc3c(=O)c(C(=O)O)cn(CC)c3c2F)CC1(C)CN,0
C[C@@H]1CN(C(=O)c2cccnc2Oc2ccc(Nc3ccccn3)cc2)C[C@H](C)O1,0
Cc1ccc(C(=O)O)cc1Nc1ncnn2cc(C(=O)c3ccccc3)c(C)c12,0
CC(=O)Oc1cccc(C(=O)N2CC3ON=C(c4c(F)cccc4Cl)C3C2)c1C,0
Cc1ccc(NS(=O)(=O)c2ccc3c(c2)C(=O)CC(C2CCOCC2)O3)c(C)c1,0
O=C(Nc1ccccc1)N1CCc2c(cnn2Cc2cn(-c3ccccc3Cl)nn2)C1,0
COc1cc2oc(=O)cc(-c3ccc4occc4c3)c2c(OC)c1OC,0
COc1cccc(Nc2nccc(Nc3c(Cl)ccc4c3OCO4)n2)c1,0
CCOc1cc(C2c3c(oc4ccccc4c3=O)C(=O)N2c2ccccn2)ccc1O,0
COc1ccc(-c2cc3n(n2)CCCN(C(=O)c2ccc(F)cc2)C3)cc1OC,0
CCn1cc2cc(NC(=O)c3cc(C4CC4)nc4c3cnn4CC)ccc2n1,0
O=C1CCC(N2Cc3cc(C4CCN(Cc5c(F)cccc5F)CC4)ccc3C2=O)C(=O)N1,0
CC1Cc2ccccc2N1C(=O)CNc1cccc(S(=O)(=O)N2CCCC2)c1,0
Cc1ccc(NC(=O)NC2CCN(CCn3c(=O)ccc4ncc(F)cc43)CC2)cc1,0
O=C(O)C(F)(F)F.O=C1NCC[C@]12CN(CC1CCOCC1)C[C@H]2c1ccccc1,0
CCn1cc(C(=O)O)c(=O)c2cc(F)c(N3CCN(C(=O)c4cccnc4)CC3)cc21,0
Cn1cc(-c2ccc(Cc3n[nH]c4ccc(C(=O)N5CC[C@H](O)C5)cc34)cc2)cn1,0
CC12CC(=O)Nc3cccc(c31)N(CC(=O)Nc1ccc3c(c1)C[C@]1(C3)C(=O)Nc3ncccc31)C2,0
CC(=O)c1cccc(NC(=S)N2CCN(S(=O)(=O)c3ccc(F)cc3)CC2)c1,0
CC(C)[C@]1(C(=O)N2C[C@@H]3C[C@H]2CN3C(=O)C2CC2)CC[C@@H](NC2CCOCC2)C1,0
Cn1cnc(S(=O)(=O)N2CCCC(C(=O)Nc3ccc(OC(F)(F)F)cc3)C2)c1,0
COc1cccc2c1C[C@H]1C[C@@H](C(=O)N3CCN(c4cccc5nonc45)CC3)CN(C)[C@@H]1C2,0
Cc1[nH]n(-c2cccc3ccccc23)c(=O)c1/C=N/NC(=O)c1cccc([N+](=O)[O-])c1,0
CCN1CCN(c2nc3ncn(CC(=O)Nc4cc(Cl)ccc4C)c(=O)c3s2)CC1,0
CNc1nc(C)c(-c2nc(Nc3cccc(C(=O)N4CCOCC4)c3)ncc2C#N)s1,0
COc1ccc(-c2nccnc2C2CN(C(=O)c3nc4ccccc4[nH]3)C2)cc1OC,0
C[C@H](Nc1ncc(F)c(N2C(=O)OC[C@@H]2[C@@H](C)O)n1)c1ccc(Br)nc1,0
C[C@H](Oc1cccc2c1B(O)OC2)C(=O)Nc1ccc2oc(-c3ccc(C#N)cc3)nc2c1,0
COc1ccc(N2CCc3c(NS(=O)(=O)c4ccccc4)n[nH]c3C2=O)cc1,0
Cc1oc2ncn(CCN3CCCCC3)c(=O)c2c1C(=O)Nc1ccc(C#N)cc1,0
CCOC(=O)c1c(N=C(S)N2CCOCC2)sc2c1CCN(C(=O)OCC)C2,0
O=c1[nH]c(=O)n(C2CC2)c2nc(Cc3nc4ccccc4[nH]3)n(Cc3ccccc3)c12,0
Cn1cc(C(=O)NCc2c(-c3ncco3)n(-c3ccccc3)c3ncccc3c2=O)cn1,0
Cc1cn(-c2ccc3n(c2=O)CCN(Cc2cnn4ccc(C(F)(F)F)cc24)C3=O)cn1,0
C[C@H]1CN(c2scnc2-c2nc3ccccc3[nH]2)CCN1C(=O)Cn1cnc2cccnc21,0
CN1CCOc2c1cnn1c(-c3ccc4cccc(NCC5(F)CCNCC5)c4n3)nnc21,0
Cc1nc2cc(-c3ccncc3)nn2c(N2CCN(C(=O)c3ccoc3)CC2)c1C,0
Cc1nc(-c2ccc(S(C)(=O)=O)c([N+](=O)[O-])c2)sc1C(=O)N1CCC(C)CC1,0
Cc1cccc(NC(=O)C2CCN(S(=O)(=O)c3ccc4c(c3)NC(=O)CO4)CC2)c1C,0
CC(=O)Nc1ccc(C(=O)NN2C(=O)C(Cl)C2c2ccc([N+](=O)[O-])cc2)cc1,0
O=C(O)c1ccc(S(=O)(=O)c2ccc3c(c2)C(=O)N(Cc2ccco2)C3=O)cc1,0
NCC(=O)N1CC2(C[C@H]1C(=O)NCCCCCC(=O)NO)SCCS2,0
Cc1cc(Cn2nnc(-c3ccc(S(=O)(=O)NCC(N)=O)cc3)n2)ccn1,0
O=C(C[C@@H]1C[C@H]2O[C@H](CNC(=O)NCc3ccccc3)[C@@H](O)[C@H]2O1)NC1CC1,0
CCCn1c(N)c(C(=O)CN(C)CC(=O)Nc2cccc(F)c2)c(=O)[nH]c1=O,0
CC(C)C[C@H](NC(=O)[C@@H]1CCCN1C(=O)[C@@H](O)[C@H](N)CC(C)C)C(=O)N1CCC1,0
COCC(=O)N[C@@H]1CC[C@@H](CC(=O)NCc2ccccc2OC)O[C@@H]1CO,0
CN1CCN(c2ncc(C(=O)NCCCCCCC(=O)NO)cn2)CC1,0
CCNC1CN(CCCOC)S(=O)(=O)c2sc(S(N)(=O)=O)cc21,0
NS(=O)(=O)c1ccc(CCNC(=O)CNC(=O)COc2ccccc2)cc1,0
CCCC[C@@H](C(=O)N1CCC[C@H]1C(=O)NCCC)[C@H](O)C(=O)NO,0
COCCN(CC(=O)NCc1ccc(OC)cc1)C(=O)CCC(=O)Nc1nccs1,0
CCCCC[C@H](CN(O)C=O)C(=O)NCNC(=O)c1cccc(-c2cccnc2)n1,0
COCCOCCOCCOc1ccc(C2=N[C@@](C)(C(=O)O)CS2)c(O)c1,0
CNC(=O)[C@H](CC(C)C)NC(=O)[C@H](CC(C)C)CP(=O)(O)CNC(C)=O,0
CCCCOC(=O)N[C@H](CCNC(=O)CC1CC(CC2CCNCC2)=NO1)C(=O)O,0
CCC(CCCC(=O)NCC(=O)NCC(=O)OC)Cc1ccc2c(c1)OCO2,0
CCCC(=O)OCC(COC(=O)CCC)OCn1cnc2c(F)nc(N)nc21,0
CCOc1ccc(CN2CCNC(=O)C2CC(=O)NCCCOc2cccnc2)cc1,0
COc1cc(NC(C)CCCNC(=O)N(CCO)CCO)c2ncccc2c1,0
CCN(CC)CCNC(=O)c1ccc(-c2cn(CCCCCC(=O)NO)nn2)cn1,0
COc1ccccc1OCCCNCC(O)COc1ccccc1.O=C(O)C(=O)O,0
CC(C)C[C@H](NC(=O)CNC(=O)[C@@H](NC(=O)OCc1ccccc1)C(C)C)C(=O)O,0
CC(C)C[C@H](NC(=O)OCCCc1ccccc1)C(=O)N[C@H](C=O)C[C@@H]1CCNC1=O,0
COC(=O)c1ccccc1OCC(O)CNCCNS(=O)(=O)c1ccc(C)cc1,0
CCc1cc(C(C)=O)c(O)cc1OCc1cccc(C(=O)NCCOCC(=O)O)n1,0
CC(C)[C@H](NC(=O)OCCc1ccccc1)C(=O)NC(CC(=O)O)C(=O)CF,0
CCCC(=O)N[C@@H](Cc1c[nH]c2ccc(OCCCN3CCNCC3)cc12)C(=O)O,0
CCOc1nc(SCCOC)nc(N)c1N(CCOC)CCOC,0
O=C(CCCCCNC(=O)Cn1cnc2c(NCc3ccccc3)ncnc21)NO,0
O=C(O)C[C@H](NC(=O)OCc1ccccc1)C(=O)CONC(=O)CCc1ccccc1,0
O=C[C@H](CC(=O)O)NC(=O)C(CCCCNS(=O)(=O)c1ccccc1)c1ccccc1,0
CCCCCCCCCCCCn1cc(CO[C@@H]2OC[C@@H](O)[C@H](O)[C@H]2O)nn1,0
O=C(CCCSC[C@H](NC(=O)CCc1ccccn1)C(=O)NCc1ccccc1)NO,0
CCOC(=O)c1ccc(NC(=O)COc2ccc(CNCCO)cc2OCC)cc1,0
COCCN(CC(=O)NCc1ccccc1)C(=O)CCCCCn1ccnc1/C=N/O,0
CCCCCCCCc1ccc(O[C@H]2O[C@H](COS(=O)(=O)O)[C@@H](O)[C@H](O)[C@H]2O)cc1,0
CCCCCCCCCCS(=O)(=O)CC(P(=O)(O)O)P(=O)(O)O,0
CCCCCCCCCN(CCC)C(=O)[C@@H]1OC(C(=O)O)=C[C@H](N)[C@H]1NC(C)=O,0
O=C(O)CC(NC(=O)OCc1ccccc1)C(=O)CNS(=O)(=O)CCc1ccccc1,0
COc1ccc(/C=N/OCC(O)CNCCCN2CCOCC2)cc1OC1CCCC1,0
CCC[C@@H](NC(=O)c1cnccn1)C(=O)N[C@@H](CC(C)C)B(O)O,0
CNC(=O)[C@H](CCC(=O)O)NC(=O)/C=C/c1ccc(OC)c(OC)c1,0
CCC[C@@H](CO)NC(=O)c1cnc(Oc2ccc3c(c2C)B(O)OC3)cn1,0
CS(=O)(=O)c1ccc(CNC(=O)c2cc(N)c(C#N)c(CCC(=O)O)n2)cc1,0
CCCCCCCC(=O)O[C@H]1[C@H](O)[C@H](n2ccc(N)nc2=O)O[C@@H]1CO,0
O=C(CCNC(=O)c1ccc([N+](=O)[O-])cc1)NCCCN1CCCC1=O,0
COc1cc(O)c(C=O)c2oc(=O)c(CC(=O)NCCN3CCOCC3)c(C)c12,0
COc1cc(/C=N/NC(=O)Cc2nnc(N)s2)cc(OC)c1OC,0
COCCOCCOc1ccc(CC2C(=O)NC(=O)NC2=O)cc1,0
CNC(=O)c1ccc(CN2C[C@H](NS(=O)(=O)N(C)C)[C@@H](C(C)C)C2)o1,0
O=C(CCCCC[C@H](NC(=O)c1ccccn1)C(=O)NCc1ccccc1)NO,0
COc1cccc2c1C(=O)C(NCCOC(=O)[C@H](CCSC)NC(C)=O)=C(C)C2=O,0
CC[C@@H](C)[C@H](NC(=O)[C@@H]1CCCN1C(=O)[C@@H](CC(=O)[C@H](C)N)C(C)C)C(=O)O,0
Cc1cc2nc(C)n(CCNC(=O)C[C@H](C(=O)N[C@H](C=O)CC(=O)O)C(C)C)c2cc1C,0
COCCN(CCNC(=O)c1cc2cc(S(N)(=O)=O)sc2s1)CCOC.Cl,0
CC(C)[C@@H](NC(=O)OCc1ccccc1)C(=O)N[C@@H](CC(=O)O)C(=O)COP(C)(C)=O,0
CN(C)S(=O)(=O)Nc1ccc(OCCNC[C@H](O)c2cccnc2)cc1.Cl.Cl,0
Cc1cccc2nc(CCc3nc(-c4cccs4)cn3C[C@@H](O)CNCCO)nn12,0
COCCCNC(=O)CN(c1ccc(OC)cc1)S(=O)(=O)c1ccc(NC(C)=O)cc1,0
COc1ccc(S(=O)(=O)NCC(=O)N(CC(=O)NCC2CCCO2)c2ccccc2)cc1,0
CCCC[C@@H](O)C(=O)N1[C@@H]2C[C@@H]2C[C@H]1C(=O)NCc1cc(Cl)ccc1-n1cnnn1,0
O=C(CN(C(=O)CNS(=O)(=O)c1ccc(F)cc1)C1CCCC1)NCc1ccco1,0
Cc1cnc(NCCc2ccccc2)c(=O)n1CC(=O)NCc1cnc(N)cn1,0
CCN(CC)S(=O)(=O)c1ccc(O)c(C(=O)OCC(=O)NC2CCCC2)c1,0
CC(C)=CCC[C@@]1(C)O[C@@H]1Cn1cc(CC(P(=O)(O)O)P(=O)(O)O)nn1,0
CCCOc1cc2c(c(OCCC)c1OC)[C@@H]1O[C@H](CO)[C@@H](O)[C@H](O)[C@H]1OC2=O,0
CCOC(=O)/C=C/[C@H](C[C@@H]1CCNC1=O)NC(=O)/C=C/c1ccc2c(c1)OCO2,0
CC[C@@H](C)[C@H](NS(=O)(=O)c1ccc(C)cc1)C(=O)N1CCC(C(=O)NCC(=O)O)CC1,0
O=C(Cn1ccc(NC(=O)OCc2ccccc2)nc1=O)NCCc1ccccn1,0
CCCN(CCc1ccc(C(C)C)cc1)C(=O)[C@@H]1OC(C(=O)O)=C[C@H](N)[C@H]1NC(C)=O,0
CCCCSc1nc(NCc2ccccc2)c2ncn([C@@H]3O[C@H](CO)[C@@H](O)[C@H]3O)c2n1,0
O/N=C/c1cc[n+](COCc2cccc(COC[n+]3ccc(/C=N/O)cc3)c2)cc1,0
COc1ccc(S(=O)(=O)N(C)C)cc1NC(=O)CCNC(=O)c1ccccc1OC,0
COc1ccc(OCC(O)CNC(=O)/C=C/c2cccc([N+](=O)[O-])c2)cc1,0
CC(C)C[C@@H](OC(=O)[C@@H](NC(=O)[C@@H](C)O)C(C)C)C(=O)N[C@@H](C(=O)OC(C)(C)C)C(C)C,0
O=c1[nH]c(=O)n(COC(CO)CO)cc1Cc1cccc(Oc2cccc(Cl)c2)c1,0
CS(=O)(=O)c1ccc(-c2nnc(NC(=O)CCCCCC(=O)NO)s2)cc1,0
CC(O)CNCCCOc1ccccc1OCc1ccccc1.O=C(O)C(=O)O,0
O=C1NC(=O)N(COCCO)C(=O)C1Cc1cccc(OCc2ccccc2)c1,0
CCc1cc([C@@H](C)N(C(=O)[C@H]2CNCCO2)C2CC2)cc(CCCNC(=O)OC)n1,0
CCN(CC)CCn1ccc2ccc(NC(=O)CCCCCCC(=O)NO)cc2c1=O,0
Cc1ccc(S(=O)(=O)N(CC(C)C)[C@@H](CCCCNC(=O)COc2ccccc2)C(=O)O)cc1,0
Cc1ccc(C/C(=N\O)C(=O)NCCSSCCNC(=O)/C(Cc2ccc(C)cc2)=N/O)cc1,0
CCCCC[C@H](CN(O)C=O)C(=O)NCNC(=O)c1ccc(-c2ccc(F)c(C(=O)OC)c2)o1,0
CCc1cc(-c2noc(-c3cccc(CNCC(C)C)c3)n2)cc(C)c1OC[C@@H](O)CNC(=O)CO,0
CCCCCNc1nc(N)nc(C)c1CCCN(Cc1cccc(CC(=O)OC)c1)S(C)(=O)=O,0
Cc1cc(C(=O)NCCCCCC(=O)N[C@H](C=O)CC(=O)O)ccc1Nc1cnc2ccccc2n1,0
CC(=O)OCCN(CCCNC(=O)OCc1ccccc1)CCNC(=O)OCc1ccccc1,0
CC(=O)N[C@@H](CSC(=S)NCCP(=O)(OCC(C)C)OCC(C)C)C(=O)O,0
O=C1NC(=O)C(c2cn(CCOCCOCCOCCO)c3ccccc23)=C1c1c[nH]c2ccccc12,0
COc1cc2c(NCCCCCN3CCCC3)nc(N3CCCC3)nc2cc1OCCNC=O,0
CCN(CC)CCOc1ccccc1CCCC(C)(C)C.O=C(O)CC(O)(CC(=O)O)C(=O)O,0
CC(C)Cc1nn(C)c(=O)c2c(SCCCO)n(Cc3ccc(NCCCCCN)nc3)cc12,0
O=C(Nc1c(Cl)cncc1Cl)c1ccc(OC(F)F)c(OCCCCNC(CCO)C(=O)O)c1,0
CN(CCCNC(=O)c1cc(O)c(C(=O)NCCCN(C)Cc2ccccc2)cc1O)Cc1ccccc1,0
[N-]=[N+]=NCCCCCCCCCCCC(=O)Nc1ccn([C@@H]2CS[C@H](CO)O2)c(=O)n1,0
CN(Cc1ccccc1)c1nc(OCCCO)nc2c(N(C)Cc3ccccc3)nc(OCCCO)nc12,0
CCCCCCCCCCCCOCc1cn([C@H]2C[C@H](N=[N+]=[N-])[C@@H](CO)O2)c(=O)[nH]c1=O,0
CCOCCOP(=O)(OCCOCC)C(N/C(SC)=C(/C#N)C(N)=O)c1ccccc1,0
O=C1C=C(NCCCNCc2cc3ccccc3o2)C(=O)C=C1NCCCNCc1cc2ccccc2o1,0
COc1ccc(CN2CCN(Cc3ccc(C(=O)N=C(N)N)cc3)CC2)c(OC)c1OC.Cl,0
CC(=O)Nc1ccc(S(=O)(=O)NCCC(=O)OCc2ccc([N+](=O)[O-])cc2)cc1,0
CN(C(=O)CNc1cccc(CNS(C)(=O)=O)c1)[C@H](CN1CC[C@H](O)C1)c1ccccc1,0
CCC(C)CC(=O)O[C@@H]1OC=C(CO)[C@H]2C[C@H](OC(=O)/C=C/c3ccc(O)cc3)[C@](O)(CO)[C@@H]12,0
CCCCCC(CC)[S+](C)C[C@H]1O[C@H](n2cnc3c(N)ncnc32)[C@H](O)[C@@H]1O,0
CCOc1cc(N2CCOCC2)c(OCC)cc1NC(=O)CSc1n[nH]c(N)n1,0
CCCn1c(=O)c2nc(CCNC(=O)c3cccc(S(=O)(=O)F)c3)[nH]c2n(CCC)c1=O,0
CCC(C)[C@@H](NC(=O)OC(C)(C)C)C(=O)NCCc1ccc(S(N)(=O)=O)cc1,0
O=C(CN1CCC(C(=O)c2ccc(OCC3CC3)cc2)CC1)NCc1nc2c(c(=O)[nH]1)COCC2,0
CCOc1ccc(Cc2nnc(SCC(=O)Nc3ccccc3)n(N)c2=O)cc1,0
C[C@H](C(=O)N[C@H](C#N)CC(N)=O)N(Cc1ccc(-c2cccc(F)c2F)cc1)S(C)(=O)=O,0
CCCCn1c(N)c(N(CCOC)C(=O)C2CCN(C(=O)c3ccccc3C)CC2)c(=O)[nH]c1=O,0
CCOc1cc(C(=O)NCCC(=O)N2CCC3(CC2)NCCc2[nH]cnc23)cc(OCC)c1OCC,0
O=C(O)CN(CC(=O)O)CC(=O)Nc1ccc(Cl)cc1C(=O)c1ccccc1,0
COc1ccc(CN(CC(=O)NCc2ccccc2)C(=O)Cn2ccnc2/C=N/O)cc1,0
COc1ccc(CN(CC(=O)NCC2CCCO2)C(=O)CNS(=O)(=O)c2ccc(C)cc2)cc1,0
CCNc1nc(NCCc2ccncc2)ncc1-c1nnc(CN2C[C@@H](C)N[C@@H](C)C2)o1,0
COc1cc(CNCCNC(=O)c2nonc2N)ccc1OCc1ccc(Cl)nc1.Cl,0
CCCCCCCCCC(=O)OC[C@H]1O[C@@H](n2cnc3c(N)ncnc32)[C@H](O)[C@@H]1O,0
CN(C)c1ccc(C(=O)N(CCCCCC(=O)NO)CC(=O)NC(C)(C)C)cc1,0
CCn1nc(C)cc1C(=O)Nc1nc2cc(C(N)=O)ccc2n1CCCCNC(C)=O,0
C[S+](C)CCC(=O)Nc1ccc(OCC(O)CO)cc1.Cc1ccc(S(=O)(=O)[O-])cc1,0
Cc1cccc(N(CC(=O)NCC2CCCO2)C(=O)CCC(=O)Nc2cc(C)on2)c1,0
Cc1nc2ccccc2nc1CN(C)CC(O)COc1ccc(NS(C)(=O)=O)cc1,0
CC(C)C[C@H](NC(=O)[C@H](Cc1cccc2ccccc12)NC(=O)c1cnccn1)B(O)O,0
Cn1cc(CCNC(=O)CC2C(=O)NCCN2Cc2cccc(Oc3ccccc3)c2)cn1,0
COc1ccc2c3c1O[C@H]1/C(=N\OCC(=O)NCCCCCCN)CC[C@@]4(O)[C@@H](C2)N(C)CC[C@]314,0
C[C@@H](NS(=O)(=O)Cc1cccc(C(F)(F)F)c1)P(=O)(O)C[C@H](CCC(=O)O)C(=O)O,0
CC(C)ON([C@H](CCNS(C)(=O)=O)C(=O)NO)S(=O)(=O)c1ccc(-c2ccccc2)cc1,0
COCC(NC(=O)C1CCCC1)C(=O)Nc1nnc(Cc2ccc([N+](=O)[O-])cc2)s1,0
COc1ccc(C(=O)NCC(=O)Nc2cccc(S(=O)(=O)NCc3ccco3)c2)cc1OC,0
CCc1ccccc1N(CC(=O)NCC1CCCO1)C(=O)CCC(=O)Nc1nccs1,0
COc1ccccc1CN(CC(=O)NCc1ccco1)C(=O)CNS(=O)(=O)c1ccccc1,0
COc1cc(-c2nnc(SCC(=O)NCCc3ccccc3)n2N)cc(OC)c1OC,0
CSCC[C@H](NC(=O)C1CCN(S(=O)(=O)c2ccc(C)cc2)CC1)C(=O)NCC1CCCO1,0
CC(C)CC[C@H](NC(=O)c1ccc(CNC(=O)c2cnn(-c3ccccc3)c2)cc1)C(N)=O,0
C=CC(=O)NCCCC[C@H](NC(=O)OCc1ccccc1)C(=O)N1CCN(c2cccc(C)n2)CC1,0
CN(Cc1ccc2nc(CF)[nH]c(=O)c2c1)c1ccc(C(=O)N[C@@H](CCC(=O)O)C(=O)O)cc1,0
CCN(CC)CCNC(=O)c1c(C)[nH]c(/C=C2/OC(Nc3ccccc3)=C(C(=O)NC)C2=O)c1C,0
COc1cc(/C=C/C(=O)OCC(COC(=O)/C=C/c2ccc(O)cc2)OC(C)=O)ccc1O,0
O=C(CNCC1CCCN1c1cccnn1)NCCc1cccs1,0
CS(=O)(=O)CCNC(=O)NCCOc1ccc(F)cc1F,0
CCNC(=O)[C@@H]1C[C@@H](NC(=O)c2cccn2C)CN1CCCSC,0
Cc1cc(C)c(N2CC[C@H](Nc3cnn(CC(=O)NCCO)c3)C2=O)c(C)c1,0
CC(C)Oc1cc(NCCN2CCC[C@H](CO)C2)nc(N)n1,0
CCN(CC)S(=O)(=O)c1cccc(C(=O)N[C@H](C(=O)O)C(C)C)c1,0
CCNC(=O)NC(=O)C(C)OC(=O)CCS(=O)(=O)c1ccc(C)cc1,0
CCOP(=O)(OCC)c1cccc(N[C@H](CO)C(=O)O)c1,0
CCN(CC)C(=O)CC[C@@H]1CNC(=O)[C@@H]2C[C@H](NCc3ccc(F)cc3)CN12,0
CCOC(=O)CSCC(=O)NC(=O)NCc1ccco1,0
CCCn1c(-c2ccc(F)cc2)nc2c(NCCCN(CCO)CCO)nc(C)nc21,0
C=CCCOc1ccccc1C(=O)NCCNCC(O)COc1cccc2c1OCCO2,0
COc1ccc(S(=O)(=O)N(Cc2cccnc2)[C@H](CCCCN(C)C)C(=O)NO)cc1,0
CCc1nc2ccc(C(=O)NCCN3CCOCC3)cn2c1N(CCC(C)C)CCN(C)C,0
CC(C)[C@H](CC(=O)NCCc1cc(N(C)C)nc2ccccc12)C(=O)N[C@H](C=O)CC(=O)O,0
CCCCC[C@H](CN(O)C=O)C(=O)NCNC(=O)c1cccc(-c2cccc(OC)n2)n1,0
CCCCCCCCS(=O)(=O)NCC(=O)N/N=C/c1ccc(O)c(OC)c1,0
CNP(=O)(OCCC(OC(C)=O)OC(C)=O)N(CCCl)CCCl,0
CC(C)C[C@H](NC(=O)OCC(C)(C)Oc1ccccc1)C(=O)N[C@H](C=O)C[C@@H]1CCNC1=O,0
CCCCS(=O)(=O)N[C@@H](CCC(=O)O)C(=O)N1CCC(CCCC2CCNCC2)CC1,0
COc1cc(C(=O)OCC(=O)NC2CCS(=O)(=O)C2)ccc1OCc1c(C)noc1C,0
COc1ccc(CCNC(=O)CSc2nc3c(c(=O)n(C)c(=O)n3C)n2C)cc1OC,0
CNCC(=O)Nc1cccc(-c2cnc(NCCS(C)(=O)=O)nc2)c1,0
COc1ccc(S(=O)(=O)NCCC(=O)N2CCCC2)cc1N(C)S(C)(=O)=O,0
C=CCn1c(=O)n(CC=C)c(=O)n(CC(=O)Nc2ccc(CC)cc2)c1=O,0
CCCC[C@@H](C(=O)N1CCC[C@H]1C(=O)Nc1ccc(F)c[n+]1[O-])N(O)C=O,0
Cc1cn(C2CC(N=[N+]=[N-])C(CO)O2)c(=O)n(CCCCCCO)c1=O,0
CN(C)CCNc1ncnc2c1ncn2[C@H]1CN(Cc2cccs2)C[C@@H](CO)O1,0
Nc1ncnc2c1c(-c1ccccc1)nn2Cc1cn(CC(=O)CCCO)nn1,0
Cc1ccc(S(=O)(=O)NCC(=O)OCC(=O)NCc2ccco2)cc1,0
CCCCNS(=O)(=O)c1ccc2c(c1)oc(=O)n2CC(=O)OCC,0
COCCNC(=O)[C@H](C)NC(=O)[C@H]1CC[C@H](CNS(=O)(=O)c2ccc(F)cc2)CC1,0
CC[C@H](C)[C@@H]1C(=O)O[C@H]1C(=O)N[C@H](C(=O)N[C@H](C(=O)OC)C(C)C)C(C)C,0
Cc1ncc(Cn2cc(CCCCNS(=O)(=O)C(F)(F)F)nn2)c(N)n1,0
COc1ccc(C(=O)NCCS(=O)(=O)NCc2ccc3c(c2)OCO3)cc1,0
CCCn1c(Cc2cc(OC)c(OC)cc2S(=O)(=O)N(C)C)n[nH]c1=O,0
COc1cc(N2CCN(CCNCC(=O)N3CCC[C@@H]3C#N)C2=O)cc(OC)c1OC,0
COc1ccc(CN2C[C@@H](CO)O[C@@H](n3cnc4c(NCCCO)ncnc43)C2)cc1,0
CCc1nccn1CCCNC(=O)CN1CCN(c2ncccn2)CC1,0
COC(=O)c1ccccc1NC(=O)COC(=O)CSCC(=O)N1CCOCC1,0
O=c1nc2oc(CCCCCCCCCOCC3CCCC3)cc2cn1[C@H]1C[C@H](O)[C@@H](CO)O1,0
CC(=O)N[C@@H](CSC(=S)NCCCCP(=O)(OCC(C)C)OCC(C)C)C(=O)O,0
C/C(=N/OCC(=O)NCCCCCCNC(=O)CO/N=C(/C)c1cccs1)c1cccs1,0
COc1ccc(/C=C(\C#N)C(=O)NCCCCCCNC(=O)/C(C#N)=C/c2ccc(OC)c(OC)c2)cc1OC,0
CC[C@H](OC(=O)N[C@@H]1CNC[C@H]1CN(C(=O)c1ccc(OC)c(OCCCOC)c1)C(C)C)c1ccccc1,0
CC(C)C[C@@H](CS(=O)(=O)F)NC(=O)[C@H](CC(C)C)NC(=O)[C@H](CC(C)C)NC(=O)OCc1ccccc1,0
CCCCN(C)Cc1sc(-c2nc(-c3cc(C)c(OC[C@@H](O)CNC(=O)CO)c(CC)c3)no2)cc1C,0
CC(C)C[C@H](NC(=O)c1cccs1)C(=O)N[C@@H](Cc1ccccc1)C(=O)N[C@@H](CC(C)C)C(=O)[C@@]1(C)CO1,0
CCCCC[C@H](CN(O)C=O)C(=O)NCNC(=O)c1cccc(-c2cccc(OC(C)C)c2)c1,0
CCCCOCCOC(=O)C1(C(=O)O)Oc2ccc(C[C@@H](C)NC[C@H](O)c3cccc(Cl)c3)cc2O1,0
COc1ccc(NC(=O)CN(C)CC(=O)Nc2cccc(S(=O)(=O)N(C)c3ccccc3)c2)cc1,0
CCCC(C(=O)NCc1ccco1)N(C(=O)CNS(=O)(=O)c1ccccc1)C1CCCC1,0
COc1ccc(CN(CC(=O)NCc2ccc(F)cc2)C(=O)CCC(=O)Nc2ccccn2)cc1,0
CCN(CC)S(=O)(=O)c1ccc(C(C)NCC(=O)Nc2ccccc2C(=O)NC2CC2)cc1,0
COCCCNC(=O)C[C@@H]1C[C@@]2(C(=O)OC)CCCCC=C2N(CCc2ccc(OC)c(OC)c2)C1=O,0
C#C[C@H](CCCn1cc(C(=O)O)nn1)NC(=O)[C@H](Cc1cccc(C)c1)NC(=O)c1ccc(F)cc1,0
CCC(C)(C)NC(=O)C(c1ccc(O)cc1)N(CCOC)C(=O)CCC(=O)Nc1nccs1,0
COc1cc(C(=O)OCC(=O)Nc2cccc(S(=O)(=O)N3CCOCC3)c2)ccc1OCC(C)C,0
COC(=O)c1cc(OCCOc2ccc(NC(=O)Cc3ccccc3)cc2)cc(C(=O)OC)n1,0
CCN1C(=O)C(CC(=O)Nc2ccc(OC)cc2)N(CCCN2CCN(c3ccc(F)cc3)CC2)C1=S,0
COc1ccc(N(CC(=O)NCc2ccccc2)S(=O)(=O)c2c(C)nn(C)c2C)cc1,0
C=CCOC(=O)N[C@@H](Cc1ccccc1)[C@H](O)CN1C[C@@H](C)Cc2ccccc2S1(=O)=O,0
COc1ccc(S(=O)(=O)CCNC(=O)c2cccc(S(=O)(=O)c3ccc(CN)s3)c2)cc1,0
C[C@H](NC(=O)c1[nH]cnc1C(=O)N[C@H](C)c1ccccc1)C(=O)OCc1ccccc1,0
O=C(O)C[C@H](NC(=O)C1CCN(C(=O)C2CCCC2)CC1)C(=O)COc1c(F)c(F)cc(F)c1F,0
COc1cc(C(=O)NCC(F)F)c2ncn(Cc3ncnc(OC(F)F)c3C)c2c1,0
COC(=O)c1ccc(CNC(=O)C2CC=NN2C(=O)C[C@H](N)Cc2cc(F)c(F)cc2F)cc1.Cl,0
O=C(CN(Cc1ccccc1)C(=O)CCC(=O)Nc1ccccn1)NCc1ccco1,0
CCOCCCN(Cc1ccco1)S(=O)(=O)c1cc2c(cc1Cl)NC(=O)CO2,0
COc1ccc(S(=O)(=O)N(CC(=O)NCC2CCCO2)c2ccc(Cl)cc2)cc1,0
CC(C)CNCc1ccc(S(=O)(=O)c2csc(S(N)(=O)=O)c2)cc1O,0
O=C(COC(=O)CNS(=O)(=O)c1ccccc1)Nc1ncc(Cl)cc1Cl,0
CCC(C)NC(=O)C(Cc1ccccc1)NS(=O)(=O)c1ccc2c(c1)oc(=O)n2C,0
COCCOc1ccc(S(=O)(=O)N2CCCSC(C)(C)[C@@H]2C(=O)NO)cc1,0
CN(C(=O)CCC(=O)Nc1nccs1)[C@H](CN1CC[C@H](O)C1)c1ccccc1,0
Cc1ccc(S(=O)(=O)N(C)CC(=O)NNC(=O)CCC(=O)c2ccc(F)cc2)cc1,0
O=C(CCNS(=O)(=O)c1ccc2[nH]c(=O)oc2c1)NCc1ccc(C(F)(F)F)cc1,0
COc1ccc(CCNC(=O)CNS(=O)(=O)c2ccc(Br)s2)cc1OC,0
NS(=O)(=O)c1ccc(CNC(=O)CNc2ccc(OC(F)(F)F)cc2)cc1,0
Cc1ccc(S(=O)(=O)N[C@H](C(=O)NC[C@H]2CC[C@H](C(=O)O)CC2)C(C)C)cc1,0
CCCCOc1cccc(-c2ccc[n+](CC(P(=O)([O-])O)P(=O)(O)O)c2)c1,0
CNS(=O)(=O)Cc1ccc(-n2nc(C(=O)O)cc2-c2ccc(OC)cc2)cc1,0
CCOCCCNC(=O)c1ccc2c(=O)n(Cc3ccc(OC)cc3)c(=O)[nH]c2c1,0
CCCCN/C(=N/C#N)N1CC(N(CC)C(=O)CO)C(c2ccc(Cl)cc2)=N1,0
CC1=C(N[C@@H](Cc2ccccc2)C(=O)N[C@@H](CC(C)C)B(O)O)C(=O)c2ccccc2C1=O,0
CCOc1ccc(Cc2cc([C@]34OC[C@](OCC#N)(O3)[C@@H](O)[C@H](O)[C@H]4O)ccc2Cl)cc1,0
NC(=O)[C@@H](NC(=O)c1cnc(N2CC(F)(F)C2)c(OCC2CC2)n1)c1ccc(F)cc1,0
CC(C)NCCN(C(C)C)S(=O)(=O)c1ccc(NS(C)(=O)=O)cc1.Cl,0
Cn1cc(S(=O)(=O)NCCOc2cccc(C3(Cc4ccccc4)CNC(=O)C3)c2)cn1,0
O=C(CN(C1CCCCC1)S(=O)(=O)c1ccc(Cl)cc1)NCCCO,0
CC(C)CN(C[C@@H](O)[C@H](Cc1ccccc1)NC(=O)O[C@H]1CCNC1)S(=O)(=O)c1ccc(O)cc1,0
CC(Cc1ccc(O)cc1)(NC(=O)[C@@H]1CCCN1C(=O)CCCc1ccc(O)cc1)C(=O)NCCCN,0
CN(C)c1ccc(C(=O)N[C@@H](CCCCCC(=O)NO)C(=O)NCc2ccccn2)cc1,0
CN(C)CCNCCNc1ccc2c3c(nn2CCCN)-c2c(O)ccc(O)c2C(=O)c13,0
CC(C)CN(C[C@@H](O)[C@H](Cc1ccccc1)NC(=O)O[C@H]1CCNC1)S(=O)(=O)c1ccc(N)cc1,0
N=C(N)NOCCCOc1cc(Cl)cc(C(=O)N(CCN2CCOCC2)CC2CC2)c1,0
CC(C)[C@H](S)C(=O)N[C@@H](Cc1ccc(-c2ccccc2)cc1)C(=O)N[C@@H](CO)C(=O)O,0
Cc1c(CNC(=O)[C@@H]2C=CCN2C(=O)[C@@H](CC2CCCCC2)NCC(=O)O)sc(C(=N)N)c1C,0
O=C(CCc1ccc(O)c(O)c1)C[C@H](CCc1ccc(O)cc1)O[C@@H]1OC[C@@H](O)[C@H](O)[C@H]1O,0
COc1ccccc1CNC(=O)[C@H](NC(=O)C1CCN(C(=O)[C@@H](N)CCSC)CC1)C(C)C,0
O=C(COc1ccc(S(=O)(=O)NC2CCCCC2)cc1)NCc1cccnc1,0
O=C(NCC1CCN(CCCS(=O)(=O)N2CCCCC2)CC1)c1cccc2c1OCCO2,0
NS(=O)(=O)c1ccc(CCNC(=O)CSc2nc3ccsc3c(=O)n2C2CC2)cc1,0
COCCNC(=O)/C(C#N)=c1\s/c(=C\c2ccccc2OC(F)F)c(=O)n1Cc1ccccc1,0
O=C(CN1CCC(n2cc(NS(=O)(=O)C(F)F)cn2)CC1)NCc1ccccc1,0
CCCCCSc1nc2c(c(=O)[nH]c(=O)n2C)n1CC(O)COc1ccccc1,0
CC(C)(N)C(=O)N[C@H](COCc1ccccc1)c1nnn(C/C=C/c2ccccc2)n1,0
COc1cc2c(cc1OC)-c1c(c3ccccc3c(=O)n1CCCNCCO)C2=O,0
CCOC(=O)c1c(S(=O)(=O)NCC(=O)NCc2ccc(C)cc2)c(C)n(C)c1C,0
COCCNC(=O)CN(C(=O)CCC(=O)Nc1ccccn1)c1ccc(C)cc1C,0
COc1ccc(OC(F)F)c(NCC(=O)NCC(=O)N2CCCC2)c1,0
O=C1C[C@H](N2CCN(CCCOc3ccc(C(=O)C4CC4)cc3)CC2)N1,0
CCOCCCNC(=O)CCNS(=O)(=O)c1ccc(C)cc1,0
CCOCCCNC(=O)CN1C2CCC1CC(O)(c1ccc(OC)cc1)C2,0
Cc1cccnc1CCC1CCN(S(=O)(=O)CC2(N(O)C=O)CCOCC2)CC1,0
CCc1cc(Nc2cc(=O)n(CCOCCO)c(=O)[nH]2)ccc1C,0
CCC(=O)O[C@H](c1ccc([N+](=O)[O-])cc1)[C@@H](CO)NC(=O)C(Cl)Cl,0
COc1cccc(CCNC(=O)CC2C(=O)NCCN2Cc2ccc(C)o2)c1,0
COCc1cc(CNC(=O)C2CCC(=O)N(Cc3ccccc3OC)C2)[nH]n1,0
CCNc1nc(C)c(C(=O)N[C@H]2CN(CCCO)C[C@@H]2C2CC2)s1,0
CCN(CC)CCn1cc(NC(=O)CNc2ccccc2OC)cn1,0
C=C(CN(C)C)C(=O)c1ccc(OS(=O)(=O)c2ccc(C(=O)N(C)C)cc2)cc1,0
CCCCCn1c(=O)n(CC(=O)NCCCC)c(=O)c2c(OC)cccc21,0
COc1cc(C(=O)NCC(c2cccnc2)N2CCN(C)CC2)cc(OC)c1OC,0
O=C(NCCCN1CCOCC1)c1ccc(S(=O)(=O)Nc2ccccc2F)cc1,0
COC(=O)c1ccccc1NC(=O)CNCCc1ccc(OC)c(OC)c1,0
CC(C)Oc1ccc(-c2nc(=O)c(CCC(=O)NCCN3CCCCC3)n[nH]2)cc1,0
CCN(CC(=O)NCCc1nc(C)no1)Cc1ccc(Cl)cc1,0
COC(=O)C/C=C/N(Cc1ccccc1OC)S(=O)(=O)CCl,0
O=C(NCCCn1cncn1)NCC(c1ccco1)N1CCCCC1,0
CCOC(=O)/C=C/c1ccc2c(c1)S(=O)(=O)N(Cc1ccc(OC)cc1)[C@H]2CC(=O)OCC,0
COc1cc(OCCNc2ccncc2)cc(S(=O)(=O)c2ccccc2)c1,0
COc1cc(CN2CCN(Cc3ccc4cc(F)ccc4n3)CC2CCO)cc(OC)c1,0
CCOc1ccc(-c2cc(C(=O)NCCc3ccc(OC)c(OC)c3)[nH]n2)cc1,0
COc1cccc(-n2cc(CN(C)Cc3nc(Cc4ccccc4)no3)cn2)c1,0
C[N+]1(CC(=O)c2ccc(Oc3ccc(C(=O)C[N+]4(C)CCOCC4)cc3)cc2)CCOCC1,0
C=CCn1c(SCC(=O)OCC)nc2cc(C(=O)NCc3ccco3)ccc2c1=O,0
CCOC(=O)c1c(NC(=O)COc2cccc(C(C)=O)c2)sc(C(=O)OC)c1C,0
CC(C)CN(Cc1ccc(N2CCN(C3COC3)CC2)cc1)S(=O)(=O)Cc1ccccc1,0
Cl.O=C1C2CCCN2C(=O)N1CCCCNCCOc1ccc(C(F)(F)F)cc1,0
COCCN(CCOC)c1nc(C)nc2c1nnn2-c1ccc(C(C)C)cc1Br,0
CCCN1CCN(c2ccc(S(=O)(=O)Oc3ccc(OC)c(OC)c3)cc2)C1=O,0
COc1ccc2nccc([C@@H](O)CN3CCC(NCCOc4cccc(F)c4F)CC3)c2c1,0
CCOc1ccc(/C=N/NC(=O)c2cc3c(OC)cc(OC)cc3[nH]2)cc1OC,0
COCCN(C(=O)c1csnn1)C(C(=O)NC1CCCCC1)c1ccc(C)cc1,0
CC1(C)CC[C@@H](COc2ccc(OC(F)(F)F)cc2)[C@H](Cn2cncn2)C1OCCO,0
COc1cc(OCCCN(C)C)c(-c2cn3ccc(N4CCN(C(C)=O)CC4)cc3n2)cc1Cl,0
COc1ccc(C2C(C(=O)c3ccc4c(c3)OCCO4)=C(O)C(=O)N2CCCN(C)C)cc1,0
CCCN(CCC)C(=O)Cn1c(=O)n(Cc2ccc(C)c(C)c2)c(=O)c2sccc21,0
COc1ccc(-c2c(C)nn3c(NCCNC(=O)C(C)C)cc(C)nc23)cc1OC,0
C=CCOc1ccc(CN(C)CC(=O)Nc2ccccc2[N+](=O)[O-])cc1,0
COC(=O)CCC(=O)N1CCC(CCC(=O)NCc2ccc(F)cc2)CC1,0
COc1ccc(C(=O)C2CCCN(CCCn3cccn3)C2)c(OC)c1,0
O=C(NCCCN1CCN(CCCNc2ccnc3cc(Cl)ccc23)CC1)C1CC1,0
COc1cccc(CNC(=O)CSCC(=O)Nc2ccc(C)cc2)c1,0
COCCCN1C[C@@H]2[C@@H](CNC(=O)c3nc(C(C)C)n4ccccc34)[C@@H]2C1,0
COC(=O)[C@H](CSCc1ccc(F)cc1)NC(=O)c1cc(OC)c(OC)c(OC)c1,0
CCn1c(CNC(=O)c2ccccc2F)nnc1SCC(=O)NC1CCCCC1,0
Cc1ccc(/C=C/S(=O)(=O)NCCC(=O)NCc2ccccc2F)cc1,0
CCOC(=O)CCOC(=O)CCCNC(=O)NC12CC3CC(CC(C3)C1)C2,0
CN(CC(=O)NC(Cc1ccsc1)c1cccnc1)Cc1ccccn1,0
C=CCN(c1ccccc1)S(=O)(=O)c1cccc(C(=O)OCC(=O)NC2CC2)c1,0
CCCOc1ccc(CNC(=O)C(NS(=O)(=O)c2cccs2)C(C)C)cc1,0
CCOCCCNS(=O)(=O)c1cc(Br)cc2c1N(C(=O)C1CC1)CC2,0
COc1cccc(OC)c1OCCNC[C@H]1COc2cccc(OC)c2O1,0
COc1ccc(N(CC(=O)N/N=C/c2cccs2)S(=O)(=O)c2ccccc2)cc1,0
C#CCN(CCCN(C(=O)CCl)c1ccc([N+](=O)[O-])cc1)C(=O)C(F)(F)F,0
COc1cc(OC)c(C(=O)NCC(c2cccs2)N(C)C)cc1OC,0
CCCOc1ccc(C(=O)C2=C(O)C(=O)N(CCOC)C2c2cccnc2)cc1,0
Cc1nn(C)c(C)c1NS(=O)(=O)c1ccc(COCCCN(C)C)cc1,0
CC(C)Oc1ccc(S(=O)(=O)N2CCC(Oc3ccc(F)cc3CCC(=O)O)CC2)cc1,0
CC(=O)CCCCC[C@H](NC(=O)C1CCN(C)CC1)c1ncc(-c2ccccc2)[nH]1,0
CC(=O)O[C@@H](C)/C=C\C(=O)N[C@H]1CC[C@@H](C/C=C(C)/C=C/[C@H]2OC(C)(C)C[C@@]3(CO3)[C@@H]2O)CC1,0
CC[C@H](C)C(=O)O[C@H]1C[C@@H](C)C[C@@H]2C=C[C@H](C)[C@H](CCC(=O)C[C@@H](O)CC(=O)O)C12,0
Cc1noc(C)c1CSCC(=O)Oc1ccc(N(C)S(=O)(=O)c2ccccc2)cc1,0
CCc1nc2ccc(C(=O)NCCCN3CCCC3=O)cn2c1N(C)Cc1cccs1,0
COc1ccc(C(=O)N2CC(=O)N(CCc3ccccc3)[C@@H](CCc3ccccc3)C2)cc1,0
CCCc1cc(=O)oc2cc(OCC(=O)NCCc3c[nH]c4ccccc34)ccc12,0
O=C(Nc1ccc(-c2nnc(NCCCN3CCCC3)o2)cc1)c1ccccc1F,0
Cc1c(CC(=O)OCCCO)cc(-c2ccc(S(C)(=O)=O)cc2)n1-c1ccc(F)cc1,0
CC(CC(=O)NCCc1ccncc1)NC(=O)c1cc(-c2ccccc2)nc2ccccc12,0
CCCCc1nnc(S)n1Cc1ccc(NC(=O)c2ccccc2C(=O)O)cc1,0
COc1ccccc1CN1CCC(CNS(=O)(=O)c2cc(-c3cc(C)no3)ccc2C)CC1,0
CCN(CC(=O)Nc1cccc(S(=O)(=O)N(C)c2ccccc2)c1)Cc1cccs1,0
O/N=C/c1cc[n+](CCC[n+]2ccc(/C=N/OCc3c(Cl)cccc3Cl)cc2)cc1,0
CCCCC(CC)C(=O)N1CCN(c2cc3c(cc2F)c(=O)c(C(=O)O)cn3C2CC2)CC1,0
CCCO/N=C1/C(=O)N(Cc2nc3ccccc3n2CCCOC)c2ccccc21,0
CCOc1ccc(NC(=O)c2cccc(S(=O)(=O)NCc3cccnc3)c2)cc1,0
O=C(NCCCCn1cccn1)c1cccc(C2SCC(=O)N2c2cc(F)ccn2)c1,0
CCC(=O)N1CCc2cc(Br)cc(S(=O)(=O)CCC(=O)NCCc3ccccc3)c21,0
CC(C)NC(=O)[C@H](C)[C@H]1CC[C@@H](C[C@@H](C)n2cc(C#CCN(C)C)nn2)O1,0
CCSCCC(=O)Nc1ncn(CC(=O)NCc2ccccc2)n1,0
CN(CCC#N)c1nc(N(CCO)C2CCNCC2)nc2ccsc12,0
C#CCC(Cc1cccnc1)(C(=O)NO)S(=O)(=O)c1ccc(OC)cc1,0
CCC[C@H](N[C@@H](C)C(=O)N1N=C(C(C)(C)C)S[C@H]1C(=O)O)C(=O)OCC,0
COc1ccc(C[C@@H](O)/C=C/C=C/C(=O)N2CCOCC2)cc1OC,0
O=C(CCNc1ncccn1)NCCOc1ccc2c(c1)CCC2,0
CCCCCNC(=O)CCn1c(=O)[nH]c2ccccc2c1=O,0
Cc1cc(C)cc(Cc2c(C(C)C)c(=O)[nH]c(=O)n2COCCO)c1,0
COc1cccc(COc2ccc(-c3nnn(CCO)n3)cc2)c1,0
CNC(=O)C(OC)c1ccccc1CO/N=C(\C)c1ccc([N+](=O)[O-])cc1,0
Cc1cnc(NC(=O)[C@@H]2CCCN2C(=O)[C@@H](CC(=O)NO)CC2CCCC2)s1,0
C=CCNC(=O)C(C)(C(C)C)N(Cc1ccncc1)C(=O)c1cccnc1,0
Cc1cccc(C(=O)NCCc2nnc(SCC(=O)Nc3nc(C)cs3)n2C)c1,0
CC(C)N(C(=O)c1ccc([C@@H](C)NC(=O)C2(NC(=O)c3cncnc3)CC2)cc1)C(C)C,0
C#CCNC(=O)C1=C[C@H](c2cn(C(C)=O)c3ccccc23)[C@@H](CCCO)[C@H](OCC)O1,0
O=C(O)CN(Cc1ccc(Br)cc1)Cc1ccc(C(=O)O)c(C(=O)O)c1,0
COC1CN(S(=O)(=O)NC(=O)c2cc(C3CC3)c(OCC3CCCC3)cc2F)C1,0
O=C(O)CCC/C=C\C[C@H]1C(=O)C[C@@H](O)C1/C=C/[C@@H](O)[C@H]1Cc2ccccc2O1,0
CCN1C(NCCCCO)=N[C@@H](c2cccc(F)c2)C(C(=O)OC)=C1C,0
COc1cc(OC(C)C)cc(C(=O)NNS(=O)(=O)c2ccccc2F)c1,0
CCOc1cccc(-c2nc(CNCCN3CCOCC3)co2)c1,0
CN(C)CC1CCC(NS(=O)(=O)c2ccc(OCC(F)(F)F)nc2)CC1,0
COCC[C@](C)(O)CNc1ccc2nnc(-c3ccsc3)n2n1,0
O=C(CC(=O)N/N=C/c1c(F)cccc1Cl)NCCc1ccccc1,0
COc1ccc(NC(=O)[C@H]2[C@H](C(=O)NCCC(=O)O)[C@H]3C=C[C@@H]2C32CC2)cc1,0
CC(C)(CC(=O)NCc1ccc(C(F)(F)F)cc1)NCC(=O)N1CCC[C@H]1C#N,0
O=C(CCCCCC(=O)N/N=C/c1ccc(-c2cccnc2)cc1)NO,0
CC[C@H](C)NC(=O)COCc1nnc(C(=O)Nc2cccc(F)c2)s1,0
COc1ccc(CCC(=O)OCC(=O)NCc2ccccc2)cc1,0
O=C(NCc1cccnc1)c1ccc(CS(=O)(=O)Cc2ccc(Cl)cc2)o1,0
COc1ccc(OC)c(C(O)C(C)NCc2cc(Cl)ccc2O)c1.Cl,0
CCC(Nc1c(Nc2cccc(C(=O)N(C)C)c2O)c(=O)c1=O)c1sccc1Cl,0
Cc1cc(CN(C)C(=O)CC2C(=O)NCCN2CC(c2ccccc2)c2ccccc2)on1,0
COc1ccc(NC(=O)c2cnc(N(Cc3ccccc3)C(C)C)nc2N)cc1,0
CCCS(=O)(=O)c1cc(C#Cc2cc(Cl)ccc2OCC(=O)O)c(C)cc1NC(C)=O,0
Cc1ccc(C(=O)N[C@@H](Cc2ccccc2)C(=O)N[C@H](CO)Cc2ccccc2)cc1,0
NC(=O)[C@H](CC1CC1)NC(=O)c1ccc(C2CC2)c(Cc2ccc(F)cc2)n1,0
CCOC(=O)C1=C(CN(CC)Cc2ccccc2)NC(=O)NC1c1ccc(OC)cc1,0
COc1cc2c(cc1O)CN(CCCCNC(=O)c1ccc(C#N)cc1)CC2,0
CC(C)COc1ccccc1CN(C)Cc1nnc([C@H]2C[C@@H](N)C2)n1C,0
Cc1c(Cc2ccccc2)c(=O)oc2cc(OCC(O)CNC3CCOCC3)ccc12,0
COc1ccc(CNC(=O)CC(NC(N)=O)c2ccccc2Cl)cc1OC,0
CC(C(=O)Nc1ccc(CCNC[C@H](O)c2cccnc2)cc1)n1cccn1.Cl,0
CC(O)(c1ccc(C(=O)NCCCCCCC(=O)NO)cc1)c1ccccn1,0
C#CCN(C)CC(=C)c1cccc(OCc2ccc(OC)cc2)c1.O=C(O)C(=O)O,0
CC(C)C[C@@H](C=O)NC(=O)[C@H](Cc1cccc2ccccc12)NC(=O)c1cnccn1,0
Nc1nnc(CCCCc2nnc(NC(=O)Cc3ccc(F)cc3)s2)s1,0
CCC#CC[C@H](C)[C@H](O)C#C[C@@H]1[C@@H](CC(=O)CCCCC(=O)O)[C@H](F)C[C@H]1O,0
CCNc1cc(NCCNS(=O)(=O)c2ccc3ccccc3c2)nc(C)n1,0
CCC(CC)O[C@@H]1C=C(C(=O)O)C[C@H](NCc2ccc(-c3ccccc3)cc2F)[C@H]1NC(C)=O,0
COCCN[C@H]1CC[C@H](Nc2cc(-c3csc(NCC4CCC4)n3)c(Cl)cn2)CC1,0
CCOc1c(Br)cc(OC)cc1CNCCCNc1nc2ccccc2[nH]1,0
CC[C@H](C)[C@@H](/C=C/c1ccncc1)NC(=O)[C@@H]1CCCCN1CC(=O)c1ccccc1,0
CCOc1ccc(-c2nc(SCC(=O)NCCCOC)c(-c3ccccc3)[nH]2)cc1,0
CCCCNC(=O)C[C@@H]1C[C@@]2(C(=O)OCC)CCCC=C2N(CCC2=CCCCC2)C1=O,0
O=C1NC(c2ccccc2)(c2ccccc2)C(=O)N1Cc1ccc(OCCCN2CCCCC2)cc1,0
O=C(NCCC(c1ccccc1)c1ccccc1)c1ccc(CCN2CCCC2)nc1,0
CCCCc1ncc(/C=C(\Cc2cccs2)C(=O)O)n1Cc1ccccc1C(=O)O,0
CCCCN(CCCC)C[C@@H]1[C@H]2COC3(CC=C(C)C)C(=O)[C@@H]1C=C1C(=O)c4c(O)cccc4O[C@]123,0
Cc1cccc(N2CCN(C[C@@H](O)COc3ccc(C(=O)CCc4ccccc4)cc3)CC2)c1C,0
COc1cccc(-c2ccc(OCCN(C)CC(=O)O)c(C(=O)c3cccs3)c2)c1,0
CCc1nc2ccc(C(=O)N3CCN(c4ccccc4)CC3)cn2c1N(CCC(C)C)CCN(C)C,0
COc1cc(OCc2cccc(-c3ccccc3)c2C)cc(OC)c1CNCCNC(C)=O,0
CCCNC(=S)OC(CCc1ccc(C[C@H](OCC)C(=O)O)cc1)c1ccccc1,0
CSCC(=O)NCCCCCC(=O)N(C)CCCN1c2ccccc2CCc2ccccc21,0
CCCN1C(=O)[C@H](CC(C)C)NC(=O)C12CCN(CCCCCCc1ccccc1)CC2,0
C=CCN(Cc1csc(COc2ccc(C)c(C)c2)n1)S(=O)(=O)c1ccc(OC)cc1,0
CCN(CCCCCCn1nc(-c2ccccc2O)ccc1=O)Cc1ccccc1N(C)C,0
COc1ccc(COC(=O)[C@H](CSCC2CCCCC2)NC(=O)CC(C)C)cc1,0
CC(C)CN(C)C[C@H]1OC(CN[C@H](C=O)Cc2c[nH]cn2)C[C@H]2CCCC[C@@H]21,0
COc1ccc(OCC(O)CO)c(C(=O)/C=C/c2cccc(OC)c2OC)c1,0
COCCNCCn1nc(C)c(CC(=O)NCc2ccc(F)cc2Cl)c1C,0
COC1=CC(=O)N(C(=O)/C=C/[C@H](C)NC(=O)[C@H](CC(C)C)N(C)C)[C@H]1Cc1ccccc1,0
CCCNC(=O)CN(Cc1ccco1)S(=O)(=O)c1ccc(OCC)cc1,0
CCC(=O)Nc1nnc(SCC(=O)NCCc2ccc(OC)c(OC)c2)s1,0
C#CCOCCOCCOc1cccc(N2CCN(C(=O)C(F)Cl)CC2)c1,0
COc1ccc(OCCC(=O)OCC(=O)NCc2ccccc2OC)cc1,0
CCOC(=O)CNC(=O)CSc1nnc(COc2ccc(Cl)cc2)n1CC,0
COC(=O)C(=O)[C@H](Cc1ccccc1)NC(=O)[C@@H](NC(=O)OCc1ccccc1)C(C)C,0
COCCn1nnnc1C(CC(C)C)N1CCN(C(=O)c2ccco2)CC1.Cl,0
CCOc1ccc(OCC)c(NC(=O)CN2CCN(CC(=O)NC(C)C)CC2)c1,0
O=CN(O)C(CCCc1ncccn1)CS(=O)(=O)N1CCN(c2ccc(F)cc2)CC1,0
Cc1ccsc1C(=O)OCC(=O)NCCNC(=O)COC(=O)c1sccc1C,0
O=C(O)C[C@H](NC(=O)C1CCN(C(=O)C2CC2)CC1)C(=O)COc1c(F)c(F)cc(F)c1F,0
COc1ccc(/C=N/OCC(O)CN2CCNCC2)cc1OC1CCCC1,0
CO/C(S)=N/NC[C@H]1CN(c2ccc(OCCN3CCOCC3)c(F)c2)C(=O)O1,0
CC(NC(=O)c1ccccc1)C(=O)OCC(=O)Nc1cccc(S(=O)(=O)N2CCCC2)c1,0
Oc1ccc([C@@]2(Cn3ccnc3)OC[C@H](Cn3cc(CCN4CCCC4)nn3)O2)c(F)c1,0
CC[C@@H](NS(=O)(=O)CCCOCn1ccc(=O)[nH]c1=O)c1ccccc1,0
COc1cccc(OC)c1OCCNCC1CO[C@@](C)(c2ccccc2)O1.O=C(O)C(=O)O,0
O=C(CSc1ccc2nnc(CCNC(=O)c3ccccc3)n2n1)NCc1ccc(F)cc1,0
CCCN1CCN(CCCNC(=O)c2ccc3c(=O)n(CCc4ccccc4)c(=O)[nH]c3c2)CC1,0
CCN(CC)S(=O)(=O)c1ccc(NC(=O)COC(=O)CNC(=O)C2CCCCC2)cc1,0
CC(C)[C@H](NC(=O)[C@@H]1CCCN1C(=O)[C@@H](NC(=O)OCc1ccccc1)C(C)C)C(=O)C1=NCCO1,0
O=c1[nH]c(=O)n([C@H]2C[C@H](O)[C@@H](COP(=O)(NCc3ccccc3)OCc3cccc(F)c3)O2)cc1F,0
CO[C@H]1[C@@H]([C@@]2(C)O[C@@H]2CC=C(C)C)[C@]2(CC[C@H]1OC(=O)N[C@@H](C(=O)NN1CCOCC1)C(C)C)CO2,0
CCCN(CCC)S(=O)(=O)c1ccc(C(=O)NNC(=O)c2cc(OC)c(OC)c(OC)c2)cc1,0
COc1ccc(Cl)cc1C(=O)NCCC1CCN(S(=O)(=O)NC(=O)NC[C@H]2C[C@@H]3CC[C@@H]2O3)CC1,0
COc1cccc(C(CC(=O)N[C@@H](Cc2ccccc2F)B(O)O)NC(=O)c2cccnc2)c1,0
Cc1ccc(NS(=O)(=O)Cc2ccccc2)c(=O)n1CC(=O)NCC1CCc2nc(N)ncc2C1,0
CC(C)(C)OC(=O)NCCNc1cc2c(cc1F)c(=O)c(C(=O)NCCO)cn2C1CC1,0
C=C1NC(=O)c2cc(CN(C)c3ccc(C(=O)N[C@@H](CCC(=O)O)C(=O)O)s3)ccc2N1,0
CNc1nc([C@H]2C[C@H]3C[C@H]3N2C(=O)[C@H](O)[C@@H](O)C(=O)N[C@H](C)c2ccc(-n3cccn3)cc2)cs1,0
CC(C)Nc1cc(-n2ccc3cnc(N4CC[C@H](O)C4)nc32)ncc1C(=O)NC[C@@H](F)C(C)(C)O,0
CC(C)c1ccc(CO[C@H]2CCCC2Nc2ncnc3c2ncn3C2O[C@H](CO)[C@@H](O)[C@H]2O)cc1,0
NS(=O)(=O)c1ccc(CCNC(=O)CCCCCn2c(=O)[nH]c3ccccc3c2=O)cc1,0
CC1CCN(C(=O)C(CCCN=C(N)N)NS(=O)(=O)c2cccc3c(N(C)C)cccc23)CC1,0
NC(=O)CC(NC(=O)c1ccccc1)c1ccc(NCCN2CCOCC2)c([N+](=O)[O-])c1,0
CC(C)(C)OC(=O)CNC(=O)c1[nH]cnc1C(=O)N[C@@H](Cc1ccccc1)C(=O)OC(C)(C)C,0
CCc1cccc(C)c1NC(=O)CN(C)CC(=O)N1CCN(Cc2ccccc2)CC1,0
CCCCN[C@H]1CC[C@H](CS(=O)(=O)N2CCC(NC(=O)c3cc(C4CC4)on3)CC2)CC1,0
CCC1CCCCN1CCNC(=O)c1ccc2c(=O)n(Cc3ccc(OC)cc3)c(=O)[nH]c2c1,0
Cc1nc(C(C)(NC(=O)c2cnc(C3CC3)c(OCC3CC3)n2)C2CC2)no1,0
COC(=O)C(CNCCc1ccc(OC)c(OC)c1)Cc1ccc2c(c1)OCO2,0
Cc1cccc(Cn2cc(CCCCC[C@@H]3SC[C@@H]4NC(=O)N[C@@H]43)nn2)c1,0
CCOc1cccc(SCc2noc(C(=O)NCC3CCCO3)c2C(=O)O)c1,0
COC(=O)CCC(=O)N1CCC(Oc2cccc(C(=O)NCc3ccccn3)c2)CC1,0
CCCNC(=O)c1ccc(NC(=O)N2Cc3ccc(C(=O)NCCOC)cc3C2)cc1,0
C=CCN(C(=O)CNC(=O)c1ccco1)C(C(=O)NC1CCCC1)c1cccs1,0
COCCOC(=O)c1c(C)oc2cc(Br)c(OCC(N)=O)cc12,0
O=C(O)c1ccccc1S(=O)(=O)NCC(O)COc1ccc(Br)cc1,0
CCNc1nc(Nc2cc(F)c(CN3CCOCC3)cc2OC)ncc1C#N,0
COc1ccc(Cl)cc1CNC(=O)Cn1c(C)cnc(NCCC2CCCCN2)c1=O,0
CC(=O)Nc1cccc(OCCCNS(=O)(=O)c2ccc(F)cc2)c1,0
O=C(O)CC/C=C\C[C@@H]1[C@@H](NS(=O)(=O)c2ccc(Cl)cc2)CC[C@@H]1O,0
COc1ccc(CCN2C(=O)NC(=O)/C(=C\Nc3ccccc3F)C2=O)cc1OC,0
CCCCn1c(N)c(N(Cc2ccco2)C(=O)c2c(F)cccc2F)c(=O)[nH]c1=O,0
COc1cc([C@H]2Oc3c(OC)cc(CCCO)cc3[C@@H]2CO)ccc1O,0
NS(=O)(=O)c1cc(C(=O)OCC(=O)Nc2ccc(OC(F)F)cc2)ccc1Cl,0
Cc1cccc(OCCCN(C)CCC(O)(P(=O)(O)O)P(=O)(O)O)c1,0
C[C@H](Cc1ccccc1)Nc1ncnc2c1ncn2C(CO)OC(O)CO,0
O=C(/C=C/c1ccc(O)c(O)c1)NCC(=O)NC(Cc1ccccc1)C(=O)O,0
C=CCCC(=O)N[C@H]1[C@@H](OCCc2ccccc2)O[C@H](CO)[C@@H](O)[C@@H]1O,0
C[C@H](O)c1nccn1Cc1cc(C#Cc2ccc(OCC(N)(CO)CO)cc2)on1,0
C[C@H](NC(=O)[C@H](N)CCC(=O)OCc1ccc(F)cc1)C(=O)O,0
CCC(C)[C@H](N)c1cn([C@@H](CCCCN)C(=O)N2CCNCC2)nn1.Cl,0
Cc1oc(C)c(C(=O)NCCCC(=O)O)c1C(=O)NCCCC(=O)O,0
CC(O)[C@H](NC(=O)CCCNC(=O)NC12CC3CC(CC(C3)C1)C2)C(=O)O,0
CCOc1ccc(CNCCNC(=O)c2nonc2N)cc1.Cl,0
COc1c(N2CC[C@@H](CN)C2)c(F)cc2c1N(CCCCCN)CC(C(=O)O)C2=O,0
CNCCn1nc2c3c(c(NCCNCCO)ccc31)C(=O)c1ccncc1-2,0
CNCC(O)COc1ccc(S(=O)(=O)NCCOc2ccccc2)cc1.Cl,0
CNC(=O)[C@@H](Cc1ccccc1)NC(=O)[C@@H](CC(=O)NO)CC(C)C,0
CCCCCCCCCCn1cc(C[C@H]2NC[C@@H](O)[C@H](O)[C@H]2O)nn1,0
CC(C)(C)C(=O)N(CCCCCCN1C[C@H](O)[C@@H](O)[C@H](O)[C@H]1CO)C1CCCCC1,0
CCC(CC)O[C@@H]1C=C(C(=O)O)C[C@H](NC(=N)NC(=O)CC(C)C)[C@H]1NC(C)=O,0
CCc1cc(-c2noc(-c3ccncc3)n2)cc(C)c1OC[C@@H](O)CNC(=O)CO,0
Cc1ccc(S(=O)(=O)N2CCC(C(N)(CCCCB(O)O)C(=O)O)CC2)cc1,0
COc1ccccc1OCC(O)CNCC(=O)Nc1ccc(C2=NNC(=O)CC2)cc1,0
CCCCN(C(=O)COC(=O)COc1c(C)cc(C)cc1C)c1c(N)n(CCC)c(=O)[nH]c1=O,0
CCCCn1c(N)c(N(CCOC)C(=O)COC(=O)CSc2cc(C)c3ccccc3n2)c(=O)[nH]c1=O,0
O=C(NCCCN1CCCC1=O)c1cnc(NCCc2cccnc2)nc1Nc1ccccc1,0
COc1cc(CCNc2ncc(C(=O)NCCCN3CCCC3=O)c(NC3CCCC3)n2)ccc1O,0
CCOC(=O)CCC(NC(=O)c1ccc(NCc2ccc3nc(N)nc(O)c3c2)cc1)C(=O)OCC,0
CCC[C@@H](CCO)Nc1nc(N)nc2cnn(Cc3ncc(C4CCN(C5CCNCC5)CC4)cc3OC)c12,0
O=C[C@H](CC(=O)O)NC(=O)Cn1c(Cc2ccccc2)ccc(NC(=O)CCc2ccccc2)c1=O,0
N#CN/C(=N\CCNC(=O)c1cccc(N)c1)NCCCOc1cccc(CN2CCCCC2)c1,0
COc1cc2nc(NCCCCCCC(=O)NO)nc(NC3CCN(C)CC3)c2cc1OC,0
COc1cc([C@@H](C(=O)N2CCCC[C@H]2C(=O)N[C@H](CCO)C(N)=O)C2CCCCC2)cc(OC)c1OC,0
COCCN(C(=O)CCC(=O)Nc1ccccn1)C(C(=O)NCCC(C)C)c1ccc(OC)cc1,0
CCCCCCc1noc([C@H](CC)NC(=O)[C@H](Cc2ccc(OP(=O)(O)O)cc2)NC(C)=O)n1,0
Cc1cc(C(=O)N[C@@H](CC(=O)NCC(C)(C)C)C(=O)N[C@@H](CCc2ccccc2)C(=O)NCc2ccccc2)no1,0
CCCCc1c(-c2ccc(O)c(-c3cn(CCOCCOCCN)nn3)c2)n(C)c2nccnc12,0
O=C(O)CCNC(=O)C(CCOC(c1ccccc1)(c1ccccc1)c1ccccc1)Cn1ccc(=O)[nH]c1=O,0
CC(C)c1c(C(=O)NCc2cccc(F)c2F)nn(-c2ccc(F)cc2)c1OC[C@@H](O)C[C@@H](O)CC(=O)O,0
COc1ccc(S(=O)(=O)N(CC(C)C)C[C@@H](O)[C@H](Cc2ccccc2)NC(=O)O[C@H]2CO[C@H]3OCC[C@H]32)cc1,0
CC(C)OC(=O)[C@H](C)NP(=O)(CO[C@H](C)Cn1cnc2c(N)ncnc21)OCc1ccccc1,0
COc1ccc(CNC2CCN(C(=O)[C@@H](NC(=O)[C@H](CC3CCCC3)CN(O)C=O)C(C)(C)C)CC2)c(OC)c1,0
N#C/N=C(\NCCCCCC(=O)N(Cc1ccccc1)OCCN1CCOCC1)Nc1ccncc1,0
COc1cccc(S(=O)(=O)Nc2cccn(CC(=O)NCc3ccc(C(=N)N)cc3Cl)c2=O)c1,0
CC1CC(=O)NN=C1c1ccc(NC(=O)CCNCC(O)COc2ccccc2N2CCOCC2)cc1,0
CCCn1c(=O)c2nc(-c3ccc(OCC(=O)NCCNC)cc3)[nH]c2n(CCC)c1=S,0
O=C(OC[C@H]1O[C@@H](Oc2ccc(OCc3ccccc3)cc2CO)[C@H](O)[C@@H](O)[C@@H]1O)c1ccccc1,0
Cc1ccc(S(=O)(=O)N[C@@H](CC(=O)NC(C)(C)C)C(=O)NCCNC(=O)Nc2ccccc2)cc1,0
CCc1cccc2c1N(C)Cc1cc(OCc3cn(CCN)nn3)c(OCc3cn(CCN)nn3)cc1-2,0
COC(=O)CN(CCOc1cccc(C(=N)N)c1)C(=O)c1ccc(-c2ccccc2S(N)(=O)=O)cc1,0
CCCN(CCC)Cc1c(C(=O)N/N=C/c2cccs2)nnn1-c1nonc1N,0
CC(C)CN(C[C@@H](O)[C@H](Cc1ccccc1)NC(=O)O[C@H]1CCOC1)S(=O)(=O)c1ccc(N)cc1,0
COCCNC(=O)c1c(O)c2ncc(Cc3ccc(F)cc3)cc2n(CC(=O)NCC(F)(F)F)c1=O,0
O=C(O)CNC(=O)CCCSC[C@H](NC(=O)OCc1ccccc1)C(=O)Nc1ccccc1,0
CC(C)C[C@H](NC(=O)c1ccco1)C(=O)N[C@H]1CCN(Cc2ccc(OCCCN(C)C)cc2)C1,0
Cc1ccc(C)c(OCCC(=O)OCC(=O)NCCNC(=O)COC(=O)CCOc2cc(C)ccc2C)c1,0
CCOC(=O)CC[C@@H](NC(=O)[C@@H](NC(=O)CNC(=O)/C=C/c1ccc(C(C)C)cc1)C(C)C)C(=O)OCC,0
CCOc1ccc(OCCC(=O)N(CCCOC)c2c(N)n(Cc3ccccc3)c(=O)[nH]c2=O)cc1,0
CCCCCCCCCCSc1nc(N)nc2c1ncn2CC(=O)N[C@H](CO)C(=O)OC,0
COCCOCC(=O)N[C@H](C(=O)NCc1ccc(C(N)=O)cc1)c1ccc(OCc2ccccc2)cc1,0
CCCCN(C)C(=O)[C@H](CC(=O)O)NC(=O)[C@H](CC(C)C)NC(=O)Cc1cc(F)cc(F)c1,0
COCCOCCCc1cc(O)c(C(c2cccc(NS(=O)(=O)c3cn(C)cn3)c2)C2CC2)c(=O)o1,0
COC(=O)c1ccc(CCNC(=O)[C@H](CCc2ccccc2)NC(=O)C(CC(C)C)C(=O)NO)cc1,0
CCN(CC(=O)Nc1c(F)cccc1F)C(=O)CCNC(=O)c1ccco1,0
COC(=O)NCCCn1cc(CN(C(=O)[C@H]2CNCCO2)C2CC2)c2cccnc21,0
Cc1cc(N(C)C)nc(NCCNS(=O)(=O)c2ccc(OC(F)(F)F)cc2)n1,0
CCCNS(=O)(=O)c1ccc(OCC(=O)Nc2ccc3c(c2)OCO3)cc1,0
C=Cc1ccc(S(=O)(=O)NC[C@H]2C[C@@H]3O[C@H](CO)[C@@H](OCc4ccccc4)[C@@H]3O2)cc1,0
COCCn1c(Cc2cc(OC)c(OC)c(OC)c2)nc2c(N)ncnc21,0
CC(C)C[C@H](CC(=O)NO)C(=O)N[C@@H](Cc1c[nH]c2ccccc12)C(=O)N1CCOCC1,0
C=CCN[C@H](C(=O)NC/C=C/Cn1cnc2cc(Cl)c(Cl)cc2c1=O)[C@@H](C)O,0
C=Cc1ccccc1S(=O)(=O)NC[C@H]1C[C@@H]2O[C@H](CO)[C@@H](OCc3ccccc3)[C@@H]2O1,0
C/C=C/c1ccc(OCC(=O)OCC2=C(C(=O)OCC)C(C)NC(=O)N2)c(OC)c1,0
CCc1cc(-c2noc(-c3ccc(C(C)C)nc3)n2)cc(C)c1OC[C@@H](O)CNC(=O)CO,0
CC(C)[C@H](OC(=O)Nc1ccc(F)c(F)c1)C(=O)NC(CC(=O)O)C(=O)CF,0
Cc1ccc(NC(=O)CN(C)C(=O)COC(=O)CCS(=O)(=O)c2ccc(C)cc2)cc1,0
CCc1ccc(-c2nc(C[S+]([O-])CC(=O)NCCCN3CCOCC3)c(C)o2)cc1,0
CCCCN1C(=O)C(=O)N(CC(=O)Nc2sc(C)c(CC)c2C(=O)OCC)C1=O,0
CCCCN(CC)CCNC(=O)C1CCCN(S(=O)(=O)c2cccc3nsnc23)C1,0
Cn1cnc(S(=O)(=O)NCCOc2cccc(C(CN)Cc3ccccc3)c2)c1,0
C[C@@H](NS(=O)(=O)CC/C=C/Cn1ccc(=O)[nH]c1=O)c1ccc(F)c(OCC2CC2)c1,0
O=C(CCCCNC(=O)OCc1ccccc1)OCN1C(=O)c2ccccc2S1(=O)=O,0
COCCOc1cc2ncnc(NC3=CC(=O)C(OCC(F)F)=CC3=O)c2cc1OC,0
CCOC(=O)C1CCN(c2c(NCc3ccc(C(=O)NCCC(C)C)cc3)c(=O)c2=O)CC1,0
O=C(COc1ccc([N+](=O)[O-])cc1)NCCNCc1ccc(Br)s1,0
CC(C)C[C@H](N)C(=O)N1CCC(C(=O)N[C@H](C(=O)NC(C)c2ccccc2)C(C)C)CC1,0
Cc1csc(-c2nc(C(=O)NCCCCC(=O)NO)c(C3CC3)s2)n1,0
NC(=O)C(=O)[C@@H](Cc1ccccc1)NC(=O)c1cccnc1-n1ccc(-c2ccccc2)n1,0
O=C(CCCCCn1cc(C(=O)Nc2nccs2)c(=O)c2ccccc21)NO,0
CCCC(NCC(=O)Nc1cc(S(=O)(=O)N2CCOCC2)ccc1OC)c1ccccc1,0
COC(=O)C(N)C(O)c1c[nH]c(C(=O)CC(c2ccccc2)c2ccccc2)n1,0
COc1ccc(N/N=C(\C#N)C(=O)NCCc2ccc(OC)c(OC)c2)cc1,0
O=C(CCn1[nH]c(=O)c(Cl)c(Cl)c1=O)NOCCCc1ccccc1,0
CCC(CC)O[C@@H]1C=C(C(=O)O)C[C@H](NCc2cc(-c3cccs3)on2)[C@H]1NC(C)=O,0
CCc1ccc(NC(=O)CSc2nc(=O)n(CCCN3CCOCC3)c3c2CCCC3)cc1,0
CCOC(=O)c1c(-c2ccc(OC)cc2)csc1NC(=O)CN(C)CC(=O)N(C)C,0
Cc1oc(CCNCCc2nc3ccccc3[nH]2)nc1C(=O)NCc1ncccc1F,0
CC(C)C[C@H](NS(=O)(=O)c1ccc(F)cc1F)C(=O)N1CCC[C@H]1C(=O)NCc1ccccc1,0
COc1ccc(N2CCC(N3CCC(CCC(=O)NCCN(C)C)CC3)CC2)cc1,0
CN1CCCC1CCNC(=O)CCCCc1nnc(NC(=O)Cc2ccccc2)s1,0
COc1ccc(NCCNC(=O)[C@@H](NC(=O)c2cccc(C)c2)c2cccnc2)cc1,0
CCOc1cc(C(=O)N(C)CC(=O)Nc2cccc(F)c2)ccc1OCC(=O)N1CCCCC1,0
OC(CN1CCN(CCCOc2ccccc2Cl)CC1)(Cn1cncn1)c1ccc(F)cc1F,0
CCOC(=O)/C=C/C(=O)[C@H](C)NC(=O)[C@H](Cc1ccccc1)NC(=O)OCc1ccccc1,0
CCOc1ccc(C(=O)C2=C(O)C(=O)N(CCOCCO)[C@@H]2c2cccc(OC)c2)cc1,0
COc1ccc(CNC(=O)c2cccc(C(=O)NCCC3CCCNC3)c2)cc1OC,0
Cc1ccc(S(=O)(=O)NCC(=O)N(CC(=O)NCc2ccco2)Cc2cccs2)cc1,0
COC(=O)CCC(=O)Nc1ccc(NC(=O)[C@@H](N)CS)cc1C(=O)c1ccccc1.Cl,0
CCOc1cc(CNCCc2ccc(S(N)(=O)=O)cc2)ccc1OCC(=O)NC(C)(C)C,0
CC(C)(Nc1ccccc1)C(=O)N[C@H](Cc1ccccc1)C(=O)NCCCN1CCOCC1,0
NC(=O)c1ccn(-c2cccc(OC(=O)NCCOCCOc3ccccc3)c2)c1,0
O=C(Cn1nc2ccccc2n1)Nc1ccc(CCNC[C@H](O)c2cccnc2)cc1,0
COC(=O)CCP(=O)(O)Cc1ccccc1CP(=O)(O)CCC(=O)OC,0
CCC(C)(C(=O)NC1CCCC1)N(CC1CCCO1)C(=O)CNC(=O)c1ccccc1,0
O=C(CSc1nnc(CNC(=O)c2ccco2)o1)Nc1ccc(F)cc1,0
CCCCn1c(N)c(N(C)C(=O)Cc2csc(-c3ccsc3)n2)c(=O)[nH]c1=O,0
CC(C)(C)OC(=O)NCCN(CCO)C(=O)c1ccccc1OC(F)F,0
COC(=O)[C@]1(Cc2ccc(O)c(CC(C)=O)c2)OC(=O)C(O)=C1c1ccc(OC)cc1,0
O=C(NCCCO)c1ccc(CSc2nc(O)c3ccccc3n2)cc1,0
COc1cc(/C=N/NC(=S)NCCc2ccccc2)cc(OC)c1OC,0
NC(=O)COC(=O)c1ccccc1SCC(=O)NC1CCCCCCC1,0
COc1cccc(CNC(=O)CCNC(=O)c2ccc(Br)o2)c1,0
CC[C@@H](Nc1c(Nc2cccc(C(=O)N(C)C)c2O)c(=O)c1=O)c1ccco1,0
O=C(CCCCCCOc1ccc(-n2[se]c3ccccc3c2=O)cc1)NO,0
O=C(OC(C(=O)O)C(OC(=O)c1ccccc1)C(=O)NCc1ccccc1)c1ccccc1,0
O=C(CN(Cc1ccccc1)S(=O)(=O)c1ccc(F)cc1)NCc1ccncc1,0
N#Cc1ccc(F)c(OC[C@@H](N)CCNS(=O)(=O)c2ccc(Cl)cc2Cl)c1,0
C[C@@H](NC(=O)c1ccco1)C(=O)N1CCN(CCCOc2ccc(C(=O)C3CC3)cc2)CC1,0
CCCCOc1cc2c([nH]c(=O)c(=O)n2Cc2ccc(CN3CCCC3)cc2)c(N)n1,0
C=CCn1cc(C(=O)NCc2cccnc2)c(=O)c2cc(S(=O)(=O)N(CC)CC)ccc21,0
CCCc1cc(=O)oc2cc(OCC(=O)NCCCn3ccnc3)c(Cl)cc12,0
COCCCN1C(=O)C(CC(=O)NC2CC2)CC(C(=O)N(C(C)C)C(C)C)=C1C,0
CCN(CC)S(=O)(=O)c1ccc2ncc(C(=O)NCCN3CCCCC3C)c(O)c2c1,0
CN(C)CC(=O)Nc1nc2cc3nc(NC(=O)CN(C)C)sc3cc2s1,0
CN(Cc1cccc(-c2cnc(N3CCC(N4CCOCC4)CC3)nc2)c1)C(=O)CN,0
OCCN(CCO)c1nccc(-n2cnc3cc(Br)ccc32)n1,0
NCC[C@H]1CN(C(=O)c2ccc(-c3ccc(NC4CC4)nn3)cc2)CCO1,0
CCOC(=O)C(NCc1ccccc1OC)(NC(C)=O)C(F)(F)F,0
O=C(CNCc1ccccc1Cl)NCc1ccco1.O=C(O)C(=O)O,0
NC(=O)c1cccc2c(N[C@H](Cn3ccnn3)c3ccccc3)ncnc12,0
CC(C)Cn1c(N)c(C(=O)CSc2ccccc2)c(=O)n(C)c1=O,0
COc1ccc(CCNC(=O)C(=O)Nc2ccc3c(c2)OCO3)cc1OC,0
O=C(NCCCN1CCN(c2ncccn2)CC1)Nc1ccccn1,0
COC(=O)[C@@H](NC(=O)CSC1=C(OC)C(=O)c2ccccc2C1=O)C(C)C,0
CC1CCCN(C(=O)CC[C@@H](NC(=O)c2cc(-c3ccccc3)nn2C)C(=O)O)C1,0
CC(C)CN(Cc1ccccc1C#N)C1CCNCC1.O=C(O)/C=C/C(=O)O,0
CC(C)NC(=O)COc1ccc(/C=N/NS(=O)(=O)c2ccccc2)cc1,0
O=C(/C=C/c1ccccc1)NCCS(=O)(=O)N1CCN(c2ccccc2)CC1,0
CC(=O)c1ccc(OCC(O)CN2CCN(c3ccccn3)CC2)cc1.Cl,0
O=C(Cn1nc(-c2ccccc2)ccc1=O)NCCN1CCN(c2cccc(Cl)c2)CC1,0
O=C(COc1ccccc1)OC[C@H]1OC(=O)N[C@@H]1CN1CCN(c2ccccc2)CC1,0
CCN(CCN(CC)S(=O)(=O)c1cccc(O)c1)S(=O)(=O)c1cccc(O)c1,0
CCOC(C)(C)[C@@H](O)Cc1c(OC)c(OC)c(OC)c2ccc(=O)oc12,0
Cc1ccc(Cn2nnc(-c3ccc(S(=O)(=O)NCCO)cc3)n2)nc1,0
COC(=O)c1c(NC(=O)C(=O)NCCCN2CCOCC2)sc2c1CCC2,0
CNC(=O)[C@@H](NC(=O)[C@H](CC(C)C)[C@@H](C(=O)NO)N1CCOCC1)C(C)(C)C,0
CC(C)C[C@H](NC(=O)[C@H](Cc1ccccc1)NC(=O)N1CCOCC1)B(O)O,0
Cc1ccc(C(=O)NCC(=O)NCCc2ccc(S(N)(=O)=O)cc2)s1,0
CC(C)Cc1ccc(C(C)C(=O)O[C@@H]2O[C@H](C(=O)O)[C@@H](O)[C@H](O)[C@H]2O)cc1,0
C[C@@H](O)CNS(=O)(=O)c1ccc(-c2nnn(Cc3ccncc3)n2)cc1,0
CCCOc1ccccc1CCNC(=O)N1CCNC(=O)[C@@H]1CC(=O)NC,0
NS(=O)(=O)c1ccc(CCNC(=O)CN2C(=O)NC3(CCCC3)C2=O)cc1,0
COc1ccccc1N1CCN(CC(=O)NCCc2ccc(S(N)(=O)=O)cc2)CC1,0
COc1ccc(C(=O)N2CCOC2CNC(=O)C(=O)NCCc2ccccc2OC)cc1,0
O=C(NCc1cn2cc(CNCC3COC3)ccc2n1)c1cc(=O)n2ccccc2n1,0
CN[C@@H](C)C(=O)N[C@@H](CC(=O)OC)C(=O)N1CCC[C@H]1C(=O)NC1CCCc2ccccc21,0
CN(C)c1ccc2c(CC(=O)OCC[C@H]3[C@H]4CC(=O)O[C@H]4O[C@@H]3CO)cc(=O)oc2c1,0
Cc1nn(CC(=O)NCCCN2CCN(C)CC2)c(=O)c2cc(-c3ccccc3)nn12,0
COCC#CCC(NS(=O)(=O)c1ccc(NC(=O)N2CCCC2)cc1)C(=O)O,0
O=C(N/N=C/c1ccccc1)[C@H](CO)NS(=O)(=O)c1ccc(Br)cc1,0
Cc1cc(-c2ccc3nc(C(C(=O)NCCS(N)(=O)=O)S(C)(=O)=O)sc3c2)cnc1F,0
O=C[C@H](C[C@@H]1CCCNC1=O)NC(=O)[C@H](Cc1ccccc1)NC(=O)c1cccnc1,0
O=C(CCNC(=O)C1CCN(S(=O)(=O)c2ccccc2)CC1)NCc1cccnc1,0
CCc1ccc(Cn2nc(CC(N)=O)nc2CN2CCCN(C)CC2)cc1,0
CC(=O)O[C@@H](c1ccccc1)c1cc(OCCO)c(C(N)=O)cn1,0
COc1ccc(N2C(=O)[C@@H](O)[C@@H]2c2cc(OC)c(OC)c(OC)c2)cc1O,0
O=C(O)C(=O)O.c1ccc(CCCOCCN2CCCC2)cc1,0
CC(CNC(=O)Nc1ccc(N(C)C)nc1)Cn1cccn1,0
CCC(CO)N(Cc1ccccn1)C(=O)c1ccc(=O)[nH]c1,0
CCCCN1C(=O)NC(=O)/C(=C(\C)NCCc2ccccc2)C1=O,0
CCCc1cnc(C)nc1-c1cccc(C(=O)N2CCNC(=O)[C@@H]2CCO)c1,0
O=C(CNc1cccc(S(=O)(=O)C(F)F)c1)NCc1ccco1,0
NS(=O)(=O)NCCCCCC(=O)Nc1cnc2ccccc2c1,0
CC(C)Oc1ccc(CNC(=O)CCN2C(=O)CCC2=O)cc1F,0
Cc1ccc(COC2CN(Cc3nn4c(C5CCOCC5)ncc4c(=O)[nH]3)C2)cc1,0
C=CCNC(=O)NC(=O)COC(=O)/C(C#N)=C/c1ccc(OC)cc1,0
CCCNC(=O)CN1CCN(S(=O)(=O)c2ccc(Br)s2)CC1,0
Cc1ccc(C(=O)NCCCN2CCOCC2)cc1S(=O)(=O)N1CCCCC1,0
C/C=C/c1ccc([C@H]2[C@@H](CO)N[C@@H]2CN(CC)C(=O)CN2CCOCC2)cc1,0
COC(=O)COc1cccc(NS(=O)(=O)c2ccc(NC(C)=O)cc2)c1,0
CCn1cc(S(=O)(=O)NC(c2ccc3c(c2)CCO3)[C@H]2C[C@@H](O)C2)cn1,0
COCC(=O)NCc1nc2cccnc2n1Cc1ccc(F)cc1,0
COc1cccc(NC(=O)CN2CCN(CC(=O)Nc3ccc(F)cc3)CC2)c1,0
CCOc1ccc(CC(CNC(=O)c2occc2C)C(N)=O)cc1,0
COc1ccc(C(=O)C/C(=N/NC(N)=S)C(=O)Nc2ccccc2)cc1,0
O=C(CCC1CCCC1)NCCn1nc(C2CCNC2)c2nccnc21,0
C/C(=C\CC[C@]1(C)[C@@H](C(=O)O)C[C@H]1[C@](C)(O)C(=O)O)C(=O)O,0
Cn1cccc1C(=O)N[C@@H](CCn1ccnc1)C(=O)NCc1ccccc1,0
Cn1ccnc1C(NCCOC1CCCCO1)C(C)(C)CO,0
COc1cc(OC)nc(C(O)c2ccccc2NS(=O)(=O)C(C)C)n1,0
O=c1[nH]c(=O)c2cn(CCCCCCCCP(=O)(O)O)cc2[nH]1,0
CCN(CC)S(=O)(=O)c1cccc(C(=O)Nc2ccccc2C(N)=O)c1,0
COCCCCOc1ccc(C=C2C(=O)NC(=S)NC2=O)cc1,0
CC/N=C1\SC(CC(=O)NCCc2ccc(OC)cc2)C(=O)N1CC,0
CNC(=O)/C=C/C1(NC(=O)[C@H](Cc2ccccc2)NC(=O)OCc2ccccc2)CC1,0
COCCCOc1cc(C)cc([C@H](C)N(C(=O)[C@H]2CNCCO2)C2CC2)c1,0
CCN(CC)S(=O)(=O)c1ccc(NCCc2ccccn2)nc1,0
CCCCNC(=O)CCCNC(=O)Cn1cnc2sc3c(c2c1=O)CCCC3,0
CCCn1c(O)nnc1SCC(=O)Nc1ccccc1C(=O)NC1CC1,0
COCCNC(=O)CSc1nc2ccccc2c(=O)n1-c1cccc(OC)c1,0
Cc1ccc(OCCCNC(=O)CN(C)c2ccc(C#N)cn2)cc1,0
Cc1ccccc1OCCOc1cccc(/C=N/NC(=O)Cc2nnc(N)s2)c1,0
C/C=C(/C)C(=O)O[C@H]1CC[N+]2([O-])CC=C(COC(=O)[C@](O)(C(C)C)[C@@H](C)OC)[C@H]12,0
NC(=O)[C@H]1CCCC[C@H]1NC(=O)c1cnc(N2CC(F)(F)C2)c(OCC2CC2)n1,0
CCN(CCCNC(=O)Nc1cccc(F)c1)S(C)(=O)=O,0
N[C@H](Cc1ccccc1)C(=O)CC(=O)N[C@H](C(=O)O)c1ccccc1,0
CC(C)N(CC(=O)Nc1ccnnc1)C(=O)COc1ccc(CCO)cc1,0
NC(=O)c1ccc(OCC2CCC2)cc1OCCN1CCNCC1,0
CC(C)(O)[C@H](CO)NCc1ccnc(-c2ccc(OCC(F)(F)F)nc2)n1,0
COCCN(C)C[C@@H]1CN(C(=O)c2ccc(O)c(Cl)c2)C[C@@H]1CO,0
COc1ccccc1C(=O)NCC(=O)N(C)[C@H](CN1CC[C@@H](O)C1)c1ccccc1,0
CC(C)(CNC(=O)CC1C(=O)NCCN1Cc1cccc(F)c1)N1CCOCC1,0
COCCCNC(=O)CN(C)C(=O)c1ccc(-n2cccc2)cc1O,0
OC(COc1cccc(OCC(O)CN2CCCCC2)c1)CN1CCCCC1,0
COc1ccccc1C(=O)CCC(=O)N[C@@H](Cc1ccccc1)C(=O)C(N)=O,0
COc1ccc(CCNC(=O)CN(C)S(=O)(=O)c2cccs2)cc1,0
COc1ccc(CC(=O)NCCNCC(O)c2ccccc2)cc1OC,0
COc1cccc(CC(=O)OC[C@H]2OC(=O)N[C@@H]2CN2CCN(c3ccccc3)CC2)c1,0
O=C1c2ccccc2C(=O)c2c(NCCCN(CCO)CCO)cccc21,0
COCCOc1ccc(CCC(=O)N2CCN(c3ccc(O)cn3)CC2)cc1,0
CCOc1ccccc1C=NNC(=O)C(=O)NN=Cc1ccccc1OCC,0
COc1ccc(C(=O)NCC(=O)OCC(=O)NCCC2=CCCCC2)cc1,0
CCN1C(=O)c2cccc3c(NCCNCCN(C)C)ccc(c23)C1=O,0
NC(=O)[C@H](Cc1ccccc1)NC(=O)CCc1nc2ccccc2c(=O)[nH]1,0
CCc1ncc(C(=O)NCCNC(=O)c2ccoc2)s1,0
CC(C)C[C@H](NC(=O)NCc1c(F)cccc1F)C(=O)NO,0
O=C1NC(=S)S/C1=C\c1ccc(OCCO)c(OCCO)c1,0
COC(=O)CNC(=O)[C@@H](NC(=O)c1c(F)cccc1F)C(C)C,0
COc1ccc(OC)c(C=NNC(=O)Cc2cc(O)n[nH]2)c1,0
COc1cc(NC(=O)CNCCN2CCOC2=O)ccc1Cl,0
CN(C)S(=O)(=O)NCCNc1ccc(C(F)(F)F)cc1[N+](=O)[O-],0
CC(=O)OCCOCn1nc(C(N)=O)nc1Sc1ccccc1C,0
COc1cccc(CNC(=O)N2CCCC(Cn3cc(CN)nn3)C2)c1,0
CCC(CNS(=O)(=O)c1c[nH]cn1)Oc1ccccc1F,0
CCC(C)[C@H](N)C(=O)OC[C@H]1COC(c2ccc(O)c(OC)c2)=N1,0
COc1ccc(CNCC2(COc3cccnc3)C[C@@H](O)[C@@H](O)C2)cc1,0
C/C(NCCCn1ccnc1)=C1/C(=O)NC(=O)N(Cc2ccccc2)C1=O,0
CN(C)CCn1nc2c3c(c(NCCCN)ccc31)C(=O)c1ccncc1-2,0
COCCOc1ncc(C#Cc2ccc(CC(C)NC(C)=O)cc2)cn1,0
CC(C)CN(C(=O)CCNC(=O)c1ccc(Cl)cc1)C1CCS(=O)(=O)C1,0
CNCc1cn(CC2CCN(CC(C)(C)CN3CCCC3)CC2)nn1,0
CCN(CC)CCNC(=O)Cn1nc(-c2ccc(C)cc2)ccc1=O,0
C[C@@H](C(=O)N(C)C)N(C)Cc1cnc(NCc2ccccc2)nc1,0
OCC1(CO)COC(c2cccnc2)N1,0
CP(=O)(O)OCCN,0
O=C1CCC(C(=O)NCc2cccnc2)N1,0
CCCNC1CCS(=O)(=O)C1,0
NC[C@H](F)C[PH](=O)O,0
CCOC(=O)C1=C(NC)OCC1=O,0
O=C(CO[C@H](CO)c1ccccc1)NO,0
CC(=O)NCCCCN,0
O=C(O)[C@H]1[C@H](C(=O)NCCO)[C@H]2C=C[C@H]1C2,0
NCCCOC1CCOC1,0
CN1CC[C@H]1COc1cncnc1,0
C=CC(=O)OCCC(=O)O,0
COc1ccc(CCNC(=O)C(=O)O)cc1,0
C=CCOC[n+]1ccn(C)c1/C=N/O,0
C#CCC(C)OC[n+]1ccn(C)c1/C=N/O,0
CN(C)Cc1ccccc1S(N)(=O)=O,0
COCCN1CCC(CO)C1,0
C=CCn1c(N)cc(=O)n(CC)c1=O,0
C[n+]1ccn(CC[N+](C)(C)C)c1/C=N/O,0
CC(C)C(CN)N1CCN(C)CC1,0
CCOC(=O)C(C)CC(O)C(=O)OCC,0
CC[n+]1ccn(CCN(C)C)c1/C=N/O,0
CNCC(O)CN1Cc2ccccc2C1,0
c1cnc(NCCc2c[nH]cn2)cn1,0
O=C(CC(=O)C(=O)O)CC(=O)c1ccccc1,0
CCNC(=O)CC1C(=O)OC(C)(C)CN1CC,0
Cn1ncnc1CCNC(=O)c1ccsc1,0
CCC(Cn1cc[n+](C)c1/C=N/O)N(C)C,0
CC[C@@H](C(N)=O)N1CC(CN=C=S)CC1=O,0
CCS(=O)(=O)N[C@@H](COC)c1ccccn1,0
OC[C@@H]1CNC[C@H]1C1CCN(Cc2ccco2)CC1,0
CCCC(=O)N1C/C(=C(/C)COC(C)=O)C1=O,0
NC(=O)CN1CCC(C(=O)c2ccc(F)cc2)CC1,0
Cc1cccc(CN2CCN(CC(=O)O)C2=O)c1,0
CC1CCCC(C(=O)OCC[N+](C)(C)C)[N+]1(C)C,0
Cc1ccc(S(=O)(=O)NCC(F)(F)CO)o1,0
COCC(=O)NCCc1ccccc1F,0
C[C@H](NC(=O)c1ccccc1)C(=O)OCC#N,0
Cc1ccc(C(=O)NCCN2CCOCC2)cc1,0
COc1cccc(CCc2cc(O)c(=O)[nH]n2)c1,0
Cc1c(Cl)cccc1NC(=O)CCNS(C)(=O)=O,0
Cc1csc(NC(=O)CSCc2nnc(C)o2)n1,0
CCCCNC(=O)CCn1c(=O)c2cccn2c2cccnc21,0
CNC(=O)c1ccc(NC(=O)N(C)CCOC)cc1,0
CCOC(=O)c1ccc(N2CCC(CCO)CC2)nc1,0
O=P(O)(CCc1ccccn1)CN1CCOCC1,0
CN(CC(=O)NCCC#N)Cc1nc2ccccc2s1,0
Cc1onc(NC(=O)CSCC(=O)O)c1Br,0
Cc1ccc(CN(CCO)C(=O)c2cc3cccn3cn2)o1,0
CCN(CC)c1ccc(/C=N/NC(=O)OC)c(O)c1,0
COCCNC(=O)CN1CCC(C)CC1,0
N#Cc1cccnc1NCCN1CCCOCC1,0
OC1CCN(CCCNc2ncccn2)CC1,0
Cn1cnnc1SCC(=O)NC1CC1,0
CCOC(=O)[C@H]1CNC[C@H]1C(=O)OCC.Cl,0
COC(=O)CCC(=O)N(C)CC#CCN1CCCC1,0
NS(=O)(=O)N(Cc1cccs1)C1CC1,0
COC(=O)[C@H](C)NC(=O)COc1ccccc1,0
NCCSc1c(-c2ccccc2)no[n+]1[O-],0
CCOC(=O)C1(C(=O)OCC)C[C@@H](C)[C@@H](O)C1,0
Cc1nccn1CCN(C)C(=O)COCC1CCCO1,0
NC(=O)CCSc1nnc(N2CCCC2)n1C1CC1,0
COCCN1C[C@@H](CNC(=O)c2ccc(C)nc2C)CC1=O,0
Cc1cc(C2CCCN(CCCNS(C)(=O)=O)C2)n[nH]1,0
O=Cc1ccc(OCCO[N+](=O)[O-])cc1,0
Cn1cccc1C(O)CNS(=O)(=O)c1ccccc1F,0
CCOCC(=O)N1CCCC(C(=O)OCC)C1,0
Cc1ccc(S(=O)(=O)NCCCN2CCCC2=O)cc1,0
CC1(C)CC[C@H](CS(=O)(=O)NCCc2cn[nH]c2)OC1,0
CCC[C@H]1CN(C(=O)CCn2ccnc2CC)C[C@@H]1N,0
CC(=O)N1CCN(c2ccc(OCCO)cc2)CC1,0
COC1CCN(CCC(=O)Nc2cccnc2)C1,0
O=S(=O)(NCCc1c[nH]cn1)c1ccccc1,0
O=C(CCS)Nc1cccc(S(=O)(=O)O)c1,0
CC(O)CNC(=O)CCC1CCCO1,0
CC(O)CC1CCCCN1C(=O)Cc1cnn(C)c1,0
C[N+](C)(C)CC1CCC(C[N+](C)(C)C)C1=NO,0
CN(C)CCNC(=O)C1CCc2ccccc2N1,0
CCN(CC)CC(=O)N1CCN(C(C)C#N)CC1,0
CC(C)Cc1nnc(NS(C)(=O)=O)s1,0
N[C@H]1CN(C(=O)CCCn2ccnc2)C[C@@H]1C1CC1,0
CCCCC(NC(=O)n1ccnc1)C(=O)OC,0
CN(C)c1ncc(CN(CCO)Cc2nccs2)cn1,0
Cc1noc(C)c1CNC[C@H]1CN(C2CC2)CCO1,0
C=CCN1CC[C@H](N(C)c2nccc(OC)n2)C1=O,0
CCS(=O)(=O)CCNC(=O)c1cccc(F)c1F,0
COC(CNC(=O)c1cn(C)nn1)c1ccccc1C,0
Cc1ccc(=O)n(Cc2ncnn2CCc2ccccc2)n1,0
COCCCNC(=O)C1CCN(c2nc(C)cc(C)n2)CC1,0
C=C(C)CSC1=CC(=O)C(NCC(C)O)=CC1=O,0
COc1ccc(CCC(=O)N2CCOCC2)cc1,0
O=C(CN1CCCC1=O)NCCc1ccccc1,0
COC(=O)/C=C/CNC(=O)c1cccc2c1NCCC2,0
CNC(=O)CNC(=O)OCc1ccccc1,0
CC(C)(C)NC[C@@H](O)COc1ncccc1C#N,0
CCC(=O)NC[C@@H](O)Cc1ccc(F)cc1F,0
CCNC(=O)CN1CCCC(c2nccn2CC)C1,0
O=C(NCCc1ccc(F)cc1)c1cc(O)ncn1,0
C#CCN1CCCC(COC(=O)N(C)CC)C1,0
C[C@@H](Cc1cccs1)NC(=O)CCS(C)(=O)=O,0
O=C1CN(CCCn2ccnc2)CCN1Cc1ccc(F)cc1,0
COCCN1CCC2(CCCN(Cc3ccoc3)C2)C1=O,0
CCC(C)NC(=O)CSc1ncccc1C(=O)O,0
O=C(CNC(=O)c1cccc(F)c1)N/N=C/c1cccs1,0
CCOc1ccccc1CCNC(=O)c1cn2c(n1)CNCC2,0
COc1ccccc1OCC(=O)NNC(=O)c1cccs1,0
COC(=O)[C@H](CS)NC(=O)/C=C/c1ccc(O)cc1,0
CC1CN(CCCOC2CCCCO2)CCS(=O)(=O)C1,0
CCN1CCOC(=O)C1CC(=O)Nc1ccc(C(C)=O)cc1,0
Cc1nc(CCS(=O)(=O)C[C@H]2CCCO2)cs1,0
COC1CCN(CCNC(=O)C2CCCCC2)CC1,0
CC1CCC2(CC1)OC[C@H](CNC(=O)NCC(F)F)O2,0
CCCCCNC(=O)N[C@@]1(C)CCS(=O)(=O)C1,0
CCOC(=O)/C=C/C=C/S(=O)(=O)F,0
CCCCCN(C)C(=O)CN1CCCNCC1,0
Cc1ncccc1CNc1c(C)c(C)nn1CCO,0
CCn1ncnc1CN(C)[C@@H](C)c1ccccn1,0
NC(=O)CCN1CCC(Cc2ccccc2)CC1,0
C[C@@H](CNC(=O)c1ccc(Cl)o1)N1CCOCC1,0
CCCN1CN(CC(=O)O)CSC1=S,0
CC1CCN(CC(O)CNc2ccc(Cl)cn2)CC1,0
CCC(C)[C@H](NC(=O)NCc1cccs1)C(=O)OC,0
O=S(=O)(NCCn1ccc(-c2cccs2)n1)C1CC1,0
C=CCCC1(CC(C)C)C(=O)NC(=S)NC1=O,0
Cn1ncc(CNC[C@H](O)c2ccc(Br)cc2)n1,0
COc1cc(CNC(C)Cn2ccnc2)cc2c1OCO2.Cl,0
O=C(CN1CCc2nc[nH]c2C12CCC2)NC(C1CC1)C1CC1,0
O=C1C=C(NCCCN2CCCC2)c2ccccc2C1=O,0
NC(=O)CN(CCC1CCCCC1)C[C@H]1CCCS(=O)(=O)C1,0
O=C(Cc1cccc(OC(F)(F)F)c1)NC[C@H](O)C1CC1,0
CC[C@@H](C[C@H]1COC(N)=N1)Oc1ccccc1,0
C[C@@H](C1CC1)N(C)C(=O)Cn1c(=O)n(C)c2ccccc21,0
O=S(=O)(NCc1cccnc1)c1cccs1,0
C[N+]1([O-])[C@@H]2CC[C@H]1CC(OC(=O)[C@@H](CO)c1ccccc1)C2,0
O=C(COC(=O)c1ccccn1)NCc1cccc(Cl)c1,0
C#CCNC(=O)[C@H](Cc1ccccc1)NC(=O)OC(C)(C)C,0
CCN(Cc1ccccc1Br)[C@H]1CCNC1=O,0
CC(SCC(=O)NC(C)C1CC2CCC1C2)C(=O)O,0
CCOc1cncc(N2CC[C@H](OC)C(C)(C)C2)n1,0
O=C1C(Cl)=C(NCCCO)C(=O)c2ccccc21,0
CCCCN1C(=O)/C(=C/NN2CCOCC2)C(=O)c2cccc(C)c21,0
Cc1cccc(NC2CCN(CCN3CCOC[C@@H]3C)CC2)n1,0
CN(Cc1ccccc1)CC(C)(C)NC(=O)c1ccon1,0
CCc1nnc(NCCc2ccc3c(c2)CCO3)nc1CC,0
CCC(=O)N(C)C1CCN(Cc2ncc(C)c(OC)c2C)CC1,0
CS(=O)(=O)c1ccc(C(O)CN2CCC(c3ccn[nH]3)CC2)cc1,0
CCNC(=O)OCCOc1nsc2nc(C)cc(C)c12,0
COC(=O)CSc1nnc(NC(=O)CCc2ccccc2)s1,0
O=C(Cn1cc(CC2(O)CCC2)nn1)C1(c2ccccc2)CC1,0
Cc1csc(N2CCN(CC(=O)NCc3ccccn3)CC2C)n1,0
Cc1cccc(C(=O)NCCC(=O)NCc2ccccc2F)c1,0
CN(C)c1ccccc1-c1ccc(CC(=O)O)cn1,0
CCCCC(CC)n1cnc2c(N)ncnc21,0
COc1ccc2c(c1)c(CCNC(C)=O)c1n2C(=O)C=C1C,0
CC[C@@]1(C)CN(C(=O)CCc2ccccc2C(=O)O)CCO1,0
CC(=O)NCCc1c(-c2ccccc2)nn2ccc3c(c12)CCO3,0
COCC(=O)OCC(=O)Nc1ccccc1-c1ccccc1,0
CCCC[C@H]1C(=O)N[C@@H](CS)C(=O)N1CC1CCCCC1,0
CCC/C=N/NC(=O)c1cc(Br)ccc1O,0
CC(C)CCN1C[C@H]2C[C@H](C(=O)NCC(C)C)[C@@H](C1)O2,0
CC(=O)c1ccc(OCCN2CCN(Cc3ccccc3)CC2)cc1O,0
CCCc1nnc(NC(=O)CCC(=O)N2CCCCCC2)s1,0
COc1ccc(C(=O)N(C)Cc2cccc(C#N)c2)c(OC)c1OC,0
O=C(NCc1cccs1)[C@H]1CC[C@@H]2[C@@H](CCN2Cc2ccoc2)O1,0
O=C(CC1C(=O)NCCN1CC1CCCCC1)NCc1ccc(F)cc1,0
COc1ccc(C2CNC(=O)C2)cc1OCc1ccccc1,0
CCOCn1c(Cc2ccccc2)c(Br)c(N)nc1=O,0
CC(C(=O)NCC1CCCN(C)C1c1cccs1)n1cccn1,0
CN(C[C@H](O)C(F)(F)F)C(=O)Nc1cc(F)ccc1OC(F)F,0
Fc1ccc2c(CNCC3(N4CCC(F)C4)COC3)c[nH]c2c1,0
CCC(C)NC(=O)C1CC(c2ccc(OC)cc2)=NO1,0
Cc1ccc(C(=O)NCC(=O)OC2CCCCC2=O)cc1C,0
COc1cccc(NC(=O)CCN2CCN(C)CC2)c1,0
Cc1ncc(CN2CCN(C(C)C)C(CCO)C2)s1,0
Cc1ccc2cc(CNCCCN3CCOCC3)c(=O)[nH]c2c1,0
N[C@@H](C(=O)N1CC[C@@H]1C(=O)c1nccs1)C1CCCCC1,0
CN(C)CCNC(=O)COc1cccc(Cl)c1,0
CCCNC(=O)/C(C#N)=C/c1ccc(C(=O)O)cc1,0
Cn1cc(CCCNCc2ccc(C#N)cc2)cn1,0
CCNC(=O)c1cccc(NC(=O)C(C)C)c1,0
CCN(CC)CC(=O)Nc1c(C(=O)c2ccccc2F)c(C)nn1C,0
COc1ccc(CNC(=O)CCn2cc(C)cn2)cc1C,0
CN1CCO[C@@H](CN(Cc2ccc3c[nH]nc3c2)CC2CC2)C1,0
O=C(Nc1ccc(CCN2CCC(O)CC2)cc1)C1CCOCC1,0
COc1ccc(C(=O)NCCS(=O)(=O)N2CCCCCC2)cc1,0
Oc1ccc(Cl)cc1/C=N/CCCN1CCOCC1,0
COCCN1CCC(CNc2nc(C)nc(C)c2C)CC1,0
COCC(=O)N1CCC2(CCC2N(C)Cc2ccco2)CC1,0
CC(C)N(CC(N)=O)Cc1csc(Cc2ccccc2)n1,0
CN(C)c1noc(CCC(=O)N[C@H](c2ccccc2)C(F)F)n1,0
O=C1NC(=O)C(CSCc2cccs2)(CSCc2cccs2)N1,0
CCC(CNC1CCN(C(C)=O)CC1)Oc1cccc(C)c1,0
C[C@@H]1CCCN1CCc1ccc(-c2ccc(S(=O)(=O)CCO)cc2)cc1,0
O=C(NCCOc1ccc2ccccc2c1)NCc1cccnc1,0
CCc1cn(CC(N)=O)c(CC)c1Oc1ccc(C#N)cc1,0
Cc1cccnc1NC(=O)N(C)CCCOCc1ccccc1,0
COc1cc(NC(=O)C(C)Oc2ccccc2)cc(OC)c1,0
CCc1cc(Br)c(OC)c(C(=O)NC[C@@H]2CCCN2CC)c1O,0
Cc1ccccc1C(C(=O)NCCSC(F)(F)F)N(C)C,0
CC(=O)N(C)CC(=O)Nc1ccc(C)cc1OCc1ccccc1,0
CCC(=O)N(CC(CC)N1CCN(c2ccccc2)CC1)c1ccccn1,0
COc1ccccc1-c1ccc(S(=O)(=O)NCCCCCO)cc1,0
COc1cccc(C(CCc2cc(OC)c(OC)c(OC)c2)NC(C)=O)c1,0
OCCC1CN(Cc2cccn2-c2ccccn2)CCN1Cc1ccccc1,0
Cc1ccc(C)c(OCCC(=O)OCC(=O)Nc2ccc(Cl)cn2)c1,0
CC(=O)N[C@@H](Cc1ccc(OCc2ccc(Cl)cc2)cc1)C(=O)O,0
COc1cc(NC(C)C(=O)NC2CCCc3ccccc32)cc(OC)c1OC,0
O=c1ccc(OCCCCN2CCCCC2)nn1-c1ccccc1,0
O=C(NS(=O)(=O)C1CC1)c1cc(C2CC2)c(OCC2CCCC2)cc1F,0
Cn1c(COc2ccccc2)nnc1SCC(=O)NCc1ccccc1,0
C/C(=N\NC(=O)CSc1nc(C)cc(C)n1)c1cccs1,0
O=C(CCN1CCOc2ccc(CO)cc2C1)Nc1ccc2c(c1)CCC2,0
COc1ccccc1CCc1nc(CC2CCN(C)CC2)no1,0
CSc1ccc(S(=O)(=O)N(C)Cc2ccccc2)cc1,0
Cn1cc(CCNC(=O)C2(c3cccc(Cl)c3)CC2)cn1,0
CC(C)C(NC(=O)c1cccs1)C(=O)Nc1ccncc1,0
CC(C(=O)O)N1CC2(CCC1=O)CCN(C/C=C/c1ccccc1)CC2,0
CCCOc1cccc(NC(=O)OC2CCN(C)CC2)c1,0
CCc1cc2c(NC(CCSC)C(=O)O)ncnc2s1,0
CC[C@@H](c1ccc(F)cc1)S(=O)(=O)Cc1ccnn1C,0
COc1ccc2c(c1)c(CC(=O)O)c(C)n2Cc1ccc(S(C)(=O)=O)cc1,0
Cc1ccc(CCNC(=O)CCn2nc(-c3ccc(C)cc3)ccc2=O)cc1,0
O=S(=O)(Nc1ccccc1)c1ccc(NS(=O)(=O)c2cccs2)cc1,0
COc1ccccc1CN(C)CCCN1C(=O)c2ccccc2C1=O,0
COc1ccccc1N1CCN(CCCNC(=O)Cc2c[nH]c3ccccc23)CC1,0
CC(=O)c1ccc(NC(=O)CN(c2c(C)cccc2C)S(C)(=O)=O)cc1,0
Cc1nnc(CC(=O)Nc2cn(CC(C)C)nc2C(F)F)s1,0
COCCNC(=O)c1c(NC(=O)CC(C)(C)C)sc2c1CCCC2,0
Cc1ccc(OCC(O)Cn2c(=N)n(CCN3CCCCC3)c3ccccc32)cc1,0
Cc1cc(CC(=O)NC(C)c2ccc(OCC3CC3)c(F)c2)n[nH]1,0
C=C(C)COc1ccc2c(C)c(CC(=O)OC)c(=O)oc2c1C,0
CC(C)C[C@@H](COc1ccccc1)N1CCN(C)CCC1=O,0
O=C(O)c1cc(C(F)(F)F)ccc1N1CC[C@H](OCCN2CCOCC2)C1,0
COCCCn1ccc(-c2cccc(-c3cnccn3)c2)n1,0
CC(C)c1csc(CCc2ccn3c(=O)c(C(=O)O)cnc3c2)n1,0
Cc1ccccc1OC[C@H](C)NC(=O)N(C)CC(C)(C)O,0
O=C(NCC1CCCN(C(=O)NCCc2ccccc2)C1)c1ccco1,0
O=C(NCCc1ccccn1)/C(=C/c1ccco1)NC(=O)c1ccccc1,0
O=C(CC(=O)NC1CCCCC1)N/N=C/c1ccccc1Cl,0
O=C(Cc1ccccc1F)NCCc1ccc2c(c1)OCO2,0
CCC(CC)NC(=O)Cn1cc(Br)ccc1=O,0
CC(C)[C@H]1CN(Cc2ccccn2)C[C@@H]1NS(=O)(=O)C1CC1,0
COc1ccc(CCC(=O)NC2CCC(O)CC2)cc1OC,0
COC[C@H]1CCN(Cc2ccc3c(c2)nnn3C)C1,0
O=C(N[C@H]1CCCN(c2cccc(OCCO)c2)C1)C1CC1,0
CCS(=O)(=O)c1cc(OC)c(OC)cc1C,0
Cn1cccc1[C@@H](O)CCNC(=O)Cc1ccsc1,0
O=C(NCc1ccc(F)cc1)N1CCN(CC(O)C2CC2)CC1,0
C[N+](C)(C)[N-]P(=O)(N[N+](C)(C)C)c1ccccc1,0
CCc1cnc(CCNS(=O)(=O)N2CC(C)CC(C)C2)s1,0
CN(CC(=O)Nc1ccc(F)cc1)C(=O)COC(=O)CC1CCCC1,0
CC(C)c1cc(NCC(O)c2ccncc2)n2nccc2n1,0
O=c1cc(CO)oc(CN2CCC(Cc3ccccc3)CC2)c1O,0
CC1(C(=O)NCCCOc2ccccc2F)CC(=O)N2C=CC=CC2=N1,0
O=c1[nH]c2ccccc2c(=O)n1CCCCCn1ccnc1,0
CN(CCCC(C)(C)C)Cc1nnc2n1CCN(C)C2=O,0
O=C(CNC(=O)c1ccc(Cl)cc1)NCc1ccccn1,0
COCCSc1nnc(NS(=O)(=O)c2ccccc2)s1,0
COc1cccc(CNC(=O)C[C@H]2COc3ccccc3NC2=O)c1,0
C#CCN(C(=O)C[C@H]1C(=O)NCCN1Cc1cccnc1)C1CCCCC1,0
CN(C)S(=O)(=O)NCCOc1ccc(F)cc1,0
O=[N+]([O-])c1cccc(N(CCO)CCO)c1,0
OCC(O)CN(CCN1CCOCC1)Cc1ccco1,0
C=C=CCNS(=O)(=O)CCO[C@H]1CCOC1,0
CN(CCC(=O)NC1CC1)CC(=O)NCc1ccco1,0
CC(=O)N[C@@H](Cc1ccccc1)C(=O)OCC(=O)O,0
CN1CCCN(CC(=O)NCCCc2ncc[nH]2)CC1,0
Cn1cc(CNCC(=O)NCc2ccco2)cn1,0
CCCN(CCC)S(=O)(=O)N1CCC[C@H]1C(N)=O,0
C=CC[N+](C)(C)CCCNC(=O)C=NO,0
CCCN1CCN(c2ncc(CCNC=O)s2)CC1,0
C=CCCNC(=O)OCCCc1c[nH]cn1,0
COCCOCc1c2c(c(C[C@@H](C)N)c3c1OCC3)OCC2,0
NS(=O)(=O)c1ccc(OCCCCN2CCCC2)cc1,0
O=C(CCN(CCO)Cc1ccccc1)c1cnccn1,0
COc1ccc(CCNC(=O)CCCC(=O)O)cc1,0
CN(C)CC[S+]([O-])CCCCN=C=S,0
C=CCn1cc(CN(C)CCc2cnn(C)c2)cn1,0
OB(O)c1ccc(OCCCCCc2ccccc2)nc1,0
N#CCCN(CC1CC1)S(=O)(=O)C[C@H]1CCCCO1,0
CCOC(=O)CCCNCC(O)COc1ccccc1C,0
CN(C)CCCOc1ccc2c(c1)nc(N)n2CCCN(C)C,0
CCC(C)(C)NC(=O)CSCc1ccc(S(=O)(=O)N(C)C)o1,0
CCOCC(=O)NCCn1nc(-c2ccccn2)cc1C1CC1,0
C=C(c1ccccc1OCC(O)CNC(C)C)n1cncn1,0
CCOC(=O)C1CCCN(CC(O)COc2ccccc2C(C)=O)C1,0
CN(C)CCCOc1ccc2nc(N)n(CCCN(C)C)c2c1,0
CN(C)CC(O)COc1ccc(CCOC2CC2)cc1,0
COC(C[C@H]1O[C@H]1C(=O)[C@@H](C)OCc1ccccc1)OC,0
CCCc1ccc(S(=O)(=O)NCCNC(=O)c2ccoc2)cc1,0
CC(=O)c1ccc(OC[C@H](O)CN2CCOCC2)cc1,0
CCCCN(CCO)C(=O)Nc1cnn(CC)c1,0
CSCC(C)N(C)C(=O)CN1CCN(c2ccccn2)CC1,0
CCCCOCC(=O)NCc1ccc(C(=O)N(C)C)o1,0
CC(C)CNC(=O)CC(=O)N/N=C/c1ccc(F)cc1,0
CC(NC(=O)C(CS)Cc1ccccc1)S(=O)(=O)O,0
CCOCC(=O)Nc1nnc(SCCOC)s1,0
Cc1ccccc1OCCCNC(=O)C1COCCN1,0
CCCCN(C)C[C@@H]1OC[C@H](NC(=O)c2cccc(F)c2)[C@H]1O,0
COCCC1(CO)CCCN(Cc2cnc(C)cn2)C1,0
O=C/C=C1\O[C@@H]2CC(=O)N2C1(C/C=C/CO)C(=O)OCc1ccccc1,0
CC(C)CCN(C(=O)CCn1cc(S(N)(=O)=O)cn1)C1CC1,0
CCS(=O)(=O)CCN(C)CCOc1cccc(C#N)c1,0
CCCCc1nncc(-c2cnnc(SCCN(C)C)n2)n1,0
CCS(=O)(=O)NCCN(CCO)C1CCc2ccccc21,0
COc1cccc(C(=O)NCC(=O)OCC(=O)c2ccccc2)c1,0
OCCCN1CCC(Oc2cncc(OCc3cccnc3)n2)C1,0
CCC[C@@H](CNC(=O)c1c[nH]nc1-c1cnn(CC)c1)OC,0
COc1ccccc1CCNC(=O)N(C)C(C)CS(C)(=O)=O,0
CN(C)CCOc1cc(NC(=O)COCC(F)(F)F)ccn1,0
CCCCS(=O)(=O)N1CC[C@H](CNc2nccc(C)n2)C1,0
CCC(C)(C)C(=O)NCCCOC1CCOC1,0
CCCCCCS(=O)(=O)CC(O)(O)C(F)(F)F,0
COCc1cc(N(CC(F)F)C2CC2)n2ncnc2n1,0
COc1ccc(C2CNC(=O)C2)cc1OCCCC(=O)O,0
Cc1ncn(C)c1C(=O)NCCCOc1cccnc1,0
CN(C)CC(CO)C(=O)c1ccc([N+](=O)[O-])cc1.Cl,0
CCOCC(O)CN1CCN(C(=O)c2ccccc2F)CC1,0
COCCN(Cc1cccs1)C(=O)CC1CCNC1,0
CC[C@H](O)CN(CCN1CCOCC1)c1ccccc1,0
CC(C)CCc1c(O)nc(SCCN(C)C)[nH]c1=O.Cl,0
O=C(CNC(=O)C1CCCCC1)OCC(=O)c1ccc(F)cc1,0
COCCN1CCC(CNC(=O)C2(C#N)CCCC2)CC1,0
Cc1noc(C)c1CN(C)C(=O)[C@H](C)OCC1CC1,0
Cc1nc(CCNC(=O)NCCN2CCCC[C@@H]2C)cs1,0
C[C@@H](C(=O)NCC(=O)O)c1cccc(C(=O)c2ccccc2)c1,0
C[C@H](Nc1ncc(F)c(-c2ccsc2)n1)C(=O)NCCF,0
CC(C)(C)C(O)CN1CCN(CCOCC(F)(F)F)CC1,0
Cc1cccc(OCCNC(=O)Cn2ccc(C)cc2=O)c1,0
CCCC(=O)N[C@](C(=O)OCC)(N1CCCCC1)C(F)(F)F,0
CCOCCN1CCN(Cc2cccc(C(=O)N(C)C)c2)CC1C,0
c1ccc(CN2CCN(CCNCc3cccnc3)CC2)cc1,0
CCC[C@H]1CCCN1Cc1cnc(N(C)CC(=O)O)nc1,0
O=C(NC[C@@H](CO)Cc1ccc(F)c(F)c1)c1cc(C2CC2)no1,0
CCN(CC)S(=O)(=O)c1ccc(NC(=S)NC(=O)CC(C)C)cc1,0
CCOCCNC(=O)c1cnc(Sc2nccn2C)c(Cl)c1,0
Cc1ccc(OCC(O)CNCc2ccc3c(c2)OCO3)cc1C,0
COCCCNC(=O)c1cnn(-c2ccc(F)cc2F)c1C1CCNCC1,0
O=c1c2ccccc2n(CCCN(CCO)CCO)c2ccc(Cl)cc12,0
CCOc1ccc(S(=O)(=O)N(CC(N)=O)c2ccc(C)cc2)cc1,0
C[C@H](O)CN1CCN(CC(=O)NC2CCN(C3CC3)CC2)CC1,0
O=C(CCN1CCN(S(=O)(=O)Cc2ccccc2)CC1)NO,0
CC(O)[C@H]1CNC(=O)C(=O)N1CCc1cccc(F)c1,0
COn1c(SCC(N)=O)nc2ccccc2c1=O,0
COc1cccc(O)c1S(=O)(=O)N1CC(NC2COC2)C1,0
CN(C)CCN1CCO[C@H]2CN(Cc3cnn(C)c3)C[C@H]21,0
C=c1ccoc1=C1NN=C(CNCCn2cc(C)cn2)O1,0
O=C(NCCCN1CCOCC1)C(=O)N/N=C/c1ccc(F)cc1,0
CN(C)S(=O)(=O)N1CCC(Oc2cnccn2)CC1,0
CN1CC2(CCN(CCOCCO)CC2)OC1=O,0
CCCn1c(=O)n(C)c(=O)c2c1ncn2CCCN(C)C,0
O=C1c2ccc(CN(CCO)CCO)cc2C(=O)c2nccnc21,0
COc1cc(OC)cc([C@@H](O)CNC(=O)Cn2cccnc2=O)c1,0
CC1(C)C(=NNC(=O)C[N+](C)(C)C)C(C)(C)C1=NNC(=O)C[N+](C)(C)C,0
COCCOc1ccc(CC2C(=O)NC(=O)NC2=O)cc1,0
CC(C)CS(=O)(=O)CCNC(=O)c1ccc(=O)n(C)c1,0
Cc1nc(CN(C)C2CCN(CCC(=O)N3CCOCC3)C2)no1,0
CCCn1cnc(NC(=O)NCC2CCS(=O)(=O)C2)n1,0
O=S(=O)(NCC1(NS(=O)(=O)C2CC2)CCC1)C1CC1,0
CN1CCN(CC(O)COc2ccc(C(=O)O)cc2)CC1,0
O=C(CCCNc1ccc(F)cc1)NC1CCOC1=O,0
Cc1ccc(CCN2CC(C(=O)NCCN(C)C)CC2=O)cc1,0
O=C(CSc1nc2ccccc2c(=O)n1CCCO)NC1CC1,0
COC(=O)c1ccc(C)c(N(CCO)CCO)c1,0
O=C(COc1ccccc1)NCCn1ccnc1,0
O=C(COC(=O)CNC(=O)c1ccccc1Cl)NC1CC1,0
COC(=O)/C(C(C)=O)=C(/C=C/C=C/N(C)C)N(C)C,0
COc1ccccc1CC(=O)NCC(O)C(F)F,0
COc1ccc(C(=O)NCCS(=O)(=O)NC2CCCC2)cc1,0
COc1ccnc(NCCS(=O)(=O)c2ccccc2)n1,0
C#CCN(CC#CC)CC(=O)Nc1nncs1,0
C#CCOCOCC#CCN(CC)CC,0
O=C(CN1CCNC(=O)C1)NCCC1=CCCCC1,0
CCCCC(C)C(=O)N1CC(O)CC1CO,0
CCOC(=O)CC(C)(O)CC(=O)OCC,0
CC(C)COCCN1CCCN(C)C(=O)C1,0
CC(=O)OCCN(C)CCCl,0
CC(=O)NCCNC(=O)COc1c(C)cccc1C,0
c1ncn(CCNCc2ccsc2)n1,0
Cc1cccc(CN(CCO)Cc2nccn2C)n1,0
COc1cccc(OC)c1OCCN1CCN(C)CC1,0
CN1CCOC(CNCCOc2cccc(C#N)c2)C1,0
CCOC(=O)CN(C)C(=O)CN(C)[C@@H](C)C1CC1,0
C=CCSC1=CC(=O)C(NCCC(=O)OC)=CC1=O,0
CCCOCC(=O)NCc1cccc(C(=O)N(C)C)c1,0
CCOC(=O)CNc1c(OCc2ccccc2)c(=O)c1=O,0
CCC(C)C(=O)C(=O)NCCn1c[n+](C)c2ccccc21,0
CC(=O)/C=C(\C)NCCN/C(C)=C/C(C)=O,0
O=S(=O)(C1CC1)N1Cc2[nH]nc(COCC3CC3)c2C1,0
COCCN(CCOC)c1ncnc2c1CCC2,0
CCCn1cc(C(=O)O)c(=O)c2ccc(OC)cc21,0
COCCN1C[C@@H](Cc2cc(C)cc(C)n2)CC1=O,0
CCc1cc(N(C)Cc2ncccn2)ncn1,0
CCCCOc1ccc(C(=O)NN2CCOCC2)cc1,0
Cc1ccc(C2CCCCCN2CCNS(C)(=O)=O)o1,0
CC1CC1C(=O)OCC(=O)Nc1cccc(F)c1,0
CCCCN1CCNC[C@H]1Cc1ccc(O)cc1,0
NCCN1C(=O)S/C(=C\CCc2cccnc2)C1=O,0
CCCN1C[C@H]2OC[C@@H]1C[C@]2(O)c1ccccc1OC,0
CC(C)N1CCN(C(=O)c2ccc(CN(C)C)cc2)CC1,0
CCC(=O)NC(C)C(c1cccs1)N1CCOCC1,0
CC(C)=CCO[C@H]1COCC[C@@H]1NC(=O)c1c(C)noc1C,0
CS(=O)(=O)CCC(=O)NC1(c2ccccc2)CCCC1,0
CCCCNC(=O)C(=O)c1cn(C)c2ccccc12,0
COCCN1CC(=O)c2sc(NC(C)C)nc2C1,0
O=C(O)c1ccc(C(=O)N(C[C@H]2CCCO2)C2CCCC2)cn1,0
CC(C)n1nc(C(=O)NCCN2CCOCC2)c2ccccc21,0
O=C(COC(=O)/C=C/c1ccc(F)cc1)NCC1CCCO1,0
C=CCn1c(SCc2ccccc2)nc(O)cc1=O,0
O=C1CN(C(=O)CN2CCCCCC2)CCN1CCc1ccccc1,0
COc1ccc(C(=O)c2c[nH]c(C(=O)NCC3CCCO3)c2)cc1,0
CCCn1c(C)nc2c(NCCN3CCCCC3)nc(C)nc21,0
COc1cccc(C(CO)NC(=O)Cc2cccc(C)c2)c1,0
CCCC[C@H](NC(=O)OC(C)(C)C)C(=O)C(=O)NC(C)(C)C,0
Cn1cc([C@H]2CN(C/C=C/c3ccccc3)C[C@H]2CC(=O)O)nn1,0
Cc1ccc(S(=O)(=O)N2CC(OC[C@H]3CCOC3)C2)cc1Cl,0
COc1ccc(OC)c(CNC(=O)CNC(=O)c2ccc(C)cc2)c1,0
CS(=O)(=O)N(CCOc1ccc(F)cc1)c1cccc(C#N)c1,0
CCCS(=O)(=O)N1CCc2ccc(NC(=O)C3CCCO3)cc2C1,0
CCN(CC)S(=O)(=O)c1cc(-c2ccc(=O)[nH]n2)cc(C)c1C,0
O=C(CCN1CCOCC1)c1ccc(-c2ccccc2)cc1,0
Sc1nccn1CCCCc1cccs1,0
c1ccc(CCCN2CCN(c3ccncc3)CC2)cc1,0
COc1ccc(C(=O)NCCSc2ccccc2)cc1,0
COC1(CNC2CC(c3ccc(F)cc3)C2)CCOCC1,0
COc1cc(CC/C=C/C(=O)N2CCCCC2)ccc1O,0
CCOC(=O)C1(c2ccccc2)CCN(CC(F)F)CC1,0
COC(=O)C1C=CC(C)C(CCOc2ccccc2)O1,0
COc1cccc(OCCc2c(C)n[nH]c2C)c1.Cl,0
CN1CC=C(c2nsnc2SCCCF)CC1,0
O=S(=O)(NC(CO)Cc1ccccc1)c1cc(Cl)ccc1F,0
COc1cccc(CC(=O)OCC(=O)NC2(C#N)CCCCC2)c1,0
COc1nccc2c(NS(=O)(=O)C[C@H](C)OC)cccc12,0
O=C(COc1ccc(S(=O)(=O)N2CCCCC2)cc1)N1CCCC1,0
CC(C)CN1CC[C@H](CNC(=O)c2ccc(NC3CCC3)nc2)C1,0
COc1ncncc1NC(=O)N[C@@H](Cc1ccccc1)C1CC1,0
CCOCCCNc1nc2ccccc2n2c(CC)nnc12,0
Cc1ccc(CN(C)C(=O)CN2CCCC2c2cnn(C)c2)cc1,0
O=C(CN1CCOCC1)N/N=C/C(Br)=C\c1ccccc1,0
O=C(COc1cccc2c1CCC2=O)NCCOc1ccccc1,0
CC(NC(c1cccc(C(F)(F)F)c1)C1CC1)C(=O)N(C)C,0
O=C(/C=C/C[C@H]1CC=CC(=O)O1)CCc1cccc(O)c1,0
O=C(O)Cn1ccc2cc(OCc3ccccc3)ccc21,0
COCC1CCN(C[C@H](O)c2cccc3ccccc23)CC1,0
CC(C)c1ccc(C2SCC(=O)N2CCCN(C)C)cc1,0
Cc1cc(CNC(=O)COc2ccccc2)c2ccccc2n1,0
CC(SCc1ccccc1)C(=O)NN=C1CCN(C)CC1,0
COc1ccccc1CN(Cc1cccnc1)CC1CCCO1,0
CCCCCCC1/C(=N/O)CCC1C(=O)OC,0
C#CCNC(=O)CCCCC1CCSS1,0
Cc1ccc(OCC(=O)NCC2CCCO2)c(C)c1,0
CN(Cc1cccc(F)c1)C(=O)CN1CCCCC1Cn1cncn1,0
C/C(=N/NC(=O)CNC(=O)c1ccco1)c1ccc(Cl)cc1,0
COC(=O)c1ccc(CNC2CC(=O)N(Cc3cccc(F)c3)C2)cc1,0
COc1ccc(CCNC(=O)C(=O)Nc2ccccc2)cc1,0
CSc1ccc(Cc2nn(CN3CCN(C)CC3)c(=S)o2)cc1,0
c1cncc(CO[C@H]2CN(Cc3ccco3)[C@@H]3COC[C@H]23)c1,0
COc1ccc(/C=C/C(=O)N/N=C/c2ccccc2O)cc1OC,0
Cc1cccc(NC(=O)C(=O)NCCCc2ccccc2)c1,0
O=C1CCN(Cc2ccccc2)CCN1CCOc1ccccc1,0
Cc1cccc(CCNCc2cnc3cccc(C)n23)n1,0
CC(=O)c1cccc(OCC(=O)NC2CCCCCC2)c1,0
N#Cc1ccc(-c2ccncc2)nc1SCCN1CCCCC1,0
COc1cccc(CCN2CCN(c3ccccc3OC)CC2)c1,0
COc1ccc(CCc2ccccc2CC(=O)O)cc1,0
CCCNC(=O)COc1ccc(-c2ccccc2)nc1,0
CCCN1CCCC(C(=O)OCC)(c2ccc(O)cc2)C1,0
Cc1ccccc1CC1(COc2cccnc2)CCCNC1,0
Cc1ccccc1-c1nc(CNC[C@@H]2CCCO2)co1,0
COCCN1CCC[C@@]2(CCN(C/C(C)=C/c3ccco3)C2)C1,0
COCC(C)Nc1ncnc2c1cnn2-c1ccc(C)c(C)c1,0
CCCNC(=O)C1(C)CCCN(CC(=O)c2ccccc2OC)C1,0
Cc1ccc(NC(=O)CSCc2cc(=O)n3ccsc3n2)cc1,0
O=C(CSCC1CC1)N1C[C@H]2CC[C@@H](C1)N(Cc1ccccn1)C2=O,0
CC(C)[C@H]1CN(Cc2ccccc2C#N)C[C@@H]1NC(=O)C1CCOCC1,0
COc1ccc(C[C@@H](O)c2cc(OC)c(OC)c(OC)c2)cc1O,0
COCCOC(=O)C1=C(C)NC(=O)NC1c1ccc(Cl)cc1,0
Fc1cc(F)cc(NC(S)=NCCCN2CCOCC2)c1,0
O=C(COc1ccccc1)N1CCC[C@]2(C[C@H](OCC3CC3)CO2)C1,0
CC1CCN(c2ccnc(NCCc3ccccn3)n2)CC1,0
CCOc1ccccc1C=NN=Cc1ccccc1O,0
CCCCN1CCCN(C)[C@@H](Cc2ccccc2)C1,0
Clc1ccc(Cl)c(SCCCN2CCNCC2)c1,0
C=CC(=O)Nc1cccc(CC(=O)CCCC)c1,0
CCC(CC)CNC(=O)N(C)C(C)c1ccccn1,0
CC(=O)NCCc1nc2ccccc2n1CCc1ccccc1,0
FC(F)(F)Cn1nc(C2CC2)nc1CCc1ccncc1,0
O=C(CCC(=O)c1ccccc1)NCCc1ccccc1,0
CN(C)CCOP(=O)(O)Cc1ccc(Br)cc1,0
CCCCC[S+]([O-])C1=CC(=O)c2ccccc2C1=O,0
CC(=O)Nc1ccc(C(=O)OCC(=O)N(C)C2CCCCC2)cc1,0
CCc1nc(CC(=O)N2CCC(C(=O)N(CC)CC)CC2)cs1,0
C=CCN1CCN(C(=O)[C@H](C)Oc2cccc3ccccc23)CC1,0
CCC(C)NC(=O)CCNS(=O)(=O)c1ccc(Br)cc1,0
CCCN1CCC(CC(=O)N2CCC(C(O)c3nccn3C)CC2)CC1,0
CC(C)NC(=O)CC1COC2(CCN(Cc3cccnc3)CC2)C1,0
CC(C)c1cnc(CN(C)C2CCN(CCc3ccncc3)C2)o1,0
c1cc(CN2CCCn3cnc(COCC4CC4)c3C2)ccn1,0
COc1ccc(CNC(=O)CCCc2cccs2)cn1,0
Cc1nc2nc(Sc3ccccc3)cnc2cc1NC(=O)CN(C)C,0
CCCc1ccc(CN[C@@H](C(=O)O)c2ccnn2C)s1,0
COc1ccc(N2CC(NC(=O)COc3ccccc3)CC2=O)cc1OC,0
CC(CNC(=O)N[C@@H](C)C(=O)N(C)C)Cc1cccs1,0
COc1ccc(N2CCN(CC(O)COc3ccc(F)cc3)CC2)cc1,0
CCCN(Cc1ccsc1)S(=O)(=O)c1cnn(C)c1,0
COCCn1c(SCC(=O)NC2CCCC2)nc2ccccc2c1=O,0
N#CCOC(=O)[C@H](Cc1ccccc1)NC(=O)c1ccccc1,0
CCOC(=O)/C(C#N)=C/c1cn(CCC(=O)O)nc1-c1ccccc1,0
CCOc1cccc(C(C)NCC(=O)N2CC(C)OC(C)C2)c1,0
Cc1cc(CNC(=O)NCCCC(=O)N2CCc3ccccc32)no1,0
COc1ccc(CC(OC(=O)/C=C/c2ccc(F)cc2)C(=O)O)cc1OC,0
c1ccc(-c2ccccc2OCCOCCN2CCNCC2)cc1,0
Cc1ccc(OCC(=O)Nc2ccccc2C(=O)NC2CC2)cc1,0
CCC[C@@H]1CN(Cc2cc3c(cc2OC)OCO3)C[C@H]1C(=O)O,0
CNS(=O)(=O)c1cccc(C(C)NCc2ccc(C)o2)c1,0
Nc1ccc(CCCCN2CCN(c3ccccn3)CC2)cc1,0
COc1ccc(-c2cn(CC(=O)NCc3ccccc3)nn2)cc1,0
O=C(NCCOc1ccccc1)c1ccccc1NC(=O)C1CCCO1,0
CCOC(=O)c1c(C)[nH]c(C(=O)C(Cc2ccccc2)N(C)C)c1C,0
O=C1CSCN1CCCCN1CCN(c2ccc(Cl)cc2)CC1,0
O=C1C[C@H](CNCc2ncc(Cl)s2)CN1C1CC1,0
c1c2c(nn1CC1CCOCC1)C(CNC1CCOCC1)OCC2,0
O=C(CCCCc1cn(Cc2ccc(F)cc2F)nn1)NO,0
CCCOCC1CCN(C(=O)Cn2cccc(C(F)(F)F)c2=O)C1,0
O=C(C[C@H]1CCC2(CCOCC2)CO1)NCC1(CO)CCCC1,0
CN(C)CCOc1cc(N2CCCN(C)CC2)cc(F)c1F,0
CC(C)C[C@@H](CO)N1CCN(Cc2cccc(C#N)c2)CCC1=O,0
CCCCNC(=O)/C(=C/c1ccco1)NC(=O)c1ccco1,0
CC(Oc1ccc([S+](C)[O-])cc1)C(=O)OC1CC2CCC(C1)N2C,0
CC(=O)N[C@H](C(=O)NCc1ccccc1)c1ccco1,0
CCOc1ccc(C(=O)CCN2CCCCC2)cc1,0
Oc1cccc(-c2ccc(OCCN3CCOCC3)cc2)c1,0
CN(C)Cc1cccc(CNc2ncccc2C#N)c1,0
COc1ccc(C(CN(C)C)C2(O)CCCCC2)cc1OC,0
C=CCN(C)Cc1coc(-c2ccc(OC)cc2)n1,0
CCO[C@H]1CC(NCc2ccccc2OC)[C@@]12CCCO2,0
COc1ccc(Cl)cc1CNCCCn1ccnc1,0
CC[N+]1(CC)CCN(c2ccc(OC)cc2OC)CC1,0
CCOc1ccc(C2CC(=O)CC(=O)C2)c(OCC)c1,0
Cc1ccccc1OCCNC(=O)c1ccco1,0
CC(=O)NCC(c1cccs1)S(=O)(=O)c1ccc(F)cc1,0
COc1cccc(NC(=O)COc2cccc3c2CCNC3=O)c1,0
CCCCCn1c(=O)n(CC(=O)NC(C)(C)C)c(=O)c2c(C)cccc21,0
CC(C)C(NS(=O)(=O)c1cccs1)C(=O)NCc1ccccc1,0
CC(C)(C)COc1ncccc1/C(=N/O)NCC1CCCO1,0
CCOCCC(=O)N1CCN(c2ccc(F)cc2)CC1,0
CN(C)CCN1C(=O)CCCC12CCCN(Cc1ccc[nH]1)C2,0
COc1ccc(/N=C/c2ccc(S(N)(=O)=O)cc2)cc1OC,0
COc1ccc2nc(C)cc(-n3cc(CNC4CC4)nn3)c2c1,0
CCN1CCCC[C@H]1C(=O)NCc1ccccc1CN1CCOCC1,0
C=CCN(CC=C)CC(Cn1cncn1)c1ccc(Cl)cc1Cl,0
CCCCN(CCO)CCC(=O)c1ccc2c(Cl)cccc2c1,0
CCCCCCCCN1c2nccc[n+]2C[C@@]1(O)c1ccc(F)cc1,0
CCN(CCO)CCC(c1ccccc1)c1ccccc1,0
CCCc1nc2ccccc2c(NC(=O)CN(CC)CC)c1CC,0
O=C(O)CCCC(=O)N(Cc1ccccc1)Cc1ccccc1,0
CC(COc1ccccc1)N1CCC(CO)(CCc2ccccc2)CC1,0
CCCCCCC1OC(OC(C)C)C=C(CN2CCCCC2)C1=O,0
c1cc(CN2CCCCC2)cc(OCCCNc2nccs2)c1,0
CCCCCCCC[n+]1cccc(C(=O)N(CC)CC)c1,0
CCOC(=O)COc1ccc(-c2ccc(OCCN(C)C)cc2)cc1,0
CCC(C)[C@H]1CNCCN1CCCc1cc(OC)c(OC)c(OC)c1,0
COCCCCn1cc(C(C)N(C(=O)C2CCNC2)C2CC2)c2ccc(C)nc21,0
COCc1ccc(CN2CCCC(CCC(=O)NCc3cccc(OC)c3)C2)o1,0
c1ccc(C(CCNCCCCc2c[nH]cn2)c2ccccn2)nc1,0
COc1ccc(CCN(C)C(C(=O)O)c2ccc(F)c(C)c2)cc1OC,0
CCCCc1nc2cc(/C=C/C(=O)NO)ccc2n1CC(C)(C)CN(C)C,0
COc1cc(OC)c(C(=O)CCCN2CCCC(C)C2)c(OC)c1,0
COc1ccc(CCN2CCN(CCCc3ccccc3)CC2)cc1OC,0
O=C(N[C@H](Cc1ccccc1)C(=O)O)c1cccc(OCc2cccnc2)c1,0
COc1ccc(C#N)cc1S(=O)(=O)N(Cc1ccccc1)Cc1ccccc1,0
CCn1c2ccccc2c2cc(NS(=O)(=O)c3cc(OC)ccc3OC)ccc21,0
COc1ccc(C(=O)N[C@@H](CC(=O)O)c2ccc(C)cc2)nc1-c1ccc(F)cc1,0
CCc1nc(N[C@H](C(=O)O)C(C)CC)c2oc3ccccc3c2n1,0
COc1ccc(C(=O)N[C@@H](CC(=O)O)c2ccc(C)cc2)nc1-c1cccc(C)c1,0
O=C(NCc1ccccc1)c1cccc(NS(=O)(=O)c2cccc3cccnc23)c1,0
CN(C)C(c1ccccn1)[C@H]1CC[C@H](CNC(=O)C2CCCC2)CC1,0
O=C(COC(c1ccccc1)c1ccccc1)Nc1nccs1,0
CO/N=C(\C)c1ccc(OCCC2CCN(c3ccc(C)nn3)CC2)cc1,0
COc1ccc2ccoc2c1OCCNC[C@@H]1COc2ccccc2O1.Cl,0
CN(C)CCOC(=O)CCCn1c2ccccc2c2nc3ccccc3nc21,0
CC(C)[C@H](C)N(Cc1ccco1)C(=O)CCn1nnc2ccccc21,0
CCN1CCN(Cc2ccc(/C=C/C(=O)c3ccc(OC)cc3)cc2O)CC1,0
CCCCC(OC(=O)c1ccco1)C(=O)NCc1ccc(C)cc1,0
COc1ccc(C(=O)/C=C/c2ccc(O)c(O)c2)c(OC)c1OC,0
COc1cc(CNCCN2CCC(Cc3ccccc3)CC2)ccc1O,0
CCc1nnc(SCC(=O)Nc2ccccc2)nc1CC,0
Cc1cncc(C(=O)N2CC[C@H](OCCCc3ccccc3)C2)c1,0
O=C(Cn1cncn1)N[C@@H](Cc1ccc(Cl)cc1)c1ccccc1,0
Cc1cnsc1C(c1ccc(C(C)C)cc1)N1CCN(CCCO)CC1,0
CCOCCC1(CN=C(N)N2CCCCC2)CCCC1,0
CCOc1ccccc1C(=O)NCc1ccnc(-c2cnn(C)c2)c1,0
CCC(C)CC(=O)Nc1cnn(Cc2c(C)noc2C)c1,0
COc1cc(F)cc(OC2CCNCC2)c1NC(=O)C1CCC1,0
CC1COCCN1C(=O)COc1ccc(Oc2ccccn2)cc1,0
Cc1ccc(C)c(OCCc2nnc(NC(=O)[C@H]3CCCN(C)C3)s2)c1,0
CCCC(C)C1CCCN1c1cc(-n2cccn2)nc(N)n1,0
CSCc1cc(F)ccc1CNC(=O)N1CCC(CO)CC1,0
Cc1nc(COc2ccc(Cl)cc2OC2CNC2)cs1,0
O=C(Nc1ncccc1O)c1ccc(OCC2CCCO2)cc1,0
COc1ccc([C@H](C)Nc2cnn(C)c2)cc1Cn1cccn1,0
CCO/C(O)=C(C#N)/C=N/c1ccsc1C(=O)OC,0
CCC[C@]1(COC)CCCN1C(=O)Cc1ccc(C)nc1,0
CC(C)c1nn2c(=O)cc(COC(=O)Cc3ccccc3)nc2s1,0
CC(OCC1CCCO1)C(=O)N1CCCCC1C(O)c1ccccc1,0
CCOCC(=O)Nc1ccc(N2CCCC2)c2ncccc12,0
COc1ccc(CN2CCO[C@H](COc3ccccc3)C2)cc1OC,0
COc1ccc(CC(=O)c2ccc(OC)c(OC)c2)cc1,0
COc1cc(-c2cn(C)c(=O)c3cccnc23)cc(OC)c1CN(C)C,0
Cc1cnn(CC2CCCN2C(=O)CCc2ccsc2)c1,0
CNCc1ncnn1C,0
COC1C=CC(O)C(CO)O1,0
CCCn1c(N)cc(=O)n(C)c1=O,0
CCCOS(N)(=O)=O,0
NC[C@@H](F)C[PH](=O)O,0
C#CCO[C@@H]1C=CC(=O)[C@@H](CO)O1,0
O=C(O)C[C@H]1CN[C@@H]1C(=O)O,0
CCCNc1cc(=O)n(C)c(=O)n1C,0
N[C@@H](CCl)C(=O)O,0
OCCN1CCOCC1,0
CCOC(=O)c1cc(-c2csc(COc3ccccc3Cl)n2)on1,0
Cc1nn(-c2cccc(N)c2)c2oc3cc(OCCc4ccccc4)ccc3c(=O)c12,0
O=C(NCc1ccc(F)cc1)N1CCN2C(=O)OC(c3ccccc3)(c3ccccc3)[C@@H]2C1,0
Cn1nc(-c2ccco2)cc1-c1ccc(C(=O)Nc2c(F)cncc2F)s1,0
Cc1cccc(-n2cc(COc3cccc(-n4c(C)nc5ccccc5c4=O)c3)nn2)c1,0
CCCOc1ncccc1-c1ccc2c3[nH]ncc3c(=O)n(CC(F)(F)F)c2c1,0
C[C@H]1CN(c2ccc(C#N)cn2)CCN1c1nnc(Cc2ccccc2)c2ccccc12,0
Cc1nnc(O)c2c(NC(=O)CSc3c(Cl)cccc3Cl)oc(C)c12,0
CC(=O)Nc1ccc2nc(Sc3ccc(/C=C4\SC(=O)N(C(C)C)C4=O)o3)[nH]c2c1,0
COc1ccc([C@@]23CC[C@@H](NC(=O)Nc4ccc(F)c(F)c4)C[C@@H]2N(C)CC3)cc1C#N,0
C[C@@H]1CC[C@@H](Oc2cc(-c3ccccc3)ccn2)CN1C(=O)c1ccccc1-n1nccn1,0
Cc1cnsc1-c1ccccc1Oc1ccc(S(=O)(=O)Nc2nccs2)cc1F,0
Cc1cccc(CN(C)c2ncnc3[nH]c(-c4ccc(C(=O)O)c(F)c4)cc23)c1,0
COc1ccc(COc2ccc(-c3nn(CC(F)(F)F)cc3-c3ccncc3)cc2)nc1,0
COc1cccc(OC)c1C(=O)Nc1ccc2c(c1)OCC(=O)N2Cc1ccccc1Cl,0
CC(=O)Nc1ccc(-c2nc([C@H]3CCCCN3C(=O)COc3ccccc3)cs2)cc1,0
CCc1cc(C(=O)N(Cc2ccc(Oc3ccc(SC)cc3)cc2)C(C)=O)n(C)n1,0
CCC(NC(=O)NCc1ccccc1S(=O)(=O)N1CCCCC1)c1ccc(Cl)cc1,0
c1ccc(COc2ccc(-c3cnc4nnc(Cc5c[nH]c6ccccc56)n4n3)cc2)cc1,0
Cc1cccc(CN2CCC(C(=O)Nc3ccc(-c4nc5ccccc5[nH]4)cc3)CC2)n1,0
COc1cccc(C(=O)c2[nH]c3ccccc3c2NC(=O)c2cc(OC)c(OC)c(OC)c2)c1,0
CCOC(=O)c1cc(-c2ccc(OC)cc2)nn1CC(O)COc1ccc(Cl)cc1,0
CCOc1ccc(NC(=O)CC2C(=O)N(c3ccc(OC)c(Cl)c3)C(=S)N2C2CC2)cc1,0
Cc1cc(C#N)cc(C)c1Oc1nc(Nc2ccc(C#N)cc2)ncc1SCC(=O)C(=O)O,0
COc1cc(CC2CCC2)c(F)cc1-n1c(=O)ccc2cc(S(=O)(=O)Nc3ccon3)ccc21,0
COc1ccc(Cn2cnc3c(-c4ccco4)nc(OCc4ccccc4)nc32)cc1,0
O=C(NCc1noc(-c2c3ccccc3nn2CCc2cccs2)n1)c1ccccc1,0
COC(=O)c1nc(-c2csc([C@@H](NC(=O)CC=C(C)C)C(C)C)n2)oc1C,0
COc1ccc(CC(=O)Nc2cccc(-c3nnc(-c4ccccc4)o3)c2)cc1OC,0
CCCCn1nnnc1C(c1cc2ccccc2o1)N1CCN(C/C=C/c2ccccc2)CC1,0
COc1ccc(CNc2nnc(N3CCC(O)CC3)c3ccc(C#N)cc23)cc1Cl,0
N#CCC(CNc1ncc(C(F)(F)F)cc1Cl)OC(=O)c1cccc([N+](=O)[O-])c1,0
COc1ncccc1C(=O)Nc1cc(C#N)ccc1N1CCN(C(C)c2ccc(F)cc2)CC1,0
CC(C)NC(=O)N(C)c1cnc2ccc(-c3ccc(OCCN4CCCCC4)nc3)cc2n1,0
CN(C)c1ccc(/C=C/C(=O)NNCc2nc3ccccc3c(=O)n2-c2ccccc2Cl)cc1,0
COc1ccc2nc(/C=C/c3ccc([N+](=O)[O-])cc3)n(-c3ccc(C(=O)O)cc3)c(=O)c2c1,0
CN(C)c1ccc(-c2nc3c(c(Nc4ccc(CC(=O)O)cc4)n2)SCCC3)cn1,0
CN(C)CCN1C(=O)c2cccc3cc(NC(=O)Nc4ccc(C#N)cc4)cc(c23)C1=O,0
COc1ccc(C(=O)N[C@@H](CC(=O)O)c2ccccc2C)nc1-c1ccc(C)o1,0
Cc1onc(-c2ccccc2)c1-c1ccnc(NCCNC(=O)OC(C)(C)C)n1,0
Cn1c(SCc2cccc(/C(N)=N/OC(=O)c3ccc(Cl)cc3)c2)nnc1C(F)(F)F,0
Cc1cccc(C)c1OCc1nc2ccccc2c(=O)n1/N=C/c1ccc(OCC(=O)O)cc1,0
C=CC(=O)N1CCC(Oc2cc3c(Nc4ccc(F)c(C)c4)ncnc3cc2OC)CC1,0
CONc1nc(Cc2c(Cl)cccc2Cl)nc(Nc2ccc(C#N)cc2)n1,0
CCc1ccc(NC(=O)CSc2ncc(S(=O)(=O)c3cc(C)ccc3C)c(=O)[nH]2)cc1,0
COc1ccc(Cc2nnc(NC(=O)Nc3ccccc3F)s2)cc1OC,0
COc1ccc(OCc2cn(Cc3cc(=O)oc4ccc(Br)cc34)nn2)cc1,0
C#CCNC(=O)[C@@H](C)Oc1cc(F)ccc1Nc1ncnc2cc(N=S(C)(C)=O)cc(C)c12,0
CC(=O)N1c2ccccc2SC1c1cc([N+](=O)[O-])ccc1OCCCN(C)C,0
CC1CN(c2ccc([N+](=O)[O-])c(NCCOc3ccc(Cl)cc3)c2)CC(C)N1,0
COc1ccc(C(C(=O)NC2CCCCC2)N(C(=O)c2ccccn2)c2cccnc2)cc1,0
CCOC(=O)c1nc2cc(C(F)(F)F)ccc2nc1Nc1ccc(OC)c(OC)c1,0
Cc1c(-c2ccccc2)noc1-c1nc(-c2ccc(CN3CC(C(=O)O)C3)cc2)no1,0
COc1cc2nc(N3CCN(C)CC3)cc(NC3CCN(Cc4ccccc4)CC3)c2cc1OC,0
CN1CCN(c2nc(NCc3ccc(NC(=O)c4ccncc4)cc3)c3ccccc3n2)CC1,0
COc1ccc(CCNC(=O)Cc2c(C)c3c(cc(C)c4c(C)coc43)oc2=O)cc1OC,0
CC(C)c1csc(-c2nn(CN3CCOCC3)c(=S)n2/N=C/c2ccc(N(C)C)cc2)n1,0
Cc1ccc(OC[C@](C)(O)C(=O)Nc2ccc([N+](=O)[O-])c(C(F)(F)F)c2)cc1,0
COc1ccc(-c2noc(-c3ccc(=O)n(CC(=O)Nc4ccc(C)c(Cl)c4)c3)n2)cc1,0
COc1ccc(/C=N/n2c(Cc3ccc(SC)cc3)nn(CN3CCOCC3)c2=S)cc1,0
Cc1ccc(Cn2cc(CSc3nnc(-c4cccnc4)o3)nn2)cc1,0
CCN1CCOc2ccc(-c3ccc(C(/C=C4\OC(=O)NC4=O)(CC)CC)c(=O)[nH]3)cc21,0
O=C(O)c1ccccc1C(=O)c1ccc(Nc2nccs2)c([N+](=O)[O-])c1,0
O=C(Cn1cnc2ccccc2c1=O)N(Cc1ccco1)c1ccc(O)cc1,0
Cc1nnc(SCC(C)(O)C(=O)Nc2ccc([N+](=O)[O-])c(C(F)(F)F)c2)s1,0
COc1cc(N2CCN(C(=O)Cn3nc(C(F)(F)F)c(C#N)c3C)CC2)ccc1Cl,0
CN1CCN(c2cccc(Nc3nnc(-c4cc(C#N)cs4)o3)c2)CC1,0
CCNC(=O)Nc1nc2cc(-c3cccnc3)c(O[C@@H]3CCOC3)nc2s1,0
CCOc1ccc2nc(NC(=O)CSc3nc4cccnc4n3C)sc2c1,0
CC1(Cn2nc(-c3ccc4nc(OC5CC5)ccc4c3)c3c(N)ncnc32)COC1,0
O=C(Nc1cc2cc(-c3cnn4c3CCNC4)ccc2cn1)c1ccc(OC(F)F)cc1,0
Cc1cc(Oc2c(C(F)(F)F)ccn(Cc3n[nH]c(=O)n3C)c2=O)ccc1-c1cccc(F)c1,0
Cc1ccc(S(=O)(=O)NC(/C(=C/c2ccoc2)[N+](=O)[O-])c2ccccc2)cc1,0
CS(=O)(=O)c1ccc(OCc2nnc3sc(-c4ccccc4Cl)nn23)cc1,0
Cn1c(N2CCO[C@@H](c3ccc(Nc4ccccn4)cc3)C2)nc(-c2ccncc2F)cc1=O,0
CCOP(=S)(OCC)O/C(=N\N=C1/C(=O)Nc2ccccc21)c1ccccc1,0
COc1ccc(Cn2nnnc2CN2CCC(c3nc4ccccc4s3)CC2)cc1,0
CCC(C)n1c(=O)c2sccc2n2c(CCCC(=O)Nc3ccc(F)cc3)nnc12,0
Cc1nc([C@@H]2C[C@H]2c2nc3ccccc3n2Cc2ccncc2)cc(-n2nc(C)nc2C)n1,0
O=C(OC(C(=O)NCc1ccc2c(c1)OCO2)c1ccc(Cl)cc1)c1ccco1,0
Cc1cc(NS(=O)(=O)c2ccc(NC(=O)COc3c(C)ccc(C)c3C)cc2)nc(C)n1,0
COc1ccccc1N1CCN(CCCCn2cnc3c(cnc4ccc(C)cc43)c2=O)CC1,0
C#CCn1c(=O)c(/C=C/C(=O)/C=C(O)/C=C/c2ccc(O)c(OC)c2)cc2cc(OC)ccc21,0
COCCCn1cnc2c(-c3ccccc3)cn(CC(=O)Nc3ccc(C)c(F)c3)c2c1=O,0
CN(C)CCCNc1onc2c1C(=O)/C(=N\c1ccc(C(F)(F)F)cc1)C=C2O,0
COc1ccc([C@@H]2[C@@H](c3ccc(F)cc3)C(=O)N2c2cc(OC)c(OC)c(OC)c2)cc1N,0
CCOC(=O)CCCn1c2c(c(C)c1-c1ccccc1)C1=NC(=O)CN1C(SC)=N2,0
Cc1cccc(-c2nn3c(c2-c2ccnc4ccc(C(=O)NCCN(C)C)cc24)CCC3)n1,0
COc1ccc2nc(-c3cn(C)c4ccc(C(=O)c5cc(OC)c(OC)c(OC)c5)cc34)[nH]c2n1,0
COc1cc(/C=N/NC(=O)c2cn(Cc3ccccc3)c3ccccc23)cc(OC)c1OC,0
CCn1ncc(CN2CCC(n3nccc3NC(=O)c3ccccc3Cl)CC2)c1C,0
C[C@H](Nc1nccc(N2C(=O)OC[C@@H]2[C@H](C)F)n1)c1ncn2c1COc1cc(C3CC3)ccc1-2,0
COC(=O)c1ccc(NC(=O)CSc2nncnc2-c2cccc3ccccc23)c(Br)c1,0
Cc1cc2c(CC(=O)O)cccc2n1C(=O)c1ccc(OC[C@H]2COc3ccccc3O2)cc1,0
CCn1cc(C(=O)O)c(=O)c2cc(F)c(N3CCN(c4ccccc4OC)CC3)c(C(F)F)c21,0
COc1cc2ncnc(-c3c[nH]c4cc(F)c(Cl)cc34)c2cc1OCCCN1CCOCC1,0
COc1cccc(Nc2ccc(C)c(N(CC(=O)O)S(=O)(=O)c3c(C)cc(C)cc3C)c2)c1,0
COc1ccc(CN2Cc3cc(NC(=O)c4cccc(OC)c4)ccc3O[C@@H](C)C2=O)cc1,0
CCOC(=O)N1CCC(n2c(SCC(=O)c3ccccc3)nc3ccsc3c2=O)CC1,0
C[C@H]1C(=O)NC[C@@H]1C(=O)Nc1cc(-c2cccc(OCC(F)(F)F)c2)n(-c2ccccc2Cl)n1,0
COc1ccc(CN2C(=O)C[C@@H](c3ccccc3)[C@H]([N+](=O)[O-])[C@H]2c2ccc(O)cc2)cc1OC,0
O=C(Cc1ccc(Cl)cc1)NC(NC(=O)Cc1ccc(Cl)cc1)c1ccc([N+](=O)[O-])cc1,0
CN(C)CCNC(=O)c1ccc(-c2cnc3c(Nc4cccc(C(F)(F)F)c4)nccn23)cc1,0
CC(C)(c1ccc(S(=O)(=O)Nc2ccc(Cl)cc2C(=O)c2cccnc2)cc1)c1ncco1,0
N#Cc1ccc(Cl)cc1-c1ccn(C(CC2CC2)C(=O)Nc2ccc(-c3nnn[nH]3)cc2)c(=O)c1,0
Cl.O=[N+]([O-])c1ccc2c(c1)c(OCCCN1CCCCC1)nn2Cc1ccccc1,0
Cc1c(C#N)c(NC(=O)COC(=O)c2cc(Cl)c3c(c2)OCCCO3)n(Cc2ccco2)c1C,0
Cc1cc(C#N)cc(C)c1Oc1ccnc(NC2CCN(CC(=O)Nc3ccc(F)cc3)CC2)n1,0
Cc1cc(C)cc(N(C(=O)c2csnn2)C(C(=O)NC2CCCCC2)c2ccncc2)c1,0
Cc1cc(C)n2nc(SCc3nnc(SCc4cc(=O)oc5cc(O)cc(C)c45)s3)nc2n1,0
Cc1cc(C(=O)COC(=O)c2ccccc2S(=O)(=O)N(C)c2ccccc2)c(C)n1C1CC1,0
Cn1nc(C(=O)NCCc2ccccc2)c2c1-c1nc(Nc3ccccc3)ncc1CC2,0
CCc1cc(C(=O)N(Cc2ccc(Oc3ccc(OC)cc3)cc2)C(C)=O)n(C)n1,0
Cc1c(NC(=O)/C(=C/c2cccs2)NC(=O)c2ccccc2)c(=O)n(-c2ccccc2)n1C,0
COc1ccccc1NC(=O)CN1CCN(CC(=O)Nc2ccc(Cl)c(C(F)(F)F)c2)CC1,0
COc1cc(C)ccc1OCc1nc(C(=O)NCc2ccc3c(c2)OCO3)cs1,0
CN(CCN1C(=O)c2cccc3cccc(c23)C1=O)CCN1C(=O)c2cccc3cccc(c23)C1=O,0
CC(C)(C)OC(=O)NCCOC(=O)/C=C/C(=O)c1ccc(Oc2ccccc2)cc1,0
COc1ccc(-n2nc(C(C)(C)C)cc2CNC(=O)Cc2ccc3c(c2)OCO3)cc1,0
O=C(/C=C/c1cncc(F)c1-c1cnn(C2CC2)c1)Nc1ccc(CN2CC3CC(C2)O3)cc1,0
CCOC(=O)c1ccc(-c2cc3nccc(-c4cc(OC)c(OC)c(OC)c4)n3n2)cc1,0
CCOc1ccc(C(=O)c2cn(CC(=O)Nc3ccc4c(c3)OCCO4)c3ccc(F)cc3c2=O)cc1,0
CCOC(=O)CN(C(=O)CCCOc1ccc2[nH]c3nc(O)nc-3cc2c1)C1CCCCC1,0
COc1cc(-c2nnc([S+]([O-])Cc3cccc([N+](=O)[O-])c3)s2)cc(OC)c1OC,0
O=C(CN1CCN(Cc2ccccc2)CC1)Nc1ccc([N+](=O)[O-])cc1C(=O)Nc1ccccc1F,0
CCOC(=O)c1c(NS(=O)(=O)c2ccccc2)n(CCCOC)c2nc3ccccc3nc12,0
COc1cc(CN(C)N2C(=O)c3cccc4cc([N+](=O)[O-])cc(c34)C2=O)cc(OC)c1OC,0
CC(C)[C@H]1COC(=O)N1c1ccnc(N[C@@H](C)c2ccc(CN3CCNC4(CC4)C3)cc2)n1,0
COc1cc(S(=O)(=O)N(Cc2ccc(C)cc2)C2CCCCC2)ccc1-n1cnnn1,0
CC(NCC1CCCCC1)c1ccc2nc(CNC(=O)c3cc(=O)n4ccccc4n3)cn2c1,0
N#CCC1(n2cc(C(N)=O)c(Nc3ccnc(F)c3)n2)CCN(Cc2cccc(Cl)c2)CC1,0
COc1cc(F)cc2ccn(CC(=O)Nc3cncc(C(=O)c4cn(C(C)C)c5ncncc45)c3)c12,0
C[C@H](CO)n1cc(C(=O)c2cncc(NC(=O)Cc3cccc(C(F)(F)F)c3)c2)c2cncnc21,0
CCCCCn1c(=O)c(C(=O)Nc2nc(CC(=O)OCC)cs2)c(O)c2ccccc21,0
CCOc1ccc(N(CC(=O)Nc2ccc(F)c(F)c2)S(=O)(=O)c2c(C)noc2C)cc1,0
COc1ccc(S(=O)(=O)c2nc3ccccc3nc2Nc2cc(OC)cc(OC)c2)cc1,0
CC(CN1CCN(c2ncccn2)CC1)NC(=O)c1oc(-c2ccccc2)nc1-c1ccccc1,0
COc1ccc(C(=O)NCc2cc(C(C)C)no2)cc1OC(C)CN(C)C.O=C(O)C(F)(F)F,0
Cc1ccc(C(=O)c2ccccc2C(=O)OCC(=O)Nc2cccc([N+](=O)[O-])c2)cc1,0
CCCCN1C(=O)C2(CCCC2)C(=O)N1Cc1ccc(C(=O)Nc2cccc(C(=O)O)c2)cc1,0
CC(=O)N[C@H](C(=O)N1C[C@H](O)C[C@H]1C(=O)N[C@@H](CCC(C)(C)C)c1ccc(-c2scnc2C)cc1)C(C)(C)C,0
N#CCC1(n2cc(C(N)=O)c(Nc3ccc(S(=O)(=O)C(F)F)cc3)n2)CCC(N2CCC(F)(F)CC2)CC1,0
CCCCn1nc(CN2CCC3(CC2)CN(c2ccc(C(=O)O)cc2)C(=O)O3)c2cc(F)ccc21,0
CC(C)N(C)C(=O)c1cccc(NC(=O)c2ccncc2)c1OCCCN(C)C(=O)OC(C)(C)C,0
CO/N=C(\CN1CCN(c2cc3c(cc2F)c(=O)c(C(=O)O)cn3C2CC2)CC1)c1ccc(Cl)cc1Cl,0
O=C(Cn1ccc2cnc(-c3cccc(OCC(O)CN4CCc5ccccc5C4)c3)nc21)N1CCCCC1,0
COc1cc(C[C@H]2CCCOC2)c(F)cc1-n1c(=O)ccc2cc(S(=O)(=O)Nc3ccon3)ccc21,0
CN(CCO)C(=O)c1ccc(S(=O)(=O)NCCc2c(-c3cc4ccccc4o3)[nH]c3ccccc23)cc1,0
Cc1ccc(NC(=O)CSc2nc3nccnc3c(=O)n2CCc2c[nH]c3ccccc23)c(C)c1,0
CC(C)(C)OC(=O)N1CCN(CCNCc2cc(-c3ccc(CN4CCOCC4)cc3)nc3ccc(F)cc23)CC1,0
CC(NC(=O)c1ccc(CS(=O)(=O)c2ccc(Cl)cc2)o1)c1ccc2c(c1)OCCO2,0
CCCCNS(=O)(=O)c1ccc(NC(=O)c2cc([N+](=O)[O-])ccc2Cl)cc1,0
Cc1cccn2c(=O)c3cc(C(=O)NCc4ccccc4)c(=N)n(CCc4cccs4)c3nc12,0
Fc1ccc(OCC(F)F)c([C@H]2CCCN2c2ccn3ncc(-c4cn[nH]c4)c3n2)c1,0
C=C1CCC2[C@](C)(CO)[C@H](O)CC[C@@]2(C)[C@@H]1CCOC(=O)c1ccccc1[N+](=O)[O-],0
CCc1cccc(N(C(=O)c2csnn2)C(C(=O)NC2CCCCC2)c2ccncc2)c1,0
CCOC(=O)Cn1c(-c2ncsc2NC(=O)c2c(F)cccc2F)nc2ccccc21,0
COc1c(C(=O)NCc2ccc(F)cc2)ccc2nc(-c3ccc([N+](=O)[O-])cc3)n(C)c(=O)c12,0
COc1ccc(-n2c(SCC(=O)NCc3cccs3)nnc2-c2ccoc2C)cc1,0
COc1cc(Nc2cncc(Oc3ccc(C(C)=O)cc3)n2)cc(OC)c1OC,0
COc1ccc(Oc2ncc3nc(-c4ccc(Cl)cc4)c(=O)n(CCC#N)c3n2)cc1,0
COc1ccc(C(=O)N[C@@H](CC(=O)O)c2ccc(C)cc2)nc1-c1cccc(-c2nnc(C)o2)c1,0
COc1cccc(OC)c1-c1cc(NC(C)=O)nc(-c2c(OC)cccc2OC)c1,0
COc1cc(-c2cc3ncccc3c(O[C@H](C)[C@H]3CNC(=O)C3)n2)cc(Cl)c1OC,0
COc1cc2c(cc1OC)CN(CCC(C)c1ccc(Cl)cc1)CC2.O=C(O)/C=C\C(=O)O,0
COc1ccc(S(=O)(=O)N(Cc2ccccc2)c2c(C(=O)NO)cccc2C(F)(F)F)cc1,0
CCOc1ccccc1S(=O)(=O)N1CC(c2nc(-c3cccc(C(F)(F)F)c3)no2)C1,0
COc1ccc(C(F)(F)F)cc1CN(C)C(c1cccnc1)c1nnnn1-c1ccccc1C,0
COc1ccc(CNc2nnc(N3CCC(C(=O)O)CC3)c3ccc(C#N)cc23)cc1Cl.Cl,0
O=C(CCn1cnc2cc(-c3noc(CCC4CCCC4)n3)ccc21)N1CCCCC1,0
COc1ccccc1NC(=O)Cn1c(SCC(=O)Nc2ccc(F)cc2)nc2ccccc21,0
COc1ccccc1NC(=O)CN(c1cc(Cl)ccc1OC)S(=O)(=O)c1ccccc1,0
CC(Nc1nccc(N2C(=O)OC[C@@]2(C)c2ccc(F)cc2)n1)c1cnn(-c2ccc(F)cc2)c1,0
COc1ccc(Cl)cc1NC(=O)Cn1ncc2c3ccccc3n(Cc3ccccc3)c2c1=O,0
CCOC(=O)CN1C(=O)S/C(=C\c2ccc(-c3cc([N+](=O)[O-])ccc3Cl)o2)C1=O,0
O=C(CSc1ncnn1-c1ccc(Cl)cc1Cl)Nc1ccccc1[N+](=O)[O-],0
CCOC(=O)[C@H](O)[C@H](O)c1cccc(-c2ccc(Oc3ccc(C(F)(F)F)c(C#N)c3)cc2)n1,0
COc1ccc(CNc2nc(N3CCC4(CC4)C3)ncc2C(=O)NCc2ccccc2)cc1Cl,0
COc1ccc(C)cc1NC(=O)c1ccc(NS(=O)(=O)c2cccc3cccnc23)cc1,0
CCc1nc2c(OCc3ccccc3C(=O)OC)cccn2c1N(C)C(=O)CC(C)C,0
COc1ccc(C(=O)N/N=C/c2ccc(-c3ccc(Cl)c(C(=O)O)c3)o2)cc1,0
Brc1ccc(OCc2ccc(CN3CCCCC3)cc2)cc1.O=C(O)C(=O)O,0
O=C(NC1CCOCC1)c1ccc(OCc2c(-c3ccccc3)noc2C(F)(F)F)nc1,0
CCOC(=O)C1=CN(C(=O)c2cccc(Cl)c2)C=C(C(=O)OCC)C1c1ccccc1,0
N#Cc1cc(S(=O)(=O)Nc2ccc(F)cn2)ccc1Oc1cc(F)cc(F)c1Cl,0
Cn1cc(NC(=O)[C@@H]2CCCC[C@H]2C(=O)c2ccc(-c3cc[nH]n3)cc2)c(C(F)(F)F)n1,0
COc1ccc(C(=O)NC2CCN(c3nc(C)cc(Nc4ccc(F)cc4)n3)CC2)cc1,0
CC(C)c1cccc(-c2ccc(CO[C@@H]3COc4nc([N+](=O)[O-])cn4C3)cc2)c1,0
Cc1onc(-c2ccccc2)c1C(=O)Nc1ccc(C(=O)OCCCC#N)cc1,0
CCCCCC(=O)N1CC(n2cc(-c3ccc(F)cc3)nn2)C(O)CC1c1ccc(C)cc1,0
Cc1ccc(NC(=O)CSc2nc(O)c(Cc3ccccc3)c(=O)n2-c2ccccc2)cc1,0
CCC1CC(=O)NN=C1c1ccc2nc(-c3cccc(OCCN4CCCCC4)c3)oc2c1,0
O=c1cc(CSc2nc(NCc3ccccc3)c3ccccc3n2)nc2ccc(Cl)cn12,0
O=[N+]([O-])c1ccc(C2CCCC/C2=N/OCc2ccccc2F)c([N+](=O)[O-])c1,0
CCN(C(=O)c1cc2ccccc2o1)c1ccnc(N[C@@H](C)c2ccccc2)n1,0
COc1cc(OCc2ccccn2)ccc1/C=C/c1cc(/C=C/c2cccn2C)[nH]n1,0
FC(F)Oc1ccc(-c2ccnc3cc(-c4cccnc4)nn23)cc1OCC1CC1,0
CCCCOc1ccccc1NC(=O)Cn1c(-c2cncs2)nc2ccccc21,0
N#CCNC(=O)c1ccccc1Sc1ccc2c(/C=C/c3ccccn3)n[nH]c2c1,0
CCOc1ccc2cc(-c3nn(CC4CCN(C(C)C)CC4)c4ncnc(N)c34)ccc2c1,0
COc1ccccc1C(=O)N[C@H](c1nc(-c2nc(C(=O)O)c(C)o2)cs1)C(C)C,0
Cc1cc(C)cc(N(CC(=O)NC2CCC(C)CC2)S(=O)(=O)c2c(C)noc2C)c1,0
CCOC(=O)/C(=N\Nc1ccc(C(C)=O)cc1)c1csc(Nc2ccccc2)n1,0
CN(C)CCCN(Cc1cc2cc3c(cc2nc1O)OCO3)C(S)=Nc1ccccc1,0
O=C(Nc1ccc(N2CCN(Cc3ccccc3Cl)CC2)cc1)c1ccc([N+](=O)[O-])o1,0
COc1ccc(N(CCN(C)C)C(=O)Nc2ccc(-c3ncnc4[nH]cc(C)c34)cc2)cc1,0
CN(C)C(=O)c1cccc(-c2cnc3c(NC=O)cc(-c4ccc(N(C)C)cc4)cn23)c1,0
N#Cc1cc(-c2ccnc(Nc3nccc(C4CCNCC4)n3)c2)ccc1OC1CCOCC1,0
CC(C)CNc1nc(C#Cc2ccccn2)cn2c(-c3ccc(C(=O)NC4CC4)cc3)cnc12,0
c1cncc(-c2ccnc(-c3nnc(Nc4ccc(CN5CCCC5)cc4)o3)c2)c1,0
C#CCSc1nc(Sc2nc(C)cs2)c(C#N)c(-c2cc(OC)c(OC)c(OC)c2)n1,0
Cc1occc1-c1nnc(SCC(=O)Nc2ccc(Cl)cc2)n1Cc1ccco1,0
O=C(O)CSc1nc(SCC(=O)O)nc(-c2c3ccccc3cc3ccccc23)n1,0
N#Cc1ccc(OCc2ccc3nonc3c2)cc1OC(CCC(=O)O)c1ccccc1,0
COc1ccc(OC)c(S(=O)(=O)Nc2cccc(-c3ccc(N4CCCCCC4)nn3)c2)c1,0
COc1cccc(Nc2n[nH]c(-c3cccnc3Oc3cc(OC)cc(OC)c3)n2)c1,0
COc1ccc(OC(=O)NCCCC(C)Nc2cc(OC)cc3cccnc23)cc1,0
CCCC/C(=C\Cn1oc(=O)[nH]c1=O)c1cccc(Oc2ccc(OC)cc2)c1,0
Cc1ccccc1C(Oc1cc(OCc2ccc3c(c2)OCO3)ccc1C#N)C(=O)O,0
CC(C)Oc1ccc(Nc2nc(=O)n(C(C)C)c(=O)n2Cc2ccc(Cl)s2)cc1F,0
Cc1ncc([N+](=O)[O-])n1CCOC(=O)c1ccccc1OCc1ccc(Cl)c(F)c1,0
COc1cc(C(=O)O)ccc1Cn1nnnc1-c1cccc(/C=C/c2ccc3ccccc3n2)c1,0
O=C1OCCCN1C(CCc1ccncc1)COc1ccc(-c2cccc([N+](=O)[O-])c2)cc1,0
COc1ccc(CNC(=O)CCOC(=O)c2cc(-c3ccco3)nc3ccccc23)cc1,0
COc1cc2c(cc1OC)C(CC(=O)NC1CCCCCC1)N(S(=O)(=O)c1ccc(C)cc1)CC2,0
CCN(CC)C(=O)c1ccc(NC(=O)CSc2nnc(-c3cccs3)n2C2CC2)cc1,0
C=C(CN(C)C)C(=O)Nc1cc2c(Nc3ccc(F)c(Cl)c3)c(C#N)cnc2cc1OCC,0
C=CCOC(=O)NCCSc1nc2ccc(NC(=O)[C@H]3CC(=O)c4ccccc43)cc2s1,0
COC(=O)NC/C=C\c1nc(C(=O)Nc2cccc3c2ccn3Cc2ccc(C)cc2)co1,0
COc1ccc(C(=O)N/N=C/c2ccc(OC(=O)c3cccc4ccccc34)c([N+](=O)[O-])c2)cc1,0
CCCCCCCCCCCCCCCCCC(=O)NCCCC[C@H](NC(=O)CN(C[C@H](CC(C)C)NC(=O)CN(C[C@H](CCC(=O)O)NC(=O)CN(C[C@@H](NC(=O)CN(C[C@H](CCCCN)NC(=O)CN(C[C@H](Cc1ccc(O)cc1)NC(=O)CN(C[C@H](CCC(=O)O)NC(=O)CN(C[C@@H](NC(=O)CN(C[C@H](CCCCN)NC(=O)CN(C[C@H](Cc1c[nH]c2ccccc12)NC(=O)CN(C[C@H](CCC(=O)O)NC(=O)CN(C[C@H](Cc1c[nH]c2ccccc12)NC(=O)CN(C[C@H](CCSC)NC(C)=O)S(=O)(=O)c1ccc(OC)cc1)S(=O)(=O)CC(C)C)S(=O)(=O)c1ccc(C(=O)O)cc1)S(=O)(=O)CC(C)C)S(=O)(=O)CCN)[C@H](C)CC)S(=O)(=O)CC(C)C)S(=O)(=O)c1ccc(C(=O)O)cc1)S(=O)(=O)CC(C)C)S(=O)(=O)CCN)[C@H](C)CC)S(=O)(=O)CC(C)C)S(=O)(=O)c1ccc(C(=O)O)cc1)S(=O)(=O)CC(C)C)C(N)=O,0
C[C@]12CC[C@H]3[C@@H](CCC4=CC(=O)CC[C@@]43[C@@H]3CN3)[C@@H]1CCC2=O,0
O=C(OCc1ccccc1)N1CCN(C(=O)c2cc3cc(Br)ccc3[nH]2)CC1,0
O=C(NCCCN1CCC(Cc2ccccc2)CC1)C1CCC(=O)N1C1CCCC1,0
CCCCNC(=O)C(c1cccc(OC)c1)N1C(=O)c2cc(OCCc3cccc(OC)c3)ccc2NC(=O)C1CO,0
CC(=O)N[C@@H](C)c1ccc(O[C@@H]2CCN(c3nc(N4CCOC(C)C4)ncc3Cl)C2)cc1,0
CCOc1cc(F)cc(N(CCO)c2ccc3ncc(-c4cnn(C)c4)nc3c2)c1,0
O=C(O)Cc1c(C(=O)O)n(Cc2cccc(C(=O)O)c2)c2ccccc12,0
CN(C)Cc1cc(-c2c(C3CCCCC3)c3ccc(C(=O)O)cc3n2CC(=O)N(C)C)ccc1Cl,0
CCC(=O)NC[C@@H]1CC1c1cccc2oc(CCCCc3ccccc3)cc12,0
CCO/N=C(\C)C(Cc1ccc(OCc2nc(-c3ccccc3)oc2C)cc1)C(=O)O,0
CN(C)CCCCOC(=O)Nc1cccc(Cn2nc(Nc3ccccc3C(F)(F)F)ccc2=O)c1,0
CCc1nc(-c2ccc(OC)cn2)n(-c2cccc(C(=O)NCCCCc3ccccc3)c2)n1,0
CCCC1(CCC)CC(=O)C(C(CC)c2cccc(NS(=O)(=O)c3cn(C)cn3)c2)=C(O)O1,0
COc1cc(/C=C/C(=O)c2ccc(O)cc2)ccc1OCc1nnc(COc2ccccc2)o1,0
CCOP(=O)(OCC)C1(P(=O)(OCC)OCC)CC(C(=O)c2ccccc2)=NN1,0
CCN(CC)CCCC(C)Nc1cnc(C(=O)Nc2cc(Cl)cc3cccnc23)cn1,0
CC(C)(C)OC(=O)NCCCCCc1nnc(SCC(=O)Nc2cccc(Cl)c2)o1,0
CCn1c(C(=O)NCC(=O)O)ccc1C(CC)(CC)c1ccc(OCC(=O)C(C)(C)C)c(C)c1,0
COc1ccc(CN(Cc2ccco2)C(=O)c2ccccc2F)cc1OCc1nc(CO)cs1,0
CCOc1ccccc1NC(=O)COC(=O)c1ccc(S(=O)(=O)N2CCCC2)cc1,0
CC(C)OC(=O)[C@@H](Cn1cncn1)NC(=O)[C@@H](C)c1cccc(C(=O)c2ccccc2)c1,0
COc1ccc(CNC(=O)NCc2ccc(OC)c(OC)c2)cc1OC,0
CC(C)c1ccc(OCC(=O)Nc2ccc(S(=O)(=O)Nc3ncccn3)cc2)cc1,0
O=C(Cn1cnc2c(NCc3ccccc3)ncnc21)NCCCc1ccccc1,0
C=CCN(CC=C)C(=O)CN1C(=O)NC(C)(c2ccc3cc(OC)ccc3c2)C1=O,0
CC(C)CCn1c(=O)c2sccc2n2c(CCCC(=O)NC(C)C)nnc12,0
CCOc1cc(-c2noc(CCC(=O)Nc3cccnc3)n2)ccc1OC,0
COc1cc2nc(N3CCC(OCCOC4CCCC4)CC3)nc(N)c2cc1OC,0
CCOc1ccc(-c2nnc3ccc(SCC(=O)NCc4ccco4)nn23)cc1,0
CCCOc1ccc(NC(=O)CCCOc2cc3c(cc2OC)C(=O)N2CCC[C@H]2C=N3)cc1,0
CCOC(=O)[C@]12CCCC=C1N(Cc1ccco1)C(=O)[C@H](CC(=O)NCCCCc1ccccc1)C2,0
O=C(CCCCCCn1cc(-c2ccc3ncnc(Nc4ccc(Br)cc4F)c3c2)nn1)NO,0
CC(C)c1c(C(=O)N(C)[C@@H](C)c2ccccc2)nn(-c2ccc(F)cc2)c1CC[C@@H](O)C[C@@H](O)CC(=O)O,0
COc1cccc(C(=O)COc2ccc(/C=C3\SC(=S)N([C@@H](Cc4ccccc4)C(=O)O)C3=O)cc2)c1,0
Cc1ccc(N2CC(O)=C(C(=O)Nc3ccc(OCCCCCCCC(=O)O)cc3)C2=O)cc1,0
C=CC(=O)Nc1cc(Nc2nccc(-n3cc(C)c4ccccc43)n2)c(OC)cc1N(C)CCN(C)C,0
COc1ccc(C(=O)CSc2ncc(C(=O)NCCCc3ccccc3)c(=O)n2Cc2ccccc2)cc1,0
CCC(=O)CCCCC[C@H](NC(=O)[C@H]1CC12CCN(C)CC2)c1ncc(-c2ccc(C)nc2OC)[nH]1,0
O=C(Nc1ccccc1)c1ccc(COc2ccc(CNC(=O)[C@@H]3CCC(=O)N3Cc3ccccc3)cc2)cc1,0
O=C(NC1CCCCC1)NS(=O)(=O)c1ccc(OCCCCN2CCCC2)cc1,0
C#Cc1cccc(Nc2ncnc3ccc(OCCCCCC(=O)NO)cc23)c1,0
COc1ccc(CN2CCC(C#N)(CNC(=O)c3cc(OC)cc(OC)c3)CC2)cc1,0
COc1ccc(CN2CCCCC2C(=O)Nc2ccc(OC)c(OC)c2)cc1OC,0
CCOc1ccc(Nc2nc(Nc3cccc(OCC(=O)NC)c3)ncc2F)cc1,0
COc1cc(NC(=O)c2cn(C(=O)CCC(=O)O)c3ccccc23)cc(OC)c1OC,0
CCOc1ccc(-c2nnc(SCC(=O)Nc3cc(OC)ccc3OC)[nH]2)cc1,0
CC(=O)Nc1cccc(N2CCN(CCCCNS(=O)(=O)CC3CCCCC3)CC2)c1,0
Cc1ccc(Cl)cc1NC(=O)[C@H](C)OC(=O)CCC(=O)Nc1nnc(C(C)C)s1,0
O=C(O)C[C@H](NC(=O)OCc1ccccc1)C(=O)COC(=O)Cc1ccc2ccccc2c1,0
CCCc1cc(C2CCOCC2)ccc1OCCCOc1cccc([C@@H]2OC(=O)NC2=O)c1,0
COc1cccc(OC)c1C(=O)CC(CC(=O)c1c(OC)cccc1OC)c1cccc(C(=O)O)c1,0
CCC(CC)O[C@@H]1C=C(C(=O)O)C[C@H](NCc2ccc(Oc3ccccc3C)cc2)[C@H]1NC(C)=O,0
CCOC(=O)c1cc(-c2ccccc2)n(CCC(=O)NCCc2ccc(OC)c(OC)c2)c1C,0
COc1cc2c(cc1S(=O)(=O)N[C@@H]1[C@@H]3CC[C@@H](C3)[C@H]1CC(=O)CCCCC(=O)O)oc1ccccc12,0
Cc1ccc(C(C(=O)NC2CCCCC2)N(CC2CCCO2)C(=O)CCCC(=O)Nc2ccccn2)cc1,0
CCCCCCN1C[C@H](n2cc(COC(=O)c3ccccc3)nn2)[C@@H](O)C[C@@H]1c1ccc(C)cc1,0
COC(c1ccc(F)cc1)(c1ccc(C(=O)NCCCCCCC(=O)NO)cc1)c1ccccn1,0
Cl.O=C(Nc1ccc(N(CCCl)CCCl)cc1)Nc1cccc(C(=O)NCCN2CCCC2)c1,0
COCC1(c2ccccc2)CC(c2ccc3c(=O)n(-c4ccc(F)cc4)c(CCCCC(=O)O)nc3c2)=NO1,0
CCOC(=O)C1=C(C)NC(C)=C(C(=O)OCC)C1c1ccc(OCC(=O)NCc2ccccc2)cc1,0
COC(=O)CNC(c1ccccc1)c1cc(C)ccc1NC(=O)CNC(=O)OCc1ccccc1,0
CCn1c([C@H](CCCNC(=N)CF)NC(=O)c2ccccc2C(=O)O)nc2ccccc21,0
CCCCCCc1nc2cc(/C=C/C(=O)NO)ccn2c1NCCC(=O)N(C)C(C)C,0
CCNc1ncc2c(n1)N(C)CCN(c1ccc(COC(CCNC)c3ccccc3)cc1)C2=O,0
C[C@H](C(=O)NC[C@@H](COC(=O)C(C)(C)C)Cc1ccccc1)c1ccc(NS(C)(=O)=O)c(F)c1,0
CCCOc1ccc2cc(S(=O)(=O)N(CCC(C)C)[C@@H](C(=O)NO)C(C)C)ccc2c1,0
Cc1ccc(Cn2ccc3cnc(Nc4cnn(CCCCCC(=O)NO)c4)nc32)cc1,0
CN(C)CCCNC(=O)c1cccc2c1Oc1c(C(=O)NCCCN(C)C)cccc1C2(C)C,0
O=C(CNCCCNCc1ccc(C(=O)O)cc1)Nc1ccc(Oc2ccccc2)cc1,0
CCCCc1ncc(C=C(Cc2cccs2)C(=O)O)n1Cc1ccc(C(=O)O)cc1,0
CN(CCOc1ccc(CC(OCc2ccccc2)C(=O)O)cc1)c1nc2ccccc2o1,0
CCCCCCCC(=O)Nc1nc2[nH]cc(CN3CCN(c4cccc(Cl)c4)CC3)c2c(=O)[nH]1,0
Cc1cc(N[C@@H](Cc2ccccc2)C(=O)NCc2cccs2)nc(NCCc2cccnc2)n1,0
O=C(CCCN1C(=O)c2ccccc2C1=O)NCCCCNc1ccnc2cc(Cl)ccc12,0
CCC(CC)O[C@@H]1C=C(C(=O)O)C[C@H](NCc2ccc(Sc3ccccc3)cc2)[C@H]1NC(C)=O,0
C=C(C(C)=O)[C@H](O)[C@H](C)/C=C(C)/C=C/C/C(C)=C/Cc1nc(OC)c(OC)c(O)c1C,0
CCCN(CCC)CCCNC(=O)c1cn(-c2ccc(OC)cc2)c(=O)c2ccccc12,0
CCOc1cc2c(cc1OCCCO)-c1c(c(Nc3cccc(C(=O)CC)c3)nn1C)C2,0
O=C(O)Cn1ccc2c(OCCCOc3ccc(C(=O)c4ccc(F)cc4)cc3)cccc21,0
COc1ccc(O)c(/C=C\C(=O)OC[C@H]2O[C@@H](Oc3ccc(O)cc3)[C@H](OC(=O)/C=C\c3cc(OC)ccc3O)[C@@H](O)[C@@H]2O)c1,0
CC(C)OC(=O)[C@H](C)N[P@@](=O)(OC[C@H]1O[C@@H](n2ccc(=O)[nH]c2=O)[C@](Cl)(Br)[C@@H]1O)Oc1ccccc1,0
C[C@H](NP(=O)(OC[C@H]1O[C@@H](n2ccc(N)nc2=O)C(F)(F)[C@@H]1O)Oc1ccccc1)C(=O)OC1CCCCC1,0
O=C(/C=C/c1cc(Cl)ccc1-n1cnnn1)N[C@@H](CC(=O)N1CCN(c2ccccc2)CC1)C(=O)Nc1ccc(C(=O)O)cc1,0
Cc1c(F)c(=O)[nH]c(=O)n1[C@@H]1O[C@H](COP(=O)(N[C@@H](C)C(=O)OCC(C)(C)C)Oc2cccc3ccccc23)[C@@H](O)[C@H]1O,0
CC(C)CN(C[C@@H](O)[C@H](Cc1ccccc1)NC(=O)[C@@H]1CN(c2ccccc2O)C(=O)O1)S(=O)(=O)c1ccc2c(c1)OCO2,0
C[C@H](N[P@@](=O)(OC[C@H]1O[C@@H](n2ccc(=O)[nH]c2=O)[C@](C)(Cl)[C@@H]1O)Oc1ccccc1)C(=O)OCc1ccccc1,0
COc1ccc(CN2CCN(CCOc3ccc(C(=O)NC(=N)N)cc3NC(=O)c3ccsc3)CC2)c(OC)c1OC,0
CCOC(=O)[C@@H](CC(C)C)N[P@@](=O)(OC[C@H]1O[C@@H](n2ccc(=O)[nH]c2=O)[C@](C)(Cl)[C@@H]1O)Oc1ccccc1,0
C#CCN(Cc1cc2c(O)nc(C)nc2cc1C)c1ccc(C(=O)N[C@@H](CCC[S+]([O-])c2n[nH]c(O)n2)C(=O)O)c(F)c1,0
CC(=O)NNC(=O)CSc1nnc(Cc2csc(NC(=O)c3ccccc3)n2)n1NC(=O)c1cccc([N+](=O)[O-])c1,0
COc1ccc(Cn2c(=O)cc(N3CCC[C@@H](N)C3)n(Cc3cc(F)ccc3C#N)c2=O)cc1OC.O=C(O)CCC(=O)O,0
CCOC(=O)[C@H](C)NP(=O)(OC[C@H]1O[C@@H](n2cnc3c(NC4CC4)nc(N)nc32)[C@](C)(F)[C@@H]1O)Oc1ccccc1,0
CO[C@]1(COP(=O)(N[C@@H](C)C(=O)OCc2ccccc2)Oc2ccccc2)O[C@@H](n2ccc(N)nc2=O)C(F)(F)[C@@H]1O,0
O=P(O)(O)CP(=O)(O)OC[C@H]1O[C@@H](n2cnc3c(NC4CCCC4)nc(C(O)c4ccccc4)nc32)[C@@H](F)[C@@H]1O,0
C[C@@H]1O[C@H](O)C[C@@](C)(NC(=O)CCC(=O)O)[C@H]1O[C@@H]1C[C@@](C)(N)[C@@H](O[C@H]2CC[C@H](OC(=O)c3cc(Cl)c[nH]3)[C@@H](C)O2)[C@H](C)O1,0
O=C(CCl)NNC(=O)CSc1nnc(Cc2csc(NC(=O)c3ccccc3)n2)n1NC(=O)c1cccc([N+](=O)[O-])c1,0
C#CCN(Cc1cc2c(O)nc(C)nc2cc1C)c1ccc(C(=O)N[C@@H](CCCS(=O)(=O)c2n[nH]c(O)n2)C(=O)O)c(F)c1,0
CCCCOC(=O)[C@H](C)NP(=O)(OC[C@H]1O[C@@H](n2ccc(N)nc2=O)[C@](C)(O)[C@@H]1O)Oc1ccccc1Cl,0
CC(C)(C)OC(=O)N[C@@H](CCCNC(=N)NC(=O)COc1ccc(C2=[N+]([O-])C(C)(C)C(C)(C)N2O)cc1)C(=O)O,0
COc1ccc(CC(=O)NC(=N)N[C@H](CC2CCCCC2)C(=O)Nc2cc(N(S(C)(=O)=O)S(C)(=O)=O)ccc2C)cc1OC,0
CC(=O)O.CCOC(=O)[C@H](C)NC(=O)[C@H](Cc1ccccc1)C(=O)Nc1ccc2c(c1)OCC(=O)N2Cc1ccc(C(=N)N)cc1,0
Cn1c(Nc2ccc(C(=O)N[C@@H](CCC(=O)O)C(=O)O)cc2)nc2c1c(=O)n(Cc1cc3c(Cl)cccc3[nH]1)c(=O)n2C,0
CC(C)(C)[C@H](NC(=O)NC1(C(=O)OCc2ccco2)CCCCC1)C(=O)N1C[C@H]2[C@@H]([C@H]1C(=O)NC(CC1CC1)C(=O)C(N)=O)C2(C)C,0
O=C(CSc1nc(NC(=O)CN2CCN(c3cc4c(cc3F)c(=O)c(C(=O)O)cn4C3CC3)CC2)cc(=O)[nH]1)Nc1ccccc1,0
COc1nc(N)nc2c1ncn2C1O[C@H](COP(=O)(N[C@@H](C)C(=O)OC(C)C)Oc2ccccc2)[C@@H](O)[C@]12CCO2,0
C[C@H](NC(=O)[C@H](CC(=O)NCC(C)(C)C)NC(=O)N1CCC(C(=O)Nc2cnccn2)CC1)C(=O)NCc1ccccc1Cl,0
CCOC(=O)[C@H](C)NP(=O)(OC[C@H]1O[C@@H](n2cnc3c(N)ncnc32)[C@](C)(O)[C@@H]1O)Oc1cccc2ccccc12,0
C[C@H](N[P@@](=O)(OC[C@H]1O[C@@H](n2ccc(N)nc2=O)[C@@]2(CCO2)[C@@H]1O)Oc1ccccc1)C(=O)OCc1ccccc1,0
CCOc1nc(N)nc2c1ncn2[C@@H]1O[C@H](COP(=O)(N[C@@H](C)C(=O)OC(C)C)Oc2ccccc2)[C@@H](O)[C@@]1(C)F,0
C=Cc1cnc(NC[C@@H]2C[C@]3(CC(C(=O)NC[C@H](NS(=O)(=O)c4c(C)cc(C)cc4C)C(=O)O)=NO3)CN2C(=O)OCCCC)[nH]1,0
CC(=O)N[C@@H](Cc1ccc(OP(=O)(OCCSC(=O)C(C)(C)C)OC[C@H]2O[C@@H](n3cc(C)c(=O)[nH]c3=O)C[C@@H]2N=[N+]=[N-])cc1)C(N)=O,0
CC(=O)Nc1cc(C(=O)N2CCC[C@H]2C(=O)N[C@@H](C(=O)N[C@@H](CCC(=O)O)C(=O)Nc2ccc(F)c(Cl)c2)C(C)C)ccc1[N+](=O)[O-],0
CC(=O)Nn1c(Cc2csc(NC(=O)CCl)n2)nnc1SCSc1nnc(Cc2csc(NC(=O)CCl)n2)n1NC(C)=O,0
CC(C)(C)CNC(=O)C[C@H](NC(=O)N1CCC(C(=O)Nc2cnccn2)CC1)C(=O)N[C@@H](CCc1ccccc1)C(=O)NCc1ccc2c(c1)OCO2,0
CC(C)(C)CNC(=O)C[C@H](NC(=O)N1CCC(NC(=O)c2cnccn2)CC1)C(=O)N[C@@H](CCc1ccccc1)C(=O)NCc1ccc2c(c1)OCO2,0
CC(C)(C)OC(=O)NC(Cc1ccc([N+](=O)[O-])cc1)C(=O)NC(CCCCNC(=O)OCc1ccccc1)C(=O)ON1C(=O)CCC1=O,0
CC(C)(NC(=O)c1cc(OS(C)(=O)=O)cc(C(=O)N[C@@H](Cc2ccccc2)[C@H](O)C(=O)Nc2cccc(-c3nn[nH]n3)c2)n1)c1ccccc1,0
CC(C)CCn1c(Cn2c(=O)n(Cc3ccc(Cn4c(=O)ccn(CC(=O)N[C@@H](CC(=O)O)C(=O)O)c4=O)cc3)c3ccccc32)nc2ccccc21,0
CC(C)C[C@@H](NP(=O)(OC[C@@]1(N=[N+]=[N-])O[C@@H](n2ccc(N)nc2=O)[C@H](O)[C@@H]1O)Oc1ccccc1)C(=O)OCc1ccccc1,0
Cn1c([N+](=O)[O-])cnc1-c1nnc(N/N=C/c2cccc(Br)c2)s1,0
N#Cc1c(NC(=O)c2ccc([N+](=O)[O-])s2)[n+]([O-])c2cc(Cl)c(Cl)cc2[n+]1[O-],0
Cc1nn(CC(=O)Nc2ccc3nc4n(c(=O)c3c2)CCCC4)c(C)c1[N+](=O)[O-],0
COc1cccc2sc(N3CCN(C(=O)c4ccc([N+](=O)[O-])o4)CC3)nc12,0
CC(c1nc2cccnc2c(=O)n1-c1ccccc1)n1cnc2c(N)ncnc21,0
C=CC(=O)N1CCC(N2N=C(Nc3ccc(OC)cc3)c3c[nH]c4ncnc2c34)CC1,0
COc1ccc(NC(=O)c2cc([N+](=O)[O-])ccc2/N=C2\CN(C)CCN2C)cc1,0
Cc1ncc([N+](=O)[O-])n1CCN1C(=O)S/C(=C\c2ccco2)C1=O,0
O=C(c1cccc(Cl)c1)N(Cc1nn[nH]n1)c1ccc2c(cnn2O)c1,0
CCOc1ccccc1N1CCN(c2ncc3c(=O)n(C4CCCC4)c(=O)[nH]c3n2)CC1,0
CC1(C)Oc2ccc(C#N)cc2[C@@H](N2CCCC2=O)[C@@H]1OCOP(=O)(O)O,0
CC(C)N1CCC(c2cc(NC(=O)c3cnn4cccnc34)n(-c3ncc[nH]3)n2)CC1,0
COc1ccc(C2CC(c3ccc(-n4nc(C)n(N)c4=O)cc3)=NN2C(C)=O)cc1,0
C[C@@H]1Cn2cnc(C(=O)Nc3ccc(CNC(=O)OC(C)(C)C)cc3)c2C(=O)N1,0
COc1cnc(OC)n2nc(NS(=O)(=O)c3c(Cl)cccc3Cl)nc12,0
CN1CCN(c2cnc(NC3=N/C(=C\c4ccc5ncsc5c4)C(=O)N3)cn2)CC1,0
CN(c1ncco1)c1cnc(NCc2c(F)ccc3c2CCO3)n2cnnc12,0
CCOC(=O)c1nc2c(O)nc3cc(Cl)c(-n4ccnc4)cc3n2n1,0
CCn1nc(C)c(-c2cc(-c3c[nH]nc3C(=O)OC)c(C#N)c(N)n2)c1C,0
Cc1cc2ncnn2cc1Nc1ncc2c(n1)N(C1CCOCC1)CC(=O)N2C1CC1,0
Cn1cc(-c2cnc(Nc3cnc(C#N)c(OC4CCCNC4)c3)nc2)cn1,0
CN1CCN(c2ccc(Nc3ncc(-c4cc[nH]c(=O)c4)n4ncnc34)cc2)CC1,0
Cn1ccc(-c2n[nH]c3cnc(-c4cncc(N5CCC(N)CC5)n4)cc23)n1,0
[N-]=[N+]=NC[C@H]1O[C@@H](n2cc(Br)c3c(Cl)ncnc32)[C@H](O)[C@@H]1O,0
Cc1nc2sc(S(N)(=O)=O)nn2c(=O)c1/N=N/c1ccc(Cl)cc1,0
O=[N+]([O-])c1ccc(/C=N/NC(=S)Nn2c(S)nnc2-c2ccncc2)cc1,0
Cc1ccc(S(=O)(=O)Nc2nc(C)c(C(=O)O)s2)cc1[N+](=O)[O-],0
NC(=O)c1nn(C2CCOCC2)cc1NC(=O)c1coc(-c2ccncc2F)n1,0
CCOC(=O)c1cccc(NS(=O)(=O)c2cc3[nH]c(=O)c(=O)[nH]c3cc2C)c1,0
COCc1noc(C[C@H]2CN(C(=O)Nc3ccc4[nH]ccc4c3)CCO2)n1,0
CCCCNc1nc(N)nc2c1CN(C(=O)c1cc(C)on1)CC2,0
Nc1nc(NC2CCN(Cc3ccc(F)cc3)CC2)cc(-n2cccn2)n1,0
Cc1ccc(C(=O)N2CCC[C@@H]2Cn2nnc3c(O)nc(C)nc32)cc1,0
Cc1noc(C)c1-c1ccc2nc(C(=O)N[C@@H]3CCN(C#N)C3)c(F)n2c1,0
O=C(NCCc1ccccc1)C1CCCN(c2ccc3nncn3n2)C1,0
COc1ccc(N2C(=O)CN=C2Nc2nc(C)cc(C)n2)cc1OC,0
Cc1cc(C)cc(NC(=O)CSc2nnnn2-c2cccnc2)c1,0
CN1C2CCC1CC(O)(c1cccc(Cl)n1)C2.O=C(O)/C=C\C(=O)O,0
COC(=O)c1cc(O)cc(OC)c1C(=O)c1c(O)cc(C)cc1O,0
CC(C)C(=O)N1CCC[C@H](Nc2nc3cc(C(=O)O)ccc3n2C)C1,0
O=C(CN1C(=O)NC2(CCCCC2)C1=O)Nc1ccc2[nH]c(O)nc2c1,0
COc1ccc(S(=O)(=O)n2nc(OC(=O)c3ccco3)cc2N)cc1,0
O=C(NNC(=S)NC(=O)c1ccccc1[N+](=O)[O-])c1ccccc1[N+](=O)[O-],0
c1cc(-c2cn(-c3cccc(-c4nnn[nH]4)c3)nn2)cc(-c2nnn[nH]2)c1,0
COc1ccc(S(=O)(=O)N2C/C(=N\OC(C)(C)C)C[C@@H]2C(=O)NO)cc1,0
CCOC(=O)c1cnn(-c2nc(-c3ccccc3F)c(C#N)c(=O)n2C)c1N,0
COCc1ccc2c(N3CCOC[C@@H]3C)nc(-c3cnc(N)nc3)nn12,0
C/C(=N\NC(=O)c1ccc([N+](=O)[O-])cc1)c1c(O)cc(C)oc1=O,0
CC(=NNC(=O)c1nnn(-c2nonc2N)c1-c1ccccc1)c1ccco1,0
COc1c(-c2cc(=O)n3nc(N)c(-c4ccccn4)c3[nH]2)ccc2[nH]nnc12,0
Cc1ccc(NN=Nc2nc3c(=O)n(C)c(=O)n(C)c3[nH]2)cc1,0
O=C(O)c1cc2c(-c3ccc([N+](=O)[O-])cc3)n[nH]c(=O)c2[nH]c1=O,0
COc1cc2nc(N3CCN(c4ccncn4)CC3)nc(N)c2cc1OC,0
NS(=O)(=O)c1ccc(O)c(NC(=O)c2ccc([N+](=O)[O-])o2)c1,0
O=C(Nc1nncs1)c1cccc(C(=O)Nc2nncs2)n1,0
CN(C)C(=O)C1CCCN(c2cc(-c3c(N)nn4cccnc34)ncn2)C1,0
CN(C)c1ccc2oc3nc(N)c(-c4nn[nH]n4)cc3c(=O)c2c1,0
CC1C=CC(C)N1c1nc(NC2CC2)n2ncc(/C=C3\NC(=O)NC3=O)c2n1,0
COC(=O)c1ccc(N/C(O)=C2\C(=O)OC(=O)C(C(C)=O)=C2O)cc1,0
Cc1nc2c(-c3cnc(N)nc3)nc(N3CCOCC3)nc2n1C(C)C,0
CCCn1c(=O)[nH]c(=O)c2c1nc(Cc1nc3cc(O)ccc3[nH]1)n2Cc1ccccc1,0
COc1ccccc1C1SCC(=O)N1NC(=O)Cn1ncc2cc([N+](=O)[O-])ccc21,0
Cc1cc(S(=O)(=O)n2cc(-c3ccco3)[nH]c2=O)ccc1NC(=O)NC(C)C,0
COc1cc(/C=C2/C(=O)NN(c3ccc(Cl)c(Cl)c3)C2=O)cc([N+](=O)[O-])c1O,0
N#C[C@@H]1CN(C(=O)OCC(F)F)CC[C@H]1n1cc(C(N)=O)c(Nc2ccc(F)cc2)n1,0
Cn1cc(NC(=O)c2nc(C3CC3)ccc2Nc2cncnc2)c(C(=O)N2CCCC2)n1,0
COc1ncc(-c2cc3c(C)nc(NC(C)=O)nc3s2)cc1NS(C)(=O)=O,0
CN(C)C(=O)c1cccc(NC(=O)c2nn(-c3ccc(C(C)(C)C)cc3)c(=O)n2C)c1O,0
O=C(O)c1cc2cc(O)c(O)cc2c(C(=O)c2ccc([N+](=O)[O-])cc2)n1,0
O=[N+]([O-])O.c1ccc(CO/N=C2\c3ccccc3OCC2n2ccnc2)cc1,0
Cc1cc(-c2ccc(C(=O)[C@@H]3CCCC[C@H]3C(=O)Nc3cnn4c3C(=O)NCC4)cc2)n[nH]1,0
O=c1c2c(O)cc(CSc3nnnn3-c3ccccc3)nc2[nH]n1-c1ccccc1,0
CC(C)Nc1ccc2cnn(-c3cncc(-c4ccc(-c5nnn[nH]5)cc4)n3)c2c1,0
Cn1cc(Nc2nc(N[C@H]3CC[C@H](N4CCOCC4)CC3)c3cc(C#N)ccc3n2)cn1,0
Cc1cc(C)n(-c2ccc(C(=O)OCC(=O)Nc3ccc([N+](=O)[O-])cc3)cc2)n1,0
CCC(c1nnnn1-c1ccc(OC)cc1)N1CCC2(CC1)C(=O)NCN2c1ccccc1,0
COC(=O)c1cc(-c2ccc(/C=C3\SC(=O)N(CC(=O)O)C3=O)o2)ccc1O,0
CCOC(=O)Cn1c(-c2nonc2NC(=O)c2ccccc2F)nc2ccccc21,0
CC(C)n1cnc(S(=O)(=O)N2CCC(C(=O)Nc3cccc(-c4ccno4)c3)CC2)c1,0
O=C(Nc1cc([N+](=O)[O-])ccc1O)c1cccc(NC(=O)c2ccco2)c1,0
CCOC(=O)NC1=NC(C)(C)N(OCc2ccc(Cl)c(Cl)c2)C(NC(=O)OCC)=N1,0
C=CC(=O)N1CCC(c2cnn3c(C(N)=O)c(-c4ccc(Oc5ccccc5OC)cc4)[nH]c23)C1,0
COc1cc(C2C=C(c3cccc(NC(C)=O)c3)Nc3ncnn32)cc(OC)c1OC,0
Cc1cn(-c2ncc3ncnc(Nc4cc(C(=O)Nc5cc(C(C)(C)C)n[nH]5)ccc4C)c3n2)cn1,0
COCCn1c(N)c(C(=O)Nc2sc3c(c2C(=O)OC)CCCC3)c2nc3ccccc3nc21,0
COc1cccc(-c2nc(S(=O)(=O)c3ccc4c(c3)OCCO4)c(NCc3cccnc3)o2)c1,0
COc1ccc(-c2nn(-c3ccc([N+](=O)[O-])cc3)c(O)c2/C=N/CC2CCCO2)cc1,0
CCCC(=O)NC1=CC(=O)c2ccc(-c3nc(C(=O)OC)c(C)c4c3[nH]c3ccccc34)nc2C1=O,0
COc1cc(OC)cc(N2CCN(C(=O)Nc3nc4c(C)cccc4nc3OC)CC2)c1,0
COc1ccc2c(c1)C(=O)N(Cc1ccco1)C(=O)/C2=C/Nc1c(C)n(C)n(-c2ccccc2)c1=O,0
Cc1cc(CC(=O)N[C@@H](C)c2ccc(OC3CCN(c4ccnc(OCC(F)F)c4)C3)cc2)on1,0
C[C@H](NC(=O)c1cnn(C)c1Cl)c1ccc(OC2CCN(c3ccnc(OCC(F)F)c3)C2)cc1,0
CCS(=O)(=O)c1ccc(CC(=O)Nc2ccc(C(C)(C)C(=O)Nc3cc(C#N)ccn3)c(F)c2)cc1,0
COc1ccc(N(CCN2CCCCC2)C(=O)c2ccc3c(c2OC)C=CC(C)(C)O3)nc1OC,0
COc1cc(CC(=O)Nc2cccc(-c3ccc(OC4CCNCC4)cc3)n2)cc(OC)c1OC,0
CCCN(c1ccc(C(C)C)cc1)S(=O)(=O)c1ccc2c(c1)oc(=O)n2CC(=O)OCC,0
Cc1ccccc1CN1CCC(c2noc(COc3ccc(/C=C/C(=O)NO)cc3)n2)CC1,0
Cc1cc(O)cc(-c2nn(CC#N)cc2-c2cc(NCCCN3CCOCC3)nc(-c3cccnc3)n2)c1,0
Cc1ccc(OCc2cn(CC(=O)NCCCNc3ccnc4cc(Cl)ccc34)nn2)cc1,0
Clc1ccc(OCCc2ccccc2)c(CCN2CCN(c3ccccn3)CC2)c1.O=C(O)C(=O)O,0
O=C(Nc1ccc(Br)cc1)NC1(C(=O)NCc2nn[nH]n2)CCCC1,0
O=C(Nc1cccc(Cl)c1)Nn1c(=O)c(=O)[nH]c2cc([N+](=O)[O-])ccc21,0
COc1nnc(NC(=O)c2cnc(C)cc2-c2cccc(S(N)(=O)=O)c2)s1,0
Nc1nc2c(nc(Cc3ccccc3[N+](=O)[O-])n2-c2ccccc2)c(=O)[nH]1,0
Cc1nnc2c(N3CC[C@H](NC(=O)c4cc(-c5ccccc5)n[nH]4)C3)nccn12,0
Cc1ccc(-n2nc(C3COCCN3)cc2NC(=O)c2cnn3cccnc23)cc1,0
CN(OC1COC1)C(=O)c1n[nH]c2c1CN(C(=O)Nc1cccc(Cl)c1)CC2,0
COC(=O)Nc1nc2cc(C(=O)NCc3ccc4c(c3)B(O)OC4(C)C)ccc2[nH]1,0
Cn1c([N+](=O)[O-])cnc1-c1nnc(N/N=C/c2cccc(O)c2O)s1,0
O=C(CNC1CCCC1)Nc1cc(Cl)ccc1[N+](=O)[O-].O=C(O)C(=O)O,0
O=C(Nc1cccc(Cl)c1)N1CCc2[nH]nc(-c3ncco3)c2C1,0
O=c1ccc2cc(S(=O)(=O)Nc3ccc4[nH]ccc4c3)ccc2o1,0
CN1CCN(c2cncc3[nH]c(-c4n[nH]c5ccc(-c6cncc(N)c6)cc45)cc23)CC1,0
Cc1ccc(NC(=O)CN2C(=O)NC3(CCc4ccccc43)C2=O)cc1Cl,0
Cc1ccc(/N=N/c2c(O)c3ccccc3[nH]c2=O)c(S(=O)(=O)N(C)C)c1,0
O=C(Nc1cccnc1C(=O)Nc1nccs1)c1ccccc1F,0
Cc1cccc(Nc2nc3nonc3[nH]c2=NN=Cc2cccs2)c1C,0
Cc1sc(NC(=O)c2ccc(O)c(O)c2)nc1-c1ccc(O)cc1,0
NC(=O)c1cc(Cl)c2c(Cl)c(C#CC3CCCO3)n([C@H]3CCCNC3)c2n1,0
Cc1cc2ccc(OC(=O)c3ccc(NC(=N)N)cc3)cc2oc1=O.Cl,0
O=C(c1ccc2cc(Oc3ccc(C(F)(F)F)cn3)ccc2n1)N1C[C@H](O)C[C@H]1CO,0
COC(=O)C1=C(C)N=C(C)/C(=C(\O)OC)C1c1ccc(NC(C)=O)cc1,0
CC(=O)N[C@@H]1CCC[C@H](C(=O)Nc2cc(-c3cnn4c3CCCC4)c(F)cn2)C1,0
CC(C)(C)C(=O)N[C@H]1CC[C@H](Nc2nccc(-c3ccncc3)n2)C1,0
Cn1c(=O)c2[nH]c(-c3ccc(COC(=O)Nc4ccsc4)cc3)cc2n(C)c1=O,0
COc1ccc2c(c1)/C(=C/c1[nH]c3c(c1Cl)CN(C(C)=O)CC3)C(=O)N2,0
CN1C(=N)N[C@](C)(c2cc(-c3cc(F)cc(-c4nnco4)c3)ccc2F)CS1(=O)=O,0
CC(C)(O)[C@@H]1CNC[C@H]1Nc1nc(-c2cc(F)ccc2O)nc2ccccc12,0
O=C(O)COc1ccc([C@H]2CC[C@]3(CC2)OOC2(O3)C3CC4CC2CC(C3)N4)cc1,0
Cc1ccc(NC(=S)N/N=C2\C(=O)N(C)c3ccc(OC(F)(F)F)cc32)cc1,0
COc1cc2ccccc2cc1C(=O)NNC(=O)c1ccccc1O,0
Cc1c(-c2ccccc2)nc(C(=O)NN)nc1-c1ccc(C(F)(F)F)nc1,0
CC(=NNC(N)=O)C1=C(O)C(c2ccccc2)N(C2CCCCC2)C1=O,0
CC(C)(Nc1ncc(C(=O)NO)cn1)c1ccc(C(F)(F)F)cc1F,0
Cc1nc(NC(=O)C2CCCN(C(N)=O)C2)sc1-c1ccccc1,0
COc1c(B(O)O)cccc1-c1nc2ccc3[nH]nc(C)c3c2c2c1CCC2,0
N#C/C(=C\c1ccc([N+](=O)[O-])cc1)C(=O)Nc1ccccc1O,0
c1cncc(-c2cc3c(-c4cnn(C5CCNCC5)c4)n[nH]c3cn2)c1,0
COc1c(O)ccc2c(=O)c3c(O)cc4c(c3oc12)C(C)(C)C(CO)O4,0
Cc1cccc(-c2csc(NC(=O)CC3SC(=O)NC3=O)n2)c1,0
Nc1nc(N)c2nc(CN(c3ccccc3)c3ccccc3)cnc2n1,0
C=CC(=O)N1CC[C@H](n2cc(-c3cnc4ccccc4c3)c3c(N)ncnc32)C1,0
Nc1nc(N[C@H]2C[C@@H]2c2ccccc2)c2cc(C(=O)O)ccc2n1,0
O=C(N/N=C/c1ccc(F)cc1)c1c(O)nc2ccccc2c1O,0
Cn1cc(NC(=O)c2cnn3cccnc23)c(-c2cc(Cl)ccc2O)n1,0
COC(=O)c1ccccc1NC(=O)Nc1ccc2c(c1)OCO2,0
O=C(N/N=C/c1ccc([N+](=O)[O-])cc1)c1c[nH]c2ccccc12,0
CC(C)[C@H]1CN(c2ccc(C(=O)Nc3ccccc3N)cn2)CCN1,0
O=C(Nc1ccc(Cn2cnc3ccccc32)cc1)c1ccc(=O)[nH]n1,0
NC(=O)c1ncccc1-c1ccc2c3[nH]ncc3c(=O)n(CC(F)(F)F)c2c1,0
CC1(C)OCCc2c1sc1c(N3CCOCC3)nc(-c3cnc(N)nc3)nc21,0
O=c1[nH]c2ccc(C3=NN=C(NCc4cccc(F)c4)SC3)cc2[nH]1,0
Cc1cc(C)nc(NNS(=O)(=O)c2c(F)cc(F)cc2Br)n1,0
Cc1ccc(-n2ccc3cnc(N)nc32)cc1C#CC(C)(O)c1nccs1,0
Cc1cc2c(cc1S(=O)(=O)Nc1ccc(OC(F)(F)F)cc1)OCC(=O)N2,0
CC(=O)Nc1cc(C(=O)O)ccc1S(=O)(=O)c1ccc(Cl)cc1,0
Cc1nnc2sc(C(=O)NCc3ccc([S+](C)[O-])cc3)c(N)c2c1C,0
CC1CC(C(=O)O)CN(C(=O)Nc2nnc(-c3c(F)cccc3F)s2)C1,0
COc1cc(OC)c(-c2cn3ccc(N4CC[C@@H](N)C4)nc3n2)cc1Cl,0
N#Cc1ccc(C(=O)Nc2ccc(F)c([C@]3(CF)CCSC(N)=N3)c2)nc1,0
CN1C(=O)CCc2ccc(NC(=O)N[C@@H]3CCOc4ccccc43)cc21,0
Nc1ncc(N2CCN(c3cccc(-c4cnc(C(F)(F)F)nc4)c3)CC2)c(N)n1,0
C[C@H](O)c1nccn1Cc1cc(-c2ccc(C#CC34CC(N)(C3)C4)cc2)on1,0
C=CC(=O)N1CCC(Cn2cc(-c3ccc4c(c3)OCCO4)c3c(N)ncnc32)CC1,0
N#CC1(c2ccc(-c3cnc(N)c(-c4ccc5c(c4)CCNC5=O)n3)cc2)CC1,0
c1cc(-c2nc3c(c(N[C@@H]4COC5(CCCCC5)C4)n2)CNC3)ccn1,0
Cc1ccc([N+](=O)[O-])cc1NC(=S)NC(=O)c1c(Cl)cnn1C,0
CC(=O)Nc1c[nH]nc1[C@H]1CCCN(c2nc(C(F)(F)F)cs2)C1,0
O=C(NO)c1ccc(CN2C(=O)c3cccc4c(N5CCOCC5)ccc(c34)C2=O)cc1,0
NC(=O)c1ccc2c(c1)CC[C@H]1C2CCCN1C(=O)c1ccc2[nH]cnc2c1,0
COc1cc(-c2cc(CO)c3cc4c(cc3n2)OCCO4)ccc1O,0
CC(Nc1ccc2c(c1)OC(F)(F)O2)C(=O)Nc1ccc(Cl)cn1,0
CC(=O)Nc1ccc(/C=C/c2ccc3ccc(C(=O)O)c(O)c3n2)cc1,0
COc1ccc2nc(NC(=O)c3cc4c(cc3Cl)OCO4)[nH]c2c1,0
CC(C)(C)NC(=O)Nc1nc2nc(N)ncc2cc1-c1cc(F)cc(F)c1,0
CSc1c(C#N)c(N)nc2c(/N=N\c3ccc(Br)cc3)c(N)nn12,0
Cc1ccc(NC(=O)c2cccc(C#N)c2)cc1C(=O)Nc1cccnc1,0
C[C@]1(c2cc(NC(=O)c3cnc(Cl)cn3)ccc2F)N=C(N)CO[C@H]1C(F)(F)F,0
O=C(/C=C/c1ccccc1Cl)NC1C=Nc2ccc([N+](=O)[O-])cc2NC1,0
CC(C)(C)c1ccc(-c2cnc(N)nc2)c(F)c1Oc1nccc(N)n1,0
Cc1cccc2cc([C@H](C)Nc3ncnc4[nH]c(O)nc34)n(-c3ccccc3)c(=O)c12,0
C[C@H]1NC(=O)c2cc(-c3cccc4c(=O)n(CC5COC5)c(NC(C)(C)C)nc34)[nH]c21,0
O=Cc1ccc(/C=N/c2c(O)cc(S(=O)(=O)O)c3ccccc23)cc1,0
COc1ccc(/C=C2\Oc3c(ccc4c3C[C@H](C(C)(C)O)O4)C2=O)cc1O,0
Cc1nc2c(C)cccc2cc1C(=O)N/N=C/c1ccc(C(=O)O)cc1,0
CNC(=O)[C@H]1C2CCC(CC2)[C@@H]1Nc1nc(-c2c[nH]c3ncc(F)cc23)ncc1F,0
COc1cccc(F)c1C(=O)NC(=O)Nc1ccc2nc(C)oc2c1,0
O=C1c2[nH]nc(-c3ccccc3O)c2C(c2cccc(O)c2)N1Cc1cccnc1,0
CCNC(=O)Nc1cn(-c2ncc(C)cn2)c2cc(-c3cccnc3)cnc12,0
O=C(NCc1ccno1)Nc1cc2[nH]nc(-c3ccc(F)cc3)c2cn1,0
COc1cccc(-c2nn(-c3ccc([N+](=O)[O-])cc3[N+](=O)[O-])cc2C2N=C(N)NC(N(C)C)=N2)c1,0
Cc1ccc(C)c(NC(=O)/C(=N\N)C(c2cnc3ccc([N+](=O)[O-])cc3n2)[N+](=O)[O-])c1,0
CN(C)C1=NC(c2cn(-c3ccc([N+](=O)[O-])cc3[N+](=O)[O-])nc2-c2ccccc2F)N=C(N)N1,0
O=C(NC1CCN(Cc2ccc([N+](=O)[O-])cc2)CC1)c1cc2cc([N+](=O)[O-])c(O)c(O)c2oc1=O,0
O=C1NC(=O)/C(=C/c2cnn3c(NC4CC4)nc(Oc4ccccc4-c4ccno4)nc23)N1,0
C/C(=N\NC(=O)c1nnn(-c2nonc2N)c1-c1ccc2c(c1)OCO2)c1cccs1,0
Cc1ccsc1/C=N/NC(=O)c1nnn(-c2nonc2N)c1-c1ccc2c(c1)OCO2,0
CC(C)(C)OC(=O)N1CCC(CC#N)(n2cc(C(N)=O)c(Nc3cnc(C#N)nc3)n2)CC1,0
Cn1cc2c(nc(NC(=O)Nc3ccc(S(=O)(=O)O)cc3)n3nc(-c4ccco4)nc23)n1,0
CC(C)n1cc(-c2cn3ncc(C(N)=O)c(N[C@H]4CN(c5ncc(C#N)cn5)C[C@H]4C)c3n2)cn1,0
Cn1cc(NC(=O)c2cnn3ccc(N4CCC[C@@H](N)C4)nc23)c(C(F)F)n1,0
Cn1cnc(Nc2ncc(Cl)c(NC3CC4CN(C(=O)CC#N)CC4C3)n2)c1,0
COc1ccc(OC)c(NC(=O)CN2C(=O)NC3(CCOc4ccccc43)C2=O)c1,0
Cc1cc(-c2n[nH]c3cc(NC(=O)NCc4cncn4C)ncc23)ccn1,0
COc1ccc(/N=N/c2c(C)nc3sc(S(N)(=O)=O)nn3c2=O)cc1,0
COc1ccc(OC)c(/C=C/c2nc(O)nc(O)c2[N+](=O)[O-])c1,0
COCc1ncc(-c2noc(C(=O)Nc3ccccc3)n2)c(N)n1,0
COc1ccccc1NC(=O)O/N=C(\N)c1ccc2nonc2c1,0
Nc1nonc1-n1nnc(C(=O)NN=Cc2cccc(Cl)c2)c1-c1ccccc1,0
Cc1nc(-c2ccc(-c3ccc4c(c3)OC[C@H]3[C@H](C(N)=O)OC(=O)N43)cn2)no1,0
Nc1cc(C(F)(F)F)c(-c2cc(N3CCOC3=O)nc(N3CCOCC3)n2)cn1,0
CC(C)(C)CC(=O)Nc1cc(NC2CC2)n2ncc(/C=C3\NC(=O)NC3=O)c2n1,0
CC(=O)N1N=C(c2ccc(OS(N)(=O)=O)cc2)CC1c1ccc([N+](=O)[O-])cc1,0
O=C(Cc1cc(=O)oc2cc(O)ccc12)N/N=C/c1cccc([N+](=O)[O-])c1,0
CCCCC#Cc1nc(NC)c2nc(-c3ccco3)n([C@@H]3OC[C@@H](O)[C@H]3O)c2n1,0
COc1cccc(O[C@H]2CC[C@H]3CN[C@H](C(=O)O)C[C@H]3C2)c1-c1nnn[nH]1,0
O=C(Nc1ccc2c[nH]nc2c1)[C@H]1CCCN(c2ccc(-n3ccnc3)nn2)C1,0
COc1cc2[nH]nnc2cc1-c1cc(=O)n2nc(O)c(-c3ccccn3)c2[nH]1,0
Nc1cc(OC(=O)c2ccc([N+](=O)[O-])cc2)nn1S(=O)(=O)c1ccccc1,0
CCOc1cccc2cc(C(=O)NNC(=O)c3cc(OC)ccc3O)c(=O)oc12,0
Cc1cc(=O)n2nc(N3CCC(C(=O)NCc4ccccc4)CC3)sc2n1,0
CN(C[C@H]1CCCN1c1cccnn1)c1ncnc2[nH]ccc12,0
CCc1ccc(C2CC(C)CCN2C(=O)Cn2cnnn2)o1,0
Cc1ccc(C)c(-n2nc(CC(C)C)nc2CN2C(=O)CNC2=O)c1,0
CCNc1nc(N2CC(=O)Nc3cc(OC)ccc32)c2cccnc2n1,0
Cc1cccc(C)c1NC(=O)CSc1nnc(-c2cnccn2)n1C,0
Cc1nc(N2CCC3(CC2)OCCO3)c2nnn(Cc3ccccc3F)c2n1,0
CCN1C(=O)c2cccc3c(S(=O)(=O)N4CCC[C@@H]4C(=O)O)ccc1c23,0
O=C(NO)c1cnc(N2CCC3(CN(Cc4ccc5ccccc5c4)C3)C2)nc1,0
CCc1cc(C(=O)N2CC[C@@H](c3ccc4c(c3)OCO4)[C@H](O)C2)[nH]n1,0
CC(C)C[C@H](NC(=O)C1CC(=O)N(c2ccc3c(c2)OCO3)C1)C(=O)NC1CCCCC1,0
COCCCNC(=O)c1ccc(S(=O)(=O)c2ccc(C)cc2)c(NC(C)=O)c1,0
CCCCNC(=O)CSc1nc(O)c(Cc2ccc(OC)cc2)c(O)n1,0
CC(C)NC(=O)NS(=O)(=O)c1ccc(OCCN2CCCCC2)cc1,0
CC(C)c1cc(C(=O)N2CCc3nc(OCCCN(C)C)ncc3C2)c(O)cc1O,0
COCC(=O)Nc1cccc([C@H](NC(=O)OCc2ccccc2)C(=O)OC)c1,0
CC(C)C[C@H](NC(=O)CC(NC(=O)c1ccccc1)c1ccccc1Cl)B(O)O,0
O=C(O)CCC(=O)NNC(=O)CCCOc1ccc(Cl)cc1Cl,0
COCCOC(=O)c1c(NC(=O)CNC2CCCc3ccccc32)sc(C(N)=O)c1C,0
CCOc1ccc(NS(=O)(=O)c2cc(C(=O)NCCN3CCOCC3)ccc2C)cc1,0
CCCC1(CO)CCCN(C(=O)CCCn2nc(C)cc2C)C1,0
CN1CCN(CCCC(=O)N[C@@H]2C[C@H]3CC[C@]2(C)C3(C)C)CC1,0
COc1c(CNC2CCC(O)CC2)c(C(C)C)nn1C,0
O=C(CC1CCCO1)Nc1cccc(N2CCN(CC3CC3)CC2)c1,0
C[C@@H]1CN(C(=O)CCCN2CCCC2)CC[C@@]1(O)C1CCOCC1,0
C[C@@H]1CCCN1CCCOc1ccc2c(c1)CCC1CC(=O)NN=C21,0
CCS(=O)(=O)NCCc1csc(-c2ccccc2)n1,0
CCC1(C)Cc2ccccc2-c2nc(NCCCO)n(C)c(=O)c21,0
O=C(Nc1ccc(CNS(=O)(=O)c2cc(F)cc(F)c2)cc1)C1CC1,0
CC(=O)N[C@@H]1CN(Cc2ccccc2C(=O)O)C[C@H]1C(C)C,0
N[C@@H](COC(c1ccccc1)(c1ccccc1)c1ccccc1)C(=O)O,0
CC(C)Cn1c(SC(C)C(=O)NC2CC2)nnc1-c1ccccc1F,0
Cc1cnc(CNC(=O)N(CCCO)C2CCc3ccccc32)s1,0
CCCCCCNc1nc(Cl)c(SC)c(N2CCN(C)CC2)n1,0
CSc1c(Cl)nc(N2CCN(C)CC2)nc1NCCc1ccccc1,0
CC1CCCCC1NC(=O)COC(=O)CCC(=O)c1cccs1,0
O=C(CCC(=O)OCC(F)(F)C(F)F)Nc1ccc(F)cc1F,0
O=C(CN1CCN(Cc2ccccc2)CC1)NCc1ccccc1Cl,0
CC(=O)Nc1ccc(Oc2ccc(S(=O)(=O)C[C@H]3CS3)cc2)cc1,0
C[C@H](NS(=O)(=O)c1ccc(OC/C(F)=C/CN)cc1)c1ccccc1.Cl,0
Cc1cc(C)c(OCC(=O)OCC(=O)NCC2CCCCC2)c(C)c1,0
CCCCCCCNC(=O)[C@H]1CSC(c2ccccc2)N1.Cl,0
O=C(CCC(=O)Nc1ccc(Cl)cc1)CC(=O)c1ccc(F)cc1,0
Cc1ccccc1CN[C@@H]1C[C@@H](O)[C@H](CO)[C@H]1Cc1ccnc(-c2ccccc2F)n1,0
OC(CNC(CC1CCOC1)c1ccccc1)c1cc(F)ccc1F,0
NC(CCCCCP(=O)(c1ccccc1)C1C=CC=CC1)C(=O)O,0
CCCC(C)(C)C(=O)NC[C@@H](Cc1ccccc1)N1CCC(O)(C(F)(F)F)CC1,0
CC(=O)/C(=C\c1ccccc1)Oc1ccc(OCC(O)NC(C)(C)C)cc1,0
CN1CCC(SC(=S)NCCCCNC(=O)CC2CCCC2)CC1,0
CCN(CCNC(=O)c1cc(Cl)c(N)cc1OC)Cc1cccc(Cl)c1,0
O=C1C=C(NCc2ccc(Cl)cc2)C(=O)C=C1NCc1ccc(Cl)cc1,0
CCc1nc(-c2ccc(-c3ccc(CCC(N)(CO)CO)cc3)cc2)co1.Cl,0
C=CC(NC(=O)c1ccc(-c2cn[nH]c2)c(OC)c1)c1c(F)cccc1F,0
COc1cc(-c2nc(N)ncc2-c2ccc(SC)cc2)cc(OC)c1OC,0
CCOc1ccc(CNC(=O)c2ccccc2NC(=O)C2=CSCCO2)cc1,0
Cl.O=C1CCc2c(cccc2N2CCN(CC(O)CNc3ccccc3Cl)CC2)N1,0
CCOC(=O)C(C)Oc1ccc(C(=O)c2ccc(O)c(CN)c2)c(Cl)c1Cl.Cl,0
CC(C)(Cc1ccc(C(F)(F)F)cc1)NCC(O)c1cc(O)cc2c1OCC(=O)N2,0
CC1CC(C)CN(CCCNC(=O)c2ccc3c(SCC(=O)O)c4c(nc3c2)CCC4)C1,0
O=C(NCc1ccc(CNS(=O)(=O)c2ccc(F)cc2)cc1)c1ccc(F)cc1,0
Cc1cc2sc(-c3c(NC(=O)CCNC(C)C)sc4c3CCNC4)nc2c(C)n1,0
CC(=O)Nc1cccc(N(C[C@H]2CCCN2)C(=O)C(C)Oc2cccc(Cl)c2)c1,0
COc1cccc(CNC(=O)CC(c2ccc(F)cc2)N2Cc3ccccc3C2=O)c1,0
O=C(COc1ccc(F)cc1)NCC(c1ccc(Cl)cc1)N1CCCCC1,0
COc1ccc(C(=O)CC(=O)CC2CCN(Cc3cccc(C)c3)CC2)cc1O,0
CCOc1nccc(N2CC[C@@H](Oc3ccc([C@H](C)NC(C)=O)cc3)C2)c1F,0
CCc1ccc(NC(=O)C(=O)NCCc2csc(-c3cccc(F)c3)n2)cc1,0
O=C(COc1ccc(C(=O)c2ccccc2)cc1Br)Nc1cccnc1,0
COc1ccc(C[C@@H]2CCCN2C[C@@H](O)COc2cccc(Cl)c2C#N)cc1,0
O=C(COc1ccccc1C(=O)Nc1cccnc1)Nc1ccc(Br)cc1,0
COc1ccccc1C(=O)NC[C@]1(c2ccccc2)CC[C@@H](NC(=O)Cc2ccccc2)CC1,0
CCCCCNc1nc2sc3c(c2c(=O)n1-c1cccc(Cl)c1)CCN(C)C3,0
COc1cccc(C(=O)NCCCN2CCN(c3cccc(Cl)c3Cl)CC2)c1,0
CCN(CC(=O)Nc1c(F)cccc1F)C(=O)/C=C/c1ccc(Br)s1,0
COc1ccccc1CSc1nc2ccc(O)cc2c(=O)n1Cc1cccs1,0
COc1ccc(CC2(Cc3ccc(OC)cc3)C(=O)Nc3ccccc3C2O)cc1,0
O=C(Nc1ccc(C2CCCCC2)cc1)C1=C(O)C(CCc2ccccc2)NC1=O,0
Cc1ccc(CNC(=O)c2ccc(C[S+]([O-])Cc3ccccc3Cl)o2)cc1,0
Cc1ccc(C(NC(=O)c2cc(CCO)c(C(F)(F)F)[nH]c2=O)c2ccc(C)cc2)cc1,0
Cc1oc(-c2ccccc2F)nc1CN(Cc1ccccc1)C[C@@H]1CCC(=O)N1,0
CCOCC(O)CN1CCC(c2cc(-c3ccncc3)c(-c3ccc(F)cc3)[nH]2)CC1,0
CC[C@@H](Nc1cc(CN2CC(C(=O)O)C2)c(Cl)cn1)c1ccc(Cl)c(C)c1,0
CC(C)(F)C[C@H](N[C@@H](c1ccc(-c2ccc(C3(O)CC3)cc2)cc1)C(F)(F)F)C(=O)NC1(C#N)CC1,0
CCC(O)(CC)[C@H](C)Oc1ncc(C(F)(F)F)cc1-c1ccc(S(C)(=O)=O)cc1,0
Cl.O=C(O)C1=CN(CCOCCC2c3ccccc3CCc3ccccc32)CCC1,0
CCc1ccsc1C(=NOCCN1CCC[C@@H](C(=O)O)C1)c1sccc1CC,0
CC(=O)NCCN1C(=O)c2ccccc2C1(OCc1ccc(C(C)(C)C)cc1)c1ccccc1,0
CCCC[S+]([O-])c1sc2nc(-c3nccs3)cc(-c3cccc(CO)c3)c2c1N,0
CCOC(=O)c1c(NC(=O)CCCOc2ccc(Cl)cc2)sc2c1CCC2,0
CCCCN(CCCN)CC(O)c1cc(C(F)(F)F)nc2c(C(F)(F)F)cccc12,0
C[C@H](c1ccc(-c2ccccc2)cc1)[C@H](CS)C(=O)N[C@@H](Cc1c[nH]c2ccccc12)C(=O)O,0
CCOC(Cc1ccc(OCCCN2CC=C(c3ccc(Cl)cc3)CC2)cc1)C(=O)O,0
CC(C)(Cc1ccc2ccccc2c1)NC[C@@H](O)COC(c1cccc(C(=O)O)c1)C1CC1,0
CN(CCCNc1ccc2ccccc2n1)CCCNc1ccnc2cc(Cl)ccc12,0
COc1ccccc1-c1ccc(C[C@H](NC(=O)Cc2ccc(-c3ccccc3)cc2)C(=O)O)cc1,0
CC(C)NS(=O)(=O)CCCOc1ccc2c(c1)C(C1(c3ccc(Cl)cc3)CCC1)NCC2,0
COc1ccccc1N1CCN(CCCCC(=O)NCc2ccccc2-c2ccc(Cl)cc2)CC1,0
OC(CNCCC(Oc1ccc(C(F)(F)F)cc1)c1ccccc1)COc1cccc2[nH]ccc12,0
Cc1ccc(OCCc2ccc(B3OC(C)(C)C(C)(C)O3)cc2)c(NC(=O)CCc2ccccc2)c1,0
Cc1ccc(C(CCNC(=O)C(C)c2ccc(NS(C)(=O)=O)c(F)c2)c2ccc(F)cc2)cc1,0
O=c1cc(OCCCNC2CCN(Cc3ccccc3)CC2)c2ccc(-c3ccc(F)cc3)cc2o1,0
CC(C)c1cc(F)cc2c1C[C@](CCN(C)CCCc1nc3ccccc3[nH]1)(OC(=O)C1CC1)CC2,0
COc1ccc(CCNc2nc(SCc3ccc(F)cc3)nc3ccccc23)cc1OC,0
Oc1ccccc1/C=C/CN1CCN(CCOC(c2ccc(F)cc2)c2ccc(F)cc2)CC1,0
CCCCCCc1nc(N)n(CC(=O)Nc2ccc(C)cc2)c1-c1ccccc1Br,0
N#Cc1ccc(COC[C@H]2C3CC(c4ccc(F)cc4)(CO3)[C@@H]2C/C=C/CCCC(=O)O)cc1,0
CCOc1ccc(C(=O)/C=C/c2cn(CC(O)CN3CCCCCC3)c3ccccc23)cc1,0
COc1ccc2[nH]cc(CCNC(=O)c3ccc(CN(C)Cc4cccc(Cl)c4)cc3)c2c1,0
Cl.Cl.O=C(CCCc1ccccc1)c1c(OCCCN2CCNCC2)ccc2ccccc12,0
C=CCOc1c(Br)cc(CNc2ccc(NC(=O)CCC)cc2)cc1OCC,0
C=C(COc1ccc(C(F)(F)F)cc1)CSc1ccc(OCC(=O)O)c(C(F)(F)F)c1,0
O=C(O)CCc1cc(F)c(OCc2c(-c3ccc(C4CC4)cc3)noc2C(F)(F)F)c(F)c1,0
CC#C[C@@H](CC(=O)O)c1ccc(OC[C@H]2COc3ccc(-c4ccc(Cl)cc4)cc3O2)cc1,0
O=C(NCCc1ccc(Cl)cc1)c1ccc(CSCc2ccc(Cl)cc2)o1,0
Cc1ccc(C(=O)C(Cn2ccnc2)NC(=O)c2ccc(-c3ccc(Cl)cc3)s2)cc1,0
CCOc1cc2nc(CC(C)C)nc(Nc3cccc(Br)c3)c2cc1OCC,0
COc1ccc(-n2cnc3cc(NCc4ccc(CN5CCCCC5)cc4)ccc32)cc1,0
Cc1cc(CNc2c(F)ccc(OCC(=O)O)c2F)c(F)c(-c2cccc(F)c2)c1,0
Cc1ccccc1[C@H](CC(=O)O)NC(=O)c1cccc(-c2cccc(-c3ccccc3)c2)n1,0
CCNC(=O)c1ccc(C(=C2CC3CCC(C2)N3CCc2ccccc2)c2ccc(O)cc2)cc1,0
CCCCCCCCCCCS(=O)(=O)C1=CC(=O)c2c(OC)ccc(OC)c2C1=O,0
CN(C)c1ccc(/N=N/c2nc3ccc(OCCOCCOCCF)cc3s2)cc1,0
C=CCN(C)CCCOc1ccc2c(c1)C(=O)c1cc(OCCCN(C)CC=C)ccc1-2,0
CC(CCc1ccc(OCCOc2ccc(CC(=O)N(C)CCc3ccccc3)cc2)cc1)C(=O)O,0
C/C=C/CC[C@H]1[C@H](C(=O)O)[C@@H](c2ccc3c(c2)OCO3)CN1CC(=O)N(CCCC)CCCC,0
CC1=C(CC(=O)OCCCCCCO[N+](=O)[O-])c2cc(F)ccc2/C1=C\c1ccc([S+](C)[O-])cc1,0
CCN(CC)CCOc1ccc(/C=C(\C#N)c2ccc(OCCN(CC)CC)cc2)cc1,0
O=[N+]([O-])c1ccc(COP(=O)(N(CCCl)CCCl)N(CCCl)CCCl)s1,0
CCCCCCCCCC(=O)OCCCC[C@H]1C[C@H]2CC[C@H]3C[C@@H](C)N=C(N1)N23,0
COc1cccc(OC)c1OCCNCCOc1ccccc1OCc1cccc(Cl)c1,0
CCCCCCOc1ccc(-c2nn(-c3ccc(Cl)cc3)cc2/C=C2/SC(=O)NC2=O)cc1,0
CN(C)CCNCc1cccc(-c2ccc3c(Nc4ccc(Oc5ccccn5)cc4)ccnc3c2)c1,0
COc1ccc(N2CCN(CCCCC3(C)COC(c4nc(-c5ccccc5)c(-c5ccccc5)[nH]4)OC3)CC2)cc1,0
CS(=O)(=O)Nc1ccccc1-c1ccc2[nH]c(/C=C/c3ccc(OCC(F)(F)C(F)(F)F)cc3)nc2c1,0
OC(CN(Cc1ccc(N2CCOCC2)c(-c2ccco2)c1)c1cccc(Oc2ccccc2)c1)C(F)(F)F,0
O=C(O)CCc1ccc(OCc2ccc(CN3CCC4(CC3)CC(Cc3ccccc3F)CCO4)cc2)cc1,0
CCC(CC)C(=O)Nc1ccc(Oc2c(Cl)cc(CC(=O)O)cc2Cl)cc1Br,0
O=C(NCCCCCCCNc1c2c(nc3cc(Cl)ccc13)CCCC2)c1c[nH]c2ccccc12,0
COc1ccc(-c2cc(C(=O)Nc3ccc(-c4ccc(OC5CCN(C)CC5)cc4)cc3)ccc2OC)cc1,0
Cc1cc(OCCCn2c(C)c(S(=O)(=O)c3ccc(C(C)C)cc3)c(C)c2C(=O)O)cc(C)c1Cl,0
COc1nc(OC)c(C(c2ccccc2)C(O)(CCN(C)C)c2cccc3ccccc23)cc1-c1ccc(C#N)cc1,0
Cc1cc(OCc2nc(-c3ccc(OC(C)C)cc3)c(-c3ccc(OC(F)(F)F)cc3)o2)ccc1OCC(=O)O,0
CC(C)(Oc1ccc(CCOc2ccc(NC(=O)Nc3ccccc3)cc2)cc1)C(=O)Nc1ccccc1,0
CCCCN(c1cccc(-c2ccc(Cl)cc2)c1C)S(=O)(=O)c1ccc(OCC(=O)O)c(C)c1C,0
CCC(C)(C)C[C@H](c1ccc(C(=O)O)c(Oc2cccc(Cl)c2)c1)N1CCC[C@H](n2cc(C)c(=O)[nH]c2=O)C1,0
CCn1nc(CC2CCCCC2)cc1C1CCN(C[C@H]2CN([C@@H](C(=O)O)C(C)C)C[C@@H]2c2cccc(F)c2)CC1,0
CCO/N=C(/c1ccc(Br)cc1)C1CCN(C(C)(C)CCNC(=O)c2c(Cl)cncc2Cl)CC1,0
CCCCOC(=O)NS(=O)(=O)c1sc(CC(C)C)cc1-c1cccc(Cn2cnc3ccccc32)c1,0
COc1ccc(/C=C2\S/C(=N\c3ccccc3)N(Cc3ccc(C(=O)O)cc3)C2=O)cc1OCCc1ccccc1,0
CCN1CCN(CC/C=C/c2ccc3c(Nc4ccc(Sc5nccn5C)c(Cl)c4)c(C#N)cnc3c2)CC1,0
CCC1CCCCN1CCC(=O)Nc1ccc2cc3ccc(NC(=O)CCN4CCCCC4CC)cc3nc2c1,0
CCc1c(CCN2CCC(C(=O)O)CC2)cccc1-c1nsc(-c2ccc(OC(C)C)c(C(F)(F)F)c2)n1,0
CC[C@@H](CN1CC[C@H](CNC(=O)c2ccc3cc(Cl)ccc3c2)N[C@H](CCCN2CCCCC2)C1=O)c1ccccc1,0
CCN(CCCNc1c2c(nc3ccccc13)CCCC2)CCC(=O)Nc1nc(-c2ccc(Cl)cc2)cs1,0
O=C(O)c1cc(-c2cccc(CNCc3ccc(-c4ccc(C(=O)O)o4)cc3)c2)n(-c2ccc(Cl)c(Cl)c2)n1,0
CCCCCCS(=O)(=O)Nc1ccc(Nc2c3ccccc3nc3cc([N+](=O)[O-])ccc23)cc1.Cl,0
O=C1C=C(OCc2ccccc2)C(O)(Cc2ccc(C(F)(F)F)cc2)N1CCCNc1ccnc2cc(Cl)ccc12,0
COc1ccc(F)c(-c2ncc(COc3cccc([C@@H](CC(=O)O)C4CC4)c3)nc2C2=CCCC2(C)C)c1,0
CCS(=O)(=O)Nc1ccc(Nc2c3ccccc3nc3cc(C(=O)OCc4ccccc4)ccc23)c(OC)c1,0
CC1=C(C(=O)N2CCCCCC2)CC(CC(=O)NC(c2ccccc2)c2ccccc2)C(=O)N1CCC1=CCCCC1,0
CN(C)c1ccc(C(NC(=O)OCc2ccccc2)P(=O)(Oc2ccccc2)Oc2ccccc2)cc1,0
O=C(O)CCCCCCCOc1ccc2cc1COC/C=C/COCc1cccc(c1)-c1ccnc(n1)N2,0
CCC(CC)Oc1cc(C)c(-c2cc(-c3cnc(NC(=O)C(C)C)s3)nc(-c3cnccn3)n2)c(C)c1,0
C=CC(=O)Nc1cc(Nc2n[nH]c3ccc(-c4ccc5ccccc5c4)cc23)c(OC)cc1N(C)CCN(C)C,0
COc1cccc(-c2nn(-c3ccccc3)cc2C(=O)Nc2cc(OCCCN(C)C)cc(C(F)(F)F)c2)c1,0
CCCCNc1nc(SCc2csc(-c3ccc(Cl)cc3)n2)nc(-c2ccc3c(c2)OCO3)c1C#N,0
NCCCCN1N=C(CCc2ccc(O)cc2)c2ccccc2N(Cc2ccc(-c3ccccc3)cc2)C1=O,0
COc1ccc(N(CCCl)CCN/N=N/c2ccc3ncnc(Nc4cccc(Cl)c4)c3c2)cc1,0
O=C(C1=C(Nc2ccc(Cl)cc2)C(=O)N(CCCn2ccnc2)C1c1ccc(Br)cc1)c1ccccc1,0
COc1cc(-c2nc3ccc(F)cn3c2NC2CCCC2)ccc1OCCCNC(=O)Nc1ccc(C(F)(F)F)cc1,0
CC(=O)OCCOc1ccc(C(C)(C)C)cc1C1(c2cc(C(C)(C)C)ccc2OCCOC(C)=O)C(=O)Nc2ccccc21,0
CC(C)(C)OC(=O)N(Cc1ccccc1)C[C@@H](O)c1cccc(NC(=O)[C@H](NC(=O)OCc2ccccc2)c2ccccc2)c1,0
CCC[C@@H]1CN([C@H](Cc2ccccc2)N2CCC[C@H]2CN2C(=N)NC[C@H]2CC(C)C)C(=N)N1CC12CC3CC(CC(C3)C1)C2,0
Cc1ccsc1-c1nc(CCOc2ccc(C[C@H](Nc3ccccc3C(=O)c3ccccc3)C(=O)O)cc2)c(C)o1,0
Cc1c(COc2cc(OCc3cccc(C#N)c3)c(CNCCN(C)C)cc2Cl)cccc1-c1ccc2c(c1)OCCO2,0
CC(C)c1cccc(C(C)C)c1NC(=O)/C(CC(=O)CC(c1ccccc1)c1c(O)c2ccccc2oc1=O)=N/O,0
CCN(CC)CCOc1ccc(NC(=O)c2oc3ccccc3c2C=Cc2ccccc2)cc1.O=C(O)/C=C/C(=O)O,0
C/C=C/C=C/C(=O)N1Cc2cc(OCCc3nc(/C=C/C(C)(C)CC)oc3C)ccc2C[C@H]1C(=O)O.CC(C)(C)N,0
Clc1ccc(CCNc2ncnc3cc(OCC4CCN(CCNc5ccnc6ccccc56)CC4)ccc23)cc1,0
COc1ccc2cc(CCC(=O)CC(Nc3ccc(S(=O)(=O)Nc4cc(C)on4)cc3)c3ccc(O)cc3)ccc2c1,0
COc1ccc(C(=O)/C=C/c2ccc(OCCNc3ccnc4cc(Cl)ccc34)c(OC)c2)c(OC)c1,0
C[C@H](CCC(=O)O)[C@H]1CC[C@H]2[C@@H]3CC[C@@H]4C[C@H](OC(=O)CCCCCC(=O)O)CC[C@]4(C)[C@H]3CC[C@]12C,0
Cc1cc(-n2cnc3c(NCCC(F)(F)F)cc(Oc4ccc(OC(F)F)cc4)cc32)ccc1C(=O)NC1CC1,0
O=C(N[C@@H](CCCCNC(=O)c1ccccc1C1CC1)c1ncc(-c2ccc3ccccc3c2)[nH]1)c1cncs1,0
c1ccc(CCCNc2ncnc3cc(OCC4CCN(CCNc5ccnc6ccccc56)CC4)ccc23)cc1,0
O=C(O)CCCOc1ccccc1-c1cc2ccc(C(=O)NC(c3ccc(F)cc3)c3ccc(F)cc3)cc2o1,0
N#Cc1ccc2[nH]cc(CCCN3CCN(c4ccc(C(=O)CCC5CCN(Cc6ccsc6)CC5)cc4)CC3)c2c1,0
COc1ccc(NC(=O)Oc2cc(=O)n(CCCO)c3c2CC(C/C=C(\C)CCC=C(C)C)C(C)(C)C3)cc1,0
Cn1cc(CN(C(=O)CC[C@@H](C2CCCCC2)N2Cc3cc(Oc4ccccc4)ccc3N=C2N)C2CCCCC2)cn1,0
CC(c1ccc(C(=O)NCCC(=O)O)cc1)n1nc(-c2ccc(OC(F)(F)F)cc2)cc1-c1ccc(OC(F)(F)F)cc1,0
CCOc1cc(C(=O)NCC2CCN(c3ccncc3)CC2)cc(OCCc2ccc(Cl)cc2Cl)c1OCC,0
N[C@@H](CCN(Cc1ccccc1Oc1ccc(F)cc1)Cc1ccccc1Oc1ccc(F)cc1)C(=O)O,0
COc1ccc(Nc2ncnc3ccc(NC(=O)Nc4ccc(N(CCCl)CCCl)cc4)cc23)cc1Cl,0
C[C@H](NC(=O)CC(CC(=O)O)C(=O)O)[C@@H](Cc1ccc(Cl)c(Cl)c1)c1ccc(-c2ccccc2)c(F)c1,0
CCC[C@@H]1CN([C@H](CC2CCCCC2)N2CCC[C@H]2CN2C(=N)NC[C@H]2CC(C)C)C(=N)N1CC12CC3CC(CC(C3)C1)C2,0
CC(Oc1c(C2CCN(CCCCNC(=O)c3ccc(-c4ccc(Cl)cc4)cc3)CC2)ccc2c1CCCC2)C(N)=O,0
COCCOCCOCc1csc(C(=O)Nc2ccc(Cl)cc2C(=O)Nc2ccc(Cl)cc2)c1Cl,0
CCOc1ccc(-n2cc(-c3ccccc3)nc2[C@@H](C)N(C[C@H]2CCCN2)C(=O)Cc2ccc(F)c(C(F)(F)F)c2)cc1,0
COCCNCc1cccc(C#Cc2cc3ncnc(Nc4ccc(OCc5cccc(F)c5)c(Cl)c4)c3s2)n1,0
Cc1cc(Nc2ncc(Cl)c(Nc3ccccc3S(=O)(=O)C(C)C)n2)c(OC(C)C)cc1C1CCN(CC[18F])CC1,0
Cc1cc(C)cc(-c2[nH]c3ccc(C(=O)N4C(C)CCC4C)cc3c2CCNCCCCc2ccc(NS(C)(=O)=O)cc2)c1,0
CCCCC(CC)C(=O)Nc1ccc2ccn(Cc3ccc(C(=O)C(C#N)S(=O)(=O)c4ccccc4)cc3OC)c2c1,0
Cc1cc(C)cc(-c2[nH]c3ccc(C(=O)N4C5CCC4CC5)cc3c2CCNCCCCc2ccc(NS(C)(=O)=O)cc2)c1,0
Cc1oc(-c2ccccc2)nc1CCOc1ccc(CN(CC(=O)O)Cc2cccc(Oc3ccccc3)c2)cc1,0
CCn1c(Sc2ccc(Nc3c(C#N)cnc4cc(OCCCN5CCC(O)C5)c(OC)cc34)cc2Cl)nc(C)c1C,0
CC1(C)O[C@H]2O[C@H](CNCCCCCCCn3c(-c4ccccc4)nc(-c4ccccc4)c3-c3ccccc3)[C@H](O)[C@H]2O1,0
COCOc1ccc(Cc2ccc3cc(NC(=O)c4ccc(OC(C)=O)c(CC=C(C)C)c4)c(=O)oc3c2C)cc1OC,0
CC(=O)c1c(-c2ccc(Cl)cc2)c(-c2ccc(Cl)cc2)nn(CCOC(=O)C(NC(=O)OCc2ccccc2)C(C)C)c1=O,0
CN(C)C(=O)c1cc2cnc(Nc3ccc(NC(=O)CCCCCCCN=C=S)cc3F)nc2n1C1CCCC1,0
CSCC[C@H](NC(=O)c1ccc(NCc2cn(Cc3ccc(-c4ccccc4)cc3)cn2)cc1-c1ccccc1)C(=O)O,0
CCCOc1cc([C@H](c2cc3cc(C#N)ccc3cc2OC)[C@@](O)(CCN(C)C)c2cccc3ccoc23)cc(OCC)n1,0
CCCCc1nc(Cl)c(C=O)n1CCCOc1cc2c(Nc3cccc(C(F)(F)F)c3)ncnc2cc1OC,0
O=C(CCCN1CCCC1)Nc1ccc(Nc2nc(-c3ccccc3NC(=O)CCCN3CCCC3)nc3ccccc23)cc1,0
CCCSc1nc(Oc2c(OC)cc(CN[C@@H]3C[C@H]3c3ccccc3)cc2OC)c2nnn(Cc3cccc(Cl)c3)c2n1,0
COCCOc1cc2ncnc(Nc3cccc(C#Cc4ccc(-c5ccccc5)cc4)c3)c2cc1OCCOC,0
Cc1c(COc2cc(OCc3ccnc(C#N)c3)c(CNC(C)(C)C(=O)O)cc2Cl)cccc1-c1ccc2ocnc2c1,0
Cc1cccc(C)c1OS(=O)(=O)C1CC2OC1C(c1ccc(NC(=O)CCCCCCC(=O)O)cc1)=C2c1ccc(O)cc1,0
C=C(CC[C@@H](C)[C@H]1CC=C2C3=C([C@@H](O)[C@H](OC(C)=O)[C@@]21C)[C@@]1(C)C[C@@H](OCOC)[C@H](OCOC)C(C)(C)[C@@H]1CC3)C(C)C,0
CCOCCOc1ccc(Cl)c(C(=O)Nc2cc(C(=O)Nc3cccc(Cl)c3C)c3nc(COC)[nH]c3c2)c1,0
CSCC[C@H](NC(=O)c1ccc(NCc2cncn2Cc2ccc(-c3ccccc3)cc2)cc1-c1ccccc1)C(=O)O,0
CCN(CC)Cc1cc(Nc2c3ccccc3nc3c4ccccc4n(C)c23)cc(CN(CC)CC)c1O,0
CCN(C(=O)c1ccc(Cl)c(Cl)c1)C1CCN(C(C)C[C@H](NC(=O)C2CCC2)c2ccccc2)CC1,0
O=C(NC(Cc1ccc(F)cc1)P(=O)(Oc1ccccc1)Oc1ccccc1)OCc1ccccc1,0
O=C(O)C[C@@H]1COc2cc(OCc3cccc(-c4ccc5c(c4)CCN(CCc4ccccc4)C5)c3)ccc21,0
O=C(NCc1ccccc1)/C(=C/c1cn(-c2ccccc2)nc1-c1ccccc1)CC(=O)c1ccc(Cl)cc1,0
Cl.O=C(NCCCCN1CCC(c2ccc3c(c2O)CCCC3)CC1)c1ccc(NC(=O)c2ccc(Cl)cc2)cc1,0
CCOc1ccc(Cc2nc3cc(NC(=N)c4cccs4)ccc3n2CCC2CCCN2C)cc1.Cl.Cl,0
CCc1c(CN(C)C(C)(C)C(=O)O)cccc1-c1nsc(-c2ccc(OC(C)C)c(C(F)(F)F)c2)n1,0
CCC[C@H]1C[C@@H]2CCCC[C@]2(C)[C@H]2CC[C@]3(C)[C@@H]([C@H](C)CCC(=O)NCCS(=O)(=O)O)CC[C@H]3[C@H]12,0
CCCCN(c1ccc(F)c(-c2ccc(Cl)cc2)c1)S(=O)(=O)c1ccc(OC(C)C(=O)O)c(C)c1C,0
CC(=O)/C=C/[C@H](CCc1ccccc1)NC(=O)[C@H](Cc1ccccc1)NC(=O)Nc1ccc(Cl)cc1C(F)(F)F,0
COc1cccc(Oc2nc(NCCc3ccccc3)c3ncn(Cc4ccc(-c5ccccc5)cc4)c3n2)c1,0
O=C(/C=C/c1ccccc1)c1ccc(N2CCN(Cc3cc(C(=O)/C=C/c4ccccc4)ccc3O)CC2)cc1,0
COc1cc2c(cc1OC)CC(CC1CCC(NCCCNc3c4c(nc5ccccc35)CCCC4)CC1)C2,0
CC(C)CCN(C(=O)Nc1ccc(OC(F)(F)F)cc1)C1Cc2ccc(SC(C)(C)C(=O)O)cc2C1,0
CC[C@@H](CCC(C)(C)O)N1C(=O)[C@@](C)(CC(=O)O)C[C@H](c2cccc(Cl)c2)[C@H]1c1ccc(Cl)cc1,0
COc1ccc(-c2nc(COc3ccc(OCC(=O)O)c(C)c3)oc2-c2ccc(C(F)(F)F)cc2)cc1,0
O=C(NC(Cc1ccc(OCc2ccccc2)cc1)C(=O)O)c1cc2cc(-c3ccc(Cl)cc3)ccc2o1,0
CN(C(=O)/C=C/c1c(Cl)cccc1Cl)C1CCN(CCCCCNC(=O)/C=C/c2ccc(Cl)c(Cl)c2)CC1,0
CCCCOc1ccc(C(=O)Nc2ccc3nc(SCC(=O)N[C@@H](C)c4ccccc4)sc3c2)cc1,0
COc1ccc(/C=N/c2ccc(-c3ccc(/N=C/c4ccc(OC)c(O)c4)c(C)c3)cc2C)cc1O,0
O=C(c1cnc2ccc(-c3cc(F)c(O)c(Cl)c3)cc2c1Nc1cncc(CCN2CCCC2)c1)C1CC1,0
COc1ccc(Cn2c(-c3ccc(C)cc3)c(-c3ccc(C)cc3)c(=O)c3cc([N+](=O)[O-])ccc32)cc1,0
Cc1cc(C(=O)Nc2ccc(-c3ccccc3CN(C)C)cc2F)n(-c2ccc3cc(Cl)ccc3c2)n1,0
COc1ccc(-c2nn(-c3ccccc3)cc2C(=O)Nc2cc(C(F)(F)F)ccc2N2CCCCC2)cc1,0
Cc1c(C)n(Cc2ccc(C3(C(=O)O)CC3)cc2)c2ccc(C(=O)N[C@@H](C)c3ccc(C(C)C)cc3)cc12,0
COc1cc(-c2cc(-c3c[nH]c4ccccc34)nc(-c3c[nH]c4ccccc34)c2)cc(OC)c1OC,0
O=C(NCC(CCN1CCC(N2CCCCC2)CC1)c1ccc(Cl)c(Cl)c1)Nc1cccc(Cl)c1,0
C[C@H]1OC(=O)[C@@H]2C[C@@H]3CCCC[C@H]3[C@H](/C=C/c3ccc4cc(OC(C)(C)C(=O)Nc5ccccc5)ccc4n3)[C@H]12,0
CCC(C)[C@@H](C(=O)O)N1C(=O)/C(=C/c2cc3cc(OCc4cccc(Cl)c4)ccc3nc2Cl)SC1=S,0
CCN1C(=O)c2c(nc(Cc3ccccc3)n2Cc2ccc(C)c(Cl)c2)N2C1=N[C@@H]1CCC[C@@H]12,0
CCOc1ccc([C@@H]2C[C@H](c3cccc(Br)c3)n3nnnc3N2)cc1Cl,0
N#Cc1cc(Nc2nc3n(n2)CCCC3c2ccc(F)cc2)ccc1-n1cnc(Cl)c1,0
C/C(=N/NC(=O)c1ccc(Br)o1)c1cccc(NC(=O)c2ccc(F)cc2)c1,0
CCCCn1c(-c2ccc3onc(C)c3c2)nc2ccc(N3CCOCC3)cc21,0
c1ccc(-n2ncc3c(Nc4ccc5c(c4)OCO5)nc(NC4CCCCCC4)nc32)cc1,0
CC(=O)Nc1ccc(-c2ccnc3c2CC(C)(C(=O)Nc2cccc(C(F)(F)F)c2)O3)cc1,0
O=C(Nc1ccc2c(c1)nc1n2CCN(C2CCCCC2)C1)NC1CCCCC1,0
O=C(Nc1cccnc1)c1cc(-c2ncco2)nc2ccc(-c3ccccc3)cc12,0
C[C@H](c1ccc(F)cc1)N1C(=O)O[C@](Cc2ccccc2)(c2nc3c(F)cccc3[nH]2)C1=O,0
CC1=NN(c2ccc(Cl)c(Cl)c2)C(=O)/C1=C/c1cc(Br)ccc1OCC(=O)O,0
N#CSc1c(-c2ccc(Cl)cc2)nc2sc(Cc3noc4ccccc34)nn12,0
CC(NS(=O)(=O)c1ccc(-n2ncc(Cl)c(Cl)c2=O)cc1)c1ccc2ccccc2c1,0
Cc1cc(F)ccc1Oc1nc2ccccc2cc1C(=O)Nc1ccc(C(=O)O)cc1,0
COc1cc2ncnc(C3CCN(C(=O)c4ccc(OC(F)(F)F)cc4)CC3)c2cc1OC,0
Cc1csc2nc(Cc3ccc(C(=O)c4cccc(N=O)c4)cc3)oc(=O)c12,0
Cc1ccc(SCc2cc(O)nc(Nc3nc(C)c4cccc(C)c4n3)n2)cc1,0
Cc1c(C(=O)NN2CCCCC2)nn(-c2ccc(Cl)cc2Cl)c1-c1ccc([N+](=O)[O-])cc1,0
Fc1ccc2c(c1)CCCC2Cn1cnc(-c2cc(-c3nn[nH]c3C(F)(F)F)ccn2)c1,0
CC(C)(C)NC(=O)C(c1ccnc2ccccc12)n1c(=O)c(-c2ccco2)nc2ccccc21,0
Cc1cccc(N(C(=O)c2ccncc2)C(C(=O)NC2CCCCC2)c2ccncc2)c1C,0
Cc1cc(OCC(=O)Nc2ccccc2)nc2c1c(-c1ccccc1)nn2-c1ccccc1,0
CC(=O)c1ccc(C(C)=O)c2c(C)c(C(=O)Nc3cc(C(C)O)c4ccccc4n3)sc12,0
Cc1cc(S(=O)(=O)Nc2nc3ccsc3c(=O)[nH]2)c(SCc2ccccc2)cc1Cl,0
COc1cccc(-n2c(SCC(=O)N3CCCc4ccccc43)nc3c([nH]c4ccccc43)c2=O)c1,0
O=C(Nc1nc(-c2ccc(C(F)(F)F)c(F)c2)cs1)c1ccc(Nc2ccncn2)cc1,0
O=c1c(-c2ccco2)nc2ccccc2n1C(c1ccccc1)c1nc2ccccc2[nH]1,0
CC(C)(C)c1ccc(S(=O)(=O)NCC(=O)Nc2ccc(-c3nc4ccccc4s3)cc2)cc1,0
CCCCn1c(NC(=O)c2ccc(Cl)cc2)c(C#N)c2nc3cc(C)c(C)cc3nc21,0
COC(=O)CC[C@@H](C)[C@H]1CC[C@H]2[C@@H]3CC[C@@H]4C[C@@H](OC(C)=O)CC[C@]4(C)[C@H]3C/C(=N\O)[C@]12C,0
O=C(O)COc1cccc(-c2ocnc2-c2onc(-c3ccccc3)c2-c2ccccc2)c1,0
CC(C)c1ccc(NC(=O)c2cccc(Nc3ncnc4cc(-c5cnn(C)c5)ccc34)c2)cc1,0
O=C(Nc1cc(Cl)c(Cl)c(Cl)c1)c1ccccc1NS(=O)(=O)c1cccc([N+](=O)[O-])c1,0
O=C1c2ccccc2C(=O)N1CCCCCn1c(C2CCNCC2)nc2cc(Cl)c(Cl)cc21,0
COc1cc(OC(C)c2ccccc2)ccc1C(=O)N1CCC(N2C(=O)OCc3ccccc32)CC1,0
CCn1ncc(-c2cc(C(=O)Nc3ccc(F)cc3OC(F)F)c3ccccc3n2)c1C,0
Cc1ccccc1NC(=O)Cc1nc(COC(=O)c2ncc(Cl)c(Cl)c2Cl)cs1,0
COc1ccc(NC(=S)Nc2sc3c(c2C(=O)OC(C)(C)C)C(C)CCC3)cc1OC,0
C[C@H](C[C@@H]1CC[C@H]([C@@H](C)C(=O)N(C)Cc2ccccc2)O1)n1cc(C#Cc2cccc3ccccc23)nn1,0
CN[C@@H](C)C(=O)Nc1ccc2c(n1)CN(C1CCC(C)(C)CC1)C(=O)N2c1cccc(Cl)c1,0
Cc1cc(-c2ccc3c(c2)-c2nnc(Nc4cccc(OC(F)(F)F)c4)n2CCO3)ccn1,0
Cc1cc(F)ccc1Oc1cc(C(C)(C)C)ccc1C(=O)Nc1ccc(C(=O)O)nc1,0
COc1ccc(-c2csc(N(C(C)=O)c3cc4ccccc4cn3)n2)cc1OC,0
Cc1ccc(C(=O)C2=C(O)C(=O)N(c3nnc(C)s3)C2c2ccc(C(C)C)cc2)cc1,0
CN(C)Cc1nnc2n1-c1ccccc1C(c1ccccc1F)=N[C@@H]2Cc1c[nH]c2ccccc12,0
CC(C)(C)OC(=O)N1CCN(c2cccc3c2NC(=O)[C@@H](c2ccccc2)N=C3c2ccccc2)CC1,0
CC(C)c1nc2c(c(Nc3ccc(N4CCCC4)cc3)n1)CCN(c1ncccc1C(F)(F)F)CC2,0
COc1ccc2c(c1)CCc1c(C(=O)Nc3c(C)nn(Cc4ccc(Cl)c(Cl)c4)c3C)noc1-2,0
Cc1ccc2c(c1)Oc1cccc(C)c1C2NC(=O)c1cc(C2=CCOCC2)c(C(F)(F)F)[nH]c1=O,0
Cc1nc(N[C@H](C)c2cccc(C(F)F)c2F)c2cc3c(cc2n1)OC[C@H]1CN(C(C)C)CCN31,0
CN1CCN(Cc2ccc(-c3cc4c(Nc5ccc6[nH]ccc6c5)c(C#N)cnc4s3)cc2)CC1,0
COc1c2c(cc3occ(-c4ccc(OCC=C(C)C)cc4O)c(=O)c13)OC(C)(C)C=C2,0
COc1ccc(-c2ccc(C(=O)Nc3ccc(NC(C)=O)cc3)c3occc23)c(C)c1,0
Oc1ccc(Nc2nnc(N3CCN(Cc4cccc(C(F)(F)F)c4)CC3)c3ccccc23)cc1,0
COc1ccc(-c2ccc3c(n2)Oc2ccccc2[C@@H]3C(C)(C)C(=O)Nc2nncs2)cc1,0
COc1ccc(C2c3c(n(C)c4ccccc34)C(=O)N2CC(=O)Nc2ccc(C)cc2Cl)cc1,0
N#Cc1cccc(C(F)(F)F)c1C(=O)c1nc(-c2ccc(C(=O)O)cc2F)c2n1CCCC2,0
CC1(C)OC(=O)N([C@H]2CC[C@H](NC(=O)c3coc(-c4ccccc4)n3)CC2)[C@H]1c1ccccc1,0
FC(F)(F)Oc1cccc(-n2nccc2-c2ccc3nnn(-c4ccc5cn[nH]c5c4)c3c2)c1,0
Cc1cc(NC(=O)C(c2ccccc2)c2ccccc2)c(O)c(-n2nc3ccccc3n2)c1,0
CN1CCN(C(=O)c2cccc3c(NCCc4c[nH]c5ccccc45)c4ccccc4nc23)CC1,0
COc1cc(NS(C)(=O)=O)ccc1Nc1c2ccc(Cl)cc2nc2c(C)cccc12,0
Cc1nn2c(-c3nc4cc([N+](=O)[O-])ccc4[nH]3)c(-c3ccc(Cl)cc3)nc2s1,0
CSc1cccc(NC(=O)C2CCN(S(=O)(=O)c3ccc4[nH]c5c(c4c3)CCCCC5)CC2)c1,0
CC1(C)C/C(=N/Nc2nc3ccccc3s2)c2cc(-c3cccc(C(=O)O)n3)ccc2O1,0
CC(C)C(/C=C1\OC(=O)NC1=O)c1cc(Cl)c(-c2ccc3cccc(F)c3c2)[nH]c1=O,0
Cn1ccc2c(Oc3ccc(NC(=O)Nc4cccc(C(F)(F)F)c4)cc3)ncnc21,0
CCc1cc(C)c(NC(=O)O[C@@H]2CCOC2)cc1C(=O)N1CCC(F)(c2ccc(C#N)cc2)CC1,0
O=C(O)Cc1ccc2oc(-c3ccc(NC(=O)c4ccc(Br)cc4)cc3Cl)nc2c1,0
CC(C)(C)OC(=O)N1CCC(CC(=O)Nc2ccccc2-c2nc3ccccc3[nH]2)CC1,0
Cc1cc(Nc2ncc(-c3nc(C4CCNCC4)sc3-c3ccc(F)cc3)cn2)ccn1,0
O=C(Nc1ccc2c(c1)CC1CCC(C2)C1NS(=O)(=O)c1ccccc1)OCc1ccccc1Cl,0
CCc1cccc(NC(=O)N2CCc3nc(-c4ccncc4)nc(-c4ccccc4C)c3C2)c1,0
COc1ccc(Nc2ncnc3c2C(c2cccc4ccccc24)c2c(n[nH]c2C)O3)cc1,0
C[C@@H]1C[C@H](N(C(=O)CCC(=O)O)c2ccccc2)c2ccccc2N1C(=O)c1ccccc1,0
Cc1cc2c(cc1F)c(C#N)c(-c1ccc(S(=O)(=O)N[C@@H](C)C(F)(F)F)cn1)n2-c1cccs1,0
Oc1ccc2c(c1)nc(-c1ccc3ccccc3c1)n2-c1ccnc(NC2CCOCC2)c1,0
O=C(CC1SC(N2N=C(c3cccs3)CC2c2ccccc2)=NC1=O)Nc1ccccc1F,0
Cc1cccc(-c2nn3c(c2-c2ccc4ncn(CCCN5CCCCC5)c4c2)CCC3)n1,0
COc1cc(/C=C2/S/C(=N/c3nc(C45CC6CC(CC(C6)C4)C5)cs3)NC2=O)ccc1O,0
CN1c2ccccc2Sc2cc(/C=N/OCc3cn(Cc4ccc(C#N)cc4)nn3)ccc21,0
CC(=O)c1nn(-c2ccc(Cl)cc2)c2nc3nc(-c4cccs4)cc(-c4ccccc4)c3c(=O)n12,0
Cc1ccc(OC[C@H]2O[C@@H](n3ncc(Cl)c(Cl)c3=O)C[C@@H]2Oc2ccc(C)cc2)cc1,0
O=C(c1cnccc1Oc1ccc2[nH]ccc2c1)N1CCN(C2CC2)c2ccccc21,0
COc1cc(C2C3=C(O)OCC3=Nc3cc4c(cc32)-c2ccccc2C4)cc(OC)c1OC,0
CCc1ccccc1NC(=O)N1CCC2(CC1)Oc1ccccc1C(=O)N2Cc1ccccc1F,0
O=S(=O)(c1cc(-c2nc(-c3ccc(Cl)cc3)no2)cs1)N1CCc2ccccc2C1,0
Cc1cccc(-c2nc3cc(NC(=O)c4cc([N+](=O)[O-])ccc4Cl)ccc3o2)c1,0
Cc1noc(C)c1C(=O)N(CC(=O)Nc1ccc(Cl)c(C(F)(F)F)c1)Cc1ccco1,0
COc1ccc2cc(C(C)C(=O)NCC3(C)CCc4c(C)c(OC(C)=O)c(C)c(C)c4O3)ccc2c1,0
COc1ccc(-c2c(-c3ccc(OC)cc3)n(-c3cccc(C(F)(F)F)c3)c3nc[nH]c(=O)c23)cc1,0
Cc1oc(C(C)(C)C)cc1C(=O)C(=O)Nc1ccc(-c2ccc(CN3CCOCC3)nc2)c2ccccc12,0
COC(=O)/C=C/c1nc(O)c2c(ccc3nc(Nc4c(Cl)cccc4Cl)n(C)c32)c1C,0
COc1ccc(-c2ccc(CSc3nnc(-c4ccc5c(c4)OCCO5)o3)cc2)c(C#N)c1,0
Cc1ccc(-c2csc3nc(CSc4nnc(-c5ccc(Cl)cc5)n4C)nc(O)c23)cc1,0
COc1ccc2c(c1)[C@]1(C[C@H]1c1ccc3c(/C=C/c4ccc(CN5CCCCC5)nc4)n[nH]c3c1)C(=O)N2,0
Cc1ccc([C@@H]2[C@H]3C=C(C=O)[C@@H](c4ccc(C)cc4)[C@H]([N+](=O)[O-])[C@@H]3C[C@@]23C(=O)N(C)c2ccccc23)cc1,0
N#Cc1ccc(NC(=O)c2ccc(-c3ccc(C(=O)Nc4ccc(C#N)cc4)cc3)cc2)cc1,0
Cc1cc(Br)c(Nc2nc(Cl)nc(Nc3ccc(C#N)cc3)n2)c(Br)c1,0
Clc1ccc(-c2nnc(SSc3nnc(-c4ccc(Cl)cc4)[nH]3)[nH]2)cc1,0
Cc1cc(C)c2c(CSc3nnc(CSc4nc5ccccc5o4)o3)cc(=O)oc2c1,0
Cc1nc(NC(C)c2cccc(OCC(C)(C)O)c2)cc(-c2ccc3occ(C)c3c2)n1,0
CCC(NC(=O)Nc1cc(Cl)ccc1OC)c1c(-n2cccc2)sc2c1CCN(C)C2,0
Cc1ccc(S(=O)(=O)Cc2nc(-c3ccc(C(=O)Nc4c(C)cccc4C)cc3)oc2C)cc1,0
O=C(O[C@H]1C[N+]2(Cc3nc(-c4ccccc4)no3)CCC1CC2)C1(C2=CC=CC2)CCCCCC1,0
O=C(NC1CCC(=Cc2cccc(Oc3ccc(C(F)(F)F)cn3)c2)CC1)c1ccc(-n2nccn2)nc1,0
COc1ccc2cc(Cn3c(C(=O)O)c(-c4ccc[nH]c4=O)c4cc(C)c(F)cc43)c(Cl)nc2c1,0
Cc1ccc(N(C(=O)c2snnc2C)C(C(=O)NC2CCCCC2)c2cccc(F)c2)cc1Cl,0
C[C@H](NC(=O)OCc1ccccc1)C(=O)Oc1ccc(Cl)cc1C(=O)Nc1ccc(C(F)(F)F)cc1,0
O=C(O)CCNC(=O)c1ccc2c(c1)CCC2n1nc(-c2cc(Cl)cc(Cl)c2)cc1-c1ccccc1,0
COc1cc(-c2nc(-c3ccccc3)c(-c3cccs3)[nH]2)cc(OC)c1OC(=O)C(C)(C)C,0
O=C(NCCC1=CCCCC1)c1ccc2c(c1)N(Cc1cccc(Cl)c1)C(=O)c1ccccc1S2(=O)=O,0
COC(=O)c1cccc(NC(=O)c2[nH]c(-c3ccccc3C)nc2CCC23CC4CC(CC(C4)C2)C3)c1,0
O=C(Nc1ccc(OC(F)(F)F)cc1)Nc1cccnc1Oc1cccc(C(F)(F)F)c1,0
Cc1nn(Cc2ccc(Oc3ccccc3)cc2)c2nc(/C=C/c3ccccc3)cc(C(=O)O)c12,0
COc1cc2nccc(Oc3ccc(NC(=O)Nc4ccc(Cl)cc4)cc3)c2cc1OC,0
CC(C)(C)n1nnnc1C(Nc1ccc(F)cc1)c1cn(-c2ccccc2)nc1-c1cc2ccccc2o1,0
COc1ccc(Oc2ccc3cc(NC(=O)c4ccc(O)c(CC=C(C)C)c4)c(=O)oc3c2C)cc1,0
Cc1ccc(S(=O)(=O)Nc2ccccc2C(=O)Nc2nc3c(Cl)ccc(Cl)c3s2)cc1,0
CCn1cc(NC(=O)OCc2ccc(F)c(F)c2)c2cc(-c3nc(CN4CCCC4)cs3)ccc21,0
COc1ccc(C2(Cc3ccncc3)CCN(C(=O)OC(C)(C)C)C2)cc1OC1CCCC1,0
O=C(Nc1cccc(C(F)(F)F)c1)C(=O)C(C(=O)c1ccc2ccccc2c1)C1OC(=O)c2ccccc21,0
CO/N=C1\CC(C)(C)Cc2c(-c3ccn(S(=O)(=O)c4ccccc4Cl)n3)sc(SC)c21,0
CCC(CC)Oc1cc2c(cc1N1CCN(C3CCC3)CC1)C(C)(C)c1c(c3ccc(C#N)cc3n1C)C2=O,0
Fc1ccc(Nc2ncnc3nc(Nc4ccc(CN5CCCC5)cc4)sc23)cc1Cl,0
Cc1ccc(NC(=O)c2cc(C#N)cc(OC(F)(F)F)c2)cc1-n1ccn2nc(-c3cccnc3)cc12,0
CC(C)c1cccc(-c2c(-c3ccc4nn(C)cc4c3)nsc2NC(=O)[C@@H]2C[C@H]2C)n1.Cl,0
Cc1c(N(Cc2ccc3c(c2)c(Cl)cn3C)S(=O)(=O)c2ccc(C(=O)O)cc2)ncc2ccccc12,0
N#Cc1cccc(NC(=O)O/N=C(\C2CCCCC2)C(Cn2ccnc2)C2CCCCC2)c1,0
CCc1ccc(C(=O)c2c(N)c(-c3nc(-c4ccc5c(c4)OCO5)cs3)c3ccccn23)cc1,0
Cc1noc(C)c1-c1ccccc1CN(C(=O)c1ccc(-c2ccc(C#N)cc2)o1)c1ccc(N2CCNCC2)cc1,0
CN(C)c1ccccc1-c1ccc(C(=O)Nc2ccc(Cl)cc2C(=O)Nc2ccc(Cl)cn2)cc1,0
CC1(C)C/C(=N\OC(=O)c2cccc(NC(=O)c3cccc(F)c3)c2)c2c(noc2-c2cccc(F)c2)C1,0
CCN1C(=O)[C@@H](NC(=O)c2cccc(C(C)(C)C)c2)[C@@H](c2ccc(F)cc2)c2c(C)nn(-c3ccccc3)c21,0
O=C(C1=C(O)C(=O)N(c2ccc3oc4ccccc4c3c2)C1c1ccc([N+](=O)[O-])cc1)c1ccccc1,0
O=C1CC(CSc2nnc(-c3ccncc3)o2)=NN1c1c2ccccc2nc2c(Cl)cc(Cl)cc12,0
C[C@@H](Oc1ccc(C2c3c(-c4cccc5[nH]c(=O)oc45)n[nH]c3C(=O)N2CC(C)(F)F)cc1)c1ccccc1,0
CCC1(C)C(C)=Nc2c(F)cc(-c3nc(Nc4ccc(C5CCNCC5)cn4)ncc3F)cc21,0
CC(C)(C)n1nccc1-c1cc(F)ccc1Oc1cc(F)c(S(=O)(=O)Nc2cscn2)cc1Cl,0
CCOC(=O)c1cn(-c2ccc(F)cc2)nc1-c1sc(N(C)c2ccccc2)nc1-c1ccccc1,0
COc1ccc(C2CC(c3c(O)ccc4c(-c5ccccc5)cc(=O)oc34)=NN2c2ccccc2)cc1,0
COc1c(Cl)cc(-c2ccc3ncc(C(C)=O)c(N[C@H]4CC[C@H](CN(C)C)CC4)c3n2)cc1Cl,0
CC(C)N1C(=O)[C@@](C)(CC(=O)O)C[C@H](c2cccc(Cl)c2)[C@H]1c1ccc(Cl)cc1,0
O=[N+]([O-])c1ccc(C[n+]2cn(C(c3ccccc3)c3cc4ccccc4o3)c3ccccc32)cc1,0
Sc1nnc(-c2ccc(/N=C/c3ccc(Cl)cc3)cc2)n1/N=C/c1ccc(Cl)cc1,0
CCOP(=O)(OCC)c1cccc2c3c(c(-c4ccc(F)cc4F)nc12)C(=O)c1ccccc1-3,0
CCOc1ccc(NC(=O)c2c(NCc3ccc(C)o3)sc3c2CCCCC3)cc1,0
CCC(C)C(=O)Nc1nc(C)c(-c2csc(Nc3ccc(Cl)cc3)n2)s1,0
O=C(O)c1ccc(-n2cc(CNc3ccc(F)c(C(F)(F)F)c3)c(-c3ccc(F)cc3)n2)cc1,0
Cn1c(CC(=O)Nc2ccc(Cl)cc2)cs/c1=N\c1ccc(Oc2ccccc2)cc1,0
CCN(CC)CCCCCNc1cc2c(cn1)cc(-c1c(Cl)cccc1Cl)c(=O)n2C,0
CCCCC(C(=O)Nc1ccc(Cl)cc1)n1nc(C(F)(F)F)cc(Cc2ccccc2OC)c1=O,0
O=C(Cc1ccccc1)C(=O)Nc1cccc(C(=O)c2ccc3c(/C=C/c4ccccc4)n[nH]c3c2)c1,0
O=C(NCc1cccc(-c2cccc(CN3CCNCC3)c2)c1)c1cccc(Oc2ccccc2)c1,0
Cc1[nH]nc(-c2ccc(OCCCC(=O)O)cc2O)c1Oc1ccc(Cl)cc1Cl,0
Cn1c(NCCCCCCNc2c3c(nc4cc(Cl)ccc24)CCCC3)nc(-c2ccncc2)cc1=O,0
CC(C)(Oc1ccccc1Br)C1OCC(C/C=C\CCC(=O)O)C(c2cccnc2)O1,0
COc1ccccc1CNC(=O)c1cn2cc(-c3ccc(C4CCC(CC(=O)O)CC4)cc3)ccc2n1,0
COc1cc(N[C@H](C)CCCN)c2nccc(C)c2c1Oc1ccc(Cl)c(Cl)c1,0
CCOc1ccc(Nc2c(S(=O)(=O)c3ccc(C)cc3)cnc3cc(OC)c(OC)cc23)cc1,0
O=C(O)c1cc2cc(S(=O)(=O)N(Cc3ccccc3)Cc3ccccc3)ccc2n1CCc1ccccc1,0
CCCOc1cccc(C(=O)c2sc(NC(=O)C3(c4ccc5c(c4)OCO5)CC3)nc2-c2ccccc2)c1,0
[2H]C([2H])([2H])c1nnc(C(C)C)n1[C@@H]1C[C@H]2CC[C@@H](C1)N2CC[C@H](NC(=O)C1CCC(F)(F)CC1)c1ccccc1,0
CCC1(C(=O)O)CCc2ccc(OCCCOc3ccc(Oc4ccccc4)cc3)cc2O1,0
C[C@H](CCCOc1ccccc1Cn1c(C(F)(F)F)cnc1-c1ccc(Cl)cc1)CC(=O)O,0
CC(CCc1ccccc1)NCCC(C1CCCCC1)C1CCCCC1.O=C(O)/C=C\C(=O)O,0
COc1cc(Cc2c(-c3ccc(NC(=O)CN(C)C)cc3)sc3cc(O)ccc23)ccc1CN1CCCC1,0
Cc1nc(-c2ccc(OCc3ccccc3)cc2)sc1CNc1ccnc(NCC(C)C)n1,0
COCCn1c(SC)nc(-c2ccc(F)cc2)c1-c1ccnc(N[C@H](C)c2ccccc2)c1,0
COc1ccc(NCCCOc2ccc(S(=O)(=O)c3c(C(C)C)cn4ccccc34)cc2)cc1OC,0
CC(=O)NCCN(Cc1ccccc1)C(=O)c1nn(C(C)C)c2c1COc1ccc(Br)cc1-2,0
COc1ccc(CC(=O)O)cc1-c1ccc(F)c2c1CN(C(=O)OCCc1scnc1C)CC2,0
Cc1c(CN(CCO)CCNC(=O)/C=C/c2cccnc2)oc2c1C(=O)C(=O)c1c-2ccc2c1CCCC2(C)C,0
O=C(/C=C/c1ccc(OC(F)F)cc1)Nc1cccc(S(=O)(=O)NC2=NCCCCC2)c1,0
O[C@@H](COc1cccc2[nH]ccc12)CN1CC[C@@H](c2ccc(F)cc2)[C@H](COc2ccc3c(c2)OCO3)C1,0
COc1ccn(-c2ccc(N3CCN(CCCCCc4c[nH]c5ccc(C#N)cc45)CC3)cc2)c(=O)c1,0
Fc1cc(I)ccc1Nc1c(-c2nnc(NCCCN3CCOCC3)o2)ccc(F)c1F,0
O=C1c2ccccc2C(OCC2(CO)CC2)(c2ccc(Cl)cc2)N1Cc1ccc([N+](=O)[O-])cc1,0
C[C@@H]1C(=O)N(Cc2ccccc2)C(=O)N2CCC[C@@H](N[C@H](Cc3c[nH]c4ccccc34)C(=O)OC(C)(C)C)C12,0
C[C@H]1C[C@@H](c2ccncc2NC(=O)c2ccc(F)c(-c3c(F)cccc3F)n2)C[C@@H](N)[C@H]1OCCC#N,0
CC(C)c1c(C(=O)NCc2cccnc2)c2ccc(OC3CCCC3)cc2n1Cc1ccccn1,0
COc1ccc2c(c1)[C@@H]1[C@@H](CCN1CCN(C)C)Cn1c-2c(C2CCCCC2)c2ccc(C(=O)O)cc21,0
COc1nc(NCCc2ccc(Cl)cc2Cl)cc(-c2cccc(C3(C(=O)O)CCCC3)c2)n1,0
CCN(CC)C(=O)c1cc2c(OCCC3CCCCN3)c(-c3cc(C)cc(C)c3)c(O)nc2cc1Cl,0
COc1ccc(-c2cc(-c3ccccc3)nc(SCC(=O)Nc3ccccc3F)c2C#N)cc1,0
O=c1c(-c2ccc(O)cc2)c(Sc2ccc(OCCN3CCCCC3)cc2)oc2cc(O)ccc12,0
CCn1c(-c2ccccc2)c(C(=O)COC(=O)c2c(NC(C)=O)sc3c2CCCC3)c2ccccc21,0
CCN(c1ccccc1)S(=O)(=O)c1cc(NC(=O)NC23CC4(C)CC(C)(CC(C)(C4)C2)C3)ccc1Cl,0
CC1(C)N=C(C2CCCCC2)c2ccc(C#N)cc2N(c2ccc(NCCNC3CCCCC3)cc2)C1=O,0
CCOc1ccc(NC(=O)c2c(NC(=O)c3ccccc3Br)sc3c2CCC(C)C3)cc1,0
Cc1c(C(=O)N[C@@H](Cc2ccc(OCc3ccsc3)cc2)C(=O)O)oc2cc(-c3ccc(Cl)cc3)ccc12,0
O=C(c1cnc2ccc(-c3cc(F)c(O)c(Cl)c3)cc2c1N[C@H]1CC[C@H](CN2CCCC2)CC1)C1CC1,0
O=C1c2ccccc2NC(c2ccccc2F)N1CCCCCCN1C(=O)c2ccccc2NC1c1ccccc1F,0
CC(NC(NC(C)C12CC3CC(CC(C3)C1)C2)=C(C(Cl)=C(Cl)Cl)[N+](=O)[O-])C12CC3CC(CC(C3)C1)C2,0
Cc1cc(OC[P@@]2(=O)OCC[C@@H](c3cccnc3)O2)cc(C)c1Cc1ccc(O)c(C(C)C)c1,0
O=C(Nc1cccc(Oc2ccccc2)c1)c1ccc(C(=O)O)c(NC(=O)c2sc3ccccc3c2Cl)c1,0
C[C@@H](CC(=O)O)c1ccc(OCc2ccc3c(-c4ccc(O)cc4F)nn(C4CCCC4)c3c2)cc1,0
S=C(Nc1ccccc1)N(/N=C/C=C/c1ccccc1)c1nnc(-c2ccccc2)c(-c2ccccc2)n1,0
Cc1ccc(-c2cc(Br)ccc2OCc2ccccc2)n1-c1ccc(OC(F)F)c(C(=O)O)c1,0
CC(=O)O[C@H]1CC[C@]2(C)C3=CC[C@]4(C)C([C@H](C)CC(=O)C[C@H](C)C(=O)O)=CC[C@@]4(C)[C@@H]3CC[C@H]2C1(C)C,0
Cc1cc(C)cc(-c2[nH]c3ccc(C(C)(C)C(=O)N4CCCC4)cc3c2CCNCCCCc2cccnc2)c1,0
COc1cc2c(NC3CCN(C(C)C)CC3)nc(C3CCCCC3)nc2cc1OCCCN1CCC(F)(F)CC1,0
CCC(=O)CCCCC[C@H](NC(=O)[C@H]1CC12CCN(C)CC2)c1ncc(-c2cc3ccc(C)nc3cc2Cl)[nH]1,0
Cn1c2ccccc2c2ccnc(CNCCCCCCNCc3nccc4c5ccccc5n(C)c34)c21,0
CCN(CC)[C@H]1CC[C@H](Nc2c(C(=O)C3CC3)cnc3ccc(-c4cc(Cl)c(O)c(OC)c4)cc23)CC1,0
CC1(CCCCN2CCN(c3nccs3)CC2)COC(c2nc(-c3ccccc3)c(-c3ccccc3)[nH]2)OC1,0
CN(C)CCCC(O)(c1ccccc1)c1cccc(OCc2ccc(-c3ccc(C(=O)O)cc3)cc2)c1,0
CCCCCC/N=C/c1ccc(OCc2ccccc2C(=O)Nc2ccc3nc(C)cc(N)c3c2)cc1,0
O=C(N[C@@H]1CCC(=O)N(CC[C@H](Sc2ccccc2)c2ccccc2)CC1)OCc1ccccc1,0
CCC(C)(C)C(=O)O[C@H]1C[C@](C)(CSc2ccccc2)O[C@@H]2CC[C@H](C)[C@H](CC[C@@H]3C[C@@H](O)CC(=O)O3)C12,0
Cc1ccccc1Cc1cccc(C(=O)N2CCC[C@H]2C(=O)N[C@@H](CCCCN)B2O[C@@H]3C[C@@H]4C[C@@H](C4(C)C)[C@]3(C)O2)c1,0
COc1ccc(/C=C(/NC(=O)c2ccc(OC)c(OC)c2)C(=O)NCCc2c[nH]c3ccccc23)cc1,0
COc1cc(CN(C(C)c2ccc(Cl)c(F)c2)[C@H]2C[C@@H](C(=O)O)C2)ccc1OCCN1C(=O)CCC1=O,0
COc1ccc([C@H]2[C@H](C(=O)O)[C@@H](c3ccc4c(c3)OCO4)CN2CC(=O)NC(CC(C)C)c2ccccc2)cc1,0
COc1cc(-c2ccc(NC(=O)CN3CCC(C)CC3)c(OC)c2)ccc1NC(=O)CN1CCC(C)CC1,0
O=C(NCCCc1c[nH]cn1)NCCCN(Cc1ccc(Cl)c(Cl)c1)c1ccc(Br)cn1,0
CN(Cc1ccccc1)C(=O)c1cccc(NC(=O)Cc2ccc(NC(=O)C3CCN(C(=O)C4CC4)CC3)cc2)c1,0
Cc1ccc(-c2c(NS(=O)(=O)c3cccs3)ncnc2OCCOc2ncc(Br)cn2)cc1,0
CC(C)(C)OC(=O)NCCCN(Cc1cncn1Cc1ccc(C#N)cc1)[C@H]1CCN(Cc2cccc(Cl)c2)C1=O,0
COc1ccccc1C(=O)NCCNc1cccc(NS(=O)(=O)c2cc(-c3cccnc3)ccc2OC)c1,0
CNCCCCCN(C)C1=Nc2ccccc2C(CC(=O)NCc2ccccc2)N1c1ccc(-c2ccccc2)cc1,0
O=C(O)CCCCn1nnc(Cc2cn(Cc3ccc(Cl)cc3Cl)c3ccc(-c4ccc(Cl)cc4)cc23)n1,0
CCCCCCCC(=O)NCNC(=O)c1nn(-c2ccc(Cl)cc2Cl)c(-c2ccc(Cl)cc2)c1C,0
Cc1nc(-c2ccc(Cl)cn2)nc(NC[C@H](NCCCCc2ccc(Cl)cc2)c2ccccc2)c1Cl,0
CCN(CC)Cc1cc(Nc2c3ccccc3nc3c2[nH]c2ccccc23)cc(CN(CC)CC)c1O.Cl,0
Cc1nc(-c2ccc(Cl)cn2)nc(NC[C@H](NCCCCc2ccc3ccccc3n2)c2ccccc2)c1Cl,0
Cc1cc(C)cc([C@@H](CC(C)C)NC(=O)c2cc(COc3ccc(F)cc3F)ccc2CCC(=O)O)c1,0
CCOc1ccccc1CCNC(=O)c1ccccc1Sc1ccc2c(/C=C/c3ccccn3)n[nH]c2c1,0
CCCCCc1c(C)nc2nc(SCc3ccc(Cl)cc3)nn2c1Nc1cc(-c2ccccc2)[nH]n1,0
CCCOc1ccc(C[C@@H](Cc2ccccc2)C(=O)O)cc1CNC(=O)c1ccc(N2CC(C)(C)CC(C)(C)C2)cc1,0
O=C(Cc1ccccc1)N/N=C(/CCN1CCCC1)CC(c1ccccc1)c1c(O)c2ccccc2oc1=O,0
CCCCN1C(=O)[C@@H]([C@H](O)C2CCCCCC2)NC(=O)C12CCN(Cc1ccc(Oc3ccc(C(=O)O)cc3)cc1)CC2,0
CCN(C)C(=O)c1ccc2c(c1)NC(=O)/C2=C(\Nc1ccc(N(CCCN(C)C)C(C)=O)cc1)c1ccccc1,0
CCC(=O)Nc1nc(C)c(C(=O)N[C@@H](C)c2ccc(O[C@@H]3CCN(c4ccnc(NCC(F)F)c4F)C3)cc2)s1,0
COc1ccc(CCc2c(-c3ccc(OC)cc3)nc(NC(=O)c3cc(OC)c(OC)c(OC)c3)n2C)cc1,0
C=C(C)CNC(=O)C(C)(C)[C@@H]1C=C[C@@]2(COCOC)[C@@H](OC(=O)NCc3ccccc3)CC(C)=C[C@H]2C1,0
C[C@H]1CN([C@@H](C)CO)C(=O)c2cc(NC(=O)CCCN(C)C)ccc2O[C@H]1CN(C)Cc1ccc(-c2ccccc2)cc1,0
CSCC[C@H](NC(=O)c1ccc(OCC2COc3ccccc3O2)cc1-c1ccsc1)C(=O)OC(C)C,0
CCCc1c(-c2nc(-c3ccc(C(O)CN4CCCC(CC(=O)O)C4)cc3)no2)noc1-c1ccccc1,0
COc1ccc(CCOC(c2ccccc2)(c2ccccc2)[C@H](Oc2nc(C)cc(C)n2)C(=O)O)cc1OC,0
C=C(NNc1c(Cl)c(Cl)nc(C(=O)O)c1Cl)c1ccc2cc(OC)ccc2c1,0
COCc1nc2c(C(=O)Nc3ccccc3C)cc(NC(=O)c3ccccc3C(F)(F)F)cc2[nH]1,0
Clc1ccc(-c2nc(NCCCCN3CCN(c4ccc(Cl)cc4Cl)CC3)no2)cc1,0
COc1cc(/C=C(\C#N)C(=O)O)ccc1OCc1ccc(C(F)(F)F)cc1C(F)(F)F,0
COc1ccc(COc2ccc(/C=C/C(=O)Nc3nc4ccccc4s3)cc2)cc1,0
Cc1csc(NC(=O)c2cc(Oc3ccccc3)cc(Oc3ccc(S(C)(=O)=O)cc3)c2)n1,0
CN(c1ccc(C(=O)O)cc1)c1cc(C(N)=O)nc(-c2ccc(Oc3ccc(F)cc3)cc2)c1,0
CCNC(=O)c1ccc(-c2c(C)nc3c(OCc4cccc(-c5ccccc5)c4)cccn23)cn1,0
CCCCn1c(Nc2ccccc2Cl)nc2cnc(Nc3c(F)cccc3F)nc21,0
O=C(C/C(=C\c1cn(-c2ccccc2)nc1-c1ccccc1)c1n[nH]c(=O)[nH]1)c1ccc(Cl)cc1,0
O=C(NCc1cccnc1)c1ccc(-c2cnc3ccc(NCc4ccc(Cl)c(Cl)c4)nn23)cc1,0
CCOC(=O)/C=C/[C@H](Cc1ccc(-c2cc(Cl)cc(Cl)c2)cc1)NC(=O)OC(C)(C)C,0
C=CCc1ccc(O)c(-c2cc(CC=C)cc(CN3CCC(NC(=O)OC(C)(C)C)CC3)c2O)c1,0
CCCN(CCC)c1nccn2c(Nc3ccc(Cl)cc3Cl)nc(CC)c12,0
COc1ccc(-n2c(C(=O)c3sc(Nc4ccccc4)nc3-c3ccccc3)cnc2N)cc1,0
COP(=O)(Cc1cccc(C(=O)Nc2cc(-c3cccs3)ccc2N)c1)c1ccccc1,0
CSc1cccc(Nc2cc(C(=O)NCCCN(C)c3ccccc3)c3ccccc3n2)c1,0
CC(=O)c1cnc2ccc(-c3ccc4nc[nH]c4c3)cc2c1Nc1cccc(CCN2CCCC2)c1,0
Cc1ccc(C(=O)/C=C/c2ccc(C(=O)N(C)CCCNc3ccnc4cc(Cl)ccc34)cc2)o1,0
N#Cc1ccc(Cn2cncc2CNc2ccc(-c3cccc(C(=O)O)c3)c(-c3ccccc3)c2)cc1,0
CCOc1cc(/C=C/C(=O)c2cc(CC=C(C)C)c(OC)c(CC=C(C)C)c2O)ccc1O,0
CC(C)=CCC[C@]1(C)[C@@H](CC=C(C)C)C[C@]2(C)C(=O)C3=C(O[C@@H](C(C)(C)O)C3)[C@@]1(C(=O)C(C)C)C2=O,0
CC(C)NC(=N)c1ccc2oc(-c3ccc(OCCCCOc4ccccc4)cc3)cc2c1,0
COc1cc(COC2(c3ccc(Cl)cc3)c3ccccc3C(=O)N2Cc2ccccc2)cc(OC)c1O,0
Cc1ncnc(Nc2ccc(OCc3cccc(F)c3)c(Cl)c2)c1-c1cccc(CN2CCOCC2)c1,0
CCOc1cccc(NC(=O)c2ccccc2Sc2ccc3c(/C=C/c4ccccn4)n[nH]c3c2)c1,0
CCCCNc1c(-c2ccc(SC(C)CC)cc2)nc2ccccn12.O=C(O)C(F)(F)F,0
CCCCCCOC(=O)c1cc(NC(=O)c2cnc(Cl)nc2C(F)(F)F)cc(C(F)(F)F)c1,0
C/C(=C\C(=O)Nc1ccccc1OCCCC(=O)O)c1ccc2c(ccn2C2CCCCC2)c1,0
CC1=CC(C)(C)Nc2c(C(=O)N[C@H](/C=C/S(=O)(=O)c3ccccc3)CCc3ccccc3)cccc21,0
COc1cc(Nc2c(C#N)cnc3cc(-c4ccc(CCN(C)C)cc4)sc23)c(Cl)cc1Cl,0
C[C@H](C(=O)O)[C@@H](c1ccc2c(c1)O[C@@H](C1CCN([C@@H](C)c3cc(F)ccc3OC(F)(F)F)CC1)CC2)C1CC1,0
Cc1c(C)c2c(c(C)c1OCc1ccccc1)CCC(C)(COc1ccc(/C=C3\SC(=O)NC3=O)cc1)O2,0
CC(=O)O[C@@H]1CC[C@@]2(C)[C@H](CC[C@@H]3[C@@H]2C[C@H](OC(C)=O)[C@]2(C)[C@@H]([C@H](C)CNCc4ccccc4)CC[C@@H]32)C1,0
N#Cc1ccc(-c2ccc(C(=O)N(Cc3ccccc3-c3ccccc3)c3ccc(N4CCNCC4)cc3)o2)cc1,0
COc1ccc2nc3cc(Cl)ccc3c(NCCCN3C(=O)CSC3c3c(Cl)cccc3Cl)c2c1,0
C=C(C)[C@@H]1CC[C@]2(C)[C@H](C(=O)C=C3[C@@H]4C[C@@](C)(C(=O)NC(C)C)CC[C@]4(C)CC[C@]32C)[C@@]1(C)CCC(=O)NCC,0
C=CCc1cc(/C=C/C(=O)c2ccc(OC(=O)c3ccc(C(C)(C)C)cc3)cc2)c(OC)cc1O,0
O=C(CSc1nc2ccc(NS(=O)(=O)c3ccc4ccncc4c3)cc2s1)c1ccc2ccccc2c1,0
CC(C)c1c(C(=O)NCc2ccc(F)c(F)c2)c2ccc(OC3CCCC3)cc2n1Cc1cccnc1,0
COc1ccc(CNCc2ccc(-c3ccc(-c4nc5cccc(C)c5[nH]4)s3)cc2)cc1.O=C(O)C(F)(F)F,0
CC1(CCCCn2cc(-c3ccccc3)cn2)COC(c2nc(-c3ccccc3)c(-c3ccccc3)[nH]2)OC1,0
O=C(c1ccccc1)c1cc(-c2ccoc2)c2ccc(OCc3cccc(C4(O)CCOCC4)c3)cc2c1,0
COc1cc(NC(=O)c2sc(-c3ccc(Cl)cc3)cc2/N=C2/CCCCN2C)ccc1OCCN1CCCC1,0
[2H]c1c([2H])c([2H])c(-c2ccc([C@H](Cn3ccnc3)NC(=O)c3ccc(-c4nnc(-c5ccccc5)o4)cc3)c(Cl)c2)c([2H])c1[2H],0
Cc1cccc(C)c1Nc1nc(C)c(C(=O)CC(=O)C(=O)Nc2c(C(C)C)cccc2C(C)C)s1,0
CC(C)c1ccc(OCCCN2CCC(C(O)(c3ccccc3)c3ccccc3)CC2)cc1.O=C(O)C(F)(F)F,0
CC(C)CNCc1cccc(-c2ccc(CNc3ccc4ncccc4c3)cc2)c1.O=C(O)C(F)(F)F,0
N#Cc1cccc(-c2ccc(CN(CCCN3CCCC3)C(=O)Nc3ccc(F)c(C(F)(F)F)c3)cc2)c1,0
O=C(c1cnc2ccc(-c3cc(Cl)c(O)c(Cl)c3)cc2c1N[C@H]1CC[C@H](CN2CCCC2)CC1)C1CC1,0
CC(C)Oc1ccc(CN2CCc3cc(S(=O)(=O)Nc4ccc(CCCC5CCCC5)cc4F)ccc3C2)cc1,0
Cc1cc2c(cc1Cc1ccc(C(=O)NCC3CCC(CNCc4c(C)noc4C)CC3)o1)C(C)(C)CCC2(C)C,0
C=C(C)[C@@H]1CC[C@@](C)(O)[C@H]1CC1=C(O)C(CC=C(C)C)(CC=C(C)C)C(=O)C(C(=O)C(C)C)=C1O,0
CC(C)(C)OC(=O)N(Cc1ccccc1)Cc1ccc(OCc2cccc(NC(=O)c3ccccc3)c2)cc1,0
CC(C)(C)OC(=O)N(CCc1ccccc1)Cc1ccccc1OCc1cccc(NC(=O)C2CCCC2)c1,0
COc1ccc(NC(=O)/C=C/c2ccccc2Cl)cc1OCCN1CCC(Cc2cc3ccccc3[nH]2)CC1,0
COc1cc(OC)c2c(c1CC=C(C)C)O[C@H](c1c(CC=C(C)C)cc(OC)c(OC)c1CC=C(C)C)[C@@H](O)C2=O,0
Cc1c(COc2cc(OCc3cccc(C#N)c3)c(CN3CC(C)(O)C3)cc2Cl)cccc1-c1ccccc1,0
COc1ccc(CCOc2nc(-c3ccc(Cl)c(Cl)c3)n(-c3ccc(NC(=O)c4cccs4)cc3)n2)cc1,0
CC(=O)Nc1cccc(C2CCN(CCCNc3nc4ccccc4n3Cc3ccc(C(C)(C)C)cc3)CC2)c1,0
COc1ccc(-c2cc(-c3ccc(Nc4cc(=O)oc5ccccc45)cc3)nc(N)c2C#N)cc1OC,0
CC(C(=O)Nc1cccc(CC(=O)O)c1)c1ccc2cc(OCc3ccc4ccccc4n3)ccc2c1,0
COc1ccc(C(F)(F)F)cc1NC(=O)c1ccc(C)c(Oc2ncccc2-c2ccncn2)c1,0
O=C(Nc1cccc(Cl)c1)C(=O)C(C(=O)c1ccc2ccccc2c1)C1OC(=O)c2ccccc21,0
Cc1nn(C)c(C)c1NC(=O)C(C)Sc1nnc(Nc2ccc(Oc3ccccc3)cc2)s1,0
COc1ccc(NC(=O)c2ccc(Cl)cc2NS(=O)(=O)c2ccc(Cl)c(Cl)c2)cc1,0
COc1cc2c(Nc3ccc(Oc4ccc(C)cc4)cc3)ncnc2cc1OCC1CCN(C)CC1,0
COc1nc(-c2csc(Nc3cc(C(C)(C)C)nn3CC(F)(F)F)n2)ccc1-n1cnc(C)c1,0
O=C(O)Cc1ccc2oc(-c3ccc(NC(=O)Cc4ccc(Br)cc4)cc3Cl)nc2c1,0
Cc1nc(-c2cc3ccccc3o2)sc1COc1ccc2c(c1)OCC2CC(=O)O,0
Oc1ccc(-c2ccccc2F)cc1,0
O=Cc1c(-c2ccccc2)[nH]c2ccccc12,0
c1ccc2c(N3C4CCC3CC4)cncc2c1,0
O=C(O)c1ccc2c(c1)CCc1ccccc1-2,0
CC(=O)c1ccc(-c2ccccc2)cc1,0
Oc1cccc(/C=C/c2ccccc2F)c1,0
Cc1cc2sc(C(=O)O)c(C)c2s1,0
Cc1ccc(-c2cn3cc(C)ccc3n2)cc1,0
CN1CC=C(c2cccc3ccccc23)CC1,0
CCCCN1COc2ccc(Cl)cc2C1,0
O=C(C#Cc1ccccc1)N(c1ccccc1)C1CCN(Cc2ccccc2)CC1.O=C(O)/C=C/C(=O)O,0
O=S(=O)(Nc1ncns1)c1ccc(Oc2ccn(Cc3ccc(Cl)cc3)n2)c(C(F)(F)F)c1,0
COc1ccc(/C=C/C(=O)c2ccccc2NC(=O)NS(=O)(=O)c2ccc(C)cc2)c(OC)c1,0
Cc1cc(OC[C@@H]2CN(C)c3ccccc3O2)cc(C)c1C(=O)Nc1cccc(CC(=O)O)c1,0
CNCc1ccc(-c2cc(-c3nc(-c4ccc(S(=O)(=O)C(C)C)cc4)cnc3N)on2)c(Cl)c1,0
Cc1ccc(S(=O)(=O)NCCNc2nc(Br)cn3cc(-c4ccc5ccccc5c4)nc23)cc1,0
CCCC(=O)OCOC(=O)C1=C(C)NC(C)=C(C(=O)OC)C1c1cccc(Cl)c1Cl,0
Cc1ccc(N(C(=O)Cn2nnc(-c3ccccc3)n2)C(C(=O)NC2CCCCC2)c2ccccn2)cc1C,0
COc1cc(C2=NOC(C(=O)Nc3c(C)cc(Cl)cc3C(=O)NC3CCCCC3)C2)cc(OC)c1OC,0
CCC1(C2CCN(Cc3c(C)[nH]c4ccccc34)CC2)NC(=O)N(Cc2ccc3c(c2)OCO3)C1=O,0
