smiles,activity
C=CCSS/C=C/C[S+]([O-])CC=C,1
C=CCSC[C@H](N)C(=O)O,1
C=CCSSCC=C,1
COS([O-])=S,1
C=CCSSSCC=C,1
C=CC(C)(O)CCC=C(C)C,1
CC(=O)OC/C=C(\C)CCC=C(C)C,1
CC1=CCC(C(C)C)=CC1,1
COc1ccc2ccc(=O)oc2c1CC=C(C)C,1
O=C1O[C@H]2[C@@H]3OC(=O)c4cc(O)c(O)c(O)c4-c4c(cc(O)c(O)c4O)C(=O)OC[C@H]2O[C@@H](OC(=O)c2cc(O)c(O)c(O)c2)[C@@H]3OC(=O)c2cc(O)c(O)c3c2[C@@H]2C1=CC(=O)[C@](O)(O3)C2(O)O,1
CN1CCc2cc3c(c4c2[C@H]1Cc1ccccc1-4)OCO3,1
COc1cc2c3cc1Oc1c(OC)c(OC)cc4c1[C@@H](Cc1ccc(O)c(c1)Oc1ccc(cc1)C[C@@H]3N(C)CC2)N(C)CC4,1
COc1cc2c3cc1Oc1c(OC)c(OC)cc4c1[C@H](Cc1ccc(cc1)Oc1cc(ccc1O)C[C@H]3N(C)CC2)N(C)CC4,1
COc1ccc2cc1Oc1ccc(cc1)C[C@H]1c3cc(c(OC)cc3CCN1C)Oc1c(OC)c(OC)cc3c1[C@H](C2)N(C)CC3,1
COc1ccc2cc1Oc1ccc(cc1)C[C@H]1c3cc(c(OC)cc3CCN1C)Oc1c(O)c(OC)cc3c1[C@H](C2)N(C)CC3,1
COc1cc2c(cc1O)[C@@H](Cc1ccc(OC)c(Oc3ccc(C[C@H]4c5cc(O)c(OC)cc5CCN4C)cc3)c1)N(C)CC2,1
C=C1C(OC(=O)CC(c2ccccc2)N(C)C)CCC2(C)C(O)C(OC(C)=O)C3=C(C)C(=O)CC(O)(C(O)C12)C3(C)C,1
COc1c(O)c(CC=C(C)C)c2c(c1O)C(=O)[C@H](O)[C@@H](c1ccccc1O)O2,1
Oc1cc(O)cc(/C=C/c2ccc(O)c(O)c2)c1,1
Oc1ccc(/C=C/c2cc(O)cc(O)c2)cc1,1
COc1ccc(/C=C/c2cc(O)cc(O)c2)cc1,1
Oc1ccc(/C=C/c2cc(O)cc3c2[C@@H](c2cc(O)cc(O)c2)[C@H](c2ccc(O)cc2)O3)cc1,1
O=C(/C=C/c1ccc(O)c2c1[C@H](C(=O)O[C@H](Cc1ccc(O)c(O)c1)C(=O)O)[C@@H](c1ccc(O)c(O)c1)O2)O[C@H](Cc1ccc(O)c(O)c1)C(=O)O,1
C/C=C/c1ccc(O)c(OC)c1O,1
C[C@@]12C[C@@]3(O)O[C@@H](O1)[C@]1(COC(=O)c4ccccc4)[C@H]3C[C@@]12O[C@@H]1O[C@H](CO)[C@@H](O)[C@H](O)[C@H]1O,1
COC1C[C@@]2(C)CC(=O)[C@@H]3C[C@]2(O[C@@H]2O[C@H](CO)[C@@H](O)[C@H](O)[C@H]2O)[C@@]13COC(=O)c1ccccc1,1
CO[C@]12C[C@]3(C)O[C@H](O1)[C@]1(COC(=O)c4ccccc4)[C@@H]2C[C@]13O[C@@H]1O[C@H](CO)[C@@H](O)[C@H](O)[C@H]1O,1
O=C(OC[C@H]1O[C@@H](OC(=O)c2cc(O)c(O)c(O)c2)[C@H](OC(=O)c2cc(O)c(O)c(O)c2)[C@@H](OC(=O)c2cc(O)c(O)c(O)c2)[C@@H]1OC(=O)c1cc(O)c(O)c(O)c1)c1cc(O)c(O)c(O)c1,1
O=C(O[C@H]1O[C@@H](CO)[C@H](OC(=O)c2cc(O)c(O)c(O)c2)[C@@H](OC(=O)c2cc(O)c(O)c(O)c2)[C@@H]1OC(=O)c1cc(O)c(O)c(O)c1)c1cc(O)c(O)c(O)c1,1
O=C1OC[C@@H](O)[C@H]([C@@H]2OC(=O)c3cc(O)c(O)c(O)c3-c3c(O)c(O)c(O)c4c3C(=O)O[C@H]2[C@H]4O)OC(=O)c2cc(O)c(O)c(O)c2-c2c1cc(O)c(O)c2O,1
COc1cc2c(c(O)c1OC)C(=O)C[C@@H](c1cc(O)ccc1O)O2,1
C=C(C)[C@@H]1C[C@H](O)[C@]2(C(=O)O[C@@H]3O[C@H](CO[C@@H]4O[C@H](CO)[C@@H](O[C@@H]5O[C@@H](C)[C@H](O)[C@@H](O)[C@H]5O)[C@H](O)[C@H]4O)[C@@H](O)[C@H](O)[C@H]3O)CC[C@]3(C)[C@H](C[C@H]4OC(=O)C[C@@H](O)[C@]5(C)[C@@H]4[C@@]3(C)CC[C@H]5C(=C)C)[C@@H]12,1
C=C(C)[C@@H]1C[C@H](O)[C@]2(C(=O)O)CC[C@]3(C)[C@H](C[C@H]4OC(=O)C[C@@H](O)[C@]5(C)[C@@H]4[C@@]3(C)CC[C@H]5C(=C)C)[C@@H]12,1
C=C(C)[C@@H]1CC[C@]2(C(=O)O[C@@H]3O[C@H](CO[C@@H]4O[C@H](CO)[C@@H](O[C@@H]5O[C@@H](C)[C@H](O)[C@@H](O)[C@H]5O)[C@H](O)[C@H]4O)[C@@H](O)[C@H](O)[C@H]3O)CC[C@]3(C)[C@H](C[C@H]4OC(=O)C[C@@H](O)[C@]5(C)[C@@H]4[C@@]3(C)CC[C@H]5C(=C)C)[C@@H]12,1
C=C(C)[C@@H]1CC[C@]2(C(=O)O)CC[C@]3(C)C(C[C@H]4OC(=O)C[C@@H](O)[C@]5(C)C4[C@@]3(C)CC[C@H]5C(=C)C)C12,1
CC1(C)CC[C@]2(C(=O)O)CC[C@]3(C)C(=CC[C@@H]4[C@@]5(C)CC[C@H](O[C@@H]6O[C@H](C(=O)O)[C@@H](O)[C@H](O)[C@H]6O)C(C)(C)[C@@H]5CC[C@]43C)[C@@H]2C1,1
O=C1C=CC[C@H](C[C@@H](O)CCc2ccc(O)cc2)O1,1
C=CCSS(=O)OC,1
O=C(O)c1ccc(O)c(O)c1,1
COc1cc(C(=O)O)ccc1O,1
O=C(O)c1ccc(O)cc1,1
COc1cc(/C=C/C(=O)O)ccc1O,1
COc1cc(/C=C/C(=O)O)cc(OC)c1O,1
O=C(O)[C@H]1O[C@@H](Oc2c(-c3ccc(O)cc3)oc3cc(O)cc(O)c3c2=O)[C@H](O)[C@@H](O)[C@@H]1O,1
CC1=CC(=O)CC(C)(C)[C@@]1(O)/C=C/[C@@H](C)O[C@@H]1O[C@H](CO)[C@@H](O)[C@H](O)[C@H]1O,1
COc1cc(C2c3cc(O)c(OC)cc3CC(COC3OC(CO)C(O)C(O)C3O)C2CO)ccc1O,1
COc1cc([C@H]2Oc3c(O)cc(CCCO)cc3[C@@H]2CO)ccc1O[C@@H]1O[C@@H](C)[C@H](O)[C@@H](O)[C@H]1O,1
COc1cc([C@@H]2Oc3c(OC)cc(CCCO)cc3[C@H]2CO)ccc1O[C@@H]1O[C@@H](C)[C@H](O)[C@@H](O)[C@H]1O,1
C[C@@H]1O[C@@H](OC[C@H]2O[C@@H](Oc3c(-c4ccc(O)cc4)oc4cc(O)cc(O)c4c3=O)[C@H](O)[C@@H](O)[C@@H]2O)[C@H](O)[C@H](O)[C@H]1O,1
CC(C)=CCOc1c2occc2cc2ccc(=O)oc12,1
CC(C)=CC(=O)O[C@H]1Cc2cc3ccc(=O)oc3cc2OC1(C)C,1
CC(C)(O[C@@H]1O[C@H](CO)[C@@H](O)[C@H](O)[C@H]1O)[C@H]1Cc2cc3ccc(=O)oc3cc2O1,1
CCCCC1OC(=O)c2ccccc21,1
C[C@@]12C[C@@H](c3ccoc3)OC(=O)[C@@H]1CC[C@]1(C)[C@H]2[C@H]2C=C[C@]1(O)C(=O)O2,1
Cc1cc(O)c2c(c1)C(=O)c1cccc(O)c1C2=O,1
COc1c(O)cc2c(c1O)C(=O)c1c(cc(C)c(O)c1OC)C2=O,1
Cc1cc2c(c(O)c1O)C(=O)c1c(O)cc(O)cc1C2=O,1
COc1cc2c(c(OC)c1OC)C(=O)c1c(cc(C)c(O)c1OC)C2=O,1
CC[C@H](CC[C@@H](C)[C@H]1CC[C@H]2[C@@H]3CC=C4C[C@@H](O)CC[C@]4(C)[C@H]3CC[C@]12C)C(C)C,1
CC#CC#CC#Cc1ccccc1,1
CCCCC/C=C\C/C=C\CCCCCCCC(=O)O,1
COc1cc2c(O[C@@H]3OC[C@@H](OC)[C@H](OC)[C@H]3O)c3c(c(-c4ccc5c(c4)OCO5)c2cc1OC)C(=O)OC3,1
COc1cc2c(O[C@@H]3O[C@H](CO)[C@@H](O)[C@H](O)[C@H]3O)c3c(c(-c4ccc5c(c4)OCO5)c2cc1OC)C(=O)OC3,1
O=c1c(O[C@@H]2O[C@H](CO)[C@H](O)[C@H](O)[C@H]2O)c(-c2ccc(O)c(O)c2)oc2cc(O)cc(O)c12,1
CC1OC(OC2C(OC(=O)C34CCC(C)(C)CC3C3=CCC5C6(C)CCC(OC7OC(C(=O)O)C(O)C(O)C7O)C(C)(C)C6CCC5(C)C3(C)CC4O)OCC(O)C2O)C(O)C(O)C1OC1OCC(O)C(OC2OCC(O)C(O)C2O)C1O,1
C[C@H](NC(=O)CN)C(=O)N[C@@H](C)C(=O)NCC(=O)NCC(=O)N[C@@H](C)C(=O)N[C@@H](Cc1ccccc1)C(=O)O,1
OC[C@H]1OC(O)[C@@H](O)[C@@H](O)[C@@H]1O,1
OC[C@H]1OC(O)[C@H](O)[C@@H](O)[C@@H]1O,1
OC[C@H]1OC(O)[C@H](O)[C@@H](O)[C@H]1O,1
CC12CCC(CC1=O)C2(C)C,1
C=C1C2CCC(C2)C1(C)C,1
C=C(C)C1CC=C(C)C(=O)C1,1
CC12CCC(CC1)C(C)(C)O2,1
Cc1ccc(C(C)C)cc1,1
COc1c2ccoc2cc2cc(C)oc(=O)c12,1
C=C(C)C1CC=C(C)CC1,1
C=CC(=C)CCC=C(C)C,1
CCCCCCCCCCCCCC(=O)O,1
CCCCCCCC/C=C\CCCCCCCC(=O)O,1
CCCCCCCCCCCCCCCC(=O)O,1
CC1=CCC(C(C)C)C=C1,1
C=C1C=CC(C(C)C)CC1,1
CC1=CC=C(C(C)C)CC1,1
CC(/C=C/C=C(\C)C(=O)O[C@@H]1O[C@H](CO[C@@H]2O[C@H](CO)[C@@H](O)[C@H](O)[C@H]2O)[C@@H](O)[C@H](O)[C@H]1O)=C\C=C\C=C(C)\C=C\C=C(/C)C(=O)O[C@@H]1O[C@H](CO[C@@H]2O[C@H](CO)[C@@H](O)[C@H](O)[C@H]2O)[C@@H](O)[C@H](O)[C@H]1O,1
CC(/C=C/C=C(\C)C(=O)O)=C\C=C\C=C(C)\C=C\C=C(/C)C(=O)O,1
CC1=C(C=O)C(C)(C)CC=C1,1
COc1ccc(-c2cc(=O)c3c(O)cc(O[C@@H]4O[C@H](CO[C@@H]5O[C@@H](C)[C@H](O)[C@@H](O)[C@H]5O)[C@@H](O)[C@H](O)[C@H]4O)cc3o2)cc1,1
COc1c(O)cc(O)c2c(=O)cc(-c3ccccc3)oc12,1
CC1(C)CC[C@]2(C)CC[C@]3(C)C(=CC[C@@H]4[C@@]5(C)CC[C@H](O)C(C)(C)[C@@H]5CC[C@]43C)[C@@H]2C1,1
C=C(C)[C@@H]1CC[C@]2(C)CC[C@]3(C)[C@H](CC[C@@H]4[C@@]5(C)CC[C@H](O)C(C)(C)[C@@H]5CC[C@]43C)[C@@H]12,1
CC1(C)CCC2(C)CCC3(C)C(=CCC4C5(C)CCC(OC(=O)/C=C/c6ccccc6)C(C)(C)C5CCC43C)C2C1,1
COc1c2ccoc2cc2oc(=O)ccc12,1
CC(C)=CCC/C=C(\C)CCC=C(C)C,1
C=C[C@]1(C)CC[C@@H](C(=C)C)C[C@H]1C(=C)C,1
CC[C@H](/C=C/[C@@H](C)[C@H]1CC[C@H]2[C@@H]3CC=C4C[C@@H](O)CC[C@]4(C)[C@H]3CC[C@]12C)C(C)C,1
C=C(C)[C@@H]1CC[C@]2(C)CC[C@]3(C)[C@H](CC[C@@H]4[C@@]5(C)CCC(=O)C(C)(C)[C@@H]5CC[C@]43C)[C@@H]12,1
C[C@H]1[C@H](C)CC[C@]2(C)CC[C@]3(C)C(=CC[C@@H]4[C@@]5(C)CCC(=O)C(C)(C)[C@@H]5CC[C@]43C)[C@H]12,1
Oc1ccc([C@H]2COc3cc(O)ccc3C2)cc1,1
O=C1C[C@@H](c2ccc(O)cc2)Oc2cc(O)cc(O)c21,1
O=C1C[C@@H](c2ccccc2)Oc2cc(O)cc(O)c21,1
O=c1c(O)c(-c2ccc(O)c(O)c2)oc2cc(O)cc(O)c12,1
CC(C)=CCc1cc(C(=O)CCc2ccccc2)c(O)c(CC=C(C)C)c1O,1
CC(C)=CCc1c(O)ccc(C(=O)/C=C/c2ccccc2)c1O,1
Cc1c(C)c2c(c(C)c1O)CC[C@@](C)(CCC[C@H](C)CCC[C@H](C)CCCC(C)C)O2,1
CC(C)=CCC/C(C)=C/C=C/C(C)=C/C=C/C(C)=C/C=C/C=C(C)/C=C/C=C(C)/C=C/C=C(\C)CCC=C(C)C,1
CC1=C(/C=C/C(C)=C/C=C/C(C)=C/C=C/C=C(C)/C=C/C=C(C)/C=C/C2=C(C)CCCC2(C)C)C(C)(C)CCC1,1
CC(C)=CCC/C(C)=C/CC/C(C)=C/CC/C(C)=C/C=C/C=C(\C)CC/C=C(\C)CC/C=C(\C)CCC=C(C)C,1
CC(C)=CCC/C(C)=C/CC/C(C)=C/C=C/C(C)=C/C=C/C=C(\C)CC/C=C(\C)CC/C=C(\C)CCC=C(C)C,1
O=c1cc(-c2ccc(O)cc2)oc2c(C3OC(CO)C(O)C(O)C3O)c(O)c(C3OC(CO)C(O)C(O)C3O)c(O)c12,1
CC[C@@H]1CN2CCc3c([nH]c4cccc(OC)c34)[C@@H]2C[C@@H]1/C(=C\OC)C(=O)OC,1
COC(=O)C1=CO[C@@H](C)[C@H]2CN3CC[C@]4(C(=O)Nc5ccccc54)[C@@H]3C[C@H]12,1
COC(=S)NCc1ccc(O[C@@H]2O[C@@H](C)[C@H](OC(C)=O)[C@@H](O)[C@H]2O)cc1,1
CCOC(=O)NCc1ccc(OC2OC(C)C(OC(C)=O)C(O)C2O)cc1,1
CCOC(=S)C=NCc1ccc(O[C@@H]2O[C@@H](C)[C@H](OC(C)=O)[C@@H](O)[C@H]2O)cc1,1
CC1OCc2c(ccc(O)c2O)C1=O,1
CC(C)[C@@H]1CC[C@]2(C)CCCC(=O)[C@]2(C)C1,1
CC1CCC=C2CCC3C(C3(C)C)C21C,1
C=C1CC[C@@H](C(C)C)C[C@@]12CCC[C@]2(C)O,1
C[C@@H]1CCCC2=CC(=O)[C@@H]3[C@@H](C3(C)C)[C@]21C,1
C=C(C)[C@@H]1CCC2=CCC[C@@H](C)[C@]2(C)C1,1
C[C@H]1CC[C@@]2(O)C(C)(C)[C@@H]3CC[C@@]2(C)[C@H]1C3,1
CC1=CCC2CC1C2(C)C,1
CC1=C2C3C(CCC2(C)CCC1)C3(C)C,1
O=C(/C=C/c1ccc(O)c(O)c1)Oc1ccc2c(c1)C(=O)OCC2,1
CC(C)=CCC[C@](C)(O[C@@H]1O[C@H](CO)[C@@H](O)[C@H](O)[C@H]1O)[C@H]1CC[C@]2(C)[C@@H]1[C@H](O)C[C@@H]1[C@@]3(C)CC[C@H](O)C(C)(C)[C@@H]3[C@@H](O[C@@H]3O[C@H](CO)[C@@H](O)[C@H](O)[C@H]3O)C[C@]12C,1
CC(C)=CCC[C@](C)(O[C@@H]1O[C@H](CO[C@@H]2O[C@H](CO)[C@@H](O)[C@H](O)[C@H]2O)[C@@H](O)[C@H](O)[C@H]1O)[C@H]1CC[C@]2(C)[C@@H]1[C@H](O)C[C@@H]1[C@@]3(C)CC[C@H](O[C@@H]4O[C@H](CO)[C@@H](O)[C@H](O)[C@H]4O[C@@H]4O[C@H](CO)[C@@H](O)[C@H](O)[C@H]4O)C(C)(C)[C@@H]3CC[C@]12C,1
COc1cc(OC)c(OC)cc1CC1=c2c(OC)c(OC)cc(OC)c2=CC1,1
COc1ccc([C@H]2CC[C@H]2c2ccc(OC)c(OC)c2OC)c(OC)c1OC,1
NCCCC(=O)O,1
CC(C)=CCC/C(C)=C/CC/C(C)=C/CC/C=C(\C)CC/C=C(\C)CCC=C(C)C,1
CCCCCCCCCCCC(=O)O,1
CCCCCCCCCC(=O)[O-],1
CCCCCCCCCCCCCCCCCC(=O)[O-],1
C/C(=C\CO)CCC[C@H](C)CCC[C@H](C)CCCC(C)C,1
O[C@@H]1CO[C@H]2[C@@H]1OC[C@@H]2O,1
O=C(/C=C/C=C/c1ccc2c(c1)OCO2)N1CCCCC1,1
N#C[C@H](O[C@@H]1O[C@H](CO[C@@H]2O[C@H](CO)[C@@H](O)[C@H](O)[C@H]2O)[C@@H](O)[C@H](O)[C@H]1O)c1ccccc1,1
N#C[C@H](O[C@@H]1O[C@H](CO)[C@@H](O)[C@H](O)[C@H]1O)c1ccccc1,1
O=c1c(O)c(-c2ccc(O)cc2)oc2cc(O)cc(O)c12,1
O=C(O)/C=C/c1ccc(O)cc1,1
C[C@@H]1O[C@@H](Oc2c(-c3ccc(O)c(O)c3)oc3cc(O)cc(O)c3c2=O)[C@H](O)[C@H](O)[C@H]1O,1
O=C(O)C1(O)C[C@@H](O)C(O)[C@H](O)C1,1
O=C(/C=C/c1ccc(O)c2c1[C@H](C(=O)O[C@H](Cc1ccc(O)c(O)c1)C(=O)[O-])[C@@H](c1ccc(O)c(O)c1)O2)O[C@H](Cc1ccc(O)c(O)c1)C(=O)[O-].[Mg+2],1
CC(=O)O[C@H]1C[C@]2(C)[C@@H]3C(=CC(=O)[C@@H]2C[C@H]1OC(C)=O)[C@]1(O)CC[C@H]([C@@](C)(O)[C@@H](CCC(C)C)OC(C)=O)[C@@]1(C)C[C@H]3OC(C)=O,1
COc1cc2ccc(=O)oc2cc1O,1
COc1cc([C@H]2Oc3c(OC)cc4ccc(=O)oc4c3O[C@@H]2CO)ccc1O,1
COc1cc([C@H]2Oc3c(OC)cc4ccc(=O)oc4c3O[C@@H]2CO)cc(OC)c1O,1
COc1ccc(-c2oc3cc(OC)c(OC)c(O)c3c(=O)c2OC)cc1OC,1
C=C(C)C(O)CC/C(C)=C/Cc1c(O)ccc(C(=O)/C=C/c2ccc(O)cc2)c1O,1
COc1ccc(C(=O)/C=C/c2ccc(O)cc2)c(O)c1CC=C(C)C,1
O=c1cc(-c2ccccc2)oc2cc(O)cc(O)c12,1
COc1ccc([C@@H]2CC(=O)c3c(O)cc(O)cc3O2)cc1O,1
C[C@@H]1O[C@@H](O[C@@H]2[C@@H](O)[C@H](OCCc3ccc(O)c(O)c3)O[C@H](CO[C@@H]3O[C@H](CO)[C@@H](O)[C@H](O)[C@H]3O)[C@H]2O)[C@H](O)[C@H](O)[C@H]1O,1
C[C@@H]1O[C@@H](CO[C@@H]2[C@@H](O)[C@H](O)O[C@H](CO[C@@H]3O[C@H](CO)[C@@H](O)[C@H](O)[C@H]3O)[C@H]2OC(=O)/C=C/c2ccc(O)c(O)c2)[C@H](O)[C@H](O)[C@H]1O,1
C[C@@H]1O[C@@H](O[C@@H]2[C@@H](O)[C@H](OCCc3ccc(O)c(O)c3)O[C@H](CO[C@@H]3O[C@H](CO)[C@@H](O)[C@H](O)[C@H]3O)[C@H]2OC(=O)/C=C/c2ccc(O)c(O)c2)[C@H](O)[C@H](O)[C@H]1O,1
C[C@@H]1O[C@@H](O[C@@H]([C@H](OC(=O)/C=C/c2ccc(O)c(O)c2)[C@H](O)CO)[C@@H](O)C=O)[C@H](O)[C@H](O)[C@H]1O,1
O=C(/C=C/c1ccc(O)c(O)c1)O[C@@H]1C[C@](O)(C(=O)O)C[C@@H](O)[C@H]1O,1
C[C@@H]1O[C@@H](O[C@H]2C(=O)c3c(O)cc(O)cc3O[C@@H]2c2ccc(O)c(O)c2)[C@H](O)[C@H](O)[C@H]1O,1
O=C(O[C@@H]1O[C@@H]2COC(=O)c3cc(O)c(O)c(O)c3-c3c(cc(O)c(O)c3O)C(=O)O[C@H]([C@H]1O)[C@@H]2O)c1cc(O)c(O)c(O)c1,1
COc1cc(O)c2c(=O)c3c(OC)c(O)ccc3oc2c1,1
COc1cc(O)c2c(=O)c3c(O)c(O)ccc3oc2c1,1
O=C1OC[C@@H](O)[C@H]([C@@H]2OC(=O)c3cc(O)c(O)c(O)c3-c3c(O)c(O)c(O)c4c3C(=O)O[C@H]2[C@@H]4O)OC(=O)c2cc(O)c(O)c(O)c2-c2c1cc(O)c(O)c2O,1
Oc1cc(O)c2c(c1)OC(c1ccc(O)c(O)c1)C(OC1(c3ccc(O)c(O)c3)Oc3cc(O)cc(O)c3C(O)C1O)C2,1
Cc1nc(C)c(C)nc1C,1
COc1cc(/C=C/C(=O)O[C@H]2[C@H](O[C@@H]3O[C@@H](C)[C@H](O)[C@@H](O)[C@H]3O)[C@@H](O)[C@H](OCCc3ccc(O)c(O)c3)O[C@@H]2CO)ccc1O,1
COc1ccc(CCO[C@@H]2O[C@H](CO)[C@@H](OC(=O)/C=C/c3ccc(O)c(OC)c3)[C@H](O[C@@H]3O[C@@H](C)[C@H](O)[C@@H](O)[C@H]3O)[C@H]2O)cc1O,1
COc1cc2c(cc1OC)-c1c3c(cc4c1[C@H](C2)N(C)CC4)OCO3,1
COC(=O)C1CC(=O)c2oc(=O)c3cc(O)c(O)c(O)c3c21,1
O=C(/C=C/c1ccc(O)c2c1[C@H](C(=O)O)[C@@H](c1ccc(O)c(O)c1)O2)O[C@H](Cc1ccc(O)c(O)c1)C(=O)O,1
O=c1cc(-c2ccc(O)c(-c3c(O)cc(O)c4c(=O)cc(-c5ccc(O)cc5)oc34)c2)oc2cc(O)cc(O)c12,1
CCCCC[C@H](O)CC(=O)CCc1ccc(O)c(OC)c1,1
CCCCC/C=C/C(=O)CCc1ccc(O)c(OC)c1,1
COc1cc(CCC(C)=O)ccc1O,1
CCCCCCCC(=O)CCc1ccc(O)c(OC)c1,1
c1ccc2c(c1)C[C@H]1NCCc3cc4c(c-2c31)OCO4,1
CN1CCc2cc3c(c4c2[C@H]1Cc1cccc(O)c1-4)OCO3,1
COc1cc2c(cc1OC)-c1c3c(c(OC)c4c1[C@H](C2)N(C)CC4)OCO3,1
COc1cc2c(cc1OC)C1Cc3ccc(OC)c(OC)c3CN1CC2,1
O=c1c2ccccc2nc2n1CCc1c-2[nH]c2ccccc12,1
COc1cc2c(cc1O)CC1c3c(cc4c(c3-2)OCO4)CCN1C,1
COc1cc2c3c(c1O)-c1cc4c(cc1C[C@@H]3N(C)CC2)OCO4,1
COc1cc2c3c(c1OC)-c1cc4c(cc1C[C@@H]3N(C)CC2)OCO4,1
COc1cc2c3c(c1OC)Oc1ccc(cc1)C[C@@H]1c4c(cc(OC)c(OC)c4Oc4ccc(cc4)C[C@H]3N(C)CC2)CCN1C,1
CC[C@H]1CN2CCc3c([nH]c4ccccc34)[C@H]2C[C@@H]1/C(=C\OC)C(=O)OC,1
CC[C@H]1CN2CC[C@]3(C(=O)Nc4ccccc43)[C@@H]2C[C@@H]1/C(=C\OC)C(=O)OC,1
COc1cc(C(=O)OCCCCN=C(N)N)cc(OC)c1O,1
COc1ccc([C@@H]2[C@@H](C(=O)NCCCCNC(N)=NCC=C(C)C)[C@@H](C(=O)NCCCCNC(N)=NCC=C(C)C)[C@@H]2c2ccc(OC)c(OC)c2)cc1OC,1
CC(C)=CCC/C(C)=C/COc1ccc2ccc(=O)oc2c1,1
C=C1CC[C@@H]2[C@](C)(CO)[C@H](O)CC[C@@]2(C)[C@@H]1/C=C/C1=CCOC1=O,1
C=C[C@@]1(C)CC(=O)[C@]2(O)[C@@]3(C)[C@@H](O)CCC(C)(C)[C@@H]3[C@H](O)[C@H](OC(C)=O)[C@@]2(C)O1,1
CC1=CC(=O)C[C@H]2[C@H]1CC[C@@H](C)[C@]21C[C@H](c2ccoc2)OC1=O,1
C[C@@H]1C[C@@H](O)[C@H]2[C@@](C)(CO)CCC[C@]2(C)[C@@]1(O)CCc1ccoc1,1
CC(C)=C1CC[C@]2(C)O[C@@H]2C1=O,1
C=C1CCC2C(C)(C)CCCC2(C)C1CCC(C)CC(=O)O,1
C=CCc1ccc(O)c(OC)c1,1
C/C=C(/C)C(=O)O[C@@H]1CCC2=CC(=O)C(=C(C)C)C[C@]2(C)[C@H]1C,1
CC1=CCC[C@@H]2[C@@](C)(CC/C(C)=C/C(=O)O)[C@H](C)CC[C@@]12C,1
C=C1C[C@@]23CC[C@H]4[C@@](C)(CCC[C@@]4(C)C(=O)O[C@@H]4O[C@H](CO)[C@@H](O)[C@H](O)[C@H]4O)[C@@H]2CC[C@]1(O[C@@H]1O[C@H](CO)[C@@H](O)[C@H](O)[C@H]1O[C@@H]1O[C@H](CO)[C@@H](O)[C@H](O)[C@H]1O)C3,1
C=C[C@]1(C)C=C2C(=O)C[C@H]3[C@@](C)(CCC[C@@]3(C)C(=O)O)[C@@H]2CC1,1
CO[C@]1(C)CC23CCC4[C@@](C)(CCC[C@@]4(C)C(=O)O)C2C=CC1C3,1
C[C@@H]1CC[C@@]2(OC1)O[C@H]1C[C@H]3[C@@H]4CC=C5C[C@@H](O)[C@H](O)C[C@]5(C)[C@H]4CC[C@]3(C)[C@H]1[C@@H]2C,1
C[C@@H]1CC[C@@]2(OC1)O[C@H]1C[C@H]3[C@@H]4CC[C@@]5(O)C[C@@H](O)[C@H](O)C[C@]5(C)[C@H]4CC[C@]3(C)[C@H]1[C@@H]2C,1
CCCCC(CC)COC(=O)c1ccccc1C(=O)[O-],1
O=C(O)c1ccccc1C(=O)O,1
C=CCSS(=O)CC=C,1
O=C(O)c1cccnc1,1
Cc1ncc(C[n+]2csc(CCO)c2C)c(N)n1,1
Cc1cc2nc3c(=O)[nH]c(=O)nc-3n(C[C@H](O)[C@H](O)[C@H](O)CO)c2cc1C,1
O=C1O[C@H]([C@@H](O)CO)C(O)=C1O,1
OC[C@H]1O[C@@H](OCCc2ccc(O)cc2)[C@H](O)[C@@H](O)[C@@H]1O,1
OC[C@H]1O[C@@H](OCc2ccccc2)[C@H](O)[C@@H](O)[C@@H]1O,1
CCCCCCCCCCCCCCCCCCCCCC(=O)O,1
O=C(O)C1=N[C@H](C(=O)O)CC(/C=C/N2c3cc(O)c(O)cc3C[C@H]2C(=O)O)=C1,1
O=C(O)C1=N[C@@H](C(=O)O)CC(/C=C/N2c3cc(O)c(O[C@@H]4O[C@H](CO)[C@@H](O)[C@H](O)[C@H]4O)cc3C[C@H]2C(=O)O)=C1,1
CC1=CC(=O)C(C(C)C)=CC1=O,1
C/C=C1/[C@H](O[C@@H]2O[C@H](CO)[C@@H](O)[C@H](O)[C@H]2O)OC=C(C(=O)OC)[C@H]1CC(=O)OCCc1ccc(O)c(O)c1,1
O=c1ccc2cc(O[C@@H]3O[C@H](CO)[C@@H](O)[C@H](O)[C@H]3O)c(O)cc2o1,1
COc1cc2ccc(=O)oc2cc1O[C@@H]1O[C@H](CO)[C@@H](O)[C@H](O)[C@H]1O,1
CC1(C)CC[C@]2(C(=O)O)CC[C@]3(C)C(=CC[C@@H]4[C@@]5(C)CC[C@H](O)C(C)(C)[C@@H]5CC[C@]43C)[C@@H]2C1,1
O=C(/C=C/c1ccc(O)c(O)c1)O[C@H](Cc1ccc(O)c(O)c1)C(=O)O,1
O=C(O)[C@H]1O[C@@H](Oc2cc3oc(-c4ccccc4)cc(=O)c3c(O)c2O)[C@H](O)[C@@H](O)[C@@H]1O,1
O=C(/C=C/c1ccc(O)c(O)c1)O[C@@H]1CC(O)(C(=O)O)C[C@@H](OC(=O)/C=C/c2ccc(O)c(O)c2)C1O,1
O=C(/C=C/c1ccc(O)c(O)c1)O[C@H]1[C@H](O)C[C@](O)(C(=O)O)C[C@H]1OC(=O)/C=C/c1ccc(O)c(O)c1,1
O=c1cc(-c2ccc(O)cc2)oc2c([C@@H]3O[C@H](CO)[C@@H](O)[C@H](O)[C@H]3O)c(O)c([C@@H]3O[C@H](CO)[C@@H](O)[C@H](O)[C@H]3O)c(O)c12,1
COc1ccc2cc3[n+](cc2c1OC)CCc1cc2c(cc1-3)OCO2,1
CCCCCCCC(O)CC(=O)CCc1ccc(O)c(OC)c1,1
Oc1cc(O)c2c(c1)O[C@H](c1ccc(O)c(O)c1)[C@H](O)[C@H]2c1c(O)cc2c(c1O)C[C@@H](O)[C@@H](c1ccc(O)c(O)c1)O2,1
Oc1cc(O)c2c(c1)O[C@H](c1ccc(O)c(O)c1)[C@@H](O)[C@@H]2c1c(O)cc(O)c2c1O[C@H](c1ccc(O)c(O)c1)[C@@H](O)C2,1
Oc1cc(O)c2c(c1)O[C@H](c1ccc(O)c(O)c1)[C@@H](O)C2,1
Oc1cc(O)c2c(c1)O[C@H](c1ccc(O)c(O)c1)[C@H](O)[C@H]2c1c(O)cc(O)c2c1O[C@H](c1ccc(O)c(O)c1)[C@H](O)[C@H]2c1c(O)cc(O)c2c1O[C@H](c1ccc(O)c(O)c1)[C@H](O)C2,1
O=c1cc(-c2ccc(O)c(O)c2)oc2cc(O)c([C@@H]3O[C@H](CO)[C@@H](O)[C@H](O)[C@H]3O)c(O)c12,1
O=c1cc(-c2ccc(O)cc2)oc2cc(O)c([C@@H]3O[C@H](CO)[C@@H](O)[C@H](O)[C@H]3O)c(O)c12,1
O=c1c(O)c(-c2ccc(O)c(O)c2)oc2cc(O[C@@H]3O[C@H](CO)[C@@H](O)[C@H](O)[C@H]3O)c(O)c(O)c12,1
O=C1C[C@@H](c2ccc(O)c(O)c2)Oc2c1ccc(O[C@@H]1O[C@H](CO)[C@@H](O)[C@H](O)[C@H]1O)c2O,1
O=C(/C=C/c1ccc(O)c(O)c1)c1ccc(O[C@@H]2O[C@H](CO)[C@@H](O)[C@H](O)[C@H]2O)c(O)c1O,1
O=C(O)c1ccccc1O,1
O=C1c2c(O)cc(O)cc2O[C@H](c2ccc(O)cc2)C1O,1
O=C1c2c(O)cc(O)cc2O[C@H](c2ccc(O)c(O)c2)[C@H]1O,1
COc1cc(-c2oc3cc(O)cc(O)c3c(=O)c2O)ccc1O,1
O=C(/C=C/c1ccc(O)c(O)c1)O[C@@H]1C[C@@](OC(=O)/C=C/c2ccc(O)c(O)c2)(C(=O)O)C[C@@H](O)[C@@H]1O,1
COc1c(O)c(-c2c(O)c(OC)c(OC)c3c2cc(OC)c2cc(O)ccc23)c2cc(OC)c3cc(O)ccc3c2c1OC,1
COc1cc(C[C@@H](CO[C@@H]2O[C@H](CO)[C@@H](O)[C@H](O)[C@H]2O)[C@H](CO[C@@H]2O[C@H](CO)[C@@H](O)[C@H](O)[C@H]2O)Cc2ccc(O)c(OC)c2)ccc1O,1
CO[C@H]1OC(OC(=O)c2cc(O)c(O)c(O)c2)[C@H](O)[C@@H](O)[C@@H]1O,1
O=C(O)C1=C[C@@H](OC(=O)c2cc(O)c(O)c(O)c2)[C@@H](O)[C@H](OC(=O)c2cc(O)c(O)c(O)c2)C1,1
COC(=O)c1cc(O)c(O)c(O)c1,1
O=C(Oc1c(O)cc(C(=O)O[C@@H]2C[C@@](O)(C(=O)O)C[C@@H](OC(=O)c3cc(O)c(O)c(O)c3)[C@@H]2OC(=O)c2cc(O)c(O)c(O)c2)cc1O)c1cc(O)c(O)c(O)c1,1
O=C(O)c1cc(O)c(O)c(OC(=O)c2cc(O)c(O)c(O)c2)c1,1
O=C(C(=O)[C@@](O)(C(=O)c1cc(O)c(O)c(O)c1)[C@](O)(C(=O)c1cc(O)c(O)c(O)c1)[C@H](O)[C@H](O)CO)c1cc(O)c(O)c(O)c1,1
O=C(O)C1(O)C[C@@H](O)C(O)(C(=O)c2cc(O)c(O)c(O)c2)[C@@](O)(C(=O)c2cc(O)c(O)c(O)c2)C1(C(=O)c1cc(O)c(O)c(O)c1)C(=O)c1cc(O)c(O)c(O)c1,1
COc1cc(O)c2c(=O)cc(-c3ccc(OC)c(OC)c3)oc2c1,1
O=c1cc(-c2ccc(O)cc2)oc2cccc(OC[C@@H]3O[C@H](CO)[C@@H](O)[C@H](O)[C@H]3O)c12,1
O=C(O)/C=C/c1ccccc1,1
COc1cc2ccc(=O)oc2c(OC)c1OC,1
COc1cc2ccc(=O)oc2cc1OC,1
C=C1CC[C@@H]2[C@H]([C@H]3[C@H]1CC[C@]3(C)O)C2(C)C,1
O=C(O[C@H]1Cc2c(O)cc(O)cc2O[C@H]1c1ccc(O)c(O)c1)c1cc(O)c(O)c(O)c1,1
O=C(O[C@@H]1Cc2c(O)cc(O)cc2O[C@@H]1c1cc(O)c(O)c(O)c1)c1cc(O)c(O)c(O)c1,1
CCCCCCC(=O)c1cc(O)c(O)c(O)c1,1
C=C1CC[C@@H]2[C@](C)(CO)[C@H](O)CC[C@@]2(C)[C@@H]1CCC1=CCOC1=O,1
CC1=C(C=O)C(C)(C)C[C@H](O[C@@H]2O[C@H](CO)[C@@H](O)[C@H](O)[C@H]2O)C1,1
CC(C)=CCC/C(C)=C/C=O,1
CC(C)=CCCC(C)CC=O,1
Cc1ccc(C(C)C)c(O)c1,1
Cc1cc(O)c(C(C)C)cc1O,1
CC(C)C1=CC(=O)C2(C)C(C1=O)C1(C)C(=O)C=C(C(C)C)C(=O)C21,1
CC(C)=CCC[C@](C)(O)[C@H]1CC[C@]2(C)[C@@H]1[C@H](O)C[C@@H]1[C@@]3(C)CC[C@H](O[C@@H]4O[C@H](CO)[C@@H](O)[C@H](O)[C@H]4O[C@@H]4O[C@H](CO)[C@@H](O)[C@H](O)[C@H]4O)C(C)(C)[C@@H]3CC[C@]12C,1
CC(C)=CCC[C@](C)(O[C@@H]1O[C@H](CO)[C@@H](O)[C@H](O)[C@H]1O)[C@H]1CC[C@]2(C)[C@@H]1[C@H](O)C[C@@H]1[C@@]3(C)CC[C@H](O)C(C)(C)[C@@H]3[C@@H](O[C@@H]3O[C@H](CO)[C@@H](O)[C@H](O)[C@H]3O[C@@H]3O[C@@H](C)[C@H](O)[C@@H](O)[C@H]3O)C[C@]12C,1
Cc1coc2c1C(=O)C(=O)c1c-2ccc2c(C)cccc12,1
Cc1coc2c1C(=O)C(=O)c1c-2ccc2c1CCCC2(C)C,1
O=C(/C=C/c1ccc(O)c(O)c1/C=C/c1ccc(O)c(O)c1)O[C@H](Cc1ccc(O)c(O)c1)C(=O)O,1
CCCCC[C@H](O)C[C@H](O)CCc1ccc(O)c(OC)c1,1
CCCCCC(=O)CC(=O)CCc1ccc(O)c(OC)c1,1
COc1cc(CNC(=O)CCCC/C=C/C(C)C)ccc1O,1
COc1cc(/C=C/C(=O)CC(=O)/C=C/c2ccc(O)c(OC)c2)ccc1O,1
CCCCC/C=C/C(=O)CCc1ccc(O[Si](C)(C)C)c(OC)c1,1
C[C@@H]1CC[C@@]2(OC1)O[C@H]1C[C@H]3[C@@H]4CC[C@H]5C[C@@H](O)CC[C@]5(C)[C@H]4CC[C@]3(C)[C@H]1[C@@H]2C,1
C[C@H]1CC[C@@]2(OC1)O[C@H]1C[C@H]3[C@@H]4CC[C@H]5C[C@@H](O)CC[C@]5(C)[C@H]4CC[C@]3(C)[C@H]1[C@@H]2C,1
C[C@@H]1CC[C@@]2(OC1)O[C@H]1C[C@H]3[C@@H]4CC[C@H]5C[C@@H](O)CC[C@]5(C)[C@H]4CC(=O)[C@]3(C)[C@H]1[C@@H]2C,1
C[C@H]1CC[C@@]2(OC1)O[C@@]1(C)C[C@H]3[C@@H]4CC[C@H]5C[C@@H](O)CC[C@]5(C)[C@H]4CC(=O)[C@]3(C)[C@H]1[C@@H]2C,1
C[C@@H]1CC[C@@]2(OC1)O[C@H]1C[C@H]3[C@@H]4CC[C@H]5C[C@@H](O)[C@H](O)C[C@]5(C)[C@H]4CC[C@]3(C)[C@H]1[C@@H]2C,1
C[C@@H]1CC[C@@]2(OC1)O[C@H]1C[C@H]3[C@@H]4CC=C5C[C@@H](O)CC[C@]5(C)[C@H]4CC[C@]3(C)[C@H]1[C@@H]2C,1
COC(=O)C1=CO[C@@H](C)[C@H]2CN3CCc4c([nH]c5ccccc45)[C@@H]3C[C@H]12,1
COC(=O)[C@H]1[C@H]2C[C@@H]3c4[nH]c5cc(OC)ccc5c4CCN3C[C@H]2C[C@@H](OC(=O)c2cc(OC)c(OC)c(OC)c2)[C@@H]1OC,1
COC1=CC=C2[C@H]3Cc4ccc(OC)c5c4[C@@]2(CCN3C)[C@H]1O5,1
COC(=O)[C@@H]1[C@H]2C[C@H]3c4[nH]c5ccccc5c4CCN3C[C@@H]2CC[C@@H]1O,1
COc1ccc(Cc2nccc3cc(OC)c(OC)cc23)cc1OC,1
COc1ccc(C2CC(=O)c3c(OC)cc(OC)cc3O2)c(OC)c1,1
COc1c(O)cc(C2Oc3c(c(O)cc(O)c3C3c4c(O)cc(O)cc4CC(c4ccc(O)cc4)C3O)CC2O)cc1O,1
O=c1oc2c(O)c(O)cc3c(=O)oc4c(O)c(O)cc1c4c23,1
O=C(O)c1cc(O)c(O)c(O)c1,1
CC1(C)CC[C@]2(C(=O)O)CC[C@]3(C)C(=CC[C@@H]4[C@@]5(C)C[C@@H](O)[C@H](O)C(C)(C)[C@@H]5CC[C@]43C)[C@@H]2[C@@H]1O,1
COc1ccc(-c2cc(=O)c3c(OC)c(OC)c(OC)cc3o2)cc1OC,1
COc1ccc(-c2cc(=O)c3c(OC)c(OC)c(OC)cc3o2)cc1,1
COc1ccc(-c2cc(=O)c3c(O)c(OC)c(OC)cc3o2)cc1O,1
COc1ccc(-c2cc(=O)c3c(O)c(OC)c(OC)cc3o2)cc1OC,1
C=C[C@@]1(C)C[C@@H](OC(=O)c2ccccc2)[C@H]2[C@](O)(C1=O)[C@H](OC(C)=O)C[C@H]1C(C)(C)[C@H](O)[C@H](OC(C)=O)[C@H](OC(=O)c3ccccc3)[C@@]12C,1
C=C[C@@]1(C)C[C@@H](OC(=O)c2ccccc2)[C@H]2[C@](O)(C1=O)[C@H](OC(C)=O)C[C@H]1C(C)(C)[C@H](OC(C)=O)[C@H](O)[C@H](OC(=O)c3ccccc3)[C@@]12C,1
C=C[C@@]1(C)CC(=O)[C@H]2[C@](O)(C1=O)[C@H](OC(C)=O)C[C@H]1C(C)(C)[C@H](OC(=O)c3ccccc3)[C@H](OC(C)=O)[C@H](OC(=O)c3ccccc3)[C@@]12C,1
C=C[C@@]1(C)C[C@@H](OC(=O)c2ccccc2)[C@H]2[C@](O)(C1=O)[C@H](OC(C)=O)C[C@H]1C(C)(C)C(=O)[C@H](OC(C)=O)[C@H](OC(=O)c3ccccc3)[C@@]12C,1
C=C[C@H]1[C@@H](OC(=O)c2ccccc2)[C@H]2[C@](O)(C(=O)[C@@]1(C)O)[C@H](OC(C)=O)C[C@H]1C(C)(C)[C@H](O)[C@H](OC(C)=O)[C@H](OC(=O)c3ccccc3)[C@@]12C,1
COc1cc(O)c2c(=O)c(OC)c(-c3ccc(OC)c(OC)c3)oc2c1,1
C=C1CC23CCC4[C@@](C)(CCC[C@@]4(C)C(=O)O)C2[C@@H](OC(C)=O)CC1C3,1
C=C1[C@@H]2CCC3[C@]4(C)CCC[C@@](C)(C(=O)O)C4CC[C@]3(C2)[C@@H]1OC(C)=O,1
C=C1C[C@@]23CC[C@H]4[C@@](C)(CCC[C@@]4(C)C(=O)O)[C@@H]2CC[C@@H]1C3,1
C=C1CC2(CCC3[C@@]4(C)CCC[C@]3(C)OC4=O)CC1CCC2=O,1
C=C1C(=O)C23CCC4[C@@](C)(CCC[C@@]4(C)C(=O)O)C2CCC1C3,1
COc1cc2c(cc1O)C[C@@H]1NCCc3cc(OC)c(OC)c-2c31,1
CN1C2=C3N=c4ccccc4=C3CCN2C(=O)c2ccccc21,1
CC[C@H]1CN2CCc3c([nH]c4ccccc34)[C@@H]2C[C@@H]1/C(=C\OC)C(=O)OC,1
CC[C@H]1CN2CC[C@@]3(C(=O)Nc4ccccc43)[C@@H]2C[C@@H]1/C(=C\OC)C(=O)OC,1
COc1ccc(C[C@@H]2c3cc(Oc4cc(C[C@@H]5c6cc(O)c(OC)cc6CCN5C)ccc4O)c(OC)cc3CCN2C)cc1,1
CN1[C@@H](CC(=O)c2ccccc2)CCC[C@H]1C[C@H](O)c1ccccc1,1
CC1=C2C[C@H]3[C@@H](C[C@@H](O)[C@H]4C[C@@H](O)CC[C@@]43C)[C@@H]2CC[C@@H]1[C@@H](C)[C@@H]1[C@H](O)C[C@@H](C)CN1C,1
CC1=C2C[C@H]3[C@@H](CC(=O)[C@H]4C[C@@H](O)CC[C@@]43C)[C@@H]2CC[C@@H]1[C@@H](C)[C@@H]1[C@H](O)C[C@@H](C)CN1C,1
C=C/C(C)=C/C[C@@H]1C(=C)CCC2[C@@](C)(C(=O)O)CCC[C@]21C,1
CC(C)[C@]12O[C@H]1[C@@H]1O[C@]13[C@]1(O[C@H]1C[C@H]1C4=C(CC[C@@]13C)C(=O)OC4)[C@@H]2O,1
C/C=C(/C)C(=O)O[C@H]1[C@@H](OC(C)=O)c2c(ccc3ccc(=O)oc23)OC1(C)C,1
C/C=C(/C)C(=O)O[C@H](COc1c2ccoc2cc2oc(=O)ccc12)C(C)(C)O,1
O=c1cc(-c2ccc(O)c(O)c2)oc2c([C@@H]3O[C@H](CO)[C@@H](O)[C@H](O)[C@H]3O)c(O)cc(O)c12,1
COc1cc(O)cc(O)c1C(=O)/C=C/c1ccccc1,1
COc1cc(O)cc2c1C(=O)C[C@@H](c1ccccc1)O2,1
CC1(C)C=Cc2c(ccc3c2O[C@@H](O)[C@@H]2c4ccc(O)cc4O[C@H]32)O1,1
O=C(/C=C/c1ccc(O)c2c1C(C(=O)OC(Cc1ccc(O)c(O)c1)C(=O)[O-])C(c1ccc(O)c(O)c1)O2)OC(Cc1ccc(O)c(O)c1)C(=O)[O-].[Mg+2],1
C=CCCC[C@@H](C)C1CCC2C3CCC4C[C@H](OS(=O)(=O)O)[C@@H](OS(=O)(=O)O)C[C@]4(C)C3CC[C@@]21C,1
CC1(C)C=C2C3CC[C@@H]4[C@@]5(C)CCC(=O)C(C)(C)[C@@H]5CC[C@@]4(C)[C@]3(C)CC[C@@]2(C(=O)O)CC1,1
C=C(C)[C@@H]1CC[C@]2(C)CC[C@]3(C)[C@H](CC[C@@H]4[C@@]5(C)CC[C@H](OC(C)=O)C(C)(C)[C@@H]5CC[C@]43C)[C@@H]12,1
C[C@@H]1O[C@@H](O[C@H]2C(=O)c3c(O)cc(O)cc3O[C@H]2c2ccc(O)c(O)c2)[C@H](O)[C@H](O)[C@H]1O,1
C/C(=C\CNc1ncnc2nc[nH]c12)CO,1
CC1(C)C=Cc2c(ccc3ccc(=O)oc23)O1,1
c1cc2c(cc1[C@H]1OC[C@H]3[C@@H]1CO[C@@H]3c1ccc3c(c1)OCO3)OCO2,1
CC(C)[C@H](C)CC[C@@H](C)[C@H]1CC[C@H]2[C@@H]3CC=C4C[C@@H](O)CC[C@]4(C)[C@H]3CC[C@]12C,1
Cc1cc(O)c2c(c1)C(=O)c1cc(O)cc(O)c1C2=O,1
NC(=O)[S-],1
COc1c(O)ccc2c1-c1c3c(cc4c1[C@H](C2)NCC4)OCO3,1
c1cc2c(c3c1CC1NCCc4cc5c(c-3c41)OCO5)OCO2,1
COC(=O)N1c2c(OC)cccc2[C@@]23CCN4CC=C[C@]5(CC[C@]12[C@](O)(C(=O)OC)[C@@H]5O)[C@H]43,1
COc1c2ccccc2nc2occc12,1
C=C(C)C(Cc1c(OC)ccc(C(=O)/C=C/c2ccc(O)cc2)c1O)OO,1
COc1ccc(C(=O)/C=C/c2ccc(O)cc2)c(O)c1C/C=C(\C)CCC=C(C)C,1
O=c1cc[nH]c(=S)[nH]1,0
CC1=NCCc2c1[nH]c1ccccc21.O=[N+]([O-])c1cc([N+](=O)[O-])c(O)c([N+](=O)[O-])c1,0
C[C@]12CC=CC[C@H]1CC[C@H]1[C@@H]2CC[C@]2(C)C(CCc3ccccc3)=CC[C@@H]12,0
C[C@@H]1OC(=O)C2=C1N1CCc3ccccc3C1CC21SCCS1,0
COc1c(C)c(O)cc2c1Oc1cccc(O)c1CC2,0
COc1cc2c(cc1OC)CN(C(=O)CCCCCN1Cc3ccccc3C1=O)CC2,0
C=C1[C@@H]2C[C@]3(C(CC2=O)[C@@]24C(O)CC[C@@]5(C)CN(CC)C2[C@@H]3CC54)[C@@H]1O,0
COC(=O)/C=C(/C)CC[C@H]1[C@]2(C)CC[C@@H](O)C(C)(C)[C@H]2CC[C@]1(O)C=O,0
CO[C@@H]1[C@@H](O)[C@H](C)O[C@@H](O[C@H]2CC[C@@]3(C)[C@H](CC[C@@H]4[C@@H]3CC[C@]3(C)C(C5=CC(=O)OC5)=CC[C@]43O)C2)[C@@H]1O,0
COC(=O)CC(c1cc2cc(OC)ccc2[nH]c1=O)c1c(O)cc(C)n(CC(=O)O)c1=O,0
COC(=O)C[C@@]1(C(=O)O)CCC[C@]2(C)c3ccc(C(C)(C)O)cc3CC[C@@H]12,0
COc1cc(O)c2c(c1)[C@@H](O)[C@@H]1C[C@H](C)OC[C@@H]1C2=O,0
COc1ccc([C@@H](O)C[C@@H]2c3c(cc4c(c3OC)OCO4)CCN2C)cc1,0
O=C(COc1ccccc1)N1CC[C@H](c2nnc(Cc3c[nH]c4ccccc34)o2)C1,0
COC(=O)[C@@H]1CC[C@]2(C)[C@H](CC[C@H]3O[C@]32C)[C@@]1(C)CC(=O)c1ccoc1,0
CCC(C)[C@H](NC(=O)c1cc2cc(OC)c(OC)c(OC)c2n1C)C(=O)O,0
C=CC1C(O)OCC2CN3CCc4c([nH]c5ccccc45)C3CC21,0
COc1ccc(-n2nc(C)c3c2C=C2Oc4c(-c5ccc6c(=O)[nH]c(=O)n(CCc7c[nH]c8ccc(OC)cc78)c6n5)c(O)c(C)c(O)c4[C@@]2(C)C3=O)cc1,0
CCCCCCCCCCCCCCCCCCCC(=O)O[C@H](COC(=O)CCCCCCCCCCCCCCC)COP(=O)(O)O[C@H]1C(O)C(O)C(O)[C@@H](O)C1O,0
C/C=C(/C)C(=O)O[C@@H]1CN(C)CC[C@@H]1c1c(O)cc(O)c2c(=O)cc(C)oc12,0
C=C1CC[C@@H]2C(C)(C)CC(=O)C[C@@]2(C)[C@@H]1CC/C(=C/C(=O)O)COC(C)=O,0
CCCCC/C=C\C/C=C\C/C=C\CCCCC(=O)OC[C@@H](COC(=O)CCCCCCCCC/C=C\C/C=C\CCCCC)OC(=O)CCC/C=C\C/C=C\C/C=C\CCCCCCCC,0
COc1cc([C@H]2O[C@@H](c3cc(OC)c(O)c(OC)c3)[C@H](COC(C)=O)[C@H]2COC(C)=O)cc(OC)c1O,0
CCCCCCCCCCCC(=O)O[C@H](COC(=O)CCCCCCCCCCCCC(C)CC)COC(=O)CCCCCCCCC(C)CC,0
CCOC(=O)c1ccc(N2C(=O)[C@@H]3[C@H](CC(N)=O)N[C@@]4(C(=O)Nc5c4ccc(Cl)c5C)[C@@H]3C2=O)cc1,0
COc1cc(O)c2c(=O)oc(C[C@H](O)CC(C)=O)cc2c1,0
C=C1C(=O)O[C@@H]2[C@@H]1C[C@@H]1O[C@@]1(C)C/C=C/[C@@](C)(OO)CCC=C(C)[C@@H]2OC(C)=O,0
CC(C)C1=C2CC[C@]3(C)[C@H](CC[C@@H]4[C@@]5(C)C6OC(OC6=O)C(C)(C)[C@@H]5CC[C@]43C)[C@@]2(C)CC1,0
C=C1C(=O)O[C@@H]2C=C(C)C[C@@H](O)C=C(CO)C[C@@H](OC(=O)/C(C)=C\C)[C@@H]12,0
C[C@@H]1O[C@@H](O[C@@H]2[C@@H](Oc3c(-c4ccc(O)cc4)oc4cc(O)cc(O)c4c3=O)O[C@@H](CO)[C@@H](O)[C@@H]2O)[C@H](O)[C@H](O)[C@H]1O,0
C=CC[C@@]12C=C(OC)[C@H](OC(C)=O)[C@@](OC)(C1O)[C@@H](c1ccc3c(c1)OCO3)[C@@H]2C,0
COCc1ccc(COC(C)=O)c2c1C(=O)[C@H](OC(C)=O)[C@@H](C(C)(C)OC(C)=O)C2,0
COc1ccc(/C=C/C(=O)O[C@H]2[C@@H](O[C@@H]3OC[C@H](O)[C@@H](O)[C@H]3O)[C@H](O)[C@@H](OC[C@H]3O[C@H](OCCc4ccc(O)cc4)[C@@H](O)[C@@H](O)[C@H]3O)O[C@H]2C)cc1OC,0
C=C1[C@H]2C[C@H](O)C(C)(C)C(=O)[C@@]2(O)C[C@@]23C[C@@H](CC[C@@H]12)[C@](C)(O[C@@H]1O[C@H](CO)[C@@H](O)[C@H](O)[C@H]1O)C3,0
C[C@@H]1OC[C@H](O[C@H]2CC[C@]3(C=O)[C@H]4CC[C@]5(C)[C@@H](C6=CC(=O)OC6)CC[C@]5(O)[C@H]4CC[C@]3(O)C2)C[C@H](O)[C@H]1O[C@@H]1O[C@H](CO)[C@@H](O)[C@H](O)[C@H]1O,0
C/C=C(\C)C(=O)N[C@@H](c1ccccc1)[C@@H](O)C(=O)O[C@H]1C[C@@]2(O)[C@@H](OC(=O)c3ccccc3)[C@@H]3[C@]4(OC(C)=O)CO[C@@H]4C[C@H](O)[C@@]3(C)C(=O)[C@H](OC(=O)CC(C)O)C(=C1C)C2(C)C,0
CCCCCCCCCCCCC(=O)OC[C@H](COC(=O)CCCCCCC)OC(=O)CCCCCCCCC(C)C,0
COc1ccccc1Nc1nc([C@]2(C)C[C@@]3(C[C@@H](C)OC3=O)C(=O)O2)cs1,0
O=C(O)CC(=O)O[C@H]1[C@H](Oc2c(-c3ccc(O[C@@H]4O[C@H](CO)[C@@H](O)[C@H](O)[C@H]4O)cc3)oc3cc(O)cc(O)c3c2=O)O[C@H](CO)[C@@H](O)[C@@H]1O,0
C[C@]12CC[C@H](O)CC1=CC[C@@H]1[C@@H]2CC[C@]2(C)/C(=N/NC(N)=S)CC[C@@H]12,0
COCCCNC(=O)[C@]12CC[C@](C)(C(=O)C1)C2(C)C,0
C/C=C1\N=C(/O)CC[C@H](C(=O)O)/N=C(\O)[C@@H](C)[C@H](/C=C/C(C)=C/[C@H](C)[C@H](Cc2ccccc2)OC)/N=C(\O)[C@H](CCCNC(=N)N)/N=C(\O)C[C@H](C(=O)O)/N=C(\O)[C@H](CC(C)C)/N=C(\O)C\N=C\1O,0
CC(C)=CCc1c2c(c(O)c3c1O[C@@]14C(=C[C@H]5C[C@H]1C(C)(C)O[C@]4(C/C=C(\C)C=O)C5=O)C3=O)CC(C(C)(C)O)O2,0
C[C@@]12CCCc3coc(c31)C(=O)c1cc3c(O)ccc(OS(=O)(=O)[O-])c3cc12.[Na+],0
CCCCCCc1c(C)c2cc3c(-c4ccccc4)c(C)oc3cc2oc1=O,0
C=C/C(C)=C/C[C@@H]1[C@@]2(C)[C@H](OC(C)=O)CC[C@@](C)(COC(=O)/C=C/c3ccc(OC(C)=O)cc3)[C@@H]2CC[C@@]1(C)O,0
CCCCCCCCCCCCC/C=C/[C@@H](O)[C@H](CO)NC(=O)[C@H](O)CCCCCCCCCCCCCCCCCCCCCC,0
COc1ccccc1-c1cc([C@H]2CN3CC[C@H]2C[C@@H]3CNC(=O)c2cccs2)n(C)n1,0
CC(=O)OC[C@H]1O[C@@H](Oc2c(-c3ccc(O)cc3)oc3cc(O[C@@H]4O[C@@H](C)[C@H](O)[C@@H](O)[C@H]4O)cc(O)c3c2=O)[C@H](O)[C@@H](O)[C@@H]1OC(C)=O,0
CC(=O)/C=C/[C@@]1(O)[C@H](C)[C@H](O)[C@@H](O)CC1(C)C,0
Nc1ncnc2c1nc(N/N=C/c1ccccc1)n2[C@H]1O[C@@H](CO)[C@@H](O)[C@H]1O,0
C=C1CC[C@H]2[C@@H](c3c(C)c(O)c4c(c31)C(=O)[C@H](C)C4)C2(C)C,0
COc1ccc(C(CC(=O)NCc2ccc3c(c2)OCO3)c2c[nH]c3cccc(OC)c23)c(OC)c1,0
CC(C)CNC(=O)c1nc2ccccc2c(=O)[nH]1,0
N#Cc1cc(Br)ccc1OCc1ccccc1Cl,0
Cn1c(O)c(C(=O)C=Cc2ccc(Cl)cc2)c(=O)c2ccccc21,0
C=C1[C@H](O)C[C@@H]2[C@H]3[C@@H](C(C)C)CC[C@]2(C)[C@@H]13,0
OC[C@H]1OC[C@H](O)[C@H](O)[C@@H]1O,0
CCCCCCCCCCCCCCCCCCCCC(=O)OC[C@H](COC(=O)CCCCCCCCCCCCCCCCC(C)CC)OC(=O)CCCCCCCCCCCCCCCCC,0
O=C(O[C@@H]1O[C@@H]2COC(=O)c3cc(Oc4c(C(=O)O[C@@H]5O[C@@H]6COC(=O)c7cc(O)c(O)c(O)c7-c7c(cc(O)c(O)c7O)C(=O)O[C@H]6[C@@H]6OC(=O)c7cc(O)c(O)c(O)c7-c7c(cc(O)c(O)c7O)C(=O)O[C@@H]56)cc(O)c(O)c4O)c(O)c(O)c3-c3c(cc(O)c(O)c3O)C(=O)O[C@H]2[C@@H]2OC(=O)c3cc(O)c(O)c(O)c3-c3c(cc(O)c(O)c3O)C(=O)O[C@@H]12)c1cc(O)c(O)c(O)c1,0
CSCC[C@H](C(=O)Nc1ccc(O)cc1)n1cccc1,0
CCc1cc(=O)oc2cc(C)c3c(c12)O[C@H](c1ccc(N(C)C)cc1)CC3=O,0
COC(=O)C[C@@H](C)c1cn(C)c(=O)n(C)c1=O,0
COc1ccc(CCN2C(=O)[C@@H]3C(Cc4ccc(O)c(O)c4)NC4(C(=O)Nc5c(Cl)cc(C)cc54)[C@@H]3C2=O)cc1OC,0
N[C@@H](CCC(=O)N[C@@H](CS[C@H]1C=Cc2ccccc2[C@@H]1O)C(=O)NCC(=O)O)C(=O)O,0
O=C(OC[C@H]1O[C@@H](OC(=O)c2cc(O)c(O)c(O)c2)[C@@H]2OC(=O)c3cc(O)c(O)c(O)c3-c3c(cc4c(c3O)OC(=O)c3cc(O)c(O)c(O)c3O4)C(=O)O[C@H]2[C@H]1OC(=O)c1cc(O)c(O)c(O)c1Oc1cc2c(c(O)c1O)-c1c(cc(O)c(O)c1O)C(=O)O[C@@H]1[C@H]3OC(=O)c4cc(O)c(O)c(O)c4-c4c(cc(O)c(O)c4O)C(=O)OC[C@H]3O[C@H](OC(=O)c3cc(O)c(O)c(O)c3)[C@@H]1OC2=O)c1cc(O)c(O)c(O)c1,0
O=C1NCCNc2c1c[nH+]c1ccccc21,0
COCC(=O)N1CCN[C@H](C(=O)N[C@H]2CCCNC2=O)C1,0
CC(=O)C=C(O)C=CC=CC=CC(C)C,0
O=C([C@H]1C[C@@H](NCc2nccs2)[C@H](c2cnc(C3CC3)[nH]2)[C@@H]1O)N1CCCC1,0
CC(C)[C@@H](C)/C=C\[C@@H](C)[C@@H]1CC[C@@H]2C3=CC=C4C[C@@H](O)CC[C@@]4(C)[C@H]3CC[C@@]21C,0
CCCC[C@H](O)[C@H]1CC(OC)=CC(=O)O1,0
COc1cc(/C=C/C(=O)O[C@H]2[C@H](O)C[C@@](O)(C(=O)O)C[C@H]2OC(=O)/C=C/c2ccc(O)c(O)c2)ccc1O,0
C[C@@H]1O[C@@H](O[C@H]2CC[C@@]3(C)[C@@H](CC[C@@H]4[C@@H]3[C@H](O)C[C@]3(C)[C@@H](C5=CC(=O)OC5)CC[C@]43O)C2)[C@H](O)[C@H](O)[C@H]1O,0
COC(=O)[C@]12CCC(C)(C)C[C@H]1C1=CC[C@@H]3[C@]4(C)CC[C@@H](O)C[C@H]4CC[C@]3(C)[C@@]1(C)CC2,0
C=CC(=C)CCC1(C)C(C)CC(OC)C23C(=CC(OC(=O)CCC)CC12)C(OC(=O)CCC)OC3OC(C)=O,0
CC[C@H]1C(O)[C@H](COC[C@H]2C(O)[C@H](COC[C@H]3C(O)[C@H](COC[C@H]4C(O)[C@H](COC[C@H]5C(O)[C@H](COC)OC(CO)[C@H]5O)OC(COCC[C@@H]5OC(CO)[C@@H](O)[C@@H](O)C5O)[C@H]4O)OC(CO)[C@H]3O)OC(COCC[C@@H]3OC(CO)[C@@H](O)[C@@H](O)C3O)[C@H]2O)OC(CO)[C@H]1O,0
CCCCCC[C@H]1C(=O)O[C@@H](C)[C@H](NC(=O)c2cccc(NC=O)c2O)C(=O)O[C@H](C)[C@@H]1OC(=O)CC(C)C,0
COc1cc([C@H]2C3=C(CC(C)(C)CC3=O)Nc3ccccc3N2C(C)=O)cc(OC)c1OC,0
CC(=O)O[C@H]1C[C@]2(C)[C@]3(CO3)[C@H]1O[C@H]1C=C(C)C(=O)C[C@]12C,0
CN[C@@H]1Cc2c(cccc2CO)C#CCC[C@]23CC[C@H]4[C@@](O)([C@H](O)[C@H]5C[C@H]6[C@@H](C7CCCC7)CC=C[C@H]6C[C@@H]6[C@H]7OC=C[C@H]8C[C@H](CCc9ccccc9)C[C@@]78C[C@@]4(C=O)[C@@]65O)[C@@]2(O)C[C@@H]2C[C@H]1[C@@H]1OC(=O)C=C1[C@@H]23,0
CCCCC[C@H](O)[C@@H]1CC[C@@H]([C@H](O)CC[C@H](O)[C@@H]2CC[C@@H](CCCCCCCCCCCC[C@@H](O)CC3=C[C@H](C)OC3=O)O2)O1,0
CCCCCCCCCCCCC(=O)O[C@@H]1CC[C@](C)(OC(C)=O)C2OC(C[C@@]1(C)O)[C@H]1[C@@H]2[C@H](C(C)C)CC[C@]1(C)OC(C)=O,0
C=CCNC(=O)N[C@@H]1CO[C@@H]2[C@@H]1OC[C@H]2OC(=O)Nc1ccccc1,0
COc1c(OC)c2c3c(c1O)=C1C=CC(=O)C=C1C(C)(C)C=3NC=C2,0
CC(=O)OCC1=CC(=O)C[C@@H]2[C@@](C)(CC[C@@H](C)CC(=O)O)[C@@H](C)CC[C@@]12C,0
COc1cc2c(c(OC)c1OC)-c1ccc(N[C@@H](CC(C)C)C(=O)Nc3ccc4c(C)cc(=O)[nH]c4c3)c(=O)cc1[C@@H](NC(C)=O)CC2,0
CCCc1cc(=O)oc2c(C)c(OCC(=O)NCC(=O)O)ccc12,0
COC1C(O)[C@H](O[C@H]2CC[C@]3(C)C4CC[C@]5(C)C(C6=CC(=O)OC6)[C@@H](OC(C)=O)C[C@]5(O)C4CC[C@@H]3C2)OC(C)[C@@H]1O,0
C=C1C(=O)O[C@@H]2[C@H]1CC[C@H](C)[C@@H]1CC(=O)C(=O)[C@@]21C,0
COc1cccc(C=C2Oc3cc(OCC(=O)Nc4ccc5c(c4)OCO5)ccc3C2=O)c1OC,0
O=C(O)C=CC1=C2C(=O)c3c(O)cccc3C(=O)OC(CC(=O)O)CC2=C2C(=O)c3c(O)cccc3C(=O)C12,0
O=C1c2c(O)cc(O)cc2O[C@@H](c2ccc(O)c(O)c2)[C@@H]1c1c(O)cc(O)c2c(=O)cc(-c3ccc(O)cc3)oc12,0
C=C(C)[C@@H]1C[C@@]2(C)C(=CC1=O)C=C[C@H](OC(=O)/C=C/C=C/[C@@H](C)CC)[C@@H]2C,0
CNC(=O)[C@@H](C1CCCCC1)N1CCC[C@H]1C(=O)N1CCN(C)CC1,0
COC1=C(c2ccccc2)C(=O)C2=C(C1=O)c1ccccc1CO2,0
C[C@@H]1O[C@@H](OC[C@H]2O[C@@H](Oc3cc4c(O[C@@H]5O[C@H](CO)[C@@H](O)[C@H](O)[C@H]5O)cc(O)cc4[o+]c3-c3ccc(O)c([O-])c3)[C@H](O)[C@@H](O)[C@@H]2O)[C@H](O)[C@H](O)[C@H]1O.Cl,0
O=C1Nc2cc3c(O)cccc3c3c4c(cc1c23)OCO4,0
CCCCCCCCCCCCCCCCCC(=O)OC[C@H](COC(=O)CCCCCCCCCCCCCCCCCC(C)C)OC(=O)CCCCCCCCCCCCCC(C)C,0
COC1C(O)=C(C(C)=O)C(=O)C2(OC3CC(OC4CC(OC5CC(C)(O)C(O)C(C)O5)C(O)C(C)O4)C(O)C(C)O3)C(=O)c3c(cc4cc(OC5CC(OC6CC(O)C(O)C(C)O6)C(O)C(C)O5)c(C)c(O)c4c3O)CC12,0
C=C(OC(=O)[C@@H]1C(=O)[C@@]2(C)[C@@H](C=C[C@H]3[C@H](O)[C@@H](C)[C@H](OC(C)=O)C[C@@H]32)C[C@H]1/C=C/C=C/C=C/C(=O)O)C(=O)O,0
CC(C)=CCC[C@](C)(O[C@@H]1O[C@H](CO[C@@H]2OC[C@H](O)[C@H](O)[C@H]2O)[C@@H](O)[C@H](O)[C@H]1O)[C@@H]1CC[C@]2(C)[C@@H]1[C@H](O)C[C@H]1[C@@]3(C)CC[C@H](O[C@@H]4O[C@H](CO)[C@@H](O)[C@H](O)[C@H]4O[C@@H]4O[C@H](COC(=O)CC(=O)O)[C@@H](O)[C@H](O)[C@H]4O)C(C)(C)[C@@H]3CC[C@]12C,0
COc1ccc(C2Oc3cc4c(c(O)c3CC2O)OC(c2ccc(O)cc2)C42Oc3cc(O)cc(O)c3C2=O)cc1,0
C/C=C(\C)[C@@H](OC(C)=O)[C@@H](C)C1=CC(=O)C2=C(O[C@]3(C)CC[C@@H]4O[C@H](C(C)(C)O)CC[C@]4(C)[C@H]3[C@@H]2O)C1=O,0
CCCCCCCCCCCCCCCCCC(=O)OC[C@@H](COC(=O)CCCCCCCCCCCCCCCCCC(C)C)OC(=O)CCCCCCCCCCCCC,0
CCCCCCCCCCCCCCCCCCCC(=O)OC[C@H](COC(=O)CCCCCCCCCCCCCCCCCC(C)C)OC(=O)CCCCCCCCC(C)C,0
NCCCc1cccc2c1C(=O)O[C@@]21[C@H]2C[C@H](C3CCCCC3)/C=C\[C@@H]3C[C@@H]4[C@@H]5C6=C3[C@@]23C(=O)OC(=C(O)[C@@H]2CC[C@@H]7[C@H]8C[C@@H](CN7[C@H]2C2CC7(CCCC7)C7(CCCC7)C2)[C@H]2CCC(=C5N2C8)C[C@H]4C2CCCCC2)[C@]31CC6,0
COc1ccc2c(c1OC)C(=O)N1[C@H]2SC(C)(C)[C@H]1C(=O)NC1CCCCC1,0
C=C(C(=O)O)[C@@H]1C[C@H](OC(C)=O)[C@@]2(C)CCC[C@@]3(C)O[C@]32C1,0
CC(=O)O[C@H](C[C@@](C)(O)C(C)(C)O)[C@@H](C)[C@H]1CC[C@H]2[C@@H]3[C@H](O)CC4=CC(=O)C=C[C@]4(C)[C@H]3CC[C@]12C,0
O=c1cc(-c2ccc(O)cc2)oc2c(O)c(O)c(O)c(O)c12,0
CCC=CCC=CCC=CCC=CCC=CCCCC(=O)OC[C@@H](COC(=O)CCCCCCCC=CCC=CCC=CCC)OC(=O)CCCCCCCC=CCC=CCCCCC,0
CCCCCCCCCCCCCCCCCCC(=O)OC[C@H](COC(=O)CCCCCCCCCCCCCCCCC)OC(=O)CCCCCCCCCCCCCCC,0
C=C1C(=O)O[C@@H]2[C@H]1[C@H](OC(=O)[C@@]1(C)O[C@H]1C)[C@@H](OC(=O)/C(C)=C\C)[C@@]1(C)[C@H](O)[C@@H](O)C=C(C)[C@H]21,0
O=c1cc(-c2ccc(O)c(O)c2)oc2cc(O[C@@H]3O[C@H](O)[C@@H](O)[C@H](O)[C@@H]3CO[C@H]3O[C@@H](CO)[C@H](O)[C@@H](O)[C@@H]3O)cc(O)c12,0
C[C@@H]1O[C@@H](O[C@H]2[C@H](O[C@H]3CC[C@]4(C)[C@H]5CC=C6[C@@H]7CC(C)(C)CC[C@@]7(C(=O)O)CC[C@@]6(C)[C@]5(C)CC[C@H]4C3(C)C)OC[C@H](O)[C@@H]2O)[C@H](O)[C@H](O)[C@H]1O,0
C=C1C[C@@H]2[C@@H]3CC=C4C[C@@H](OC(C)=O)CC[C@@]4(C)[C@@H]3CC[C@@]2(C)C1=O,0
COc1ccc([C@@H]2OC(=O)c3c2cc2c(c3OC)OCO2)cc1,0
CC(=O)OC[C@]12CC[C@H](O)CC1=C[C@H](O)[C@@H]1[C@@H]2CC[C@]2(C)[C@@H]([C@H](C)CCCC(C)C)CC[C@@H]12,0
C[C@@H]1NC(=O)[C@H]([C@@H](C)O)NC(=O)CNC(=O)[C@H](Cc2cnc[nH]2)NC(=O)[C@H](Cc2c[nH]c3ccccc23)NC(=O)[C@H](CC(N)=O)NC(=O)CNC(=O)C[C@@H](C(=O)N[C@@H](Cc2c[nH]c3ccccc23)C(=O)N[C@@H](Cc2ccccc2)C(=O)N[C@@H](Cc2ccccc2)C(=O)N[C@@H](CC(N)=O)C(=O)N[C@@H](Cc2ccc(O)cc2)C(=O)N[C@@H](Cc2ccc(O)cc2)C(=O)N[C@@H](Cc2c[nH]c3c(O)cccc23)C(=O)O)NC(=O)[C@@H]2CCCN2C1=O,0
N[C@@H](CCC(=O)O)C(=O)N[C@@H](CS)C(=O)O,0
O=C(O)[C@H](O)Cc1c[nH]c2ccccc12,0
Cc1ccc2c(c1C)CC[C@H]1[C@H]2CC[C@H]2CCCC[C@@]21C,0
CC[C@H](C)[C@@H](C(=O)O)N(C)C(=O)OCc1ccccc1,0
CC(=O)[O-].CC(=O)[O-].CCc1c(CC)c2cc3nc(cnc4cc(OCCOCCOCCOC)c(OCCOCCOCCOC)cc4ncc4nc(cc1[n-]2)C(CCCO)=C4C)C(C)=C3CCCO.[Lu+3],0
CC(C)[C@H]1CC[C@H](C)[C@]2(O)CCC(CO)=C[C@H]12,0
CN1CC[C@@H]2c3ccccc3N[C@@H]2C1,0
C=C[C@@]1(C)CCC2=C(C1)C(=O)C[C@H]1[C@@](C)(CO[C@H]3O[C@H](CO)[C@@H](O)[C@H](O)[C@H]3NC(C)=O)[C@@H](O)CC[C@]21C,0
CCC[C@H]1CC[C@]2(C)C3=C(CCC3)CC[N@@+]2(C)C1,0
CCCNC(=O)COc1ccc2nc3n(c(=O)c2c1)CCCCC3,0
C=C(CC[C@@H](C)[C@H]1CC[C@H]2[C@@H]3CC[C@H]4C[C@@H](O)CC[C@@H]4[C@H]3CC[C@]12C)C(C)C,0
CCCCCC=CCC=CCC=CCC=CCC=CCCC(=O)OC[C@H](COP(=O)([O-])OCC[N+](C)(C)C)OC(=O)CCCCCCCC=CCCCCCCCC,0
CC(=O)O[C@@H]1[C@@H]2[C@@]3(C)CCC(=O)C(C)(C)[C@@H]3C[C@@H](OC(C)=O)[C@@]2(C)[C@@H]2C(=O)C[C@@H](c3ccoc3)[C@]2(C)[C@H]1O,0
CCCOc1ccc(C2NCCc3c2[nH]c2ccc(OC)cc32)cc1OC,0
CC1(C)O[C@@]2(C)CC[C@@H]1C[C@@H]2O[C@@H]1O[C@@H](CO)[C@H](O)[C@@H](O)[C@@H]1O,0
C=C=CCOc1ccc(C=CC(=O)O)cc1,0
CCCCCCCCCCCCCCCCCCCCC(=O)O,0
O=C(O)[C@@H]1CNCc2[nH]c3ccccc3c21,0
CC(C)CCc1c(-c2cc(O)c(O)c(O)c2)oc2cc(O)cc(O)c2c1=O,0
CC(=O)OC[C@H]1O[C@@H](Oc2cc3oc(-c4cc(O)c(O)c(O)c4)cc(=O)c3c(O)c2O)[C@H](O)[C@@H](O)[C@@H]1O,0
C[C@H]1[C@H](C)CCC[C@@H]1NC(=O)[C@@H]1N(Cc2ccc3c(c2)OCO3)C(=O)[C@@H]2[C@H](C(=O)Nc3ccc(Cl)cc3)[C@@H]3C=C[C@]21O3,0
C=CC(C)(C)c1cc2cc3c(cc2oc1=O)O[C@@H](C(C)(C)OC(=O)OCc1ccccn1)C3,0
COc1ccc2c(=O)c(Oc3ccc(C(=O)NCCc4c[nH]c5ccccc45)cc3)c(C)oc2c1,0
Cc1ccccc1NC(=O)[C@H](Cc1c[nH]c2ccccc12)NC(=O)Oc1ccccc1,0
O=C(O)c1ccccc1C1c2ccc(O)cc2Oc2cc(O)ccc21,0
CC/C=C\C/C=C\C/C=C\C/C=C\CCCCC(=O)O[C@@H](COC(=O)CCCCCC/C=C\C/C=C\C/C=C\CCCCC)COC(=O)CCCCCCC/C=C\C/C=C\C/C=C\CC,0
CC(=O)OC[C@]1(C)CC2=C3C=C[C@@H]4[C@@]5(C)CC[C@@H](OC(C)=O)C(C)(C)[C@H]5CC[C@@]4(C)[C@]3(C)CC[C@@]2(C)[C@H](OC(C)=O)C1,0
CNC(=N)NC[C@]12C#CC[C@@H](Cc3ccc(O)c(OC4CCNCC4)c3)[C@@H](OC(C)=O)C[C@@H](O)[C@H](CC[C@@H]1C)C2,0
COc1cc([C@H]2c3c(cc(OC)c(O)c3OC)C[C@@H](CO)[C@@H]2CO[C@H]2O[C@@H](CO)[C@@H](O)[C@@H](O)[C@H]2O)cc(OC)c1O,0
COc1cc([C@@H]2Oc3cc(OCCO)c4c5c3[C@@H](CSSCC[C@@H](C)CC[C@@H](c3cc(O)ccc3-4)[C@@H]5CO)[C@H]2O)cc(OCCC(C)C)c1O,0
CC=C1CN2CCc3c([nH]c4ccccc34)C2CC1C(Cc1c[n+]2c(c3[n-]c4ccccc4c13)CC(C(CO)C(=O)OC)C(CC)C2)C(=O)OC,0
COCCn1c(=N)c(C(=O)NCc2ccc(OC)cc2)cc2c(=O)n3ccccc3nc21,0
COC(=O)[C@@H]1c2ccoc2C[C@H]2[C@@H]1[C@@H](OC(C)=O)[C@H](OC(C)=O)[C@@H]1C(C)(C)CCC[C@@]12C,0
COc1cccc(NC(=O)N[C@@H]2c3c(cc4c(c3OC)OCO4)CCN2C)c1,0
CCC(C)CCCCCCCCCCCCC(=O)O[C@@H](COC(=O)CCCCCCCCCCCC(C)C)COC(=O)CCCCCCCCC(C)CC,0
COC(=O)c1c[nH]c(=O)c(C(CC(N)=O)c2ccc3c(c2)OCO3)c1O,0
C=C(C)COc1ccc2c(C)c(CC(=O)N[C@H]3CCOC(C)(C)C3)c(=O)oc2c1C,0
CC(C)=CC[C@H]1C(=O)C(C(=O)CCC(C)C)=C(O)[C@@](O)(CC=C(C)C)C1=O,0
COC1=C(CO)C(=O)O/C1=C1/OC2=C[C@@H]3C=C[C@]4(CCC[C@@H]([C@@H](O)[C@H]5C=CC[C@@H](C6CCCC6)C5)N4C3)[C@H]2[C@@H]1C,0
CC[C@@H](O)/C=C/C=C/C(=O)O[C@H]1/C(=C/C(=O)OC)C[C@H]2C[C@H]([C@@H](C)O)OC(=O)C[C@H](O)C[C@@H]3C[C@H](OC(C)=O)C(C)(C)[C@](O)(C[C@@H]4C/C(=C/C(=O)OC)C[C@H](/C=C/C(C)(C)[C@]1(O)O2)O4)O3,0
COC(=O)/C(C)=C/C(=O)O[C@@H]1C[C@H]2C[C@H](OC(=O)C=C(C)C)[C@H](C1)N2C,0
O=C(CCC(=O)c1ccc(O)cc1O)c1ccc(O)cc1O,0
COc1cc(C(CC(=O)NCCN2CCCC2=O)c2oc(C)cc(=O)c2O)ccc1O,0
CN1C[C@@H](O)[C@H]2N=C(NC3OC(CO)C(OC(N)=O)C(O)C3NC(=O)CC(N)CCCN)N[C@@H]2C1=O,0
O=C(C(=O)[C@@](O)(C(=O)c1cc(O)c(O)c(O)c1)[C@](O)(C(=O)c1cc(O)c(O)c(O)c1)[C@@](O)(C(=O)c1cc(O)c(O)c(O)c1)[C@](O)(CO)C(=O)c1cc(O)c(O)c(O)c1)c1cc(O)c(O)c(O)c1,0
O=C1O[C@@H]2[C@H]3[C@@H]([C@H]1C[C@H]2O)N(CC1CCCCC1)C(=S)N3Cc1ccccc1,0
CC(C)CCCCCCCCCCCCCCCCCCCCC(=O)OC[C@H](CO)OC(=O)CCCCCCCCCCCCCCC(C)C,0
CC=CC=CC=CC=Cc1ccccc1C=CC(=O)O,0
CO[C@H]1[C@H](O[C@H]2[C@H](OCC[C@@H](CC[C@@H](C)[C@H]3[C@@H](O)[C@@H](O)C4[C@]5(O)C[C@H](OS(=O)(=O)[O-])C6[C@@H](O)[C@@H](O)CC[C@]6(C)C5CC[C@@]43C)C(C)C)O[C@@H](CO)[C@@H]2O)OC[C@@H](OC)[C@@H]1O.[Na+],0
CC1(C)[C@H]2CC[C@]1(C)C(=O)/C2=C\Nc1ccccc1,0
CC1=CC[C@H]2[C@@H]1[C@H](/C=C(\C)C(=O)O)CC[C@H]2C,0
CCCCC[C@H](O)C=CC=CCC=CCCCCCCC(=O)O,0
Cc1cccc(OC[C@]2(CNC(=O)N3CCOCC3)C[C@@H](O)[C@@H](O)C2)n1,0
CC(C)[C@@H](C)/C=C/[C@@H](C)[C@H]1CC[C@H]2C3=C[C@@H](O)[C@@]4(O)C[C@@H](OC5OC(CO)C(O)C(O)C5O)CC[C@]4(C)[C@H]3CC[C@]12C,0
C=C(c1cc(O)c(C)c(OC(=O)/C(C)=C\C)c1O)[C@H](CC=C(C)C)OC(=O)/C(C)=C\C,0
CCCCCCCCCCCCCC(=O)O[C@H]1CC[C@]2(C)[C@H]3CC=C4[C@@H]5CC(C)(C)CC[C@]5(C)CC[C@@]4(C)[C@]3(C)CC[C@H]2C1(C)C,0
CC(C)=CCc1c2c(c(O)c3c(=O)c4c5c(c(O)cc4oc13)C=CC(C)(C)O5)C=CC(C)(C)O2,0
Cc1ccc(S(=O)(=O)N[C@@H](CC(C)C)C(=O)Oc2ccc3c(C)cc(=O)oc3c2C)cc1,0
CON=C(C)c1cnnc(SC)n1,0
COc1cc(-c2ccc3cccc4c3c2C(=O)C(O)=C4)ccc1O,0
CC(=O)O[C@H]1[C@H](O)[C@@H](CO)O[C@@H](Oc2cc3c(c(O)c2C)C(=O)c2ccc(O)cc2C3=O)[C@@H]1O[C@@H]1O[C@H](C)[C@@H](O)[C@H](O)[C@@H]1O,0
COc1ccc(C2=NO[C@H](C(=O)c3ccccc3)[C@@]23C(=O)Nc2ccccc23)cc1OC,0
CC[C@@H](C)[C@@H]1OC(=O)CCNC(=O)[C@H](Cc2ccccc2)N(C)C(=O)[C@H](C(C)C)N(C)C(=O)[C@H](Cc2ccccc2)NC(=O)[C@@H]2[C@@H](C)CCN2C1=O,0
C=C1C(=O)O[C@H]2[C@H](OC(C)=O)[C@@H](C)CCC[C@](C)(OC(C)=O)/C=C\C[C@@]3(C)O[C@@H]3C[C@@H]12,0
CCOC(=O)[C@@](C)(N)c1ccc(S(C)(=O)=O)cc1,0
Cc1cc(C)c(C(C)O)c(C)c1,0
COc1c(O)c2c(c(S(=O)(=O)O)c1O)OC(c1ccc(O)cc1)CC2=O,0
C=C(C)Cn1cnc2c(oc3nc(C(C)C)c4c(c32)CCC4)c1=O,0
CC(C)=CCCC(C)=CCC1CC2(CC=C(C)CCC=C(C)C)C(=O)C(CC=C(C)C)C(=O)C(C(=O)c3ccc(O)c(O)c3)=C2OC1(C)C,0
C/C=C(/CC[C@@H](C)[C@H]1CC[C@H]2C3=CC[C@H]4[C@H](C)[C@@H](O)CC[C@]4(C)[C@H]3CC[C@]12C)C(C)C,0
CC(C)c1ccc(NC(=O)[C@H]2[C@H]3C=C[C@@]4(O3)[C@H]2C(=O)N(CCCN2CCN(Cc3ccccc3)CC2)[C@@H]4C(=O)NC2CCCCC2)cc1,0
Cc1c(Cl)c(O)c2c(O[C@@H]3O[C@H](CO)[C@@H](O)[C@H](O)[C@H]3O)cccc2c1Cl,0
COc1ccc2c(c1OC)C(=O)N1[C@H](C(=O)NCc3ccc(C)cc3)CS[C@@H]21,0
C#C/C=C\C/C=C/[C@@H]1CC[C@@H](CC)[C@@H]2CCCN12,0
CCCCCCCCCCCCCCCCCC(=O)OC[C@H](COC(=O)CCCCCCCCCCC(C)C)OC(=O)CCCCCCCCCCCCCCCCCCC(C)C,0
COc1ccc(C2(CNC(=O)[C@H](C(C)C)N3Cc4ccccc4C3=O)CCOCC2)cc1,0
OCC1=C[C@H](O)[C@@]2(O[C@H]3O[C@@H](CO)[C@H](O)[C@@H](O)[C@@H]3O)C=CO[C@H](O[C@@H]3O[C@H](CO)[C@H](O)[C@H](O)[C@@H]3O)[C@H]12,0
CO[C@H]1CC2=CC(=O)O[C@@]23C[C@@H]1N1CCCC[C@H]13,0
COc1c2c(c(C(C)=O)c3c1C=CC(C)(C)O3)OC(C)(C)C=C2,0
CCCCCCCC/C=C\CCCCCCCC(=O)OC[C@H](COP(=O)(O)OC[C@@H](O)COP(=O)(O)OC[C@@H](COC(=O)CCCCCCCCCCCCCCC)OC(=O)CCCCCCCCCCCCCCCCC)OC(=O)CCCCCCC/C=C\CCCCCCCC,0
COc1cc(C)c(-c2cc(OC)c(Cl)c3c2C(=O)[C@]2(O)C(=O)c4c(O)c(Cl)c(O)c(Br)c4C(C)(C)[C@H]2C3)c(OC)c1,0
C[C@H]1O[C@H](Oc2cc(O)c3c(c2)O[C@H](c2ccc(O)cc2)[C@@H](O)C3=O)[C@H](O)[C@H](O)[C@H]1O,0
CCCCCCCCCCCC/C=C/[C@@H](O)[C@H](CO[C@@H]1O[C@H](CO)[C@@H](O)[C@H](O)[C@H]1O)NC(=O)CCCCCCCCCCCCCCCCC,0
CSCC[C@@H](C(=O)N(C)[C@H](C(=O)N(C)[C@H](C(=O)N(C)[C@H](C(=O)NCCc1ccccc1)C(C)C)C(C)C)C(C)C)N(C)C(=O)[C@@H](N)C(C)C,0
CC(=O)C[C@@H]1CC(=O)O[C@@H](C)CCCC(=O)O[C@@H](C)[C@H](O)/C=C/C(=O)O1,0
Cc1ccc2c(c1)O[C@]1(C(Br)Br)CC[C@@]2(C)[C@@H]1C,0
COc1ccc([C@H]2C(C#N)=C(N)Oc3c2oc(CO)cc3=O)cc1OC,0
C=C1/C=C/C=C(/[C@H]2CC[C@@]3([C@H](CCC4(O)CCCC4)/C(=C(\C)C=O)CC[C@@]3(C)O)[C@@H]2O)COCC#CC/C(C)=C/CC1,0
O=C1Oc2ccccc2C(=O)/C1=C/Nc1ccc2c(c1)C(=O)N1CCC[C@H]1C(=O)N2,0
CCCCCCCCCCCCCCCCCCCCCC[C@@H](O)C(=O)N[C@@H](CO)[C@H](O)[C@H](O)CCCCCCCCCCC,0
CC[C@H](C)[C@H](N)C1=N[C@H](C(=O)N[C@@H](CC(C)C)C(=O)N[C@H](CCC(=O)O)C(=O)N[C@H](C(=O)N[C@H]2CCCC/N=C(\O)[C@H](CC(N)=O)/N=C(\O)[C@@H](CC(=O)O)/N=C(\O)[C@H](Cc3cnc[nH]3)/N=C(\O)[C@@H](Cc3ccccc3)/N=C(\O)[C@H]([C@@H](C)CC)/N=C(\O)[C@@H](CCCN)/N=C/2O)[C@@H](C)CC)CS1,0
COC1O[C@@]2(O)[C@@H](O)[C@@H]3C(C)(C)CC[C@H](O)[C@]13[C@@H]1CC[C@H]3[C@H](OC)C(=O)[C@]12[C@@H]3O,0
COc1cc(C)cc(O)c1C(=O)c1c(OC)cc(O)cc1C(=O)O,0
COC(=O)[C@H](O)[C@H]1C(C)(C)C(=O)C=C2O[C@]3(C)[C@]4(CC[C@@]5(C)[C@H](c6ccoc6)OC(=O)[C@H](O)[C@]345)[C@]21C,0
CCOC(=O)[C@@H](OC(=O)c1ccccc1)c1cc([C@@H](OC(=O)c2ccccc2)C(=O)OCC)c([N+](=O)[O-])cc1[N+](=O)[O-],0
CCCCC/C=C\C/C=C\CCCCCCCCCCCC(=O)OC[C@H](O)COC(=O)CCCCCCCCCCCCCCCCCCCCCCC,0
O=C(O)CCC(=O)N[C@H]1CCN2C(=O)c3cc(-c4cccs4)ccc3NC(=O)[C@H]12,0
CC(S)CCS,0
CCCCCCCCCCCCCCC(=O)OC[C@@H](COC(=O)CCCCCCCCCCCCCCCC(C)C)OC(=O)CCCCCCCCC(C)C,0
CCOc1ccc(CCNC(=O)c2ccc3c(c2)N(Cc2ccccc2)CCS3)cc1,0
COC1=CC(=O)O[C@H](/C=C\c2ccccc2)C1,0
C=C1C[C@@]23C[C@]1(O)CC[C@@H]2[C@@]12C=C[C@H](O)[C@@](C)(C(=O)O1)[C@@H]2[C@@H]3C(=O)O,0
CC(=O)NCSC[C@H](NC(=O)OCC1c2ccccc2-c2ccccc21)C(=O)O,0
CO[C@H]1[C@H](O[C@@H]2C=C3[C@H](O)C[C@@]4(O)[C@@H]5[C@@H](OS(=O)(=O)[O-])[C@H](O)[C@H]([C@H](C)/C=C/[C@H](CO[C@@H]6O[C@@H]([C@H](O)CO)[C@H](O)[C@H]6O)C(C)C)[C@@]5(C)CC[C@@H]4[C@@]3(C)CC2)OC[C@@H](O)[C@@H]1O.[Na+],0
C=C1CC[C@@H]2[C@H](COC(C)=O)[C@H](O)[C@H](O)C[C@@]2(C)[C@@H]1CC(=O)c1ccoc1,0
CCCCCCCCCCO[C@@H]1OC(CO)[C@@H](O[C@H]2OC(CO)[C@@H](O)C(O)C2O)C(O)C1O,0
C=C[C@]1(C)CCC[C@@]2(C)OC(=O)C[C@H]21,0
COc1ccc([C@@H]2C(=O)c3c(O)cc(OC)cc3O[C@H]2[C@@H]2Oc3cc(OC)cc(O)c3C(=O)[C@H]2c2ccc(O)cc2)cc1,0
CCCCCCCCCCC[C@@H](CCCO)/C(=C/C(=O)O)CN=C(N)N,0
C/C=C\C=C\[C@@H]1O[C@](O)([C@H](CO[C@H]2C[C@@H](OC)[C@@H](O[C@@H]3C[C@@H](OC)[C@@H](O[C@H]4C[C@H](OC)[C@H](O)[C@H](C)O4)[C@H](C)O3)[C@@H](C)O2)C(=O)NC/C=C/C=C(\C)[C@@H](OC)[C@H](C)[C@H]2C[C@H](O)[C@H](/C=C/C=C\C=C\C(=O)O)O2)[C@H](OC(=O)Cc2ccccc2)[C@H](O)C1(C)C,0
COc1cc2c3c(cc4c(O)cccc4c3c1O)NC2=O,0
C=C(C(=O)O)[C@@H]1C[C@@H]2C(=C)CC[C@H](O[C@H]3O[C@H](CO)[C@@H](O)[C@H](O)[C@H]3O)[C@H]2[C@@H](C)C1,0
NC(=O)CC[C@H](NC(=O)[C@H](Cc1ccccc1)n1c(=O)[nH]c2ccccc2c1=O)C(=O)NCC(=O)O,0
CCN(CC)[PH](c1ccccc1OCOC)N(CC)CC,0
C1=NC2=NC=NC2C(NCc2ccco2)=N1,0
CCOC1=CC(=O)c2cc(C)c(-c3c(C)cc(O)c4c3C(=O)C=C(OCC)C4=O)c(O)c2C1=O,0
C#C/C=C/C[C@@H](O)[C@H](O)C/C=C\C/C=C\CC,0
C[C@H]1Cc2ccccc2C(CCc2ccccc2)=N1,0
CC=C1C[N@@+]2(C)[C@H]3CC1C(CO)[C@@H]2Cc1c3[nH]c2ccccc12,0
C[C@]12C(=O)N(CCCc3ccccc3)CC(=O)N1CC(c1ccc(Cl)cc1)c1c2[nH]c2ccccc12,0
COc1ccc2[nH]c([C@H]3CCN(Cc4ccncc4)C3)nc2c1,0
Cc1cc(N)c(N)c(Cl)c1,0
COc1nc(C/C=C(\C)C/C=C/C(C)=C\[C@@H](C)[C@@H](O)[C@]2(C)O[C@H]2C)c(C)c(O)c1OC,0
C=C(CCC=C(C)C)[C@@H](O)Cc1c(OC)c(O)cc2oc3cc(O)cc(O)c3c(=O)c12,0
CC/C=C\CC(O)[C@@H]1O[C@H](CO)[C@@H](O)[C@H](O)[C@H]1O,0
C=C1C(=O)O[C@H]2/C=C(/C)C3=CC(=O)[C@](C)(O3)[C@@H](O)[C@@H](OC(=O)/C(C)=C/C)[C@@H]12,0
Cc1ccc([C@H](CCCNCc2ccc3c(c2)OCO3)[C@@H]2CCOC(C)(C)C2)cc1,0
CC1(C)CCC2(CO)C(O)CC3(C)C(=CCC4C5(C)CCC(OC6OC(C(=O)O)C(O)C(OC7OCC(O)C(O)C7OC7OC(CO)C(O)C(O)C7O)C6OC6OC(CO)C(O)C(O)C6O)C(C)(C)C5CCC43C)C2C1,0
Cc1cc2c(c(=O)n1C)C(c1ccc(OCC(N)=O)cc1)CC(=O)O2,0
CC(=O)O[C@H]1CC[C@@]2(C)C(=O)[C@@H]1[C@H](O)C=C1[C@@H]3CC[C@H]([C@H](C)CCC=C(C)C)[C@@]3(C)CC[C@@H]12,0
COC(=O)C[C@H](C)[C@@H](O)[C@]1(C(=O)OC)CC(=O)c2c(ccc(-c3ccc(O)c4c3O[C@](C(=O)OC)([C@H](O)[C@@H](C)CC(=O)OC)CC4=O)c2O)O1,0
C=CCN1C(=O)[C@@H]2[C@@H](C(=O)Nc3ccc(C(C)C)cc3)[C@@H]3C=C[C@@]2(O3)[C@H]1C(=O)NC1CCCCC1,0
Cc1ccc(C)n1CCc1ccccc1,0
C=C(C)CSc1nc2c(c(=O)n1[C@@H]1CCOC(C)(C)C1)C1(CCCC1)Cc1ccccc1-2,0
CCCCCCCCCCCCCCCCCCC(=O)OC[C@@H](COC(=O)CCCCCCCCCCCCCCCCCC(C)C)OC(=O)CCCCCCCCCCCCCCCCCCC(C)C,0
NC(=O)c1ccccc1,0
COc1cc(/C=C/C(=O)OC[C@H]2O[C@@H](O[C@H]3[C@H](Oc4cc5c(O[C@@H]6O[C@H](CO)[C@@H](O)[C@H](O)[C@H]6O)cc(O)cc5[o+]c4-c4ccc(O)c(O)c4)O[C@H](COC(=O)/C=C/c4ccc(O)cc4)[C@@H](O)[C@@H]3O)[C@H](O)[C@@H](O)[C@@H]2O)ccc1O,0
COC(=O)c1cnc2nc(N)[nH]c(=O)c2n1,0
CC(=O)N1CCC(C(=O)N2C[C@@H]3[C@H](Oc4ccnc(C)n4)C(=O)N(C)[C@@H]3C2)CC1,0
CC[C@H]1CCCC[C@@]2(C[C@@H]3CC[C@@H]4[C@H](C(=O)OCCCCCCCCCCCCCCCC(=O)N(CCCN)C[C@@H](O)CCN)[C@]5(CCC[C@@H](C)O5)N=C(N2)N34)O1,0
C[C@H]1[C@@H]2[C@@H](O)[C@@H]([C@H](C)C(=O)N3CCCC3)CC[C@@]2(C)CC[C@@H]1NC(=O)COc1ccccc1,0
Cc1ccccc1CC#N,0
CO[C@@H]1[C@@H](O)[C@H](O)[C@H](OC(=O)C2=CC[C@H](C(C)C)[C@H]3C=C(C)CC[C@@H]23)[C@H](OC)[C@H]1O,0
CCC[C@@H](O)[C@H](O)[C@H](Cl)C(O)[C@@H]1C[C@H](C)C(=O)O1,0
CC(C)=CCc1cc(/C=C2\OC(=O)[C@@](CC=C(C)C)(c3ccc(O)c(CC=C(C)C)c3)C2=O)ccc1O,0
O=C(C[n+]1ccccc1)c1ccc([N+](=O)[O-])cc1,0
CO[C@@H]1C[C@@H](C)O[C@@H](O[C@@H]2C=C3C[C@@H]4O[C@]45[C@H]([C@H](O)C(=O)[C@]4(C)C(C6=CC(=O)OC6)=CC[C@@]45O)[C@@]3(C)C[C@H]2O)[C@@H]1O,0
CCC(=O)C=C(O)c1c(CC(=O)O)cc2c(c1O)C(=O)c1c(O)cccc1C2=O,0
CC(=O)OC[C@]12[C@H](OC(C)=O)[C@H](OC(C)=O)[C@@H]3[C@@H](OC(C)=O)[C@@]14O[C@@]3(C)COC(=O)c1cccnc1[C@H](C)[C@H](C)C(=O)O[C@@H]([C@H](OC(C)=O)[C@@H]2OC(=O)c1cccnc1)[C@]4(C)O,0
C[C@@H]1CC[C@](C)(C(=O)NNc2ccccc2)C1(C)C,0
C/C=C/c1ccc(=O)n2c1[C@@H]1C[C@@H](CN(C(=O)C3CCCCC3)C1)C2,0
CO[C@@H]1C(=O)N(C)[C@@H]2CN(C(=O)c3cccnc3)C[C@H]12,0
C[C@H]1CC[C@H]([C@H]2C#CC3Nc4[nH]ccc4Cc4cc(ccc4C[C@@H]2O)[C@H](O)c2cc(cc(OC4CCCC4)c2O)CCC(=O)[C@@H](CCO)C(=O)[C@H]2C3=Cc3[nH]ccc3[C@@H]2C[C@]2(O)C=Cc3c(O)cccc3CC2)NC1,0
C=CCn1c2ccccc2c2c1cc1ccccc1[n+]2C,0
CC(=O)c1c(O)c(C)c(O)c2c1OC1=CC(=O)/C(=C(/C)NC3CCN(S(C)(=O)=O)CC3)C(=O)[C@@]12C,0
CCCCCCCCCCCCCCCC(=O)N[C@@H](CO)[C@H](O)/C=C/CC/C=C(\C)CCCCCCCCC,0
C[C@@H]1[C@H](C)CCC[C@@H]1NC(=O)[C@@H]1N(Cc2ccc3c(c2)OCO3)C(=O)[C@@H]2[C@@H](C(=O)Nc3cccc(Cl)c3)[C@@H]3C=C[C@]21O3,0
COc1cc2c(c(C(=O)O)c1)Oc1c(C=O)c(O)cc(C)c1C(=O)O2,0
CCOC(=O)[C@H]1Oc2c(c(=O)oc3ccccc23)[C@@H]1c1ccc(OCC(C)C)c(OC)c1,0
C[C@H]1CC[C@H]2C(C(=O)O)=C[C@H]3CC(C)(C)C[C@]132,0
CC[C@@H]1O[C@H]1/C=C1/C(=O)C=C[C@@]1(O)CCCC[C@@H]1CCC(=O)O1,0
CCCCCCCCOn1cc(CC(=O)Nc2ccccc2Cl)c2ccccc21,0
C=C(C)[C@H]1C[C@@]23C(=O)[C@@H]1CC(=O)[C@@]21CC(C)=C[C@@H]3c2c(O)ccc(O)c21,0
CN1[C@@H](CCC(=O)N2CCCC2)CNC(=O)[C@H]2NCC[C@H]21,0
CC1(C)[C@@H](O[C@@H]2O[C@H](C(=O)O)[C@@H](O)[C@H](O)[C@H]2O)CC[C@]2(C)[C@H]3CC=C4[C@@]56C=CC[C@@](C)(CC[C@]5(C(=O)O)CC[C@@]4(C)[C@]3(C)CC[C@@H]12)C6,0
CC(=O)N(O)CCC[C@@H]1NC(=O)[C@H](CCCN(O)C(C)=O)NC(=O)[C@H](CCCN(O)C(C)=O)NC(=O)[C@@H](Cc2ccccc2)NC(=O)[C@H](CC(C)C)NC(=O)[C@H](CC(N)=O)NC1=O,0
CC[C@H]1CN(C(=O)c2ccccc2)CC[C@H]1CC(=O)N1CC[C@@H](NC(C)=O)C1,0
CCCCCCC1CC1CCCCCCCC(=O)OC,0
CNCC[C@]1(C)C(=O)[C@H](CCCO)C[C@@]2(C)[C@H]3[C@H](O)[C@@H](Cn4cc(Cc5cc(C)cc(C6CCOCC6)c5)c5[nH]ccc54)C4=C([C@H](C)C[C@@H](O)[C@H]5OC5(C)C)C(=O)C[C@]4(C)[C@@]3(C)CC[C@H]21,0
CCc1ccc(CN2CCN(Cc3cc(OC)c(O)c(OC)c3)CC2)cc1,0
CO[C@@H]1C=C2[C@@H]3[C@@H](C)[C@H](C)CC[C@]3(CO)CC[C@@]2(C)[C@]2(C)CCC3C(C)(C)[C@@H](O)C[C@@H](O)[C@]3(C)C12,0
CSC(=NC=C1C(=O)N(C)c2ccccc21)SC,0
C[C@H](/C=C/C=O)[C@H]1CC[C@@]2(C)C3=C(CC[C@]12C)[C@@]1(C)CC[C@H](O)C(C)(C)[C@@H]1CC3,0
CC1=C[C@@H]2[C@@H](CC[C@]3(C)O[C@H]3[C@@H]3[C@@H](O)[C@@H](C)C[C@]3(OC(=O)/C=C/c3ccccc3)C1=O)C2(C)C,0
O=C1c2ccccc2N[C@@]1(O[C@@]1(c2ccccn2)Nc2ccccc2C1=O)c1ccccn1,0
O=C(O)[C@@H]1[C@H](C(=O)Nc2cccc(O)c2)[C@H]2C=C[C@@H]1O2,0
CC(C)[C@@H]1/N=C(\O)C/N=C(\O)[C@@H]2CSC(=N2)[C@H](C(C)(C)O)OC(=O)C(C)(C)[C@H](CCCC(C)(Cl)Cl)OC(=O)c2csc1n2,0
CCCCCCC(O)(P(=O)(O)O)P(=O)(O)O,0
CCCCCCCCCCCCCCCCCC(=O)O[C@H](COC(=O)CCCCCCCCC)COC(=O)CCCCCCCCCCCC(C)C,0
CCCCCCCCCCCCCCC[C@H]1CCCC(=O)O1,0
C[C@H](NCCCCNCCC(=O)NCCCCCNC(=O)[C@H](CC(N)=O)NC(=O)Cc1ccc(O)cc1O)C(=O)NC(=O)CNC(=O)[C@@H](N)CCCNC(=N)N,0
CC(=O)[C@H]1CC[C@H]2[C@H]3CCC4=C/C(=N/OCC(=O)NCc5ccncc5)CC[C@]4(C)[C@@H]3CC[C@]12C,0
O=C1[C@@H]2[C@H]3c4ccccc4[C@](Br)(c4ccccc43)[C@@H]2C(=O)N1c1cccc(Cl)c1,0
CC/C=C\C/C=C\C/C=C\CCCCCCCC(=O)OC[C@H](O)COC(=O)CCCCC/C=C\C/C=C\C/C=C\C/C=C\CCCCC,0
C=C1C/C=C\[C@@](C)(O)CC[C@H]2[C@H]1CO[C@]2(/C=C/C=C(C)C)CO,0
Cn1cnc2c1c(=O)n(CCNC(CO)CO)c(=O)n2C,0
CCCCCCCCCCCCCCCCCC(=O)OC[C@H](COC(=O)CCCCCCCCCCCCCCCCCCCCC(C)CC)OC(=O)CCCCCCCCCCC(C)CC,0
COc1ccc([C@@H]2[C@H](C(=O)N3CCC4(CC3)OCCO4)CCC(=O)N2c2cc(OC)c(OC)c(OC)c2)cc1,0
CC/C=C\C/C=C\C/C=C\CCCCCCCC(=O)OC[C@H](COC(=O)CCC/C=C\C/C=C\C/C=C\CCCCCCCC)OC(=O)CCCCCCCCCCCCCCCCCCCCC,0
CCCCCC=CCC=CCC=CCCCCCCC(=O)OC[C@H](COP(=O)(O)OCCN)OC=CCCCCCCC=CCCCCCCCC,0
CC(C)C/C=C/[C@@H](C)[C@H]1CC[C@@H]2[C@H]3CC=C4C[C@@H](O)CC[C@]4(C)[C@@H]3CC[C@@]21C,0
CC(C)(O)[C@H]1O[C@H]2CC[C@@]3(C)[C@@H](CC[C@H]4Cc5c([nH]c6ccccc56)[C@@]43C)C2=C[C@H]1O,0
COc1cc([C@@H]2OC[C@@H]3[C@H]2CO[C@H]3c2cc(OC)c3c(c2)OCO3)cc(OC)c1O,0
CC1O[C@@H](Oc2c(-c3ccc(O)c(O)c3)oc3cc(O)cc(O)c3c2=O)[C@@H](O)C(O)[C@H]1O[C@@H]1OC[C@@H](O[C@@H]2OC(CO)[C@@H](O)[C@H](O)C2O)[C@H](O)C1O,0
CCC(=O)N[C@H](C(=O)N[C@H](C(=O)N[C@@H](CC(C)C)[C@H](O)CC(=O)N[C@@H](C)C(=O)N[C@@H](CC(C)C)[C@H](O)CC(=O)O)C(C)C)C(C)C,0
CC1(C)CCc2c(-c3coc4cc(O)cc(O)c4c3=O)ccc(O)c2O1,0
C[C@H]1CCCC(=O)CCCC=Cc2cc3c(c(O)c2C(=O)O1)C(c1ccco1)CC(=O)O3,0
CCC(C)CCCCCCCCCCCCCCCCC(=O)OC[C@H](COC(=O)CCCCCCCCC(C)CC)OC(=O)CCCCCCCCCCCCCCCCCCCCC(C)C,0
C/C=C(\C)C(=O)O[C@H]1[C@H](OC(=O)/C(C)=C/C)[C@]2(CO)[C@H](O)[C@H](O)[C@]3(C)C(=CC[C@@H]4[C@@]5(C)CC[C@H](OC6O[C@H](C(=O)O)[C@@H](O)[C@H](O[C@@H]7OC[C@H](O)[C@H](O)[C@H]7O[C@@H]7O[C@@H](C)[C@H](O)[C@@H](O)[C@H]7O)[C@H]6O[C@H]6O[C@H](CO)[C@H](O)[C@H](O)[C@H]6O)C(C)(C)[C@@H]5CC[C@]43C)[C@@H]2CC1(C)C,0
C[N+](C)(C)C[C@]1(C(=O)[O-])C[C@H](O)C(O)=N1,0
C[C@]12CC[C@H](O)C[C@@H]1CC[C@H]1[C@H]3CC[C@H](NC(=O)CN4CCOCC4)[C@@]3(C)CC[C@@H]12,0
Cc1ccc2n(c1)cc(C)[n+]2CC(=O)c1ccc([N+](=O)[O-])cc1,0
c1cc2cncnn2n1,0
C[C@@H]1CC[C@@](C)(C(=O)COC(=O)c2ccccc2)C1(C)C,0
CCCC[S@@+]([O-])C[C@H](N)C(=O)O,0
CC(/C=C/C=C(\C)C(=O)OC1O[C@H](CO[C@@H]2O[C@H](CO)[C@@H](O)[C@H](O)[C@H]2O)[C@@H](O)[C@H](O)[C@H]1O)=C\C=C\C=C(C)\C=C\C=C(/C)C(=O)O[C@@H]1O[C@H](CO[C@@H]2O[C@H](CO)[C@@H](O)[C@H](O)[C@H]2O)[C@@H](O)[C@H](O)[C@H]1O,0
CO[C@@H]1[C@H](O[C@@H](/C=C/C(C)=C/C=C/C(C)=C/C=C/C(C)=C/C=C/C=C(C)/C=C/C=C(C)/C=C/C2=C(C)C[C@@H](O)CC2(C)C)C(C)(C)O)O[C@H](CO)[C@@H](O)[C@@H]1O,0
CC(C)[C@H]1C(=O)N2c3ccccc3[C@]3(O)C[C@H](n4cnc5ccccc5c4=O)C(=O)N1[C@H]23,0
COc1cc(-c2cc(=O)c3c(O)c(OC)c(OC)c(OC)c3o2)cc(O)c1OC,0
c1ccc(O[C@H]2COCCN(CC3CC3)C2)cc1,0
CCCc1cc(=O)oc2cc(C)cc(OCC(=O)N3CCC[C@H]3C(N)=O)c12,0
Cc1coc2c(C)c3oc(=O)c(CCC(=O)Nc4ccc(CCO)cc4)c(C)c3cc12,0
C=CC[C@]12C=C(OC)[C@H](O)[C@](OC)([C@H](c3ccc4c(c3)OCO4)[C@H]1C)[C@H]2O,0
CC(=O)O[C@H]1C[C@@H]2[C@@](C)(CCC[C@]2(C)C(=O)O)C2C[C@@H]3[C@@H]4C[C@@]21C[C@]34C,0
COc1cccc(C2NC(C(=O)O)Cc3c2[nH]c2ccccc32)c1OC,0
COc1ccc(O)c2c(=O)c3c(OC)cc4c(c3oc12)[C@@H]1C[C@H](OC)O[C@@H]1O4,0
CC(=O)OC[C@]1(C)CCC[C@]2(C)[C@@H]1CC[C@]13C[C@H](CC[C@H]12)[C@@H](C(=O)O)C3,0
C=C[C@](C)(CCC=C(C)C)O[C@@H]1O[C@H](CO[C@@H]2OC[C@H](O)[C@H](O)[C@H]2O)[C@@H](O)[C@H](O)[C@H]1O,0
O=c1cc(-c2ccc(O)cc2)oc2c([C@@H]3OC[C@H](O)[C@H](O)[C@H]3O)c(O)c([C@@H]3OC[C@@H](O)[C@H](O)[C@H]3O)c(O)c12,0
C=C1CCC=C(COC(C)=O)C(=O)C[C@@H]2[C@H]1CC2(C)C,0
COc1cc2ccc(=O)oc2cc1O[C@H]1O[C@@H](CO)[C@H](O)[C@@H](O)[C@@H]1O,0
O=c1oc2cc(O)ccc2c2c1CCCCC2,0
COc1c(O[C@@H]2OC(C)[C@H](O)[C@H](O)C2O)cc2oc(-c3ccc(O)c(O)c3)c(O[C@@H]3OC(C)[C@H](O)C(O)[C@@H]3O)c(=O)c2c1O,0
COc1ccc2c(c1)c(C=C1Oc3cc(OC(=O)C=Cc4ccccc4)ccc3C1=O)cn2C,0
C=C1C[C@@H]2C[C@@H](OC(C)=O)CC[C@]2(C)[C@H]2CC[C@]3(C)[C@@H](OC(=O)c4ccccc4)CC[C@@H]3C12,0
C=C(C(=O)O)[C@@H]1CC=C(CC/C=C(\C)CC/C=C(\C)CCC=C(C)C)CO1,0
CCCCC/C=C\C/C=C\CCCCCCCCCC(=O)O[C@H](COC(=O)CCCCCCCCCCC/C=C\CCCCCCCC)COC(=O)CCCCCCCCCCCCCCC,0
CC(C)(O)[C@@H]1OC[C@H]([C@@H]2CC[C@@H]3C4=CC[C@H]5C(C)(C)[C@@H](O)CC[C@]5(C)[C@H]4CC[C@]32C)C[C@H]1O,0
C=C(C[C@]12C[C@H](C)C[C@@H](O1)[C@@H]1O[C@@]3(C[C@@H]1O2)NC[C@@H](C)C[C@H]3C)[C@H]1O[C@@](O)([C@@H](O)[C@H]2C[C@@H]3O[C@@]4(CC[C@]5(C=CC[C@@H](/C=C/CCC(=O)O)O5)O4)[C@@H](C)C[C@@H]3O2)C[C@H](O)[C@@H]1C,0
CC(C)C1=C2C3=C(/C=C\N[C@H](CO)CN2O)CN2C3=C(/C=C\[C@H](C(C)(C)C)/C=C\C2C)C1C,0
CO[C@@]1(NC(=O)CCC[C@H](N)C(=O)O)C(=O)N2C(C(=O)O)=C(COC(C)=O)CS[C@@H]21,0
CCCC/C=C\CCCCCCCC(=O)OC[C@@H](COC(=O)CCC/C=C\C/C=C\C/C=C\C/C=C\CCCCC)OC(=O)CCCC/C=C\C/C=C\C/C=C\CCCCC,0
CCCCCCCCC=CCCCCCCCC(=O)N1CCCC1,0
O=C1CCCN1N1c2ccccc2CCc2ccccc21,0
CC[C@H](C)C(=O)[C@@H](C)c1cc(=O)c(C)c(O)o1,0
CO[C@H]1OC[C@@]2(C)CC(C)(C)[C@@H]3[C@@H](OC(C)=O)C[C@@H](C)[C@H]1[C@]32O,0
CCOC(=O)N1CCC2(CC1)OC(=O)C(C)=C2C(=O)NCc1ccccc1OCC,0
CCCCC/C=C\C/C=C\C/C=C\C/C=C\C/C=C\CCC(=O)OC[C@H](COC(=O)CCCCCCCCCCC/C=C\C/C=C\CCCCC)OC(=O)CCCCCCCCCCCCCCCCCCC,0
CC(C)CC(=O)O[C@@H]1OC=C(CO[C@@H]2O[C@H](CO)[C@@H](O)C(=O)[C@H]2O)[C@H]2CC[C@H](CO)[C@@H]12,0
CCCCCc1cc(C)c(CCCCCCCCCCCCC(=O)O[C@H](COC(=O)CCCCCCCCCCc2oc(CCC)cc2C)COP(=O)(O)OCCN)o1,0
CC(=O)O[C@@H]1C/C(C(C)C)=C\C=C(/C)CC/C=C(\C)CC/C=C/1C,0
CC(=O)Oc1cc(CO)c2c(c1)C(=O)c1cc(O[C@H]3O[C@@H](C)[C@@H](O)[C@@H](O)[C@H]3O)c(C3CCNCC3)c(O)c1C2=O,0
C/C(=C\C=C\[C@@H](C)CC(C)(C)[C@H]1O[C@H](C)[C@H](O)[C@H]1C)[C@H]1O[C@@H](CC(=O)O)C[C@@H](O)[C@@]1(C)O,0
CCc1c2[nH]c(c1C)C=c1[nH]c(c(CCC(=O)O)c1C)=Cc1[nH]c(c(C)c1CCC(=O)O)C=c1cc(C)c([nH]1)=C2,0
CC1=CC(=O)[C@H]2C1=C[C@H]1[C@@H](C[C@H]2C)OC(=O)[C@@H]1C,0
COc1cc(C(=O)C[C@H](O)c2cc(/C=C/CO)cc(OC)c2O[C@@H]2O[C@H](CO)[C@@H](O)[C@H](O)[C@H]2O)ccc1O,0
O=Cc1ccc2c(c1)[n+](=O)c1ccc(O)cc1n2O,0
CO[C@H]1/C=C/[C@@](C)(O)/C=C/C(=O)O[C@H](C)[C@@H](C)CC/C=C/1C,0
OC[C@H]1O[C@H](O[C@@H]2[C@H](O)[C@H](O)O[C@H](CO)[C@H]2O)[C@@H](O)[C@@H](O)[C@@H]1O,0
CC1(C)O[C@H]2CC(=O)OC[C@@]23[C@@H]1C(=O)[C@@H](O)[C@]1(C)[C@@H]3CC[C@@]2(C)[C@H](c3ccoc3C[C@@H]([C@H]3CC[C@@H]4[C@H](C=CN5CNC[C@@H]45)C3)[C@H](O)CO)OC(=O)[C@H]3O[C@@]312,0
C[C@]12CN3C[C@](C)(CN(C1)C3c1ccc3cc[nH]c3c1)C2O,0
CC(C)C1OC(=O)C=C2C1=C[C@H]1OC(=O)[C@@]3(C)CCC[C@@]2(C)[C@@H]13,0
COc1cc2c(cc1OC)C1(CCCC1)CN=C2C,0
CC1=CC[C@@H](C(C)C)[C@@H]2C[C@@](C)(O)CC[C@@H]12,0
COc1c(O)cc(OCC=C(C)CCC=C(C)C)c(C(=O)CO)c1O,0
COc1cc2c3c(c1O)Oc1ccc(cc1)C[C@@H]1c4c(cc(OC)c(OC)c4Oc4ccc(cc4)C[C@@H]3N(C)CC2)CCN1C,0
CC(C)=CCN1c2cc(C(=O)c3ccccc3)ccc2Nc2c(C(=O)O)cc(C(=O)c3ccccc3)cc21,0
CCCCCCCCCCCCCCCC(=O)OC[C@@H](COC(=O)CCCCCCCCCCCCCCCCC(C)C)OC(=O)CCCCCCCCCCCCCCCCCCC(C)C,0
COC1=CC(=O)C2=C(C[C@]3(O2)C(C)=CC[C@@H]2C(C)(C)CCC[C@]23C)C1=O,0
Oc1cnc2ccccc2c1,0
C=C[C@]1(C)C=C2CC[C@@H]3C(C)(C)C(=O)CC[C@@]3(C)[C@@H]2C[C@@H]1O,0
CCCCCCCCCCCCCCCC(=O)OC[C@@H](COC(=O)CCCCCCCCCCCCCCCCC(C)CC)OC(=O)CCCCCCCCCCCCCCCCCCCCC(C)C,0
CC[C@H](C)N1C(=O)[C@@H]2[C@@H](C(=O)Nc3ccc(Cl)c(Cl)c3)[C@]3(C)C=C[C@@]2(O3)[C@H]1C(=O)NC1CCCCC1,0
C[n+]1cc2c3c(ccc2c2ccc4cc5c(cc4c21)OCO5)OCO3.[Cl-],0
C=C1C(=O)O[C@@H]2/C=C(/C)[C@@H](C[C@H]3C(=O)O[C@@H]4/C=C(/C)[C@@H](O)CC/C(C)=C/[C@H](O)[C@@H]43)CC/C(C)=C/[C@H](O)[C@H]12,0
CCCCCCCCCCCCCCCCCCCC(=O)OC[C@@H](COC(=O)CCCCCCCCCCCCCCCCC)OC(=O)CCCCCCCCCCCCC,0
CC(C)CC/C=C/C=C/C=C/C(=O)NC1=C[C@@](O)(/C=C/C=C/C=C/C(=O)NC2=C(O)CCC2=O)[C@@H]2O[C@@H]2C1=O,0
CO[C@@H]1[C@@H](O)[C@H](C)O[C@@H](O[C@H]2CC[C@@]3(C)[C@H](CC[C@@H]4[C@@H]3CC[C@]3(C)[C@@H](C5=CC(=O)OC5)CC[C@]43O)C2)[C@H]1OC(C)=O,0
CC(C)CC(=O)O[C@@H]1/C=C\C=C\C(=O)O[C@H]2[C@@H](C)C[C@@H]3[C@]2(O)[C@H](O)[C@@]2(CO)O[C@H]2[C@H]2[C@H]4OC5(c6ccccc6)O[C@@H]([C@@H](C)[C@@]23O5)C4(O)[C@](C)(O)C[C@H]2CC[C@H]1[C@H]2C,0
O=C1CCc2cc(c(O)c(OC3CCCC3)c2)Cc2cccc(c2)CC2C=CN=C2NCC2=CC3=C(CC=N3)[C@H](C[C@H](O)CCc3cccc(O)c3)[C@H]2C(=O)[C@H]1CCO,0
C=C1CC[C@H]2[C@](C)(CCC[C@@]2(C)C(=O)OC)[C@@H]1CC[C@@H](C)CC(=O)O,0
CCc1nc2cc(OC)c(OC)cc2c(=O)n1CCNC(=O)Cc1c[nH]c2ccccc12,0
O=c1c(O)c(-c2ccc(O)c(O[C@H]3O[C@H](CO)[C@@H](O)[C@H](O)[C@H]3O)c2)oc2cc(O)cc(O)c12,0
CC1=C(CO)C(=O)O[C@@H]([C@@H](C)[C@H]2CC[C@H]3[C@@H]4C[C@H]5O[C@]56CCCC(=O)[C@]6(C)[C@H]4CC[C@]23C)C1,0
COc1cc([C@H]2COc3cc(OC)c4c(c3[C@H]2OC(C)=O)CCc2cc(O)ccc2-4)ccc1O,0
CN1C(=O)[C@@]23C[C@]4(n5cc(C[C@]67SS[C@](CO)(C(=O)N6C)N(C)C7=O)c6ccccc65)c5ccccc5N[C@@H]4N2C(=O)[C@]1(CO)SS3,0
CC(C)(C)C(NC1=C(N=C2C=CC=C(C(=O)N3CCCC(O)C3)C2=O)N[S+]([O-])N1)c1ccccc1,0
CCCCCCC1/C=C(\C)[C@@H](O)C[C@@H](O)CCC[C@@H](O)[C@@H](C)[C@@H](O)C/C=C/C=C(\C)[C@@H](O)[C@@H](C)[C@H]2C[C@H](O[C@@H]3O[C@H](C)[C@@H](O)[C@H](N(C)C)[C@H]3O)[C@H](C)[C@](O)(CC(=O)O[C@H](C)/C=C/[C@H](O)C[C@H](O)CCC[C@H](O)[C@H](C)[C@H](O)CC[C@H](C)[C@H](O)C[C@H](O)C[C@H](O)CC[C@@H](O)[C@@H]1O)O2,0
COc1cccc(C2c3[nH]c4ccccc4c3C[C@H]3C(=O)N(c4ccc(C(=O)NCCC5=CCCCC5)cc4)C(=O)N23)c1,0
CCCCCCCCCCCCCCCCCCCCCC(=O)O[C@@H](COC(=O)CCCCCCCCCCCC)COC(=O)CCCCCCCCCCCCC,0
CC(=O)O[C@@H]1C=C2C(C)=C[C@@H]3[C@H](CC[C@@]4(C)[C@H]3CC[C@]4(OC(C)=O)C(C)=O)[C@@]2(C)CC1,0
CC1(C)[C@H]2CC[C@]3(C)C(=CC=C4[C@H]5C[C@](C)(CO)[C@H](O)C[C@]5(C)CC[C@]43C)[C@@]2(C)CC[C@@H]1O,0
CCc1cc(=O)oc2cc3oc(C)c(C)c3cc12,0
C/C1=C/C[C@]2(C)C(=O)C(O)=C([C@H](C)CO)[C@H]2C/C=C(/C)[C@H](O)CC/C(C)=C\CC1,0
CCCCCCCCCCCCC(=O)O[C@H](COC(=O)CCCCCCCCCCCCCC(C)C)COC(=O)CCCCCCCCCC(C)C,0
COC(=Cc1ccc(OC)c(OC)c1)C(=O)c1ccc(OC)cc1O,0
C=C1[C@@H]2[C@H](O)[C@H](OC(=O)C(C)CC)[C@H]([C@H](C)OC(C)=O)[C@H]2[C@H]([C@@]2(C)CO2)[C@@H](O)[C@H]1OC(=O)/C=C(\C)CC,0
CCOc1ccc(-c2cn3ccccc3n2)cc1[N+](=O)[O-],0
O=c1cc(-c2ccccc2)oc2ccc(O)c(O)c12,0
CCOC(=O)N1CCC2(CC1)N=C(c1cc(Cl)ccc1O)C[C@H](c1ccc(C)cc1)N2,0
O=C(O)CN(CC(=O)O)Cc1cc2c(-c3ccccc3C(=O)O)c3cc(CN(CC(=O)O)CC(=O)O)c(=O)cc-3oc2cc1O,0
CCCC/C=C\CCCCCCCC(=O)O[C@H](COC(=O)CCCCCCCCC/C=C\CCCCCC)COC(=O)CCCCCCCCCCCCCCC,0
CCCCCCCCCCCCCCC(=O)OC[C@@H](COC(=O)CCCCCCC)OC(=O)CCCCCCCCCCCCCCCCCCCCC(C)CC,0
CC[C@H](C)[C@H](NC(=O)CN)C(=O)N[C@@H](CC(C)C)C(=O)N[C@@H](CCCCN)C(=O)N[C@@H](CO)C(=O)N[C@@H](CC(C)C)C(=O)N[C@@H](CC(C)C)C(=O)N[C@@H](CCCCN)C(=O)N[C@@H](CCCCN)C(=O)N[C@@H](CC(C)C)C(=O)N[C@@H](CCCCN)C(=O)N[C@@H](CCCCN)C(=O)N[C@H](C(=O)N[C@H](C(=O)N[C@@H](C)C(=O)N[C@@H](CCCCN)C(N)=O)[C@@H](C)CC)[C@@H](C)CC,0
COCCOc1ccnc(-c2noc([C@@H]3CCCN3C3CCN(C(C)=O)CC3)n2)c1,0
COC(=O)[C@H](C)Oc1ccc2cc(-c3ccccc3)c(=O)oc2c1,0
CCC1(CC)C(=O)N=C(O)NC1=NN,0
O=C(Nc1ccc2n(c1=O)C[C@H]1C[C@@H]2CN(C2CCOCC2)C1)c1ccncc1,0
COC(=O)[C@H]1C(=O)CC(C)(C)c2c3c(cc(O)c21)[C@@H]1O[C@@H]2C4=CC=C[C@H](C(=O)OC)[C@@H]4C(O)=C[C@@H]2C2=COC[C@]21O3,0
CC(=O)O[C@H]1[C@H]2O[C@@]23[C@@H]2CC[C@@H]4C[C@@H](OC(=O)CCCCCCC(=O)O)CC[C@]4(C)[C@H]2CC[C@]3(C)[C@H]1c1ccc(=O)oc1,0
CCCc1cc(=O)oc2cc(C)cc(OC(=O)[C@H](Cc3ccccc3)NC(=O)OC(C)(C)C)c12,0
CC(=O)OC[C@]12[C@H](OC(=O)c3ccccc3)C(OC(=O)c3ccccc3)[C@@H]3C(OC(C)=O)[C@]1(OC3(C)C)[C@H](C)C[C@H](OC(=O)c1ccccc1)[C@@H]2OC(=O)c1ccccc1,0
CCOC(=O)[C@H](O)C(C)C,0
COc1cc2c(c(OC)c1OC)-c1ccc(N[C@@H](CC(C)C)C(=O)NC3CCCc4c3[nH]c3ccccc43)c(=O)cc1[C@@H](NC(C)=O)CC2,0
C[C@H]1Cc2cc(O)c3c(c2C(=O)O1)C(=O)C(O)=C(C1=C(O)C(=O)c2c(c(O)cc4c2C(=O)O[C@@H](C)C4)C1=O)C3=O,0
CCCN(CCC)Cc1c(O)ccc2c1OC(=Cc1ccc(OCC)cc1)C2=O,0
CCCCCCCCCCCCCCCCCCCC(=O)CC(=O)CCC,0
CCCCCCCCCCCCCCCCCCCCCC(=O)OC[C@H](COC(=O)CCCCCCCCCCCCCCCCC(C)CC)OC(=O)CCCCCCCCCCCCCCCCC(C)C,0
NC(C(=O)O)C1OC(n2cc(C=O)nc2O)C(O)C1O,0
CC(=O)Nc1ccc([As](=O)(O)O)cc1,0
CC(=O)C=CC=CC=CC=Cc1ccc(O)cc1,0
CC1=C(O)[C@@]2(C)O[C@@]3(O)[C@@](C)(O)CC(C(=O)CC/C=C/CO)=C(O)[C@@]3(C)[C@H]2/C(=C(O)\C=C\C=C\CO)C1=O,0
CCCCN(C)CCCN1C(=O)[C@H]2[C@H](C(=O)Nc3cc(C)cc(C)c3)[C@H]3C=C[C@@]2(O3)[C@@H]1C(=O)N[C@@H]1CCC[C@@H](C)[C@@H]1C,0
CC1(C)[C@@H](O[C@@H]2OC[C@@H](O)[C@H](O[C@@H]3O[C@@H](CO)[C@@H](O)[C@@H](O)[C@H]3O)[C@@H]2O)CC[C@]2(C)[C@@H]1CC[C@@]1(C)[C@H]2CC=C2[C@H]3C[C@](C)(C(=O)O)CC[C@@]3(C(=O)O[C@@H]3O[C@H](CO)[C@H](O)[C@H](O)[C@@H]3O)[C@@H](O)C[C@@]21C,0
CC1=CC[C@@]2(C)[C@@H](COC(=O)CC(C)C)[C@H](O)CC[C@@H]2[C@@]1(C)CCc1ccoc1,0
Cc1ccc([C@H](C)Cc2cc(C=O)co2)cc1,0
CC(C)C[C@H](NC(=O)[C@H](C(C)C)n1c(=O)[nH]c2ccccc2c1=O)C(=O)O,0
C[C@@H]1CC[C@@]2(OC1)O[C@H]1C[C@H]3[C@@H]4CC[C@@H]5C[C@@H](O[C@@H]6O[C@H](CO)[C@H](O[C@@H]7O[C@H](CO)[C@@H](O)[C@H](O)[C@H]7O)[C@H](O)[C@H]6O)CC[C@]5(C)[C@H]4CC(=O)[C@]3(C)[C@H]1[C@@H]2C,0
C=C1C(=O)O[C@@H]2/C=C(/CO)CC/C=C(/C)C[C@@H](OC(C)=O)[C@@H]12,0
CC1(C)C[C@](C)(O)C=CC1=O,0
CC=C(C)[C@H](O)[C@H](O)[C@H]1[C@@H](O)[C@H](O)[C@@H](C)CCCC[C@@H]2O[C@@]2(C)[C@H]2[C@@H]3O[C@@H]3[C@H]3C[C@@H](C)C[C@@H](C)[C@H]3[C@@H]2/C(O)=C2\C(=O)CN1OC2=O,0
CN(CCc1ccccc1)C[C@@H]1OC[C@H](NC(=O)c2ccccc2)[C@H]1O,0
COc1ccc(C(=O)Nc2ccc3c(c2)C(=O)N2CCC[C@H]2C(=O)N3)cc1,0
CC/C=C\C/C=C\C/C=C\C/C=C\CCCCCCC(=O)O[C@@H](COC(=O)CCC/C=C\C/C=C\C/C=C\CCCCCCCC)COC(=O)CCCCCCC/C=C\C/C=C\CCCCC,0
CCCC[C@H](O[C@H]1O[C@@H](COC(C)=O)[C@H](O[C@@H]2OC[C@@H](O)[C@H](O[C@@H]3O[C@H](CO)[C@H](O)[C@H](O[C@@H]4O[C@H](COC(C)=O)[C@@H](OC(C)=O)[C@H](OC(C)=O)[C@H]4OC(C)=O)[C@H]3O)[C@H]2O[C@H]2O[C@@H](COC(C)=O)[C@H](OC(C)=O)[C@@H](OC(C)=O)[C@@H]2OC(C)=O)[C@@H](O)[C@@H]1O)[C@H](CCCCCCCCC(=O)CCCCCCCCCCCCCCC(=O)N(C)C(C)C(=O)O)OC(C)=O,0
CC(=O)OC1CCC2(C)C(=CC(=O)C3C2CCC2(C)C(C(C)CCC=C(C)C)CCC32)C1,0
COc1ccc(-c2cncnc2-c2ccc(OCc3cccc(Cl)c3)cc2O)cc1OC,0
O=C(NCc1ccccc1)N[C@H]1CO[C@H]2[C@@H]1OC[C@@H]2Nc1nccc(C2CCCC2)n1,0
CC(=O)c1cn(C[C@H]2C[C@H]3CCN2C[C@@H]3C(=O)NCc2cccnc2)nn1,0
CCN(CC)Cc1nc(C2(O)CCN(C(=O)C(C)(C)C)CC2)cs1,0
CCOc1ccccc1NC(=O)c1c(C)oc2ccc(OCc3ccccc3)cc12,0
O=C(O)c1cccc2c1oc1ccccc12,0
O=C1C[C@@H](c2ccc(O)c(O)c2)c2c3c(c(O)c([C@@H]4c5c(O)cc(O)cc5O[C@H](c5ccc(O)c(O)c5)[C@H]4O)c2O1)[C@H](c1c(O)cc(O)c2c1O[C@H](c1ccc(O)c(O)c1)[C@H](O)C2)[C@@H](O)[C@@H](c1ccc(O)c(O)c1)O3,0
O=C(ON1C(=O)OC[C@@H]1c1ccccc1)C1CC1,0
CC1(C)C(=O)CC[C@@]2(C)[C@H]3C(=O)C=C4[C@H]5C[C@@](C)(C(=O)O)CC[C@]5(C)CC[C@@]4(C)[C@]3(C)CC[C@@H]12,0
CC1(C)O[C@H]2CC(=O)OC[C@@]23[C@@H]1C(=O)[C@@H](O)[C@]1(C)[C@@H]3CC[C@@]2(C)[C@H](c3ccoc3CC[C@H]3CC[C@H]([C@H]4CNCN4)CC3)OC(=O)[C@H]3O[C@@]312,0
CCCCCC=C(C=O)CCCC,0
COc1ccc(/C=C2\Oc3cc(OCC(=O)N[C@@H](CC(=O)O)C(=O)O)ccc3C2=O)c(OC)c1OC,0
COc1cc2cc3[n+](cc2cc1OC)CCc1cc2c(cc1-3)OCO2.[Cl-],0
CC(C)C[C@@H]1/N=C(\O)[C@H](C)/N=C(\O)[C@H](NC(=O)N[C@@H](CCCNC(=N)N)C(=O)O)CCCC/N=C(\O)[C@H](Cc2c[nH]c3cc(Br)ccc23)/N=C(\O)[C@H](CC(C)C)N(C)C1=O,0
COc1cccc2c1[C@H](c1ccc(O)c3c(OC)cccc13)CC[C@@H]2O,0
COc1cc(O)cc2oc3cc(O)ccc3c(=O)c12,0
C[C@@H]1CC[C@@]23COC(=O)C2=CC=C[C@@H]3[C@@]1(C)CCc1ccoc1,0
C=CCC=Cc1cccc(O)c1CO,0
CSCO[C@H]1C[C@@H](CC=C(C)C)C(=O)c2ccccc21,0
CCC(=O)O[C@]1(C(C)=O)CC[C@H]2[C@@H]3CCC4=CC(=O)CC[C@]4(C)[C@H]3CC[C@@]21C,0
O=C(CCc1ccccc1)c1c(O)c(Cc2ccccc2O)c(O)c2c(=O)c3ccccc3oc12,0
CC(=O)N/C=C/[S+]([O-])C1=C(C(=O)O)N2C(=O)C([C@@H](C)O)[C@H]2C1,0
Cc1ccc(C2=C[C@@H](C(=O)N[C@@H](CO)C(=O)N[C@H](CCCN(O)C=O)C(=O)N3NCCC[C@@H]3C(=O)NCCC(=O)O)CO2)c(O)c1,0
CC1CCN(C[C@H]2C(=O)O[C@@H]3C[C@@]4(C)CCC[C@]5(CO5)[C@@H]4C[C@@H]32)CC1,0
CC1=CC[C@@]2(O)C(C)=CC[C@@H]3[C@H](OC(=O)[C@H]3C)[C@@H]12,0
CN[C@@H](Cc1ccccc1)C(=O)N1CCC[C@@H]1C(=O)N[C@H]1C(=O)N[C@H](Cc2ccccc2)C(=O)N/C=C\c2ccc(cc2)O[C@@H]1c1ccccc1,0
C=CC(C)(C)c1[nH]c2c(CC=C(C)C)c(CC=C(C)C)ccc2c1/C=C1\NC(=O)[C@H](C)NC1=O,0
C=C1C(=O)O[C@H]2[C@H]1[C@@H](OC(C)=O)CC(=C)[C@]1(O)C=C[C@@](C)(O)[C@H]21,0
Cc1ccc(N2C(=O)[C@@H]3[C@@H]4c5ccccc5[C@@H](c5ccc(C(C)(C)C)cc54)[C@@H]3C2=O)cc1,0
Cc1ccc(CN[C@@H]2CO[C@H](CNC(=O)C3CCCC3)[C@H]2O)cc1,0
C=C1C[C@@]23CC[C@@H]4[C@@](C)(CCC[C@]4(C)C(=O)OC4OC(CO)C(O)C(O)C4O)[C@H]2CC[C@@]1(O[C@@H]1OC(CO)C(O)C(O)C1O[C@H]1OC(CO)C(O)C(O)C1O)C3,0
CC#CC(C)=CCC1=C(C#CC)C(=O)C(OC)=C(OC)C1=O,0
Nc1nc2ncc(C(O)C(OC3OC(C(=O)O)C(O)C(O)C3O)C(O)C(O)CO)nc2c(=O)[nH]1,0
CC(C)[C@H](C)CC(=O)Oc1c(O)c(-c2ccc(O)cc2)c(OC(=O)Cc2ccccc2)c(O)c1-c1ccc(O)cc1,0
CCOC(=O)C1=C/C(=C\Cn2ccnc2[N+]2=CN=C3C(=O)N=C([NH-])N=C32)c2c(cc3c(c2OC)C[C@@H]([C@](C)(O)C2CCNCC2)O3)O1,0
C[C@H](C[C@@H](O)[C@H]1O[C@]1(C)[C@@H]1CCC[C@H]1c1cccc(O)c1)C1=C2CC[C@@H]3[C@@]4(C)[C@@H](CC[C@]3(C)[C@@]2(C)CC1=O)[C@]1(C)CC=C[C@H]4[C@@H](c2cccc(O)c2)C1=O,0
CC(=O)O[C@@H]1NC(=O)[C@H]1[C@H](C)O,0
COc1cc(O)c2c(c1)C[C@@H]1c3c(cc(OC)c(O)c3-2)CC[N+]1(C)C,0
CC(C)CCCCCCCCCCCCCCCCC(=O)OC[C@@H](COC(=O)CCCCCCCCCCCCCCCC(C)C)OC(=O)CCCCCCCCCCCCCCCCC(C)C,0
CCCCCCCCCCCCCC(=O)O[C@H](CO)COP(=O)(O)OCCN,0
CC(C)CCC[C@@H](C)[C@H]1CC[C@@H]2[C@@H]3CC=C4C[C@@H](O)CC[C@]4(C=O)[C@@H]3CC[C@@]21C,0
COc1cccc2[nH]c(C(=O)N3CCc4[nH]c5c(Br)cccc5c4C3)cc12,0
C[C@H]1O[C@H](Oc2ccc3c(=O)c(O[C@H]4O[C@H](C)[C@H](O)[C@@H](O)[C@H]4O[C@@H]4OC[C@H](O)[C@@H](O)[C@H]4O)c(-c4ccc(O)cc4)oc3c2)[C@@H](O)[C@H](O)[C@H]1O,0
CCC[C@H](C)[C@@]1(CC)C(=O)NC(=O)N=C1N,0
CC[C@H](C)[C@H]1NC(=O)[C@@H](NC(=O)C[C@H](O)CCCCCCCCCCCCNC(=N)N)[C@@H](C)OC(=O)[C@@H](C)NC(=O)[C@@H](CCC(N)=O)NC(=O)[C@@H]([C@@H](C)O)NC(=O)[C@H](C(C)C)NC1=O,0
CCCCCCCCCCCCCCCCCC(=O)OCC(O)[C@H]1OC[C@H](O)[C@H]1O,0
CC(=O)NCCC(=O)N1C[C@H]2C[C@@H](O)CN2C2(CN(C(C)=O)C2)C1,0
Nc1sc2c(c1C(=O)O)CCCC2,0
O=C(O)[C@H](C1CC1)N1CCOCC1,0
CC(=O)O[C@@H]1CC[C@@]2(C)[C@@H](C1)C[C@@H](OC(C)=O)[C@@H]1[C@@H]2C[C@H](O)[C@]2(C)[C@@H]([C@H](C)CCCC(C)C)CC[C@@H]12,0
CC(C)=CCC1=C(O)c2ccccc2C(=O)C1=O,0
CCOc1ccccc1Oc1coc2cc(OCC#N)ccc2c1=O,0
CCCCC/C=C\C/C=C\C/C=C\CCCCC(=O)OC[C@@H](COC(=O)CCCCCCCCCCCCCCCCC)OC(=O)CCCCCCC/C=C\C/C=C\CCCCC,0
C[C@H]1CCC[C@]2(C)CC[C@@H](C(C)(C)O)[C@@H]2[C@H]1O,0
CCCCCCCCCCCCCCC=CCCC(Br)=CCCCC(=O)O,0
C/C1=C/[C@@H]2C(O)O[C@H](C[C@H]2O)[C@H](C)[C@H](O)[C@H](C)[C@@H](O)[C@@H](C)/C=C/C=C(C)\C(O)=N\C2=CC(=O)c3c(c(O)c(C)c(O)c3C1=O)C2=O,0
CCCCCc1cc(O)c2c(c1)OC(C)(C)[C@@H]1CCC(C)=C[C@@H]21,0
CC(C)NC(=O)N1CCC2(CC1)N(Cc1ccccc1)C(=O)[C@H]1CN(C)CCN12,0
C[C@]12CCC3C(CCC4=C/C(=N\OCC(=O)NCCc5c[nH]cn5)CC[C@@]43C)C1CCC2O,0
CCO[C@@H]1[C@H]2OC(C)(C)O[C@H]2O[C@@H]1C(O)CO[C@@H]1O[C@H](CO)[C@@H](O)[C@H](O)[C@H]1NC(C)=O,0
COC(=O)[C@H](CC(C)C)NC(=O)CSc1nnc(C)c(O)n1,0
CC(=O)[C@H](CO)NC1=C2[C@H](CC[C@]3(C)[C@@H]4[C@@H](CC#C[C@H]([C@@H]5COC(=O)[C@@H]5c5cc[nH]c5)C[C@@H]5[C@@H](CC=C6CC[C@H](C)C[C@H]65)[C@H](C)C[C@@H](O)[C@]4(C)O)C[C@@]23O)[C@@]2(C3CCCCC3)C[C@H](O)[C@H](O)C[C@H]2C1=O,0
COc1cc(/C=C/C(=O)OC[C@@H]2O[C@H](S/C(CC/C=C/[S@@+](C)[O-])=N\OS(=O)(=O)O)[C@@H](O)[C@H](O)[C@H]2O)cc(OC)c1O,0
CC(N)C(=O)NCC(=O)NC(CCCCN)C(=O)O,0
Cc1ccccc1-c1nc2n(n1)C1(CCCCC1)[C@@H]1CCCC[C@@H]1N2C(=O)c1cccs1,0
COC(=O)[C@@H]1Cc2c([nH]c3ccccc23)C(c2cccs2)N1,0
CC(=O)[C@H]1[C@@H](OC(=O)CC[C@H](C)CO[C@@H]2O[C@H](CO)[C@@H](O)[C@H](O)[C@H]2O)C[C@H]2[C@@H]3CC=C4C[C@@H](O[C@@H]5O[C@H](CO)[C@@H](O[C@@H]6O[C@@H](C)[C@H](O[C@@H]7O[C@@H](C)[C@H](O)[C@@H](O)[C@H]7O)[C@@H](O)[C@H]6O)[C@H](O)[C@H]5O[C@@H]5O[C@@H](C)[C@H](O)[C@@H](O)[C@H]5O)CC[C@]4(C)[C@H]3CC[C@@]21C,0
C=C1C[C@]23C[C@@]1(O)CC[C@@H]2C1=C[C@@H]2OC(=O)[C@@](C)([C@H]2O[C@@H]2O[C@H](CO)[C@@H](O)[C@H](O)[C@H]2O)[C@@H]1[C@H]3C(=O)O,0
O=C1[C@H]2OCC(O2)[C@H]2[C@@H]1[C@H]2C(=O)[C@]12C[C@H]3C[C@H](C[C@H](C3)C1)C2,0
CCCCC/C=C\C/C=C\C/C=C\C/C=C\CCCC(=O)OC[C@H](COC(=O)CCCCCCC/C=C\CCCCCCCC)OC(=O)CCCCCCCCCCCCCCC,0
C/C=C(\C)C(=O)O[C@H]1[C@@H](O)C(C)(C)C[C@@H]2C3=CC[C@@H]4[C@]5(C)CC[C@@H](O)C(C)(C)[C@@H]5CC[C@@]4(C)[C@]3(C)C[C@@H](O)[C@]21CO,0
CC(=O)c1c(C)cc2cc(C(=O)O)cc(O[C@@H]3O[C@@H]4[C@@H](O)CC[C@H]5O[C@@]4(C[C@@H]4C6=C5CC=C6[C@]5(CCCO)COC[C@@H]6C[C@@]78C[C@]4(NN[C@H]7C[C@]4(CCCC47CCCC7)C8)[C@H]65)[C@H](O)[C@H]3O)c2c1O,0
O=C(OC[C@@]1(O)C=C[C@@H](OC(=O)c2ccccc2)[C@@H](O)[C@@H]1O)c1ccccc1,0
CC[C@H](C)[C@H](NC(=O)[C@H]1O[C@@H]1C(=O)O)C(=O)NCCCCCN,0
COc1cccc(CN2C[C@@H]3C[C@H]2C(=O)N(C)c2ccccc2O3)c1,0
CC(C)=CC(=O)OC[C@@H]1CCN2CC[C@H](O)[C@@H]12,0
COC(=O)[C@@H]1C(=O)C=C(O)[C@H](C(=O)OC)C1(C)C,0
COc1ccc2c(=O)c(-c3ccc(Br)cc3)coc2c1,0
Cc1cc(O)c2c(c1)C(=O)C(c1c(C)cc3c(c1O)C(=O)CC[C@H]3O)=CC2=O,0
CC(=O)N/C=C/SC1=C(C(=O)O)N2C(=O)[C@H](C(C)(C)OS(=O)(=O)O)[C@H]2C1,0
COC(=O)CC[C@@H](C)[C@H]1CC(=O)[C@@]2(C)C3=C(C(=O)[C@@H](O)[C@]12C)[C@@]1(C)CC[C@H](O)C(C)(C)[C@@H]1C[C@@H]3O,0
CCCCCC=CCC=CCC=CCCCCC(=O)OC(COC(=O)CCCCCCCCCCCCCC)COC(=O)CCCCCCCCCCCCCC,0
CC(=O)O[C@H]1CC[C@@]2(C)[C@@H](CC[C@H]3[C@@H]2[C@H](OC(C)=O)C[C@]2(C)[C@@H]4[C@H](C[C@H]32)O[C@]2(CC[C@@H](C)CO2)[C@H]4C)C1,0
C=C(C)[C@]12C[C@@H](C)[C@@]34O[C@](/C=C/C=C/C=C/CCC)(O[C@@H]1[C@@H]3[C@@H]1O[C@]1(CO)[C@@H](O)[C@@]1(O)C(=O)C(C)=C[C@H]14)O2,0
COc1cc2oc(-c3ccc(O)cc3)c(OC)c(=O)c2c(OC)c1O,0
CCC(C)C(=O)c1c(O)cc2c3c1OC1(C)CCC(C3C1)C(C)(C)O2,0
O[C@@H]1[C@H](O)[C@H](n2c3ccc(Cl)cc3c3ccc4c5ccc(Cl)cc5[nH]c4c32)OC[C@@H]1O,0
CC(C)CCCC(C)[C@H]1CCC2C3CC[C@H]4CC(=O)CC[C@]4(C)C3CC[C@@]21C,0
Cc1cc2nnocc-2n1,0
COc1ccc([C@H]2[C@H](C(C)=O)N3c4ccccc4C=C[C@H]3C23C(=O)c2ccccc2C3=O)c(OC)c1OC,0
COc1ccc2[nH]c(=O)c(-c3c4cnn(C(C)C)c4nc4c3oc3cc(O)ccc34)cc2c1,0
C=CC(C)(C)c1c2c(c(O)c3ccc(=O)oc13)[C@H](c1c(OC)cc(O)c3c(=O)c4ccc(OC)c(OC)c4[nH]c13)CC(C)(C)O2,0
CCCCCCC=CCCCCCCCCCC(=O)N[C@@H](CO[C@@H]1O[C@H](CO)[C@@H](O[C@@H]2O[C@H](CO)[C@H](O[C@@H]3O[C@H](CO)[C@H](O)[C@H](O[C@@H]4O[C@H](CO)[C@H](O)[C@H](O)[C@H]4O)[C@H]3CC(C)=O)[C@H](O[C@]3(C(=O)O)C[C@H](O)[C@@H](NC(C)=O)C([C@H](O)[C@@H](CO)O[C@]4(C(=O)O)C[C@H](O)[C@@H](NC(C)=O)C([C@H](O)[C@@H](CO)O[C@]5(C(=O)O)C[C@H](O)[C@@H](NC(C)=O)C([C@H](O)[C@H](O)CO)O5)O4)O3)[C@H]2O)[C@H](O)[C@H]1O)[C@H](O)CCCCCCCCCCCCCCC,0
CC(C)[C@@H](C)[C@H]1O[C@H]1[C@](C)(O)[C@@H]1CC[C@]2(O)C3=CC(=O)[C@H]4C[C@@H](O)[C@@H](O)C[C@]4(C)[C@@H]3CC[C@]12CCc1cc(O)cc(N2CC3(CCCC3)CC2=O)c1,0
CC(=O)Nc1c(Cc2ccccc2)c2ccccc2n1C,0
CC[C@]12c3ccccc3[C@H](c3ccccc31)[C@H]1C(=O)N(c3ccc(C)cc3C)C(=O)[C@@H]12,0
O=C1C([C@@H]2C[C@@H](c3ccccc3)[C@@H](c3cc(Cl)cc(Cl)c3O)N=N2)=C(O)c2ccccc21,0
C=CC[C@@H]1NC2(CCCCC2)Cc2ccccc21,0
COc1cc([C@@H]2O[C@H](c3cc(OC)c4c(c3)OCO4)[C@@H](C)[C@@H]2C)cc(OC)c1O,0
CCCCCc1cc(OC(=O)c2c(O)c(Cl)c(O)c(Cl)c2CCCCC)cc(O)c1C(=O)OC,0
CCCCc1cc2c(=O)c(-c3csc(C)n3)coc2cc1OC(=O)[C@H](NC(=O)OC(C)(C)C)C(C)CC,0
O=C(c1ccccc1)N1C[C@@H]2COCCN2C2(C1)CN(C1CCOCC1)C2,0
CCOc1ccc(C=C2Oc3c(ccc(O)c3CN3CCCC3)C2=O)cc1,0
CCCC[C@H](N)CC[C@@H]1C=C[C@@H]2Cc3cc4ccccc4cc3[C@H]1[C@@H]2C[C@@H](NC1=NC=CC1)/C(=C/C(=O)O)CN=C(N)N,0
CCC[C@H]1CC[C@@H]2CC[C@@H](CCCCC[C@H](C)O)N21,0
COC(=O)CC(C1=C(O)C(=O)c2ccccc2C1=O)c1ccc(OC(C)C)c(OC)c1,0
COC(=O)CCCCCCC=CC(=O)O,0
CC(C)Oc1ccc([C@@H](CC(=O)N2CCCCC2)Cc2ccccc2)cc1,0
CC1(C)C[C@@H](O)C[C@@](C)(O)C1=O,0
O=C(CC[C@@H]1NC(=O)c2ccccc2NC1=O)NCc1cccc(Cl)c1,0
COc1cc(OC)c2c(c1)O[C@H](c1ccc(O)c(O)c1)CC2,0
Oc1cc(O)cc(CCc2ccc(O)c(O)c2)c1,0
CC(C)=CCC/C(=C/CC/C(C)=C/CC[C@](C)(O)[C@@H]1Cc2cc(O)cc(C)c2O1)C(=O)O,0
CCCCC/C=C\C/C=C\C/C=C\CCCCC(=O)OC[C@H](COC(=O)CCCCCCCCCCCCCCC)OC(=O)CCCCCCC/C=C\C/C=C\CCCCC,0
CCCCCCCCCCCCCCCCCCCCC(=O)OC[C@@H](COC(=O)CCCCCCCCCCC(C)C)OC(=O)CCCCCCCCCCCCCC(C)C,0
C[C@]12CC[C@@H]3[C@@]45COC(=O)[C@]6(CC[C@H](CO)C6)[C@@H]4O[C@](C)(C4CCCCC4)[C@H]5C(=O)[C@@H](O)[C@]34[C@@H]3C[C@@H](Cc5ccccc5)CC[C@H]3C#CCC1(c1ccoc1C[C@@H]([C@H]1CC[C@@H]3[C@H](C=CN5CNC[C@@H]35)C1)[C@H](O)CO)OC(=O)[C@H]1O[C@@]142,0
O=C1C[C@@H]2CCN(Cc3cccs3)C[C@@H]2CCOc2ccccc2N1,0
CCCCC/C=C\C/C=C\CCCCCCCC(=O)OC[C@@H](COC(=O)CCCCCCCCC/C=C\CCCCCCCC)OC(=O)CCCCCCCCCCC/C=C\CCCCCC,0
CC(=O)C1=CC2=C(C)C(=O)CC(O)C2(C)CC1,0
CNC(=O)Cn1cnc2c1c(=O)n(C)c(=O)n2C,0
N[C@@H](C[C@@H](O)c1ccccn1)C(=O)N[C@@H](C(=O)O)[C@@H]1O[C@@H](n2cc(C=O)[nH]c2=O)[C@@H](O)[C@H]1O,0
C[C@@H]1O[C@@H](OCCCCCCCC(O)CCCCCCC(O)C(=O)O[C@@H]2[C@H](O[C@@H]3O[C@H](CO)[C@@H](O)[C@H](O)[C@H]3O)[C@@H](O[C@@H]3O[C@@H](C)[C@H](O[C@@H]4OC[C@@H](O)[C@H](O)[C@H]4O)[C@@H](O)[C@H]3O)[C@H](OC(=O)[C@]34CCC(C)(C)C[C@H]3C3=CC[C@@H]5[C@@]6(C)C[C@H](O)[C@H](O[C@@H]7O[C@H](CO[C@@H]8OC[C@H](O)[C@H](O)[C@H]8O)[C@@H](O)[C@H](O)[C@H]7O)[C@@](C)(CO)[C@@H]6CC[C@@]5(C)[C@]3(C)C[C@H]4O)O[C@@H]2C)[C@H](O)[C@H](O)[C@H]1O,0
COc1cc(CC[C@@H](O)[C@H](C(=O)CCc2cc(O)c(O)c(OC)c2)[C@]2(c3ccnc(Nc4ccc5cc(O)ccc5c4)c3)CC[C@@H](O)[C@@H]2Cc2ccc[nH]2)ccc1O,0
C[C@H](CO)CCNc1ncnc2c1ncn2[C@@H]1O[C@@H](CO)[C@H](O)[C@@H]1O,0
CC(=O)OCC(C)=C[C@H](O)c1cccc(C(C)=O)c1,0
C=C[C@@](C)(/C=C/[C@@H](C)CC[C@@H](C)C(=C)CC[C@@H](C)C(=C)C)CC[C@@H](C)C(=C)CC[C@@H](C)C(=C)C,0
CCCCCCCCCCCCCC(CC(=O)OC1CN(C)C(C(OC2OC(CN)C(O)C2OS(=O)(=O)O)C2OC(n3ccc(O)nc3=O)C(O)C2O)C(=O)N(C)C1C(=O)O)OC(=O)CC(C)CC(=O)O,0
C=C1CC[C@H]([C@@H](C)CC[C@@H](O)C(C)(C)Cl)[C@H](O)[C@@H]2[C@@H]1C=C[C@@]2(C)OO,0
NCCSCc1c[nH]c2cc(Br)ccc12,0
O=C1NC(=O)c2c1c1c3ccccc3[nH]c1c1[nH]c3c(Cl)cccc3c21,0
CC(=O)OC[C@H]1OC[C@@](OC(C)=O)(N2C=N[C@H]3C(=O)NC=N[C@@H]32)[C@H]1OC(C)=O,0
Cc1ncc(C[n+]2c(C(O)C(C)C)sc(CCOP(=O)(O)OP(=O)(O)O)c2C)c(N)n1,0
C/C(=C\COc1ccc2ccc(=O)oc2c1)C[C@H]1C[C@](O)(CO)C(=O)O1,0
CC1CCC(CC(=O)O)CC1,0
C=C1C(=O)O[C@H]2[C@H]1[C@H](OC(=O)/C(C)=C\C)C(=O)[C@@H](C)C[C@@H]1O[C@H]1[C@@](C)(O)[C@@H]2OC(=O)/C(C)=C\C,0
CCCCCCCCCCCCCCC(=O)OC[C@H](COC(=O)CCCCCCCCC(C)C)OC(=O)CCCCCCCCCCCC(C)C,0
COC[C@@H]1Cc2cc3c(cc2[C@H](c2ccc4c(c2)OCO4)[C@H]1COC)OCO3,0
CC(=O)Oc1ccc(OC(C)=O)c(C=CC(=O)c2cc(OC(C)=O)c3c(c2OC(C)=O)C=CC(C)(CCC=C(C)C)O3)c1,0
C[C@@H]1O[C@@H](O[C@@H]2C=C(CO)[C@H]3[C@H](O[C@@H]4O[C@H](CO)[C@@H](O)[C@H](O)[C@H]4O)OC=C[C@H]32)[C@H](O)[C@H](OC(=O)/C=C/c2ccc(O)cc2)[C@H]1O,0
C=CCc1ccc(OCCN2CCCC[C@H]2c2cccnc2)c(OC)c1,0
CCC1=CC(=O)C[C@H](CC)O1,0
CCC(=O)N[C@H]1[C@H](O)[C@@H](O)[C@H](O[C@H]([C@H](N)[C@H](O)CO)[C@H](O)CN)O[C@@H]1CO,0
O=Cc1ccc(CCc2ccc(OCC3=NCCS3)nn2)cc1,0
Nc1nc(=S)n(N)c(N)c1N=Nc1ccc([N+](=O)[O-])cc1,0
CCOC(=O)c1ccc(NC(=O)[C@H]2C[C@H](CC(C)C)N[C@]23C(=O)Nc2ccc(C)cc23)cc1,0
CC(=O)NC1C(OC2OC(C[C@@H](O)C3OC(n4ccc(O)nc4=O)C(O)C3O)C(O)C(O)C2NC(=O)/C=C/CCCCCCCCC(C)C)OC(CO)C(O)C1O,0
CC1=C2Cc3cc(ccc3O)C(=O)O[C@H](C(C)(C)O)CC[C@]3(C)O[C@H]3C/C=C(\C)C2CC1,0
CCN(CCO)CCn1c(Cc2ccccc2)nc2c1c(=O)n(C)c(=O)n2C,0
O=C(/C=C/c1ccc(O)c(O[C@@H]2O[C@@H](CO)[C@@H](O)[C@@H](O)[C@@H]2O)c1)OC[C@H]1O[C@@H](Oc2cc3c(O)cc(O)cc3[o+]c2-c2ccc(O)cc2)[C@H](O)[C@H](O)[C@@H]1O,0
C[C@@H]1CCC=C2C[C@H]3OC(=O)[C@H](CN4CCN(Cc5ccccc5)CC4)[C@H]3[C@@H](O)[C@@]21C,0
CC/C=C/C1=C2C[C@H](C)CN=C2CC1,0
CNC[C@H](C)CCCCCC(=O)CC(=O)/C=C/c1cc(OCO)c(O)cc1Cc1cnc(N)cc1CCc1ccccc1,0
CC(C)(C)c1ccc(C=Cc2ccc3c(c2)C(=O)N2CC[C@H](NS(C)(=O)=O)C[C@H]2C(=O)N3)cc1,0
CC(C)C(C)N1CCC(N(C)C)C1,0
COc1cc(O[C@@H]2O[C@H](CO)[C@@H](O)[C@H](O)[C@H]2O)cc(O)c1C,0
C=C(C)[C@@H]1CC[C@]2(C)CC[C@]3(C)[C@H](CC[C@@H]4[C@@]5(C)CC[C@H](OC(C)=O)C(C)(C)[C@H]5CC[C@]43C)[C@@H]12,0
CCCCCCCCCC(=O)OC[C@H](COC(=O)CCCCCCCCC(C)C)OC(=O)CCCCCCCCCCC(C)CC,0
COc1cc(CC2(C)COC(=O)C2(C)Cc2cc(OC)c(O)c(OC)c2)ccc1O,0
NCCC1=C[C@@H](CCCCCC[C@H]2CC=CC[C@H](C(=O)O)Cc3cccc(c3)C[C@H]2c2ccc(O)cc2)CC1,0
C=C1C(=O)OC2C1C(OC(C)=O)CC(C)C1CC=C(C)C12OO,0
COC(=O)[C@H]1CCC(=O)N(C)[C@@H](CO)C(=O)N[C@H](CC(C)C)C(=O)N[C@@H](CC(C)C)C(=O)N[C@@H](C(=O)O)[C@H](C)C(=O)N[C@@H](CCCNC(=N)N)C(=O)N[C@@H](/C=C/C(C)=C/[C@H](C)[C@H](Cc2ccccc2)OC)[C@H](C)C(=O)N1,0
CC(C)CCCCCCCCCCCCCCCC(=O)OC[C@@H](COC(=O)CCCCCCCCC(C)C)OC(=O)CCCCCCCCCCCCCC(C)C,0
CC1(C)[C@@H](O)CC[C@]2(C)C3=C(CC[C@@H]12)CO[C@@H](C1=CCOC1=O)C3,0
C[C@@H]1CCN2C[C@@]34C[C@]5(C(=O)Nc6c5ccc5c6C(=O)CC(C)(C)O5)C(C)(C)[C@H]3C[C@@]12C(=O)N4C,0
CS(=O)(=O)N[C@H]1CO[C@H]2[C@@H]1OC[C@@H]2Nc1nccc(-c2ccco2)n1,0
CC1(C)O[C@H]2C3(CCCC3)C(=O)OC[C@@]23[C@@H]1C(=O)[C@@H](O)[C@]1(C2CCCC2)[C@@H]3CC[C@@]2(C)[C@H](c3ccoc3CCCCCC[C@H]3CNCN3)OC(=O)[C@H]3O[C@@]312,0
CC(=CCCC(=CC(=O)O)C(=O)O)CCC=C(C)CCC1=C(C)CCCC1(C)C,0
CCNc1cccc(CCCC[C@H]2C=CC(O)=C[C@H]2C[C@H]2CC(=O)CCc3ccc(OC)c(c3)OCc3ccc4c(c(O)cc5c4c3C=C[C@H]5C)CC#CO2)c1,0
O=C(C[n+]1cccc2c3ccccc3ccc21)c1cccc([N+](=O)[O-])c1,0
Cn1c(=O)[nH]c2ccc(C3=CCOP(=O)(O)O3)cc2c1=O,0
CC[C@H](C)[C@H](NC(C)=O)C(=O)N[C@H]1CCC/N=C(\O)[C@H]([C@@H](C)CC)/N=C(\O)[C@H]([C@@H](C)CC)/N=C(\O)[C@@H]2CCCN2C(=O)[C@@H](Cc2ccccc2)/N=C\1O,0
CC(C)=CCC[C@@](C)(O)CCC[C@@](C)(O)CCC[C@](C)(O)CCC[C@](C)(O)CCC[C@](C)(O)CCC[C@](C)(O)CCC/C(C)=C/CC/C(C)=C/CO,0
C[C@@H]1CC[C@@]2(OC1)O[C@H]1C[C@H]3[C@H]4CC[C@@H]5C[C@@H](O[C@@H]6O[C@H](CO)[C@@H](O)[C@H](O[C@@H]7O[C@H](CO)[C@@H](O)[C@H](O)[C@H]7O)[C@H]6O[C@@H]6O[C@H](CO)[C@@H](O)[C@H](O)[C@H]6O)CC[C@]5(C)[C@H]4C[C@@H](O)[C@]3(C)[C@H]1[C@@H]2C,0
CNc1ccccc1C(=O)OC[C@@H]1O[C@H](O[C@@H]2C[C@@]3(CO)[C@H](CC2(C)C)C2=CC[C@H]4[C@]5(C)CC[C@@H](O[C@H]6O[C@@H](CO[C@H]7O[C@@H](CO[C@H]8OC[C@H](O)[C@@H](O)[C@@H]8O)[C@H](O)[C@@H](O)[C@@H]7O)[C@H](O)[C@@H](O)[C@@H]6O)C(C)(C)[C@H]5CC[C@]4(C)[C@]2(C)C[C@@H]3O)[C@@H](O)[C@H](O)[C@H]1O,0
CC(=O)N[C@@H]1[C@@H](O[C@@H]2O[C@H](C(=O)O)[C@@H](O[C@@H]3O[C@H](CO)[C@H](OS(=O)(=O)O)[C@H](O[C@@H]4O[C@H](C(=O)O)[C@@H](O[C@@H]5O[C@H](CO)[C@H](OS(=O)(=O)O)[C@H](O[C@@H]6O[C@H](C(=O)O)[C@@H](O[C@@H]7O[C@H](CO)[C@H](OS(=O)(=O)O)[C@H](O[C@@H]8O[C@H](C(=O)O)[C@@H](O[C@@H]9O[C@H](CO)[C@H](OS(=O)(=O)O)[C@H](O[C@@H]%10O[C@H](C(=O)O)[C@@H](O)[C@H](O)[C@H]%10O)[C@H]9NC(C)=O)[C@H](O)[C@H]8O)[C@H]7NC(C)=O)[C@H](O)[C@H]6O)[C@H]5NC(C)=O)[C@H](O)[C@H]4O)[C@H]3NC(C)=O)[C@H](O)[C@H]2O)[C@@H](OS(=O)(=O)O)[C@@H](CO)O[C@H]1O,0
O=C(COc1ccc2ccc(=O)oc2c1)N1CCN(C(c2ccccc2)c2ccccc2)CC1,0
CC1=C2CC[C@](C)(O)[C@@H]2[C@H]2OC(=O)[C@H](C)[C@@H]2CC1,0
C/C(=C\Cc1c(O[C@@H]2O[C@H](CO)[C@@H](O)[C@H](O)[C@H]2O)ccc2ccc(=O)oc12)CO,0
COC(=O)C1Sc2cccc3[nH]cc(c23)C1C,0
CC[C@H](C)[C@H](NC(=O)CC(C1=C(O)[C@@]2(Oc3c(Cl)c(OC)cc(OC)c3C2=O)[C@H](C)CC1=O)c1cc(OC)c(OC)c(OC)c1)c1nc2ccccc2[nH]1,0
COc1ccc(-c2coc3c4c(cc(OC)c3c2=O)OC(=O)C[C@H]4c2ccco2)cc1,0
C[C@H](C/C=C/c1ccccc1)[C@H](CNC[C@]1(O)[C@H](Oc2ccc3c(=O)[c-](-c4ccc(O)cc4)c[o+]c3c2)O[C@H](C(=O)O)[C@@H](O)[C@@H]1O)CC1=CCN=C1,0
CCC(C)C(=O)O[C@H]1[C@@H](O[C@H]2O[C@H](CO)[C@@H](O)[C@H](O)[C@H]2O)O[C@H](CO)[C@@H](O)[C@@H]1O,0
C=C(C)[C@H]1CC[C@@]2(C(=O)O)CC[C@]3(C)[C@@H](CC[C@H]4[C@@]5(C)[C@H](C=O)[C@H](O)C(C)(C)[C@@H]5CC[C@@]43C)[C@H]12,0
O=C(NC1CCCCCCC1)c1ccccc1N1C(=O)[C@@H]2Cc3c([nH]c4ccccc34)C(c3ccccc3)N2C1=O,0
N#CC(=Cc1c(Cl)cccc1Cl)c1nc(-c2ccccc2)cs1,0
CC/C=C\C/C=C\C/C=C\C/C=C\CCCCCCC(=O)OC[C@H](COC(=O)CCCCCCCCC/C=C\CCCCCC)OCCCCCCCCCCCCCCCCCC,0
COc1cc([C@@H]2[C@@H]3CCCC[C@@]3(O)CCN2CC(=O)Nc2cccc3ccccc23)ccc1O,0
CC(Cc1ccccc1)N(C)CCNc1nc2c(c(=O)n(C)c(=O)n2C)n1C,0
CCC(=O)N(CC[C@H](C(C)C)[C@H]1CCOC(C)(C)C1)Cc1ccc(OC(C)C)cc1,0
COC(=O)C1=CO[C@H](O[C@@H]2O[C@H](CO)[C@@H](O)[C@H](O)[C@H]2O)[C@@H]2[C@@](C)(O)[C@@H](OC(=O)/C=C\c3ccccc3)C[C@]12O,0
CCCCCCCC/C=C/C#C/C=C\OC[C@@H](O)CO,0
C=C(C)[C@H]1C[C@H](c2c(O)cc3oc4c(O)cccc4c(=O)c3c2O)C(C)(C)C1,0
C[C@H]1C(=O)O[C@@H]2[C@H]1O[C@@]13O[C@]4(CC[C@@]5(C)C(=O)[C@H](C)[C@@H]2[C@@H]15)C[C@@]12OC(=O)C[C@@H]1OC(C)(C)[C@H]2C[C@H](O)[C@H]4C3=O,0
C=C1C=C2[C@@H](CCO)CC[C@H](C3CCCCC3)[C@@]2(C)[C@H]2[C@@H]1C2(C)C,0
CC(=O)OC[C@H]1O[C@@H](c2c(OC(C)=O)cc(OC(C)=O)c3c(=O)c4cc(OC(C)=O)c(OC(C)=O)cc4oc23)[C@H](OC(C)=O)[C@@H](OC(C)=O)[C@@H]1OC(C)=O,0
Cc1cc(=O)c(O)c(C2(CC(=O)N[C@H]3C4CCCC3C3=C(CCCC3)C4)CCOCC2)o1,0
CC(=O)N1CC2=C(C1=O)C(C1=Cc3ccccc3OC1)c1cn(C(C)C)c3cccc(c13)N2,0
CC(C)[C@@H](N)C(=O)NC[C@H]1CC[C@H](C(=O)N[C@@H](Cc2ccccc2)C(=O)O)CC1,0
COc1ccc(-c2oc3c(c2CC(=O)NCCC(=O)N2C[C@H]4C[C@@H](C2)c2cccc(=O)n2C4)C(=O)[C@@]2(Oc4c(Cl)c(OC)cc(OC)c4C2=O)[C@H](C)C3)cc1,0
COc1cc2cc3[n+](cc2cc1OC)CCc1cc2c(cc1-3)OCO2,0
CN(C)C(=O)NC1CCCCCCC1,0
O=C(Nc1ccccc1)[C@@H]1Sc2nnc(-c3ccccc3)n2NC12CCCCC2,0
O=C(/C=C\c1ccc(O)cc1)OC[C@H]1O[C@H](Oc2c(CO)occc2=O)[C@H](O)[C@@H](O)[C@@H]1O,0
CCCCCCC[N@@+]12[C@H](O)[C@@H](CC)[C@H]3C[C@H]1[C@@H]1N(C)c4ccccc4[C@]14C[C@H]2[C@H]3[C@@H]4O,0
C=C1C(=O)O[C@@H]2C[C@@]3(C)CC[C@@H](O)[C@@]4(C)O[C@@]34C[C@H]12,0
CO[C@@H]1[C@H](O)C[C@@H](O[C@@H]2[C@H](O)C[C@H](O[C@@H]3C[C@H](O[C@@H]4[C@H]5C=C[C@H]6/C(C)=C\C[C@H](O[C@H]7C[C@](C)([N+](=O)[O-])[C@@H](NOC(C)=O)[C@@H](C)O7)C(C)=C[C@@H]7C=C(C=O)[C@H](C)C[C@]78OC(=O)/C(=C(\O)[C@@]6(C)[C@@H]5[C@@H](C)C[C@@H]4C)C8=O)O[C@@H](C)[C@@H]3O)O[C@H]2C)O[C@H]1C,0
COc1cc2c(c(OC(=O)C(C)C)c1OC)-c1c(cc(OC)c(OC)c1OC)[C@H](O)[C@H](C)[C@H](C)C2,0
Cc1cc(O)cc(O)c1C(=O)O[C@@H]1CC2=C(COC([C@H]3O[C@@H]3C)=C2)C(=O)[C@]1(C)O,0
COc1cc2c(cc1O)[C@H](c1cc(O)c(O)c(OC)c1)[C@@H](C)[C@@H](C)C2,0
COc1cc2c(c(O)c1OC)C(=O)c1c(O)c(Br)c(O)c(C(C)=O)c1C2=O,0
C=C(C)C(=O)O[C@H]1CC(=C)[C@@H]2C[C@H](O)[C@@](O)(CCl)[C@@H]2[C@H]2OC(=O)C(=C)[C@@H]21,0
C=C1C(CO[C@@H]2O[C@H](COC(=O)/C=C/c3cc(OC)c(O)c(OC)c3)[C@H](O)[C@H](O)[C@H]2O)=CC(=O)CC1(C)C,0
CC1(C)OC(=O)C=CC23CC24CC(O)C2(C)C(C(C)(O)C5CC=C(CO)C(=O)O5)CCC2(C)C4CC(O)C13,0
C=C(C)[C@@H](C)CC[C@@H](C)[C@H]1CC[C@@]2(C)[C@@H]3CC[C@H]4[C@H](C)[C@@H](OC(=O)CCCCCCCCCCCCCCC)CC[C@@]45C[C@@]35CC[C@]12C,0
CC(=O)O[C@H]1CC[C@]2(C)[C@H]3CC[C@@]4(C)C(=CC(=O)O[C@@H]4c4ccoc4)[C@]3(C)[C@H](OC(C)=O)C[C@H]2C1(C)C,0
CC(C)Cc1ccc([C@@H](N)CC(=O)O)cc1,0
COc1c2c(cc3c1[C@H](c1ccc4c(c1)OCO4)CC(=O)O3)C=CCCCC(=O)CCC[C@@H](C)OC2=O,0
CCCCC/C=C\C/C=C\CCCCCCCCCC(=O)O[C@H](COC(=O)CCCCCCCCCCC/C=C\CCCCCCCC)COC(=O)CCCCCCCCCCCCCCCCCCC,0
CCC/C=C/C=C/[C@@H]1CC[C@@H](O)[C@H](O)[C@@H]1CO,0
CC(C)CC(=O)N[C@H]1CCCN1C(=O)/C=C/c1ccccc1,0
CO[C@@H]1O[C@@]23C=C[C@H]4[C@]1(CC[C@]1(C)[C@@H]([C@H](C)C/C=C/C(C)(C)OC)CC[C@@]41C)[C@@H]2CC[C@H](O)C3(C)C,0
COc1cc2c(cc1C)[C@@H]1C[C@@H](O)[C@@H](C(C)(C)O)[C@]1(C)CC[C@H]2C,0
CC(=O)Oc1ccc2c(c1)CC[C@H]1[C@@H]2CC[C@@]2(C)[C@@H]1C[C@H](OC(C)=O)[C@@H]2O,0
COc1ccc(NC(=O)C2=C(C)C(=O)OC23CCCCC3)cc1Cl,0
C[C@]1(/C=C/Cl)C[C@@](C)(Cl)[C@H](Cl)C[C@@H]1Br,0
CCCCC[C@@H](O)[C@H]1C(=O)O[C@H](C)[C@@H](O)/C=C\C=C/C=C\C=C/C=C(/C)[C@@H](O)C[C@H](O)C[C@H](O)C[C@H](O)C[C@H](O)C[C@H](O)C[C@@H]1O,0
C=CC(C)(C)[C@@]12C[C@H]3C(=O)N[C@@H](CC(C)C)C(=O)N3[C@@H]1Nc1ccccc12,0
CC1(C)CC2=C3C=C[C@@H]4[C@@]5(C)CC[C@H](O[C@@H]6O[C@H](CO)[C@@H](O)[C@H](O)[C@H]6O)C(C)(C)[C@@H]5CC[C@@]4(C)[C@]3(C)CC[C@@]2(C)[C@H](O)C1,0
C=C(Cc1cc2ccccc2[nH]1)[C@H]1CC[C@@](C)(O)[C@H]2C[C@@H](O)[C@@](O)(CCNC(=N)NCCc3ccccc3)[C@H]2C1,0
CC(C)(C)[C@H]1CC[C@](CC(=O)N2C[C@H]3C[C@@H](C2)c2cccc(=O)n2C3)(n2cccc2)CC1,0
CCc1cc(O)c2c3c(c(O)cc2c1)C(=O)c1c(O)cccc1C3=O,0
COCC(=O)N1CCN(C(C)=O)C[C@@H]1C(=O)N[C@@H](Cc1ccc(OC)cc1)C(=O)OC,0
COc1ccccc1COc1cc(C)cc2oc(=O)cc(-c3ccccc3)c12,0
CCCCCCCCCCCCCCCCCCCC(=O)OC[C@H](COC(=O)CCCCCCCCCCC)OC(=O)CCCCCCCCCCCCC(C)CC,0
CC(C)CCC[C@@H](C)[C@H]1CC[C@@H]2[C@@H]3CC[C@]45CCC(=O)[C@H]4[C@]5(C)[C@@H]3CC[C@@]21C,0
COc1ccc([C@@H]2OC(=O)C(C)(C)C(=O)[C@H]2C)cc1OC,0
C=C(C)[C@H]1C/C=C(\C)CC/C=C(/C)C/C=C/[C@](C)(O)CC1,0
OCC1OC(OCC2OC(OC3=C(c4ccc(O)c(O)c4)OC4=CC(O)C=C(OC5OC(CO)C(O)C(O)C5O)C4=C3)C(O)C(O)C2O)C(O)C(O)C1O,0
CC(C)NC(=O)N1CCN(C(=O)c2cccnc2)[C@@H](C(=O)N[C@H]2CCCNC2=O)C1,0
COC(=O)[C@]1(C)CCCC2=C1CC[C@@H](C)[C@]2(C)CCC1=CC(=O)OC1,0
C=C1C(=O)O[C@H]2/C=C(/C)[C@@H](OC(C)=O)C[C@H]3O[C@@]3(C)C[C@@H](OC(=O)C(C)C)[C@@H]12,0
CC(=O)OC1[C@]2(O)CC3=C([C@H](OC(C)=O)C(C)(C)C3=O)[C@@]1(C)[C@@H](OC(C)=O)[C@@]1(O)C[C@H](C)[C@H](OC(=O)c3ccccc3)[C@@H]1[C@H]2OC(C)=O,0
COc1ccc(OC)c(NC(=O)CC[C@@H]2NC(=O)c3ccccc3NC2=O)c1,0
O=C(O)[C@H]1O[C@@H](Oc2c(O)cccc2O)[C@H](O)[C@@H](O)[C@@H]1O,0
CC(C)CN1CCC[C@H]1c1nc(-c2ccnc(N3CCC(C(N)=O)CC3)c2)no1,0
CC(=O)OCC1=CO[C@@H](OC(=O)CC(C)C)[C@H]2C1=C[C@H](OC(=O)CC(C)C)[C@]2(O)CCl,0
COc1cc([C@@H](O)[C@@H]2CO[C@@H](c3ccc(O)c(OC)c3)[C@@H]2CO)ccc1O,0
CCC[C@]12CN3C[C@](CCC)(CN(C1)[C@H]3[C@@H]1CCOC(C)(C)C1)C2=O,0
CC(C)CCCC(C)[C@H]1CC[C@@H](C2=C[C@@H]3O[C@@]34C[C@@H](O)CC[C@]4(C)C2=O)[C@]1(C)CCO,0
CC(C)(O)[C@@H]1CC[C@@]2(C)CCC(C=O)=CC[C@H]12,0
O=S(=O)(NC[C@H]1OC[C@@H](NCc2cccnc2)[C@@H]1O)c1ccccc1,0
O=C(C[C@H]1NC(=O)c2ccccc2NC1=O)NCc1nc(-c2ccccc2Cl)no1,0
CC[C@@H](C)[C@H](Nc1ccc2c(cc1=O)[C@@H](NC(C)=O)CCc1cc(OC)c(OC)c(OC)c1-2)C(=O)Nc1nc2c(s1)CCCC2,0
CCCCO[C@H]1CCC[C@H](C)OC(=O)c2c(O)cc(O)cc2CC(=O)C1,0
CC[C@H](C)[C@H]1NC(=O)[C@@H](NC(=O)[C@@H](CC(C)C)N(C)C(=O)[C@@H]2CCCN2C(=O)[C@H](C)OC(=O)[C@H](CCC(N)=O)NC(=O)[C@@H]2CCC(=O)N2)[C@@H](C)OC(=O)[C@H](Cc2ccc(OC)cc2)N(C)C(=O)[C@@H]2CCCN2C(=O)[C@H](CC(C)C)NC(=O)[C@@H](C)C(=O)[C@H](C(C)C)OC(=O)C[C@@H]1O,0
C=C(C)[C@@H]1CC[C@@]2(C)CCCC(C)=C2C1,0
CC(=O)O[C@H]1[C@@H](OC(C)=O)C(C)(C)/C=C\[C@H](C)C(=O)[C@@]2(OC(C)=O)C[C@@](C)(OC(C)=O)[C@H](O)[C@@H]2[C@H]2OC(=O)CC[C@@]2(OC(C)=O)[C@@H]1OC(=O)C(C)C,0
COc1cccc(N2C(=O)CC(N3CCc4[nH]c5ccccc5c4C3)C2=O)c1,0
C=C[C@]1(C)CCC2=C(CC[C@@H]3[C@](C)(COC(=O)CC(=O)OC)CCC[C@@]23C)C1,0
C[C@H]1CCCC(=O)C1=O,0
CCCCCCCCCCCCCCCCCCCCC(=O)O[C@@H](COC(=O)CCCCCCCCCCC)COC(=O)CCCCCCCCCCCCCCCCCCC,0
CCCc1c(OC)c(=O)c(C2OC(=O)c3cc(OC)cc(OC)c32)cn1C,0
C/C=C(\CC[C@H](C)[C@@H]1CC[C@@H]2[C@H]3CC=C4C[C@@H](O)CC[C@]4(C)[C@@H]3CC[C@]21C)C(C)C,0
COCCC[C@H]1Oc2c(cc(OC3CCCC3)c3cc(O)ccc23)[C@H](O)[C@@H]1[C@H]1COc2c(Cc3cc(O)ccc3-c3cccc(O)c3)cc(OC3CCCC3)cc2[C@H]1O,0
C=C1C(=O)O[C@H]2[C@H]1[C@H](OC(C)=O)[C@@H](OC(=O)[C@]1(C)O[C@@H]1C)C(C(=O)OC)=CCC[C@@]1(C)O[C@@H]21,0
CC1=C[C@H]2C/C=C/C=C/C[C@@H](O)C/C=C/C[C@@H](C)[C@@H]3[C@@H](C(=O)C(=O)O)SC[C@H]3C(=O)C3=C(O)[C@]2(C[C@@H]1C)OC3=O,0
CNc1ccc(Cl)cc1C(=O)OC[C@@]1(C)[C@@H]2CC[C@@]3(C)[C@@H](C[C@H](OC)[C@@H](C)[C@@H]3C3=C(O)C(=O)O[C@H]3O)[C@]2(C)CC[C@@H]1O,0
COCCCO[C@H]1CC[C@@]2(C)[C@@H](C1)C(=O)C=C1[C@]3(O)CC[C@@H]4[C@](C)(O)[C@H](O)[C@H]5O[C@H]6[C@@H]([C@H]5CO)C5(CCCC5)[C@H](N[C@H]6O)C(=O)N5C[C@H]5CC#C[C@]12CC[C@]43C,0
COc1cc(-c2ccc3cc4c(cc3c2N(C)C=O)OCO4)c(OC)cc1O,0
C=C1C(=O)O[C@@H]2/C=C(\C)CC/C=C(\C)CC[C@H](C(C)=O)[C@H](O)C[C@H]12,0
CCCCCCCCCCCCCCCCCCCCCC(=O)OCC[C@H](CO)CC[C@@]1(C)[C@H](C)CC[C@@]2(C)C(C)=CCC[C@H]12,0
CCCCCC=CCC=CCCCCCCCC(=O)OC[C@H](COP(=O)(O)OC[C@H](N)C(=O)O)OC(=O)CCCCCCCCCCCCC,0
CSc1ccc(-c2ccc3n(c2=O)C[C@H]2C[C@@H]3CN(C(=O)c3ccco3)C2)cc1,0
CNCc1cccc(-c2cc(O)cc3ccc(CC(=O)O[C@H]4C[C@H](c5ccc(O)c(OC)c5)C[C@]5(/C=C/c6ccccc6)[C@@H](CO)c6cc(O)c(OC)cc6C[C@H]5[C@H](OC(C)=O)C4)cc23)c1,0
COc1ccc(C2CC(=O)Oc3cc(O)c4c(=O)cc(-c5ccccc5)oc4c32)cc1OC,0
CC/C=C\C[C@H](O)/C=C/C=C\C=C\C=C\[C@@H](O)[C@@H](O)C/C=C\CCC(=O)O,0
COC(=O)CNC(=O)N1CCc2nc[nH]c2C1c1cc(OC)cc(OC)c1,0
CC(C)CCO[C@@H]1[C@@H](Oc2ccc3c(=O)c(-c4ccc(O)cc4)coc3c2)O[C@@H](COC(=O)CC(=O)O)[C@H](O)[C@]1(O)[C@H](O)CC(C)C,0
CC(=O)[C@H]1CC[C@H]2C3=C(CC[C@]12C)[C@@]1(C)CC[C@H](O)[C@@H](C(=O)O)[C@@H]1CC3,0
C[C@@H]1CC[C@]2(OC1)O[C@@H]1C[C@@H]3[C@H]4CC[C@@H]5CC(=O)C=C[C@@]5(C)[C@@H]4CC[C@@]3(C)[C@H]1[C@H]2C,0
CCCCCCCCCCCCCCCCCCC(=O)OC[C@H](COC(=O)CCCCCCCCCCCCCCC)OC(=O)CCCCCCCCCCCCCCCCCC(C)C,0
COc1cc2c(cc1OC)-c1c3c(c(OC)c4c1[C@H](C2)NCC4)OCO3,0
CC(C)=CCC[C@@H](C(=O)O)[C@H]1[C@H](O)C[C@@]2(C)C3=CC[C@H]4C(C)(C)[C@H](O)CC[C@]4(C)C3=CC[C@]12C,0
CC1=C[C@H]2C=C(C)[C@@H](C)[C@H]3[C@H](CC(C)C)NC(=O)[C@@]23C(=O)[C@H](S[C@@H]2CC(=O)[C@H](O)CCC(C)=C[C@H]3C=C(C)[C@@H](C)[C@H]4[C@H](CC(C)C)NC(=O)[C@@]34C2=O)CC(=O)[C@H](O)CC1,0
CCCCCC(=O)N[C@@H](Cc1ccc(O)cc1)C(=O)N1C[C@@H](C)C[C@H]1C(=O)N[C@H](CO)CCCNC(=N)N,0
C=C1CCC[C@]2(C)C[C@H]3OC(=O)C(CN4CCN(c5ccc(Cl)cc5)CC4)[C@H]3CC12,0
CC(C)Cc1ncc(C(C)(C)O)n(O)c1=O,0
N[C@]1(C(=O)O)CCN(Cc2ccccc2)C1,0
CCC(C)CCCCCCCCCCCCCCCCCCCCC(=O)O[C@@H](CO)COC(=O)CCCCCCCCCCCC(C)C,0
CCCCCCCCCCCCCCCC(=O)O[C@H](COC(=O)CCCCCCCCCCCCCCCCCC(C)C)COC(=O)CCCCCCCCC(C)C,0
C[N+](C)(C)C(Cc1c[nH]c2c(O)cccc12)C(=O)NC=Cc1c[nH]c2ccccc12,0
C[C@H](N)C(=O)N[C@@H](CC(=O)O)C(=O)N[C@H](/C=C\CP(=O)(O)O)C(=O)O,0
C/C(=C\C(=O)OCCCCCCCCC(=O)O)C[C@@H]1OC[C@H](C[C@H]2O[C@@H]2[C@@H](C)[C@H](C)O)[C@@H](O)[C@H]1O,0
N#Cc1ccc(O)c(O)c1,0
C=C1C[C@@H](O)C[C@]2(C)C[C@@H]3OC(=O)C(C)=C3C[C@H]12,0
C[P@H](=O)Nc1ccc(-c2ccc(NP(=O)(c3ccccc3)c3ccccc3)cc2)cc1,0
C=C(CC[C@@H](C)[C@H]1CC[C@@]2(C(=O)O)C3=C(CC[C@]12C)[C@@]1(C)CC[C@H](O[C@@H]2OC[C@H](O)[C@H](O[C@@H]4OC[C@H](O)[C@H](O)[C@H]4O)[C@H]2O[C@@H]2O[C@H](CO)[C@@H](O)[C@H](O)[C@H]2NC(C)=O)C(C)(C)C1CC3)C(C)C,0
C[C@H]1OC(=O)[C@H](C)[C@@H]1C[C@@H](O)[C@](C)(O)[C@H]1CC[C@@]2(O)C3=CC(=O)[C@]4(O)C[C@@H](O)[C@@H](O)C[C@]4(C)[C@H]3CC[C@]12C,0
CC(C)N1C(=O)c2ccccc2C(C(=O)N2CCC2)C12CCN(C(=O)Nc1ccccc1)CC2,0
CC1=CC(=O)CC(C)(C)[C@]12CCC(C)(Cl)C(Br)C2,0
C=C1[C@H]2O[C@H]2[C@@H](OC(C)=O)[C@@]2(C)[C@@H](OC(C)=O)C[C@@H](OC(C)=O)[C@@](C)(O)[C@@H]2[C@@H](OC(C)=O)[C@@]2(O)[C@@H](C)C(=O)O[C@H]2[C@H]1Cl,0
CCCCCCCCCCCCCCCCC(=O)O[C@@H](COC(=O)CCCCCCCCCCCCCCCCCCCCC(C)C)COC(=O)CCCCCCCCCCCCC(C)C,0
Cn1c(=O)c2c(ncn2C[C@H](O)Cn2c(Cc3ccccc3)nc3ccccc32)n(C)c1=O,0
O=c1cc(-c2ccc(Cl)cc2)oc2c(Cl)cc(Cl)cc12,0
O=C(O[C@@H]1[C@@H](c2c(O)cc3c(c2O)C[C@@H](OC(=O)c2cc(O)c(O)c(O)c2)[C@@H](c2cc(O)c(O)c(O)c2)O3)c2c(O)cc(O)cc2O[C@@H]1c1ccc(O)c(O)c1)c1cc(O)c(O)c(O)c1,0
COc1ccc2c(c1O)-c1c(OC)c(OC)cc3c1[C@@H](C2)N[C@@H]([C@H](O)[C@H](O)[C@@H]1c2ccc(OC)c(O)c2-c2c(OC)c(OC)cc4c2[C@@H]1NCC4)C3,0
CCCCCCCCCCCCN=Cc1[nH]c(-c2ccc[nH]2)cc1OC,0
O=C(C=Cc1ccc(O)c(O)c1)OCC1OC(Oc2cc(O)c3c(c2)OC(c2ccc(O)c(OC4OC(C(=O)O)C(O)C(O)C4O)c2)C(OC2OC(COC(=O)CC(=O)OC(C(=O)O)C(O)C(=O)O)C(O)C(O)C2OC2OC(CO)C(O)C(O)C2OC(=O)C=Cc2ccc(O)c(O)c2)=C3)C(O)C(O)C1O,0
CC(/C=C/c1ccccc1)=C\[C@H](O)[C@@H]1CC(=O)N[C@@H](CO)C(=O)N[C@@H]2C[n+]3cc(n([C@H]4OC[C@@H](O)[C@@H](O)[C@@H]4O)c3)C[C@H](NC(=O)CCC[C@@H](C(=O)[O-])NC(=O)[C@H](O)CNC(=O)[C@H]([C@@H](C)c3ccc(Br)cc3)NC(=O)[C@H]([C@@H](O)C(N)=O)NC(=O)[C@H](CC(N)=O)NC2=O)C(=O)N[C@@H]([C@H](C)O)C(=O)N[C@@H](CO)C(=O)N[C@@H](Cc2ccccc2)C(=O)N1,0
CC(=O)[C@H]1CC[C@H]2[C@H]3CC[C@H]4C[C@H](O)CC[C@]4(C)[C@H]3C(=O)C[C@]12C,0
CN1C(=O)[C@@H](CCN)c2ccccc21,0
C/C=C(/C)C(=O)OC[C@H]1CCN2CC[C@H](O)[C@H]12,0
COc1ccc(C(CC(=O)NCC(O)CN2CCN(C)CC2)c2cc3c(cc2O)OCO3)cc1,0
O=C(/C=C/c1ccc(O)c2oc(-c3ccc(O)c(O)c3)cc12)O[C@@H](Cc1ccc(O)c(O)c1)C(=O)O,0
COc1ccccc1CC(=O)c1ccc(O)c(CN2CCN(C)CC2)c1O,0
CC(=O)NCCCCN(CC=C(C)C)C(=N)N,0
CCCCCCO[C@@H]1O[C@H](CO[C@@H]2OC[C@](O)(CO)[C@H]2O)[C@@H](O)[C@H](O)[C@H]1O,0
C=C(C)[C@H]1CCC(C)=C[C@@H]1c1c(O)cc(CCCCC)cc1O,0
O=C(Nc1ccccc1Cl)[C@H]1[C@H]2C(=O)N(CCc3c[nH]c4ccccc34)C[C@]23C=C[C@H]1O3,0
COc1cc(C(CC(N)=O)c2oc(C)cc(=O)c2O)cc(OC)c1OC,0
CCCCOC(=O)CCCCCCCCC(=O)OCCCC,0
C[C@H]([C@H]1C[C@]2(C)O[C@]2(C)[C@H](O)O1)[C@@]1(C)C2=C(C[C@H]1O)[C@@H]1C[C@@H]3O[C@@]34CC=CC(=O)[C@]4(C)[C@H]1CC2,0
CC/C=C\C/C=C\C/C=C\CCCCCCCC(=O)OC[C@H](COC(=O)CCCCCCCCC/C=C\CCCCCCCC)OC(=O)CCC/C=C\C/C=C\C/C=C\C/C=C\CCCCC,0
CC1=C(CC/C(C)=C/CC/C(C)=C/CCC2=CC(=O)O[C@H]2O)C(C)(C)CCC1,0
CC(C)NC(=O)N[C@H]1C[C@H]2CN(CCc3ccccc3)[C@@H](CNC(=O)C3CC3)C(=O)N2C1,0
COc1ccc(C(=O)[C@H]2[C@]3(C(=O)Nc4ccccc43)[C@@H]3CCCN3[C@@]23C(=O)Nc2ccccc23)cc1OC,0
O=c1c(-c2ccc(Cl)cc2)coc2cc(OCc3ccc(Cl)c(Cl)c3)ccc12,0
O=C(NC1CCCc2c1[nH]c1ccccc21)c1cccc2[nH]ccc12,0
O=C1COC[C@H]([C@H](O)c2ccc(NC(=O)C3CCCC3)cc2)N1,0
COc1ccc2c(c1OCCO)O[C@H]1c3c(cc4c(c3C3=c5ccccc5=NC3)CC[C@]3(O)[C@H](O4)O[C@H]([C@H](OC(=O)CC(=O)O)C(N)N)[C@@H](O)[C@@H]3O)OC[C@@H]21,0
COc1cccc2c1O[C@@H]1c3ccccc3O[C@H]2[C@@H]1C,0
C=C1CC1C[C@H](N)C(=O)O,0
C=C1[C@@H](OC(=O)C[C@@H](NC)c2ccccc2)C[C@@H](OC(C)=O)[C@@]2(C)[C@H]1C[C@]1(C(C)(C)O)C[C@H](OC(C)=O)C(C)=C1[C@@H](OC(=O)c1ccccc1)[C@@H]2OC(C)=O,0
C=C1[C@@H](OC(=O)/C=C/c2ccccc2)CC[C@@]2(C)[C@H]3OC(C)(C)O[C@@H]3C3=C(C)C(=O)C[C@@H]([C@@H](OC(=O)c4ccccc4)[C@H]12)C3(C)C,0
CCCCC[C@@H](O)CC(=O)CCc1ccc(O)c(OC[N+]2=CC3=C(Cc4cc(C(N)N)ccc4CO)C=NC3=C2)c1,0
CC[C@@]1(O)C[C@H](O[C@H]2C[C@H](N(C)C)[C@H](O[C@H]3C[C@H](O)[C@H](O[C@H]4CC[C@H](O)[C@H](C)O4)[C@H](C)O3)[C@H](C)O2)c2c(cc3c(c2O)C(=O)c2c(O)ccc(O)c2C3=O)[C@H]1C(=O)OC,0
CCCCCCCCC#CCCCCCCCCCC,0
C=C(CCC=C(CO)CCC=C(C)CO)C(=O)CCC(=CCO)C(=O)O,0
CC1(C(=O)O)CCC2(C(=O)OC3OC(CO)C(O)C(O)C3O)CCC3(C)C(=CCC4C5(C)CCC(OC6OC(CO)C(O)C(O)C6O)C(C)(CO)C5CCC43C)C2C1,0
COc1ccc2c(c1)c(C=C1Oc3cc(OC(C)=O)ccc3C1=O)cn2C,0
CC1([C@@H]2CC[C@@H]3[C@@H]4CC[C@H]5CC6(CC[C@]5(C)[C@@H]4[C@H](O)C[C@]32CO)OCCO6)OCCO1,0
Cc1c(/C=C2\C[C@@H]3[C@H]4CC=C5C[C@H](O)CC[C@]5(C)[C@@H]4CC[C@@]3(C)C2=O)cnn1C,0
C/C=C(\C)C(=O)O[C@H]1C[C@@H](OC(C)=O)[C@@]2(C)CO[C@H]3[C@@H](O)[C@@]4(C)C5=C(C)[C@H](c6ccoc6)C[C@@H]5O[C@H](OC)C[C@@H]4[C@]1(C)[C@@H]32,0
O[C@@H]1[C@@H](N2CCN(c3ccccc3)CC2)[C@@H]2OCC(O2)[C@H]1NCc1ccccn1,0
CSc1nc(N(C)c2ccccc2)n2nccc2n1,0
CC[C@H](C)[C@H]1C(=O)N(C)[C@@H](Cc2ccccc2)C(=O)N[C@@H](C(C)C)C(=O)O[C@@H](C)[C@H](NC(=O)[C@@H](CC(N)=O)NC(=O)C(O)Cc2ccc(O)cc2)C(=O)N[C@@H](CC(C)C)C(=O)N[C@H]2CC[C@@H](OC)N1C2=O,0
CC(C=NO)CCCCCCCCCCc1cccnc1,0
O=C(O[C@H]1C2OC(=O)c3cc(O)c(O)c4c3[C@H]3C(O)(O4)C4(O)O[C@]5(C(=O)O[C@@H]6C(O)COC65O)[C@]3(CC4=O)C(=O)O[C@@H]1C1COC(=O)c3cc(O)c(O)c(O)c3-c3c(cc(O)c(O)c3O)C(=O)OC2O1)c1cc(O)c(O)c(O)c1,0
COc1cc(CC[C@H]2C[C@H](O)[C@H](CCO)[C@@H](c3cc(OC)c(O)c(OC[C@H]4N[C@H](C)CC5(CCCC5)[C@@]45[C@H](C(=O)O)C=C[C@H]5c4ccnc(N)c4)c3)O2)ccc1O,0
CC1(C)C=CC2C(=O)N=c3ccccc3=C2O1,0
Cc1cc(=O)c2cc3c(c([N+]4=CC5=NC=CC5=C4)c2o1)O[C@@]1(CC=C[C@@H]([C@@H]2CNC(=O)C2)C1)[C@H](OOC[C@H](O)[C@@H](O)[C@H](O)[C@H](O)CO)C3,0
NCCCC[C@H](N)C(=O)NCC(=O)O,0
CC(=O)O[C@H]1CC[C@]23C[C@]24CC[C@]2(C)[C@@H]([C@H](C)CCCC(C)C)CC[C@]2(C)[C@H]4CC[C@@H]3C1,0
CC1=CC(=O)CC(C)(C)[C@@]1(O)CC[C@H](C)O[C@@H]1O[C@H](CO[C@@H]2OC[C@](O)(CO)[C@H]2O)[C@@H](O)[C@H](O)[C@H]1O,0
CC(C)[C@@H](C)/C=C/[C@H](C)[C@H]1CC[C@@H]2C3=CC=C4C[C@H](O)CC[C@]4(C)[C@@H]3CC[C@]21C,0
CC[C@@]1(C)CC[C@H]2[C@@H](CC[C@H]3C(C)(C)CCC[C@]23C)C1,0
O=C(OC1[C@H]2OC(=O)c3cc(O)c(O)c(O)c3-c3c(cc(O)c(O)c3O)C(=O)OC[C@@H](O[C@@H]1O)[C@H]2O)c1cc(O)c(O)c(O)c1,0
COc1c(C)cc(O)c2c1N(C)C1C(O)=CC=CC1C2=O,0
O=c1[nH]c(=O)n([C@H]2C[C@H](O)[C@@H](COP(=O)(O)O)O2)cc1I,0
COc1cc(/C=C(\CC(C)C)C(=O)O[C@@H]2[C@H](OC(C)=O)[C@@H](O)[C@H](C)O[C@H]2O)ccc1O,0
CC(=O)O[C@@H]1[C@H]2[C@@H](CC=C3C[C@@H](O)CC[C@@]32C)[C@@H]2CC(O)[C@H]([C@H](C)CC[C@H](C)C(C)C)[C@@]2(C)[C@@H]1O,0
C=C1CCC(=O)[C@]2(C)CC[C@@H]3[C@H](OC(=O)[C@H]3C)[C@@H]12,0
COc1c(O[C@@H]2O[C@H](CO)[C@@H](O)[C@H](O)[C@H]2O)ccc2ccc(=O)oc12,0
C[C@@H]1OC(OP(=O)(O)OP(=O)(O)OCC2O[C@@H](n3cnc4c(=O)[nH]c(N)nc43)[C@H](O)[C@@H]2O)[C@@H](O)[C@H](O)C1=O,0
NC(=O)C[C@H](NC(=O)[C@H](Cc1ccccc1)n1c(=O)[nH]c2ccccc2c1=O)C(=O)N[C@H](CC(N)=O)C(=O)O,0
CC1(C)C(=O)C=C[C@]2(C)[C@H]3CC[C@]4(C)C(=CC(=O)[C@@H]4c4ccoc4)[C@]3(C)[C@H](O)C[C@@H]12,0
COc1ccc2c(c1)c(=O)oc1c(C)c(OC(=O)CNC(=O)OCc3ccccc3)ccc12,0
O=C(/C=C/c1cc(O)c2oc(-c3ccc(O)c(O)c3)c(C(=O)O[C@@H](Cc3ccc(O)c(O)c3)C(=O)O)c2c1)O[C@@H](Cc1ccc(O)c(O)c1)C(=O)O,0
CS(=O)(=O)OCCN(CCBr)c1c(C(=O)NCCOP(=O)(O)O)cc([N+](=O)[O-])cc1[N+](=O)[O-],0
N#Cc1cc([N+](=O)[O-])ccc1N1C[C@H]2C[C@@H](C1)c1cccc(=O)n1C2,0
O=C(O)[C@H](O)Cc1ccc(O)c(O)c1,0
O=C(c1ccccc1)c1cncc(Br)c1,0
COc1cc2c(c3oc(=O)c(CCC(=O)NCCN(C)C)c(C)c13)CCC(C)(C)O2,0
COCC[C@@](C)(O)CNc1cc(CO)cc([C@@H]2C#C[C@H]3CC(=O)Oc4c3cc(c(O)c4C3CCCCC3)C[C@H]3OC(=O)C(=C[C@H](O)Cc4cccc(c4)C[C@H]4C(=O)C[C@H]5CC[C@@H]6[C@@H]7C=CCC[C@@H]7[C@]3(O)[C@H]5[C@@H]64)C2)c1,0
CCCCCCCCCCCCCCCCCCCCC(=O)O[C@@H](COC(=O)CCCCCCCCCCCCCCCCCC)COC(=O)CCCCCCCCCCCCCC(C)C,0
CCCCCCCC[C@@H]1CC[C@@H]2[C@H]3C[C@H](Br)[C@@]4(Br)C[C@@H](OC(=O)CCCCCC)CC[C@]4(C)[C@@H]3CC[C@]12C,0
COc1cc(CCN(C)C(=O)c2ccccc2O)cc(OC)c1OC,0
C=C1[C@@H](OC(=O)/C=C/c2ccccc2)CC[C@@]2(C)[C@@H](O)[C@H](OC(C)=O)C3=C(C)[C@@H](OC(C)=O)C[C@@H]([C@@H](OC(C)=O)[C@H]12)C3(C)C,0
COc1cc(C[C@@]2(O)CO[C@@H](c3ccc(O[C@@H]4O[C@H](CO)[C@@H](O)[C@H](O)[C@H]4O)c(OC)c3)[C@H]2CO)ccc1O,0
C/C=C(/C)C(=O)O[C@H]1C[C@@]2(C)O[C@]23C[C@H]2[C@@H](C[C@@H](C)[C@H]13)OC(=O)[C@@H]2C,0
COC(=O)C1N=C(O)C2N=C(O)C(N=C(O)C3N=C(O)C4N=C(O)C(Cc5ccc(cc5)Oc5cc3cc(c5OC3OC(CO)C(OC5OC(C)C(O)C(O)C5O)C(O)C3O)Oc3ccc(cc3Br)C2OC2CC(N)C(O)C(C)O2)N=C(O)C(N)c2ccc(O)c(c2)Oc2cc4cc(OC3OC(CO)C(O)C(O)C3O)c2C)c2ccc(O)c(c2)-c2c(OC3OC(CO)C(O)C(O)C3O)cc(O)cc21,0
C/C=C(\C)C(=O)N[C@@H](c1ccccc1)[C@@H](O)C(=O)O[C@H]1C[C@@]2(O)[C@@H](OC(=O)c3ccccc3)[C@@H]3[C@]4(OC(C)=O)CO[C@@H]4C[C@@H](O)[C@@]3(C)C(=O)C(=O)C(=C1C)C2(C)C,0
CC1=C2NC(=O)/C=C\C=C\[C@H](C)[C@H](O)[C@@H](C)[C@@H](O)[C@@H](C)[C@H](O)[C@H](C)[C@@H](O)[C@@H](CO)/C=C(/C)C(=O)c3c(O)c(C)c(O)c(c3C1=O)C2=O,0
C[C@H]1C(=O)CC[C@@H]2[C@]1(C)CC[C@H]1[C@@]2(C)[C@@H](O)C[C@@]2(C)[C@@H]3CC(C)(C)CC[C@]3(C)CC[C@]12C,0
CC(C)=CCC[C@@]1(C)[C@@H](CC=C(C)C)C[C@]2(CC=C(C)C)C(=O)C(C(=O)c3ccc(O)c(O)c3)=C(O)[C@@]1(CC=C(C)C)C2=O,0
C=C1CCC[C@]2(C)C[C@H]3OC(=O)[C@H](CNCc4ccc(OC)c(OC)c4)[C@H]3C[C@H]12,0
CCCCCCCCCC[C@H](O)[C@@H]1CC[C@@H]([C@@H]2CC[C@@H]([C@@H](O)CCCCCCCCCCCC[C@@H]3C(=O)O[C@@H](C)[C@@H]3O)O2)O1,0
C[C@@H]1NC(=O)[C@@H](C)C/C=C/[C@H](C)C[C@H](C)OC(=O)C[C@H](c2ccc(O)cc2)NC(=O)[C@@H](Cc2c(Br)[nH]c3ccccc23)N(C)C1=O,0
COc1cccc(C(=O)[C@H]2[C@H](c3cc(OC)ccc3OC)C3(C(=O)c4ccccc4C3=O)[C@@H]3C=Cc4ccccc4N32)c1,0
C[C@@H]1O[C@@H](O[C@H]2[C@H](O[C@H]3[C@H](O[C@H]4CC[C@]5(C=O)[C@H]6CC=C7[C@@H]8CC(C)(C)C[C@@H](O)[C@]8(C)CC[C@@]7(C)[C@]6(C)CC[C@H]5C4(C)C)O[C@H](C(=O)O)[C@@H](O)[C@@H]3O)OC[C@@H](O)[C@@H]2O)[C@H](O)[C@H](O)[C@H]1O,0
C[C@H](CC[C@H](C)C(C)(C)O)[C@H]1CCC2C3C[C@H](O)[C@]4(O)C[C@@H](O)CC[C@]4(C)C3CC[C@@]21C,0
COC(=O)c1cc(Br)c(=O)n(C[C@H](C)n2cc(C(=O)OC)cc(Br)c2=O)c1,0
CC(=O)OC[C@@H]1O[C@@H](OC(C)=O)[C@@H](NC(=O)c2ccco2)[C@@H](OC(C)=O)[C@@H]1OC(C)=O,0
CC(=O)O[C@H]1C[C@H](C(C)[C@H](O)C/C=C(\C)C(=O)O)[C@@]2(C)CC=C3C(=CCC4C(C)(C)[C@H](OC(C)=O)CC[C@]34C)[C@]12C,0
C=C1CC[C@H]2OC[C@@H]2CC[C@@H]2[C@@H]([C@H]1OO)C2(C)C,0
O=C(C[C@@H]1NC(=O)N(CCc2c[nH]c3ccccc23)C1=O)NC1CCCc2c1[nH]c1ccccc21,0
O=C(NCc1ccccc1O)Nc1ccccc1,0
Oc1cccc2c1[C@H]1O[C@H]1[C@@H](O)C21Oc2cccc3cccc(c23)O1,0
CC[C@H](C)/C=C/C=C/C(=O)O[C@H]1C=CC2=CC(=O)[C@@H](O)C[C@]2(C)[C@H]1C,0
CC[C@H](/C=C1\OC(=O)C2=C3c4cc(O)ccc4-c4cccc(c4)CNCCc4cccc(c4)[C@H]4NC[C@@](C)(O)[C@H](CC=O)C#C[C@H](C5(O)CCCC5)C[C@H]5C[C@]([C@H]6CCN[C@H](NC)C6)(C/C=C6\OC(=O)C7=C6CC[C@H]6[C@H]3CC[C@@]21[C@@H]76)C[C@H]54)Cc1ccccc1,0
C[C@H]1CN(Cc2cc(=O)oc3cc4c(cc23)CCCC4)C[C@H](C)O1,0
CCC(C)CCCCCCCCCCCCC(=O)O[C@H](COC(=O)CCCCCCCCCCCCCCCCCCCCC(C)C)COC(=O)CCCCCCCCCCC(C)CC,0
CC(=O)Nc1ccc(C=O)cc1,0
N=C(N)SCc1ncccc1O,0
CCCCCCCC(=O)OC[C@@H](COC(=O)CCCCCCCCCCCCCCCCCC(C)C)OC(=O)CCCCCCC,0
CC1=C(C)C(=O)O[C@@H]([C@@H](C)[C@H]2CC[C@H]3[C@@H]4CC=C5C[C@@H](O[C@@H]6O[C@H](CO[C@@H]7O[C@H](CO)[C@@H](O)[C@H](O)[C@H]7O)[C@@H](O)[C@H](O)[C@H]6O)C[C@H](O)[C@]5(C)[C@H]4CC[C@]23C)C1,0
C=C(CC[C@@H](C(=O)O)[C@H]1C[C@H](O)[C@@]2(C)C3=C(CC[C@]12C)[C@@]1(C)CCC(=O)C(C)(C)[C@@H]1CC3)C(C)CO,0
CCCN1C(=O)[C@H]2[C@@H](C(=O)Nc3ccc(Br)cc3)[C@H]3C=C[C@@]2(O3)[C@H]1C(=O)NC1CCCCC1,0
CCCCCCCCCCCC(=O)OC[C@H](COC(=O)CCCCCCCCCCCCCCCCCC(C)C)OC(=O)CCCCCCCCCCC(C)C,0
C[C@@H]1O[C@@H](OC[C@H]2O[C@@H](OCC(O)c3ccc(O)c(O)c3)[C@H](O)[C@@H](O)[C@@H]2O)[C@H](O)[C@H](O)[C@H]1O,0
CCC(=O)O[C@@H](C/C=C(\C)C(=O)OC)[C@H](C)[C@@H](OC(C)=O)[C@@H](C[C@H](C)[C@H](OC(=O)CC(C)C)[C@@H]1C[C@H](C)C[C@]2(C[C@H](C)C[C@@H]([C@@H](O)/C(C)=C/CC[C@H](C)CC(=O)OCCS(=O)(=O)O)O2)O1)OC(=O)CC(C)C,0
C#CCCO,0
CNC[C@H](CCCCCC[C@](O)(CN[C@]1(C)CCN[C@@H](N)C1)CC(=O)O)CC[C@H]1N[C@@H](C)[C@H](O)C[C@H]1n1ccnc1,0
Cc1cc(OCC(=O)c2c(C)n(C)c3ccccc23)c2c3c(c(=O)oc2c1)CCC3,0
C[C@@]12CC[C@@H](O)C[C@@H]1CC[C@H]1[C@H]3CC[C@@](O)(CCc4ccccc4)[C@]3(C)CC[C@@H]12,0
O=C1c2c(O)cc(O)cc2O[C@@H](c2ccc(O)c(-c3c(O)cc4c(c3O)C(=O)[C@@H](O)[C@H](c3ccc(O)c(O)c3)O4)c2)[C@@H]1O,0
C=C(CNC(=O)C(O)CCCCCCCCCCCCC)C(=O)OC,0
COC(=O)[C@H](Cc1ccccc1)NC(=O)[C@]1(OC(C)=O)C[C@H](OC(C)=O)[C@@H](OC(C)=O)[C@H](OC(C)=O)C1,0
COC(=O)CC[C@@H](C)[C@@H]1CC[C@H]2[C@@H]3[C@H](O)C[C@H]4C[C@@H](O)CC[C@]4(C)[C@H]3CC[C@@]21C,0
O=C(COc1ccc2c(=O)c(-c3ccc4c(c3)OCCO4)coc2c1)c1ccc(Cl)cc1,0
CO[C@H]1C=C(C)[C@@H]2C[C@H]3OC(=O)[C@H](O)[C@]4(O)[C@]35CO[C@]4(C)[C@@H](O)[C@H](O)[C@@H]5[C@@]2(C)[C@@H]1O,0
COC(=O)[C@]12CC[C@@H](C)[C@@](C)(O)[C@H]1C1=CC[C@@H]3[C@@]4(C)CC[C@H](O[C@@H]5OC[C@H](O)[C@H](O)[C@H]5O[C@@H]5O[C@H](CO)[C@@H](O)[C@H](O)[C@H]5O)C(C)(C)[C@@H]4CC[C@@]3(C)[C@]1(C)CC2,0
COc1ccc(CNC(=O)CCCCCN2C(=O)c3ccccc3N3C(=O)c4ccccc4C23)cc1,0
CC1=C2C[C@H](C(O)(CO)CO)CC[C@@]2(C)CCC1=O,0
CC(C)NC(=O)NC[C@H]1C[C@@H]2CC[N@@]1C[C@@H]2CN1CCc2ccccc2C1,0
COc1ccc([C@@H](N)C(=O)O)cc1OC,0
CNCO[C@]12Cc3c4c(c5c(c3O[C@@H]1c1cc(CCCO)c(O)c(c1)OCCC#C[C@@H]2NCNC[C@@](C)(O)CC(C)C)CC[C@H](CO)O5)-c1ccc(O)c2c1[C@H](C4)[C@@H](c1ccc3c(c1)=CCN=3)C=C2,0
CC(=O)O[C@H]1CC[C@@]2(C)C(=CC[C@@H]3[C@H]2CC[C@@]2(C)[C@@H]3C[C@@H](O)[C@]2(O)C#N)C1,0
O=[N+]([O-])c1ccc([C@@H](Br)[C@@H](Br)c2cccc3ccccc23)c([N+](=O)[O-])c1,0
CC1=CC(=O)[C@@H]2C(C)(C)C[C@@H](O)C[C@@]2(C)[C@@]1(O)CO,0
C=C(C)[C@@H]1C[C@@H](OC(C)=O)C2=C[C@H](C[C@@]3(C)O[C@@H]3c3cc(C)c(o3)[C@H]1OC(C)=O)OC2=O,0
C=C1CCCC2=NCC(C)C(C)CC23CCC(C2C=C(C)C(=O)O2)=C(C)C3C=C(C)C(O)CC2CCC3(CCC4(OC(C1)CC(O)C4O)O3)O2,0
CSCC[C@H](NC(=O)N1CC(C)CC(C)C1)C(=O)O,0
CC(C)OCCCN1C(=O)[C@H]2[C@@H](C(=O)Nc3ccc(Br)cc3)[C@H]3C=C[C@@]2(O3)[C@H]1C(=O)NC1CCCCC1,0
COC(C)(C)[C@H](O)Cc1c[nH]c2ccc(C(=O)C=C(C)C)cc12,0
CC(=O)O[C@H]1C[C@@H](OC(=O)c2ccccc2)C(C)(C)[C@H]2CC[C@@]3(C)C4=CC[C@@H]([C@@H]5COC(C)(C)[C@@H](O)[C@H](O)C5)[C@]4(C)CC[C@@H]3[C@@]12C,0
CC(=O)O[C@H](C)[C@H]1CC[C@H]2[C@@H]3CC[C@H]4C[C@@H](OS(=O)(=O)c5ccc(C)cc5)CC[C@]4(C)[C@H]3CC[C@]12C,0
CCC(C)CCCCCCCCC(=O)OC[C@H](COC(=O)CCCCCCCCCCCCCCCCCC(C)C)OC(=O)CCCCCCCCCCCCCCCCC(C)C,0
CCCCCCCCCCCCCCCC(=O)OC1=C[C@@H]2C(=O)[C@]3(C=C(C)[C@H](OC(C)=O)[C@@]3(O)[C@@H]1OC(C)=O)[C@H](C)C[C@@H]1[C@H]2[C@]1(C)COC(C)=O,0
C[C@@H]1CCC[C@H]2CCN[C@H](C2)c2cccnc2C1,0
CC1=CCC[C@@H]2[C@@](C)(CC(=O)/C(=C/C(=O)O)CO)[C@H](C)[C@@H](O)[C@H](OC(=O)/C=C/c3ccccc3)[C@@]12C,0
COC[C@H]1CCCN1C[C@H]1CN2CC[C@H]1C[C@@H]2CNS(=O)(=O)c1cccs1,0
C=CCSCC(=O)N[C@@H]1C(=O)N2[C@@H]1SC(C)(C)[C@@H]2C(=O)O,0
O=C1O[C@H]2[C@@H]3OC(=O)c4cc(O)c(O)c(O)c4-c4c(cc(Oc5c(C(=O)O[C@@H]6[C@@H](OC(=O)c7cc(O)c(O)c(O)c7)[C@@H]7OC(=O)c8cc(O)c(O)c(O)c8-c8c(cc(O)c(O)c8O)C(=O)OC[C@H]7O[C@H]6O)cc(O)c(O)c5O)c(Oc5c(C(=O)O)cc(O)c(O)c5O)c4O)C(=O)OC[C@H]2OC(OC(=O)c2cc(O)c(O)c(O)c2)[C@@H]3OC(=O)c2cc(O)c(O)c3c2[C@@H]2C1=CC(=O)C(O)(O)[C@]2(O)O3,0
O=C(/C=C/c1ccc(O)c(O)c1)OC[C@H]1O[C@@H](Oc2ccc(CCO)cc2O)[C@H](O)[C@@H](O)[C@@H]1O,0
C=c1[nH]c2cncn2c1=O,0
CC(C)[C@@H](C)C[C@@H](O)[C@](C)(O)[C@@H]1CC[C@@]2(O)C3=CC(=O)[C@@H]4C[C@@H](O)[C@@H](O)C[C@]4(C)[C@H]3CC[C@]12C,0
CCCCCC=CCC=CCC=CCC=CCCCC(=O)OC[C@H](COP(=O)(O)OCCN)OC(=O)CCCCCCCCCC=CCC=CCCCCC,0
CCCCC/C=C\C/C=C\C/C=C\C/C=C\CCCCCC(=O)OC[C@@H](COCCCCCCCCCCCCCCCCCC)OC(=O)CCCCCCCCCCC/C=C\C/C=C\CCCCC,0
CCCCCCCCCCCCCCCCCC(=O)OC[C@H](COC(=O)CCCCCCCCCCC(C)CC)OC(=O)CCCCCCCCCCCC(C)C,0
COc1cc2c(cc1OC)CN(C(=O)C=C(c1ccccc1)c1ccccc1)CC2,0
CC1=C(C(=O)OC[C@H]2CCCO2)[C@H](c2cccc(Cl)c2)C2=C(CC(C)(C)CC2=O)N1,0
C=C(C)[C@@]12O[C@@]3(c4ccccc4)O[C@@H]1[C@@H]1[C@@H]4O[C@]4(CO)[C@@H](O)[C@]4(O)C(=O)[C@@H](C)C[C@H]4[C@@]1(O3)[C@H](C)[C@H]2OC(C)=O,0
CCc1oc([C@H](C)C(=O)[C@@H](C)[C@@H](O)[C@@H](C)C(=O)O)c(C)c(=O)c1C,0
C=C1[C@H]2C[C@@H](C(C)(C)O)CC[C@]2(C)CC[C@H]1OC(C)=O,0
C[C@@H]1C(=O)O[C@H]2[C@H]1CC[C@@]1(C)CCC(=O)[C@@H](C)[C@H]21,0
CNC(=N)N[C@@H](C/C(C)=C/C[C@@]12O[C@]1(C(=O)OC1CCCC1)C(=O)c1ccccc1C2=O)c1ccnc(N)c1,0
CC(C)C1=CC2=CC[C@H]3[C@](C)(CCC[C@@]3(C)C(=O)O)[C@H]2CC1=O,0
COc1ccc(-c2c(C)c3cc(OC(=O)c4ccccc4OC)ccc3oc2=O)cc1,0
O=C1CC(c2ccccc2)NCCCN(C(=O)C=Cc2ccccc2)C=CCCN1,0
Cc1c(C)c2ccc(OCC(=O)Nc3nnc(C4CCC4)s3)cc2oc1=O,0
CCCCCCCC(=O)O[C@@H](COC(=O)CCCCCCCCCCCCCCCCCC(C)C)COC(=O)CCCCCCCCC(C)C,0
CCCCCC/C=C\CCCCCCCCCC(=O)O[C@H](COC(=O)CCCCCCC/C=C\CCCCCCCC)COP(=O)(O)OC[C@@H](O)COP(=O)(O)O,0
COc1cc(C(O)CO)ccc1OS(=O)(=O)O,0
CC(C)(O)CC[C@H](O)[C@](C)(O)[C@H]1CC[C@@]2(O)C3=CC(=O)[C@]4(O)C[C@@H](O)[C@@H](O)C[C@]4(C)[C@H]3CC[C@]12C,0
C=CCc1ccc(O[C@H]2O[C@H]3[C@@H](O)[C@H](O)[C@]2(O)C[C@H](CC[C@]2(O)CCC[C@H](CCC(C)C)C2)[C@@H](O)CC#CO[C@@H]3CCCO)cc1,0
COc1ccc2c(C)c(CC(=O)Nc3ccc(CCO)cc3)c(=O)oc2c1,0
CCCCCCCCCCCCCCCC[C@H](O)C(=O)OC,0
CCCCC/C=C\C/C=C\C/C=C\C/C=C\CCCCCC(=O)O[C@H](COC(=O)CCCC/C=C\C/C=C\C/C=C\CCCCC)COC(=O)CCCCCCCCC/C=C\CCCCCC,0
C/C(=C\C[C@@H](O)C(C)[C@H]1C[C@H](O)[C@@]2(C)C3=CCC4C(C)(C)[C@H](O)CC[C@]4(C)C3=CC[C@]12C)C(=O)O,0
C=C(C)[C@@H]1CC[C@]2(C(=O)OC)CC[C@]3(C)[C@H](CC[C@@H]4[C@@]5(C)C/C(=C/c6ccccc6OC)C(=O)C(C)(C)[C@@H]5CC[C@]43C)[C@H]12,0
C=C1C[C@]23C[C@@H]1CC[C@H]2[C@]1(C)CCC[C@@](C)(C(=O)O[C@@H]2O[C@H](CO)[C@@H](O)[C@H](O)[C@H]2O)[C@H]1C[C@@H]3O,0
NC(=O)c1ccc(O)c(O)c1,0
COc1cc(C)c2c3c(c(O)c4c2c1OC4=O)C(C)(C)[C@H](C)O3,0
CCCCCC=CCC=CCCCCCCCC(=O)OC[C@H](CO)OC(=O)CCCCCCCCCC=CCCCCCCCC,0
C[C@H]1Oc2cc3c(-c4c(O)cc(O)c5c(O)c6c(cc45)O[C@H](C)[C@@H](C)C6=O)c(O)cc(O)c3c(O)c2C(=O)[C@@H]1C,0
O=C(O[C@H]1[C@H](O[C@@H]2OC=C[C@@H]3[C@H]2C(CO)=C[C@H]3O)O[C@H](CO)[C@@H](O)[C@@H]1O)c1ccccc1,0
CCCCCCCCCCCCCCCCCCCCCC(=O)OC[C@@H](COC(=O)CCCCCCCCCC(C)C)OC(=O)CCCCCCCCCCCCCC,0
CC1(C)C(=O)CCC2(C)C3CCC45CC3(CCC12)OC4COC5=O,0
COC(=O)[C@@H](OC(C)=O)[C@H]1[C@@]2(C)C[C@]3(OC(C)=O)C([C@H]2OC(C)=O)[C@@H](OC(C)=O)[C@]2(O)[C@@H]4CC(=O)O[C@@H](c5ccoc5)[C@]4(C)CC[C@@H]2[C@]13C,0
COc1ccc(C=CC(=O)Nc2cccc3ccccc23)cc1OC,0
CC(C)[C@@H](C(=O)NCCC(c1ccccc1)c1ccccc1)N1C(=O)N2CCc3c([nH]c4ccccc34)[C@@]2(C)C1=O,0
CCC(C)CCCCCCCCCCCCCCCCC(=O)OC[C@H](COC(=O)CCCCCCCCC(C)C)OC(=O)CCCCCCCCCCCCCCCCC(C)C,0
C/C=C/c1ccc(=O)n2c1[C@@H]1C[C@@H](CN(Cc3cccs3)C1)C2,0
NC(=O)C[C@@H](NC(=O)[C@@H](Cc1c[nH]c2ccccc12)n1c(=O)[nH]c2ccccc2c1=O)C(=O)O,0
CC(C)=C1CCC(C)=C(O)C1=O,0
COC(=O)C1=CO[C@@H](O[C@@H]2O[C@H](CO)[C@@H](O)[C@H](O)[C@H]2O)[C@H]2C(CO)=C[C@H](OC(=O)/C=C\c3ccc(OC)cc3)[C@@H]12,0
COc1ccc(NC(=O)Cc2ccccc2[N+](=O)[O-])cc1,0
CCOc1ccc(-c2cnc3c4ccc(OC)c(OC)c4c(=O)n4c5ccccc5c2c34)cc1OC,0
CC[C@@H](C)NC(=O)c1oc2ccc3c(c2c1C)C(=O)CC1(CCCCCC1)O3,0
COc1ccc2[nH]cc(CCNC(=O)CCc3c(C)c4ccc(OC(C)=O)c(C)c4oc3=O)c2c1,0
CC(=O)O[C@@H]1C(=O)C2=C(C(=O)C[C@H]3C(C)(C)[C@@H](O)CC[C@]23C)[C@]2(C)C(=O)C[C@H](C(C)CCC(=O)O)[C@@]12C,0
COc1cc(OC)c2c(c1Cl)O[C@@]1(C(=O)C=C(Nc3cccc([N+](=O)[O-])c3)C[C@H]1C)C2=O,0
Cc1c(CC(=O)O)c(=O)oc2c(C)c(OCC=Cc3ccccc3)ccc12,0
C[C@]1(CO)C[C@@H](O)[C@]2(C(=O)O)CC[C@]3(C)C(=CC[C@@H]4[C@@]5(C)C[C@@H](OCc6ccccc6)[C@@H](O[C@@H]6OC[C@@H](O)[C@H](O)[C@H]6O)[C@@](C)([C@H](O)CO)[C@H]5CC[C@]43C)[C@@H]2C1,0
CC(O)[C@@H]1C/C=C\CC[C@H](O)C(C)(C)[C@@H]2CC[C@@H](C)C3(O2)O[B@@-]24O[C@H]3C(=O)O[C@H]3C[C@@H](CCC[C@@H](O)C(C)(C)C5CC[C@@H](C)[C@@](O5)(O2)[C@@H](O4)C(=O)O1)O[C@@H]3C,0
COc1ccc(/N=C2\S[C@H]3[C@H]([C@@H](O)[C@H](O)C[C@@H]3C(N)=O)N2Cc2ccccn2)cc1,0
CC(C)(O)C1CC[C@@](C)([C@@H]2CC[C@]3(C)[C@H]2C(O)C[C@@H]2[C@]4(C)CCC(O)C(C)(C)[C@H]4C(O[C@H]4OC(CO)C(O)C(O)C4O)C[C@@]23C)O1,0
COc1c(C)c(OC[C@@H]2[C@@]3(C)CCCC(C)(C)[C@@H]3CC[C@@]2(C)O)c2c(c1C(=O)O)C(=O)N(C(CCC(=O)O)C(=O)O)C2,0
COc1cc2c(c3oc4c(O)cccc4c(=O)c13)C[C@H]([C@@](C)(O)CO)O2,0
COc1cc2c(O)c(C)c(C)c(-c3ccc4c(c3)OCO4)c2cc1OC,0
CC[C@H](C)[C@H]1NC(=O)[C@@H]2CCCN2C(=O)[C@H](Cc2ccccc2)NC(=O)[C@H]2CCCN2C1=O,0
OC[C@](O)(C#Cc1ccc2c(c1)OCO2)Cc1ccc2c(c1)OCO2,0
CC(C)(C)c1cc(C(C)(C)C)c([N+](=O)[O-])c(C(C)(C)C)c1,0
COC(=O)Cc1c(C)c2ccc(OCC(C)=O)c(C)c2oc1=O,0
CCCCC/C=C\C/C=C\CCCCCCCC(=O)OC[C@@H](COC(=O)CCCCCCCCCCCCCCCCCCC)OC(=O)CCCCCCC/C=C\CCCCCCCC,0
C=C[C@@](C)(O)CC/C=C(\C)CC[C@@H]1C(C)(C)CCC[C@]1(C)O,0
Cc1ccccc1NC(=O)c1oc2ccc3c(c2c1C)C(=O)CC1(CCC(C)CC1)O3,0
CCCCCC/C=C\CCCCCCCCCCCC(=O)OC[C@H](COP(=O)([O-])OCC[N+](C)(C)C)OC(=O)CCCCCCCCCCC/C=C\CCCCCC,0
COc1ccc(CCNC(=O)CCc2c(C)c3cc4c(C)c(C)oc4cc3oc2=O)cc1,0
COc1ccc(C=C2C(=O)ON=C2c2ccccc2)cc1OC,0
Cc1ccc(N[C@@H]2OC(=O)c3c2c2ccccc2n3C)cc1,0
CCCCC(CC)CCC(CC)CCCC,0
COC1=CC(=O)N(C(=O)/C=C(/C)C[C@H](C)CCCCCCC[C@H](O)C[C@@H](O)C[C@@H](O)C[C@@H](O)C[C@@H](O)C[C@@H](O)C[C@@H](O)C[C@@H](O)C[C@@H](O)C[C@H](O)CNC=O)[C@H]1Cc1ccccc1,0
CC1=C2C[C@H]3OC(=O)[C@H](O)[C@@]4(O)[C@@H](C)[C@@H](O)[C@]5(O)OC[C@]34[C@H]5[C@@]2(C)[C@H](O)[C@@H](O)C1,0
CO[C@@H]1Oc2cc(-c3ccc4c(c3)O[C@@H](CO)[C@@H]4CO)ccc2[C@H]1CO,0
Cn1c(=O)c2c(nc(NCCCc3ccccc3)n2Cc2ccc(Cl)cc2Cl)n(C)c1=O,0
CC(=CCC(O)C(C)C1CCC2(C)C3CCC4C(C)(CO)C(OC5OC(CO)C(OC6OC(C)C(O)C(O)C6O)C(O)C5O)CCC45CC35CCC12C)COC1OC(CO)C(O)C(O)C1O,0
CC(C)=CCC[C@H](O)[C@H]1CC[C@]2(C)[C@@H]1[C@H](O)C[C@@H]1[C@@]3(C)CC[C@H](O)C(C)(C)[C@@H]3[C@@H](O[C@H]3O[C@@H](CO)[C@H](O)[C@@H](O)[C@@H]3O[C@H]3O[C@H](C)[C@@H](O)[C@H](O)[C@@H]3O)C[C@]12C,0
Oc1c[nH]c2ccnnc12,0
C[C@H](CCCC(C)(C)O)C1CC[C@H]2[C@@H]3[C@H](O)C[C@@H]4C[C@H](O)CC[C@]4(C)[C@H]3C[C@H](O)[C@]12C,0
CC(C)Cc1cc(-c2oc3cc(O)cc(O[C@H]4CC[C@@H](O)CSSCCC[C@H]4O)c3c(=O)c2O)cc(Cc2cccc(O)c2)c1O,0
CCOC(=O)c1c(C)oc2ccc(OCc3ccc([N+](=O)[O-])cc3)cc12,0
O=C(/C=C\c1ccc(O)cc1)O[C@@H]1C[C@](OC(=O)/C=C\c2ccc(O)cc2)(C(=O)O)C[C@@H](O)[C@H]1O,0
C/C=C(/C)C(=O)O[C@@H]1Cc2c(c([C@H](CCO)c3ccnc(N)c3)c3oc(CO)cc(=O)c3c2O)O[C@@]1(C)CCc1ccc(N)nc1,0
COc1cc(OC)c2c(C)c(CC(=O)Nc3ccc(OC)c(OC)c3)c(=O)oc2c1,0
COc1ccc(CNCC[C@H](c2ccc(C)cc2)c2ccc(OC(C)C)cc2)cc1,0
C=C1[C@@H](O)C[C@H](OC(C)=O)[C@@]2(C)[C@@H](OC(C)=O)[C@H](OC(C)=O)[C@]3(O)[C@@]4(C)CO[C@]3(C)C(=O)C[C@H]4[C@@H](OC(C)=O)[C@H]12,0
C[C@H](CCCc1ccccc1)C[C@@H]1/C=C/[C@@H]2CCCC[C@H]2C(=O)O[C@@H]2C[C@@H](C)[C@](O)(CCC3=CC(=O)OC3)C3([C@H](O)CC[C@@](C)([C@H]4C[C@H]5c6cccc7ccc8c(c67)[C@@H]6[C@@H](C[C@@]7(c9ccccc9)CCCC[C@@H]87)[C@]78CC[C@H](CC#C[C@H]4C[C@]65C7)C8)[C@H]23)[C@@H]1O,0
CC1(C)CCC[C@@]2(C)[C@@H]1CC=C1C(=O)OCC[C@@H]12,0
CC[C@H](C)CC(=O)O[C@@H]1OC=C(CO)[C@H]2C[C@H](OC(=O)/C=C\c3ccc(O)cc3)[C@](O)(CO)[C@@H]12,0
C1=CCCCCC2=CC3=CN(CCC=CCC=CCCCCCC4CN(CCC=C1)CCC34)C2,0
O=C(CC[C@@H]1NC(=O)c2ccccc2NC1=O)Nc1ccncc1,0
CCO[C@@H]1O[C@@H](C=C(C)C)C[C@H]1[C@@H]1CC=C2[C@]3(C)[C@H](O)C[C@H]4C(C)(C)[C@H](O)CC[C@]4(C)[C@H]3CC[C@]21C,0
C=C1C(=O)N[C@H](CO)C(=O)N[C@@H](CC(C)C)C(=O)N[C@@H](C(=O)O)[C@H](C)C(=O)N[C@@H](C)C(=O)N[C@@H](/C=C/C(C)=C/[C@H](C)[C@H](Cc2ccccc2)OC)[C@H](C)C(=O)N[C@@H](C(=O)O)CCC(=O)N1C,0
CNC(=N)N[C@@H](CCO)c1c(C)cc2c(c1O)C(=O)c1c(O[C@@H]3O[C@H](CO)[C@](O)(C[C@H](CN4C(=O)C=CC4=O)c4ccnc(N)c4)[C@H](O)[C@H]3O)cc(OC)cc1C2=O,0
Cc1ccc(C=C2Oc3cc(OCc4ccc(Cl)c(Cl)c4)ccc3C2=O)o1,0
COCc1cn([C@@H]2CO[C@@H]3[C@@H]2OC[C@H]3OC(=O)NC2CCCCC2)nn1,0
CC(C)[C@@H]1CC[C@@H](C)C[C@H]1OC(=O)C(=O)c1ccccc1,0
CCOC(=O)[C@@H]1C[C@@]23C=C[C@@]1(OC)[C@@H]1Oc4c(OC)ccc5c4[C@@]12CCN(C)[C@H]3C5,0
C=C1[C@@H](OC(C)=O)CC[C@]2(C)CC[C@H](C(C)(C)O)C[C@H]12,0
COC(=O)[C@@H]1Cc2ncn(Cc3ccc(OC)cc3)c2CN1C1CCN(C)CC1,0
C/C(=C\[C@H](O)[C@H](C)O)[C@H]1CC[C@H]2C3=CC(=O)[C@H]4CC(=CC[C@@H](O)C4)[C@H]3CC[C@]12C,0
CC(C)c1nc2cc(NC(=O)CCCN3C(=O)c4ccccc4N4C(=O)c5ccccc5C34)ccc2[nH]1,0
CC(=O)N1C[C@@H]2OCC(=O)N(CC3CCCCC3)[C@@H]2C1,0
CCCCCCCCCCCCCCCCCC(=O)O[C@@H](COC(=O)CCCCCCCCCCCCCC)COC(=O)CCCCCCCCCCCCCCC(C)C,0
CC(=O)O[C@H]1[C@H](O)[C@@H](O[C@@H]2[C@@H](OC(=O)[C@@]34CCC(C)(C)C[C@H]3C3=CC[C@H]5[C@]6(C)C[C@H](O)[C@@H](O[C@H]7O[C@@H](CO)[C@H](O)[C@@H](O)[C@@H]7O)C(CO)(CO)[C@@H]6CC[C@@]5(C)[C@@]3(C)C[C@H]4O)OC[C@H](O)[C@H]2O)O[C@@H](C)[C@@H]1O[C@H]1OC[C@H](O)[C@@H](O[C@H]2OC[C@@](O)(CO)[C@@H]2O)[C@@H]1O,0
CO[C@@H]1CO[C@@H](OC[C@H](CC[C@@H](C)[C@H]2C[C@@H](O)[C@H]3[C@@H]4C[C@H](O)[C@H]5[C@@H](O)[C@@H](O)CC[C@]5(C)[C@H]4CC[C@@]32C)C(C)C)[C@H](O)[C@H]1O,0
C[C@H]1[C@H]2CC(C)(C)C[C@@H]2C2=C(C[C@@H]1O)C(=O)OC2,0
C#C[C@]1(OC(C)=O)CC[C@H]2[C@H]3CCc4cc(OC)ccc4[C@@H]3CC[C@@]21C,0
C=CC1C(OC2OC(CO)C(O)C(O)C2OC2OC(CO)C(O)C(O)C2O)OC=C2C(=O)N3CCc4c([nH]c5cc(O)ccc45)C3CC21,0
COC(=O)CCCC#CC#CCCCCCCCCC=C(Br)Br,0
Cc1cc2c(cc1C)NC1(CCCCCC1)C(=NCCC(C)C)N2,0
CC(C)[C@@H](CC[C@@H](C)O)OS(=O)(=O)O,0
Cc1ccc(NC(=O)N[C@H]2CCN3C(=O)[C@@H](C(C)C)NC(=O)[C@H]23)cc1,0
COc1cc(C=CC(=O)N(C)CC(O)c2ccc(O)cc2)ccc1O,0
C=C1C(=O)[C@]23C[C@H]1C[C@H](O)[C@H]2[C@]1(C)CC[C@H](OC(C)=O)C(C)(C)[C@H]1C(=O)[C@@H]3OC(C)=O,0
COc1c2c(c(S(=O)(=O)N3CCN(Cc4ccccc4)CC3)c3c1OCO3)CCN(C)C2,0
C[C@@H](C[C@H](O)[C@](C)(O)[C@@H]1CC[C@@]2(O)C3=CC(=O)[C@H]4C[C@@H](O)[C@@H](O)C[C@]4(C)[C@@H]3CC[C@]12C)[C@](C)(O)CO,0
CC(=O)OCC[C@H]1CC[C@H]2[C@@H]3CCC4=CC(=O)CC[C@]4(C)[C@H]3CC[C@]12C,0
C[C@]12CC[C@@]34COC(=O)[C@@H]3C=CC(=O)[C@@H]4[C@@]1(C)C[C@H](C1=CC(=O)O[C@@H]1O)O2,0
C/C=C1\CN(C)[C@H]2Cc3c(n([C@H]4C[C@H]5/C(=C\C)CN(C)[C@@H](Cc6c4[nH]c4ccccc64)[C@H]5C(=O)OC)c4ccccc34)[C@H](O)C[C@@H]1[C@H]2C(=O)OC,0
CCCCCCCCCCCCC/C=C/[C@@H](O)[C@H](CO[C@@H]1O[C@H](CO)[C@@H](O[C@@H]2O[C@H](CO)[C@H](O[C@@H]3O[C@H](CO)[C@H](O)[C@H](O)[C@H]3NC(C)=O)[C@H](O[C@]3(C(=O)O)C[C@H](O)[C@@H](NC(C)=O)[C@H]([C@H](O)[C@@H](CO)O[C@]4(C(=O)O)C[C@H](O)[C@@H](NC(C)=O)[C@H]([C@H](O)[C@@H](CO)O[C@]5(C(=O)O)C[C@H](O)[C@@H](NC(C)=O)[C@H]([C@H](O)[C@H](O)CO)O5)O4)O3)[C@H]2O)[C@H](O)[C@H]1O)NC(C)=O,0
C=C1C(=O)O[C@@H]2C[C@@]3(C)O[C@H]3CC(=O)C(=C)[C@@H](OC(=O)/C(C)=C\C)[C@H](O)[C@@H]12,0
C[C@@H]1O[C@@H](OC[C@@H]2O[C@@H](Oc3cc(O)c4c(=O)c(O)c(-c5ccc(O)c(O)c5)oc4c3)[C@H](O[C@@H]3OC[C@@H](O)[C@H](O)[C@H]3O)[C@@H](O)[C@@H]2O)[C@@H](O)[C@H](O)[C@H]1O,0
Cc1ccc(S(=O)(=O)Nc2ccc(=O)n3c2[C@@H]2C[C@@H](CN(C4CCN(C)CC4)C2)C3)cc1,0
C[C@]12CN3C[C@](C)(C[N@@](C1)[C@@H]3C1CCCC1)C2,0
CCCCC[C@H](C[C@@H](OC(=O)C1CCCCC1)C1(Cc2ccc(O)c(OC)c2)CCNCC1)OC(C)=O,0
CC[C@@H](C)[C@H]1NC(=O)[C@H]2CCCN2C(=O)[C@@H](C[C@H](O)CO)OC(=O)CCNC(=O)[C@@H](C)N(C)C(=O)[C@@H](C(C)C)N(C)C1=O,0
CNCC[C@H](CCC/C=C/C(=O)CCc1ccc(O)c(OCCc2ccc(O)c([C@H]3CC(=O)C4C=CN=C4CC#Cc4cc(C(N)N)ccc43)c2)c1)CCc1ccccc1,0
COc1cc(O)c2c(=O)c(O[C@@H]3OC[C@H](O)C(O)C3O)c(-c3ccc(O)c(O)c3)oc2c1,0
CC(C)=CCCC(=CCCC(C=O)=CCCC(C)=CCO)CO,0
C/C=C/C/C(C)=C\[C@H]1C/C=C/C=C/C[C@H](C)/C=C(\C)[C@@H](OC)C[C@@H](O)C[C@@H](O[C@@H]2O[C@H](CO)[C@@H](O)[C@H](OC)[C@H]2O)CC(=O)O1,0
O=C(COc1ccccc1)N1CCOC[C@H](Oc2ccccc2)C1,0
N[C@H]1CCN2C(=O)c3cc(Br)ccc3NC(=O)[C@@H]2C1,0
CC1OC(OC2C(C(=O)O)OC(OCC3OC(O)C(O)C(O)C3O)C(O)C2O)C(O)C(C)(O)C1O,0
CO[C@H]1C[C@@H](O[C@H]2O[C@H](CO)[C@@H](O)[C@H](O)[C@H]2O)[C@@H]2C(COC(=O)SC)=C[C@@H]3OC(=O)[C@H]1[C@H]23,0
CCCCC(CC)COC(=O)c1ccc(C(=O)OCC(CC)CCCC)cc1,0
CCCNCC1=C[C@H]2CC[C@@H](CCc3ccc(O)c(Cc4cccc(O)c4)c3)C#Cc3c4c(nc5c3[C@@H]1OC2C[C@H](O)[C@@H]1C=Cc2c(c(CO)cc(O)c2OCc2cc([C@]36c7c8cccc7C[C@@H]7CC[C@@H]9CCCC[C@]9(OC[C@@H]3CC8)[C@@H]76)cc3cn-5cc23)C1)N[C@@H]1OC[C@@H](CO)C[C@H]1C4,0
CCCCCCCCCCCCC(=O)OC[C@@H](COC(=O)CCCCCCCCCCCCCCCC(C)C)OC(=O)CCCCCCCCCCCC(C)C,0
CCCCCOc1ccc(N2C(=O)[C@@H]3C4c5ccccc5C(CC)(c5ccccc54)[C@H]3C2=O)cc1,0
C[C@@H]1CC[C@H]2[C@]3(C)COC(C)(C)O[C@H]3CC[C@]2(C)[C@]12CC[C@@](CO)(CCO)O2,0
CC(=O)N1CCC(N2C[C@@H]3C[C@H](C2)c2ccc(NS(=O)(=O)c4ccc(Cl)cc4)c(=O)n2C3)CC1,0
C[C@@H]1O[C@]23C=C(c4nccc5c4[nH]c4ccccc45)[C@@H]4CCN(CCCC/C=C\CC2)C[C@@]42CC/C=C\CCCCN1[C@H]23,0
COc1ccc(C(=O)[C@H](c2coc3cc(O)ccc3c2=O)C(c2ccc(O)cc2)c2ccc(O)cc2)c(O)c1,0
C=C1CC[C@@]2(OC1)O[C@H]1C[C@H]3[C@@H]4CC[C@H]5C[C@@H](OC(C)=O)CC[C@]5(C)[C@H]4CC[C@]3(C)[C@H]1[C@@H]2C,0
CN(CCP(=O)(c1ccccc1)c1ccccc1)CCP(=O)(c1ccccc1)c1ccccc1,0
C=C(CO[C@@H]1O[C@H](CO)[C@@H](O)[C@H](O)[C@H]1O)[C@@H]1CC=C(C)C(=O)C1,0
N[C@H](CCc1nc2ccccc2[nH]1)C(=O)O,0
CC(C)(O)[C@@H]1C[C@H]2[C@@](C)(C[C@@H]3C[C@@]32C)C[C@@H]1O,0
CCCCCCCCCCCCCCCCCCC(=O)O[C@H](COC(=O)CCCCCCCCCCCC)COC(=O)CCCCCCCCCCCCC,0
COc1ccc2c(C)c(CC(=O)N[C@H](C)CCc3ccccc3)c(=O)oc2c1OC,0
Cc1cc(O)c(-c2ccc3c(=O)[nH]c(=O)n(Cc4ccccc4Cl)c3n2)c(=O)o1,0
C[C@H](CCCc1ccccc1)CC[C@H](O)[C@]12[C@@H](O)CC[C@@](C)([C@H]3CCC4(CCCC4)C3)[C@@H]1[C@H]1C[C@](C)(C#CCC3(CCCCC3)C(=O)O1)[C@]2(O)CCC1=CC(=O)OC1,0
CC(C)=CCCC(C)C1CC[C@](C)(O)C2CC=C(C)C2[C@@H]1O,0
CC(=CCNc1nc[nH]c2ncnc1-2)CO,0
CC(=CCC1=C(C)C(=O)c2ccccc2C1=O)CCCC(C)(C)CCCC(C)(C)CCCC(C)(C)C,0
CC[C@H](C)C(=O)O[C@]1(C)C(=O)C(C)=C(OC)[C@@H]1O,0
C[C@H]1OC(O[C@H]2CC[C@@]3(CO)[C@H](CC[C@@H]4[C@@H]3CC[C@]3(C)[C@@H](C5=CC(=O)OC5)CC[C@]43O)C2)[C@H](O)[C@H](O)[C@@H]1O,0
O=C(CNC(=O)c1ccccc1)Oc1ccc2ccc(=O)oc2c1,0
CCCCCCCCCCCCCCCCCCCCCC(=O)OC[C@H](COC(=O)CCCCCCCCCCCCCCCCCC)OC(=O)CCCCCCCCCCCCCCCCCCC,0
CC1CC2=C3[C@H]4C5=C6[C@@H]7C[C@]14CC/C7=C/[C@@H](C1CCCCC1)C[C@H]1[C@]64C(=O)O/C(=C(/O)C[C@@H](C6CCCCC6)[N@@]6C[C@H]7C[C@@H](C6)[C@@H](CC2)N3C7)[C@@]4(CC5)[C@]12OC(=O)c1c(CCCN)cccc12,0
COc1cc(CCc2ccc(O)c(O)c2)cc(OC)c1OC,0
CSc1cccc(=O)c2c(=O)osc12,0
Oc1[nH]ncc2ccnc1-2,0
C[C@@](O)(CC(=O)O)CC(=O)OC[C@H]1O[C@@H](Oc2c(-c3ccc(O)cc3)oc3cc(O[C@@H]4O[C@H](CO)[C@@H](O)[C@H](O)[C@H]4O)cc(O)c3c2=O)[C@H](O)[C@@H](O)[C@@H]1O,0
CCCCCCCCCCCCCCCCCCCCC(=O)O[C@@H](COC(=O)CCCCCCCCCCCCCCCCCC(C)C)COC(=O)CCCCCCCCCCCCCCCCC(C)C,0
CC(C)=CCCC(C)C1CC=C(C)C2CC=C(C)C2[C@@H]1O,0
COc1cc([C@@H]2O[C@@H](CC(=O)CCc3ccc(O)cc3)[C@@H]3[C@H]2[C@H](CC(=O)CCc2ccc(O)cc2)O[C@H]3c2ccc(O)cc2)ccc1O,0
C/C(=C/C(=O)O)CC[C@H]1C(C=O)=CC[C@H]2C(C)(C)CCC[C@]12C,0
CSCC[C@@H]1/N=C(\O)[C@H](C(C)C)/N=C(\O)[C@H](Cc2c[nH]c3ccccc23)/N=C(\O)[C@H](Cc2ccccc2)/N=C(\O)[C@H](Cc2ccccc2)/N=C(\O)[C@@H]2CCCN2C(=O)[C@H](CC[S+](C)[O-])/N=C(/O)[C@H](CC(C)C)/N=C/1O,0
CC(=O)N[C@@H](CCCNC(=O)C[C@@H](N)CCCNCC(=O)C[C@@H](N)CCCN)CC(=O)N[C@@H]1[C@@H](O)[C@@H](O)[C@@H](COC(N)=O)O[C@@H]1/N=C1/N[C@@H]2[C@H](O)CNC(=O)[C@@H]2N1,0
CCCCCCCCCCCCCCCCCCC(=O)OC[C@H](COC(=O)CCCCCCCCCCCCCCCCCCCCC(C)CC)OC(=O)CCCCCCCCCCC(C)C,0
CCC[C@@H]([C@@H]1C[C@@H](Cc2ccnc(N)c2)C[C@H]2C#C[C@H](c3ccccc3CCC(C)C)c3cc(O)c(OC)cc3CCC(=O)[C@H](O)C(=O)[C@H]2C1)[C@H](O)C[C+]1C=C(C(C)C)C=N1,0
CCN1CCC2(CC1)N=C(c1ccc(Br)cc1)C[C@@H](c1cccc(OC)c1O)N2,0
CCOC(OCC)[C@H](CCCNC(=N)N)NC(=O)[C@H](CC(C)C)NC(=O)CCC(=O)N[C@H](CC(=O)[O-])C[N+](C)(C)C,0
CC(C)(OC1OC(CO)C(O)C(O)C1O)C(O)CC(=O)c1ccoc1,0
CCC(C)[C@H](NC(=O)[C@H]1N2C(=O)c3ccccc3C2SC1(C)C)C(=O)NCCc1ccccc1,0
CC(C)(C)NC(=O)C[C@@H]1CCNC[C@@H]1Cc1cc(-c2ccc(C(C)(C)C)cc2)on1,0
C=C(CO[C@@H]1O[C@@H](CO[C@@H]2OC[C@H](O)[C@H](O)[C@H]2O)[C@@H](O)[C@H](O)[C@H]1O)[C@H]1Cc2c(ccc3c2O[C@@H]2COc4cc(OC)c(OC)cc4[C@@H]2C3=O)O1,0
COc1cc(C=C2OC(=O)C(c3ccc(O)cc3)=C2O)cc(O)c1O,0
CCCCCCCCCCCCCCCCCCC(=O)O[C@H](COC(=O)CCCCCCCCCCCCCCCCCCCCC(C)C)COC(=O)CCCCCCCCCCCCCCCCCCCCC(C)CC,0
COC(=O)CCc1cc2c(cc1NC(C)=O)NC(=O)CC2,0
CC(=O)O[C@H]1C[C@H]2[C@@H]3CC[C@H]4C[C@H](O)CC[C@]4(C)[C@H]3[C@@H](O)C[C@]2(C)[C@H]1[C@@](C)(O)C1=CC(C)C(C)(C)O1,0
Oc1cc(O)c2c(c1)O[C@@H](c1cc(O)c(O)c(O)c1)[C@H](O)C2,0
CC/C=C\C/C=C\C/C=C\C/C=C\C/C=C\C/C=C\CCC(=O)OC[C@H](COC(=O)CCCCCCCCCCCCCCCCC)OC(=O)CCCCCCCCCCCCCC,0
O=c1c(O[C@@H]2O[C@@H](CO)[C@@H](O[C@H]3O[C@@H](CO)[C@@H](O)[C@@H](O)[C@H]3O)[C@@H](O)[C@@H]2O)c(-c2ccc(O)c(O)c2)oc2cc(O)cc(O)c12,0
CCCCCCCCCC/C=C\CC[C@H]1O[C@H]1CC[C@@H]1O[C@@H]1CCCCCCCCCCCCC1=CC(C)OC1=O,0
C=C1C(=O)O[C@@H]2C/C(COC(C)=O)=C\CC[C@](C)(O)C[C@@H](OC(=O)/C(C)=C\C)[C@@H]12,0
COc1cc(CC(=O)O[C@H]2CC[C@@]3(C)C(=CC[C@H]4[C@H]3CC[C@]3(C)[C@@H]([C@H](C)CCCC(C)C)CC[C@@H]43)C2)cc(OC)c1OC,0
O=C1c2ccccc2-c2c1c1ccccc1c(=O)n2CCCc1ccco1,0
CNCc1cccc(-c2cc(O)cc3ccc([C@]4(C(=O)O[C@H]5C[C@@H]6c7cc(OC)c(O)cc7C[C@H]7[C@H]6[C@@]6(/C=C/c8ccccc8)[C@H](Cc8cc(OC)c(O)cc8[C@@H]6C[C@@H]7O)[C@H](OC(C)=O)C5)CCC[C@H]4CCC(O)O)cc23)c1,0
O[C@@H](CCc1ccccc1)C[C@H](O)c1ccccc1,0
CCCCCCCCCCCC[C@@H](O)[C@H]1CC[C@H]([C@H]2CC[C@H]([C@@H](O)CCCCCCCC[C@H](O)CC3=C[C@@H](C)OC3=O)O2)O1,0
CC(=O)O[C@H]1[C@H](OC(C)=O)[C@H]2C(C)(C)CCC[C@]2(C)[C@@H]2Cc3occc3[C@H](C)[C@@H]12,0
CC(C)CCC[C@@H](C)[C@H]1CC[C@H]2[C@@H]3C(=O)C[C@@H]4C=CCC[C@]4(C)[C@H]3C(=O)C[C@]12C,0
Cc1cccc(C=C2Oc3cc(OCC(=O)OC(C)C)ccc3C2=O)c1,0
Cc1ccccc1C(O)CCC(N)=O,0
CC(C)C[C@H](NC(=O)[C@@H](O)[C@H]1O[C@](C)(O)[C@H](C)N[C@H]1CC(N)=O)[C@@H]1Cc2cccc(O)c2C(=O)O1,0
C/C=C1/CN2CC[C@]34c5ccccc5N5[C@@H](O)[C@@]67[C@@H]8N(c9ccccc9[C@@]89CCN8C/C(=C/C)[C@@H]6C[C@H]89)[C@@H](O)[C@@]7([C@H]53)[C@H]1C[C@H]24,0
O=C(O[C@@H]1[C@@H](OC(=O)c2cc(Oc3cc4c(c(O)c3O)-c3c(cc(O)c(O)c3O)C(=O)O[C@@H]3[C@@H](OC4=O)[C@@H](O)O[C@@H]4COC(=O)c5cc(O)c(O)c(O)c5-c5c(cc(O)c(O)c5O)C(=O)O[C@@H]34)c(O)c(O)c2O)[C@H](O)O[C@@H]2COC(=O)c3cc(O)c(O)c(O)c3-c3c(cc(O)c(O)c3O)C(=O)O[C@@H]12)c1cc(O)c(O)c(O)c1,0
CCCCOc1ccc(C(=O)NCC(=O)O)cc1,0
CC(C)=CCC[C@@H](C)[C@H]1CC[C@@]2(C)C3=C([C@H](O)C[C@]12C)[C@]1(C)[C@@H](CC3=O)[C@@](C)(C(=O)O)[C@@H](O)C[C@H]1O,0
Cc1ccc(Oc2cc(C)c(Cl)c(C)c2)c(N)c1,0
O=C(/C=C/c1ccc(O)c(O)c1)O[C@@H]1O[C@H](C(=O)O)[C@@H](O)[C@H](O)[C@H]1O,0
CCCCCCCCCCCCCCCCCCC(=O)O[C@@H](COC(=O)CCCCCCCCCCCCCCCCCCCCC(C)C)COC(=O)CCCCCCCCCC(C)C,0
CC1(C)[C@H](O)CC(=O)[C@@]2(C)[C@H]1CC(=O)[C@]1(C)[C@H]2CC[C@@]2(C)[C@H](c3ccoc3)OC(=O)[C@H]3O[C@]321,0
Cn1cc(NC(=O)c2cc(NC(=O)c3cc(NC=O)c[nH]3)cn2C)cc1C(=O)NCCC(=N)N,0
C=CCc1ccc(O[C@H]2O[C@H]3[C@@H](O)[C@H](O)[C@]24C[C@@H]([C@@H](O)CC#CO[C@H]3CCCO)[C@H](CCO)C=C(Cc2ccccc2)O4)cc1,0
CC(=O)Oc1c(C)cccc1C(=O)O,0
Cc1ccc(S(=O)(=O)OC[C@H]2CC[C@H]3[C@@H]4CC[C@H]5C[C@H](O[C@@H]6CCCCO6)CC[C@]5(C)[C@H]4CC[C@]23C)cc1,0
O=C(OCC1=C[C@@H](O)[C@@H]2CCO[C@@H](O[C@@H]3O[C@H](CO)[C@@H](O)[C@H](O)[C@H]3O)[C@H]12)c1ccccc1,0
Cc1ccc(CNC(=O)[C@@H](NC(=O)[C@H]2N3C(=O)c4ccccc4[C@H]3SC2(C)C)C(C)C)cc1,0
Cc1c(CCC(=O)O)c(=O)oc2cc3c(cc12)CCC(C)(C)O3,0
CC/C=C\C/C=C\C/C=C\CCCCCCCC(=O)O[C@@H](COC(=O)CCCCCCCCCCCCCC)COC(=O)CCCCCCCCCCCCCCCCCC,0
C[C@@H](C(=O)N1CCCC2=C[C@H]3C[C@@H](CN4CCCCC34)C21)c1ccc(C[C@@H]2CCCC2=O)cc1,0
CCCCCCCC/C=C\CCCCCCCC(=O)OC[C@H](COC(=O)CCCCCCCCCCCCCCCCCCC)OC(=O)CCCCCCCCCCCCCCCCCCCCC,0
CCCCC/C=C\C/C=C\C/C=C\CCCCC(=O)OC[C@H](COC(=O)CCCCCCCCCCCCCCCCCCCCC)OC(=O)CCCCCCC/C=C\C/C=C\CCCCC,0
C[C@H]1CC[C@@]2(OC1)O[C@@H]1C[C@H]3[C@H]4CC[C@@H]5C[C@@H](O[C@H]6O[C@@H](CO)[C@H](O[C@H]7O[C@@H](CO[C@H]8O[C@@H](CO)[C@@H](O)[C@@H](O)[C@@H]8O)[C@H](O)[C@@H](O)[C@@H]7O[C@@H]7O[C@@H](CO)[C@@H](O)[C@@H](O)[C@@H]7O)[C@@H](O)[C@@H]6O)CC[C@]5(C)[C@H]4CC[C@]3(C)[C@@H]1[C@H]2C,0
C[C@H](NC(=O)[C@@H](N)CCC[C@H](N)C(N)=O)C(=O)N[C@H](C)C(=O)O,0
C=C1C[C@@]23CC[C@@H]4C(C)(C)[C@H](OC(C)=O)CC[C@@]4(C)[C@H]2CC[C@@H]1C3,0
COc1ccc([C@@H]2c3cc4c(cc3C(=O)[C@H](C)[C@H]2C)OCO4)cc1OC,0
N#C[Fe-2](C#N)(C#N)(C#N)(C#N)N=O,0
CC[C@H](C)[C@@H]1NC(=O)[C@H](C)NC1=O,0
C/C=C1/CN2[C@H]3C[C@@H]1C(CO)[C@@H]2Cc1c3n(C)c2ccccc12,0
CCCCCCCCCCCCCCCCCC(=O)O[C@H](COC(=O)CCCCCCCCCCCCCCCCC(C)CC)COC(=O)CCCCCCCCCCCCCCC(C)C,0
O=C1C(=Cc2cc(Br)cc3c2OCOC3)Oc2cc(OCc3ccc(Cl)cc3)ccc21,0
CCOC(=O)[C@@H]1C=C(C#N)O[C@H]2[C@@H]1C(=O)N(C)C(=O)N2C,0
C=C(CC[C@@H](C)[C@H]1CC[C@H]2C3=C(C(=O)C[C@]12C)[C@]12CC[C@](O)(OC1)C(C)(C)[C@@H]2[C@@H](O)C3)C(C)(C)O,0
C=C[C@H]1[C@@]2(C)C=CC(=O)[C@]1(C)[C@@]1(C)O[C@H]3/C(=C\C)C(=O)O[C@H]3[C@@H]21,0
O=C1C[C@H]2OCC=C3C[N@+]4(O)CC[C@@]56c7ccccc7N1[C@@H]5[C@@H]2[C@H]3C[C@@H]64,0
CC(C)=CC[C@H](O)[C@@H](C)[C@H]1CC[C@@]2(C(=O)[O-])C3=C(CC[C@]12C)[C@@]1(C)CC[C@H](O[C@@H]2O[C@H](CO)[C@H](O)[C@H](O)[C@H]2O[C@H]2OC[C@H](O[C@@H]4O[C@H](CO)[C@H](O)[C@H](O)[C@H]4O)[C@H](O)[C@H]2O)[C@](C)(O)C1CC3.[Na+],0
CCOC(=O)c1c(-c2ccccc2)oc2ccc(OC(=O)c3ccc(Cl)cc3)cc12,0
CC(=O)Oc1ccc2c(=O)c(-c3ccc(Cl)cc3)c(C)oc2c1,0
CC(=O)OC[C@H](CO)OC(=O)/C=C(\C)CC[C@]1(C)[C@@H](C)[C@@H](O)C[C@]2(C)C(C)=CCC[C@@H]12,0
C=C1C(=O)O[C@@H]2[C@H]1[C@H](OC(=O)C(C)C)C[C@@]1(C)OC(=CC1=O)C(=C)[C@@H]2O,0
COc1cc(C=CC(=O)OCC2OC(COC(=O)C=Cc3ccc(O)c(OC)c3)(OC3OC(CO)C(O)C(O)C3OC(C)=O)C(OC(=O)C=Cc3ccc(O)c(OC)c3)C2O)ccc1O,0
O=C1C[C@@H](O)C[C@@H](CCc2ccccc2)O1,0
C[C@@H]1CC[C@H](O)[C@]2(CO)CC[C@@H]3[C@@H]([C@@H]12)C3(C)C,0
C=C(C)CCCC(C)CCOC(=O)CCC,0
OC[C@@H]1[C@H]2[C@H](O[C@@H]3O[C@H](CO)[C@@H](O)[C@H](O)[C@H]3O)OC=C[C@H]2C[C@@H]1O,0
COc1ccc(-c2noc([C@H](C)O)c2C(=O)NCc2ccncc2)cc1,0
O=C(c1ccccc1)c1ccc(N=Cc2ccccc2O)c(N=Cc2ccccc2O)c1,0
CCCCC[C@H](O)/C=C/C(CCc1ccccc1)=C(\C[C@H](O)CO)[C@H](CCCCCCC(=O)O)NC[C@](C)(O)c1cccc(O)c1,0
COc1c(C[C@H](O)C(C)C)c(O)c(CC=C(C)C)c2occ(-c3ccc(O)cc3)c(=O)c12,0
CN(C)CCNC(=O)C[C@@H]1c2nc(N)sc2C[C@@H]2[C@](C)(CO)[C@H](O)CC[C@]21C,0
C=C1C(=O)O[C@@H]2[C@H]3C(=C)[C@@H](O)CC3=C(CO)C[C@H](OC(=O)/C(C)=C\C)[C@@H]12,0
COC(=O)[C@@]12Oc3ccc(-c4ccc5c(c4O)C(=O)C4=C(O)C[C@H](C)[C@@H](O)[C@]4(C(=O)OC)O5)c(O)c3C(=O)C1=C(O)C[C@H](C)[C@H]2O,0
CC(=NCCN)c1c(O)n(-c2ccccc2)c2ccccc2c1=O,0
Cc1nc([C@H]2CC[C@@H](O)[C@H](NC(=O)c3nccs3)C2)n(-c2nc3ccccc3[nH]2)n1,0
CC(C)[C@](O)(C(=O)OC[C@@H]1CC[N@+]2([O-])CCC[C@@H]12)[C@H](C)O,0
COC(=O)C1OC(n2cc(C)c(=O)[nH]c2=O)CC1O,0
Nc1nc(=O)c2ncn([C@@H]3O[C@H](COP(=O)(O)OP(=O)(O)OP(=O)(O)OC[C@H]4O[C@@H](n5cnc6c(=O)nc(N)[nH]c65)[C@H](O)[C@@H]4O)[C@@H](O)[C@H]3O)c2[nH]1,0
COC(=O)CCCCCCCC[C@H](I)CCCCCCI,0
O=C(O)CCc1ccc(O)cc1,0
CCCCCCC(=O)CCCCCC/C=C/[C@H](O)[C@@H](O)[C@H](O)[C@](C)(N)C(=O)O,0
CC/C=C\C/C=C\C[C@@]1(O)C=C(Cl)C(=O)/C1=C/[C@H](OC(C)=O)[C@H](CCCC(=O)OC)OC(C)=O,0
C=C1C(=O)O[C@@H](CCCCCCCCCCCCC)[C@@H]1C(=O)O,0
COc1ccc(-c2ccc(=O)n3c2[C@@H]2C[C@@H](CN(S(=O)(=O)c4ccc(NC(C)=O)cc4)C2)C3)cc1,0
C=C(CC/C=C(\C)CO)[C@H]1CC[C@]2(C)[C@@H]1CC[C@@H]1[C@@]3(C)CCC(=O)C(C)(C)[C@H]3CC[C@]12C,0
C#CCN[C@@H]1CCc2ccccc21,0
C/C1=C/[C@@H](C)C/C=C\[C@H]2C=C(CO)[C@@H](C)[C@H]3[C@H](Cc4c[nH]c5ccccc45)NC(=O)[C@]32C(=O)CCC(=O)C1,0
CC(C)CC[C@]1(C)CCC2=C[C@@H]3[C@@H]4C5=C2[C@]26C(=O)O/C(=C(/O)C[C@H](CC7CCCCC7)[N@@]7C[C@H]8C[C@@H](C7)[C@@H]7C=CC(=C4N7C8)C[C@H]3C)[C@@]2(CC5)[C@]2(OC(=O)c3c(CCCN)cccc32)[C@H]6C1,0
CCCCc1cc2c(=O)c(-c3csc(C)n3)coc2cc1OC(=O)[C@@H](CCSC)NC(=O)OC(C)(C)C,0
COc1ccc(CNC(=O)CC[C@@H]2CNC(=O)[C@@H]3C[C@H](NCc4ccc(CO)o4)CN23)cc1,0
CC(=O)O[C@H]1C[C@@]2(O)[C@@H](OC(C)=O)[C@@H]3[C@]4(CO4)[C@@H](OC(C)=O)C[C@H](O)[C@@]3(C)[C@@H](O)[C@H](O)C(=C1C)C2(C)C,0
Cc1cc(=O)oc2cc(OCC(=O)Nc3ccc(Br)cc3)ccc12,0
CCOC(=O)c1cccc(C(=O)CO[N+](=O)[O-])c1,0
CC(=O)O[C@@H]1C(O)[C@H](Oc2cc(O)c3c(=O)cc(-c4ccc(O)cc4)oc3c2)OC(COC(=O)/C=C/c2ccc(O)cc2)[C@H]1O,0
COc1ccc(C2N3CCCN23)cc1OC,0
O=S(=O)(c1cccc(Cl)c1)N1CCC2(CC1)Nc1ccccc1-n1cccc12,0
CCCCCCCCCCCCCC(=O)O[C@@H](COC(=O)CCCCCCC)COC(=O)CCCCCCCCC,0
CCOc1ccc(C(=O)OC2C[C@H]3CCC[C@@H](C2)[N+]3(C)C)cc1,0
CC[C@H]1C[C@H]2C[C@@]3(C(=O)OC)c4[nH]c5cc(OC)ccc5c4CCN(C2O)[C@@H]13,0
O=S(=O)(c1cccnc1)N1CCc2[nH]c3ccccc3c2C1,0
C=C(C)[C@@H]1CC[C@]2(C)CC[C@]3(C)[C@H](CC[C@@H]4[C@@]5(C)[C@H](OC(C)=O)C[C@@H](O)C(C)(C)[C@@H]5CC[C@]43C)[C@@H]12,0
COC(=O)[C@]1(C)CC[C@]2(C)CC[C@]3(C)C4=CC=C5C(=CC(=O)[C@@]6(O)Oc7cc8c(c(C)c7O[C@@]56C)C=C[C@@H]5[C@@]8(C)CC[C@@]6(C)[C@@H]7C[C@](C)(C(=O)OC)CC[C@]7(C)CC[C@]56C)[C@]4(C)CC[C@@]3(C)[C@@H]2C1,0
CNC[C@H](O)c1ccc(O)c(CC(C)C)c1,0
C/C1=C/CC[C@@](C)(O)/C=C/[C@H](C(C)C)CC1,0
COc1ccc(CCOc2ccccc2C2CC(=O)Oc3ccc4c(=O)c(-c5ccccc5)coc4c32)cc1,0
CCOC(=O)C[C@@](C)(O)[C@@]12O[C@@H]1C[C@@H]1[C@H]3CC=C4C[C@@H](OC(C)=O)CC[C@]4(C)[C@@H]3CC[C@@]12C,0
CO[C@@H]1C[C@@H](C[C@H]2CC[C@H](C)[C@H]([C@@H](C)C(=O)O)O2)O[C@]2(O[C@](C)([C@H]3CC[C@@](C)([C@@H]4O[C@@H]([C@H]5O[C@](C)(O)[C@@H](C)C[C@@H]5C)C[C@@H]4C)O3)C[C@H]2C)[C@@H]1C,0
C[C@@H]1O[C@@H](O[C@H]2[C@H](O[C@H]3[C@H](O[C@H]4CC[C@]5(C)[C@H]6CC=C7[C@@H]8C[C@](C)(CO)C[C@@H](O)[C@]8(C)CC[C@@]7(C)[C@]6(C)CC[C@H]5C4(C)C)O[C@H](C(=O)O)[C@@H](O)[C@@H]3O)O[C@H](CO)[C@H](O)[C@@H]2O)[C@H](O)[C@H](O)[C@H]1O,0
CCCCCCCCC(C)C(C)CCCCCC(=O)O,0
Cc1ccc2c(c1)N(C(=O)CSc1nc(O)c3ccccc3n1)CCO2,0
CCOC(=O)C=CC(C)C,0
CC(C)C[C@H](NC(=O)[C@H]1N2C(=O)c3ccccc3[C@@H]2SC1(C)C)C(=O)N[C@@H](C)c1ccccc1,0
C/C=C(/C)C(=O)OCc1c2c(c(OC)c3occ(C)c13)C=C[C@@H](OC(C)=O)[C@@H]2C,0
CC(=O)O[C@H]1C[C@@H](C)[C@](C)(C2C[C@H]3CC(O)O[C@H]3O2)[C@H]2C[C@@H](O)C[C@]3(CO3)[C@]12COC(=O)C[C@H](C)OC(=O)C[C@H](C)OC(C)=O,0
CC1COC(C(C)c2ccccc2)O1,0
CC(CO)[C@H]1C(=O)C=C[C@]2(O)[C@H](O)CC[C@H](C)[C@@]12C,0
O=C(Oc1c(CO)[nH]c2ccc3cc4ccccc4cc3c12)[C@@H]1O[C@@](O)([C@@]2(O)CCC[C@@H]2CO)[C@H](O)[C@H]1OCc1ccccc1,0
CCCc1cnc(C)c(C)n1,0
CCCC=CC=CC(=O)NCCc1ccccc1,0
CCCCCCCCCCCCCC(=O)OC[C@H](COC(=O)CCCCCCCCC(C)CC)OC(=O)CCCCCCCCCCCCCCCC(C)C,0
C#CCOC(=O)[C@]1(C)CC[C@]2(C)CC[C@]3(C)C(=CC(=O)[C@@H]4[C@]5(C)CC[C@H](OC(C)=O)C(C)(C)[C@@H]5CC[C@@]43C)[C@@H]2C1,0
COC(=O)C[C@H]1Cc2cc3c(c(O)c2[C@H](C)O1)C(=O)[C@H]1C[C@]3(OC(C)=O)c2c(O)c3c(c(O)c21)C(=O)C(O)=C(C[C@@H](O)CC(=O)O)C3=O,0
C=C1CCCC(C)(C)[C@@H]2CC[C@@](C)(C3C4OC(=O)C(OC(C)=O)C3C(OC(C)=O)O4)[C@H]12,0
O=C(CO)CCC(=O)OCCc1cc(O)c2c(c1)OCO2,0
Cc1c(CC(=O)N[C@@H](Cc2ccc(Cl)cc2)C(=O)O)c(=O)oc2cc(O)c(Cl)cc12,0
Cc1cc(OCC(=O)O)c(C)c2c1CC[C@@H]([C@H](C)C(=O)NC1CCCC1)C2,0
C[C@H](/C=C/[C@@H]1C[C@@H]1C)[C@H]1CC[C@H]2[C@@H]3CC[C@H]4C[C@@H](O)CC[C@]4(C)[C@H]3CC[C@]12C,0
CNC1C(O)C(OC2C(N)CC(N)C(OC3OC(CNC=O)=CCC3N)C2O)OCC1(C)O,0
CO[C@@H]1C=C[C@@]23c4cc5c(cc4C[N+]([O-])(CCC(C)C)[C@@H]2C(=O)N(C)[C@H]3C1)OCO5,0
C=C1C(=O)O[C@@H]2C[C@H](C)C3=CC(=O)[C@@](C)(C[C@H](OC(=O)[C@](C)(O)CO)[C@@H]12)O3,0
COc1ccc(-c2oc3cc(O[C@@H]4OC(C(=O)O)[C@@H](O)[C@H](O)C4O)cc(O[C@@H]4OC(CO)[C@@H](O)[C@H](O)C4O)c3c(=O)c2O)cc1O,0
C=CC(O)CCC=CC,0
CN1C(=O)[C@]23SSS[C@]1(C)C(=O)N2[C@H]1Nc2ccccc2[C@@]1(c1c[nH]c2ccccc12)[C@@H]3O,0
COc1ccc(-c2noc(-c3ccccc3OCC(=O)NCCc3ccccc3)n2)cc1,0
CC[C@@H]1C[C@@H]2CC[C@H](O2)[C@@H](C)C(=O)O[C@@H](CC)C[C@@H]2CC[C@H](O2)[C@H](C)C(=O)O[C@@H](C)C[C@@H]2CC[C@@H](O2)[C@@H](C)C(=O)O[C@@H](C)C[C@H]2CC[C@@H](O2)[C@H](C)C(=O)O1,0
CC[C@H](C)[C@H]1/N=C(/O)[C@@H](Cc2ccc(OC)cc2)/N=C(/O)[C@H](CCCCCC(=O)[C@@H]2CO2)/N=C(/O)[C@@H]2CCCN2C1=O,0
Cc1c(C)c2ccc(OC(C)C(=O)N[C@@H](Cc3ccccc3)C(=O)O)c(C)c2oc1=O,0
COC(=O)C1=COC(O[C@H]2OC(CO)[C@@H](O)C(O)[C@@H]2O)[C@@H]2[C@@H](C)CC(=O)[C@]12O,0
O=[N+]([O-])c1cncnc1NC1OC(CO)C(O)C1O,0
CC1O[C@@H](O[C@H]2C(=O)c3c(O)cc(O)cc3O[C@@H]2c2ccc(O)c(O)c2)[C@@H](O)C(O[C@@H]2OC(CO)[C@@H](O)[C@H](O)C2O)[C@H]1O,0
C=C1/C=C\[C@@H](C(C)C)CCC(=C)[C@H](O)CC1,0
Cc1cc(O)c2c3c(cc(O)c2c1)C(=O)c1c(ccc([C@@H]2C[C@@H]4O[C@H]5O[C@H](C)C(=O)C[C@H]5O[C@@H]4[C@@H](C)O2)c1O)C3=O,0
CCC=CCC=CCC=CCCCCCCCC(=O)OC(COC(=O)CCCCCCCC=CCCCC=CCCCCC)COC(=O)CCCCCCCC=CCCCCCCCC,0
CCCCCc1cc(O)c(CCCC)c(O)c1[C@H]1O[C@@H](C)[C@H](O)[C@@H](O)[C@H]1O,0
COc1ccc(C2CC(=O)Oc3cc4c(c(OC)c32)C(=O)O[C@@H](C)CCCC(=O)CCCC=C4)cc1,0
COc1c(-c2ccccc2)oc2c(cc(O[C@@H]3OC(CO)[C@@H](O)[C@H](O)C3O)c3occc32)c1=O,0
CC1(C)O[C@H]2CC(=O)OC[C@]23[C@H]2CC[C@@]4(C)[C@H](c5ccoc5CCCCCCCO)OC(=O)[C@H]5O[C@]54[C@@]24CC=C[C@@]13C(=O)[C@H]4O,0
C=C(C)COc1cc(C)cc2oc(=O)c(CC(=O)NC[C@H]3CCCN3CC)c(C)c12,0
C=C1C[C@@]23CC(=O)[C@@H]4C5(C)CCC[C@@]46[C@@H]2C(=O)[C@@H]1C[C@@H]3[C@H]6N1CCO[C@H]15,0
Cc1ccc2nc(NC(=O)[C@H](Cc3c[nH]c4ccccc34)NC(=O)OCc3ccccc3)sc2c1,0
CC(=O)O[C@H]1C[C@H](O)[C@H](C)[C@H]2[C@@]1(C)[C@]1(OC(C)=O)[C@@H](OC(C)=O)C/C(C)=C\[C@@H]3OC(=O)[C@@]4(C)O[C@]34[C@]21OC(C)=O,0
CCCCC/C=C\C/C=C\C/C=C\CCCCCCC(=O)OC[C@H](COC(=O)CCCCCCC/C=C\CCCCCC)OC(=O)CCCCCCCCCCCCCCCCCCCCCCC,0
CC(C)N1CCc2cc3c(cc2C1)OCO3,0
COc1cc2ccc(=O)oc2c(OC)c1OC[C@@]1(C)[C@@H]2CCC(=O)[C@H](C)[C@@]2(C)CC[C@H]1C,0
COc1ccc(C(=O)O[C@H]2C[N@]3CC[C@H]2CC3)cc1,0
CCC[C@H](O)C[C@@H](O)CC(=O)CCc1ccc(O)c(OC[N+]2=CC3=NC=C([C@@]4(c5cccc(C(N)N)c5)CC[C@H](CCO)C4)C3=C2)c1,0
CC(=O)O[C@H]1C[C@@H]2[C@@]3(C)CCCC(C)(C)[C@@H]3CC[C@@]2(C)[C@@H]2CC=C(C=O)[C@H](CO)[C@@]12C,0
O=C([O-])c1cc(=O)[nH]c(=O)[nH]1.O=C([O-])c1cc(=O)[nH]c(=O)[nH]1.[Mg+2],0
C=C1CC[C@@H]([C@H](C)CC[C@H](O)C(C)(C)O)[C@@H](OC(C)=O)[C@@H]2C(C)=CC[C@@H]12,0
CN(C)c1ccc(CNC[C@H]2C[C@@H]3CCN2C[C@@H]3c2cc(C3CCCCC3)nn2C)cc1,0
COc1cc(-c2oc3cccc(O)c3c(=O)c2OC)ccc1O,0
COC(=O)[C@@H]1N=C1/C=C\CCCCCCCCCC=C(Br)Br,0
Cc1ccc([C@@H]2NCCC3(O)CCCCC23)cc1.Cl,0
COc1cc(O)ccc1-c1oc2cc(O)cc(O)c2c(=O)c1OC,0
C=C1CCC2C(C)(CO)CCCC2(C)C1COC(C(=O)O)C(CC(=O)O)C(=O)OC,0
N=C(N)c1cc2c(I)cccc2s1,0
CN=C(N)NCCC/C=C/CCC[C@@H](C)C[C@@H](C)[C@@H]1OC(=O)[C@H](C)[C@H](O)/C=C\[C@@H](C)[C@@H](O)C[C@H](O)[C@@H](C)[C@H](O)CC[C@@H](C)[C@@H](O)C[C@]2(O)O[C@H]3CC(C[C@@H](O)C[C@H](O)[C@H](C)[C@@H](O)/C=C\C=C/[C@H]1C)OC(=O)CC(=O)O[C@@H]2[C@@H](O)C3.O=C(O)CC(=O)O,0
O=C1[C@@H]2Cc3c([nH]c4ccccc34)[C@H](c3cccc([N+](=O)[O-])c3)N2C(=O)CN1C[C@@H](O)c1ccccc1,0
CCCCC[C@H](O[C@@H]1OC[C@H](O[C@@H]2OC[C@H](O)[C@H](O[C@@H]3OC[C@H](OC(C)=O)[C@H](OC(C)=O)[C@H]3OC(C)=O)[C@H]2O)[C@H](O)[C@H]1O)[C@@H](CCCCCCCC(=O)CCCCCCCCCCCC(=O)NCCCCN(C)C)OC(C)=O,0
CC(C)[C@H]1CC[C@]2(C)C[C@@H]3OO[C@]12[C@@H](OO)C=C3C=O,0
O=C(c1cccnc1)N1C[C@@H]2C[C@@H](O)CN2C2(C1)CN(C(=O)c1ccccc1)C2,0
CC[C@@H](CC[C@@H](C)[C@H]1CC[C@H]2[C@@H]3CCC4CCCC[C@]4(C)[C@H]3CC[C@]12C)C(C)C,0
CC(=NCCO)c1c(O)n(C)c2ccccc2c1=O,0
C[C@H](N)CCCCCCCCCCC[C@H]1CCCN1CCO,0
O=C(Cn1c(=O)cc(C(=O)N2CCCC2)c2ccccc21)Nc1cccc(Br)c1,0
Cc1cn([C@H]2C[C@H](OP(=O)(O)O)[C@@H](COP(=O)(O)O)O2)c(=O)[nH]c1=O,0
C=c1oc2nncn2c1=C,0
COc1c(O)cc2oc(-c3ccc(O)cc3)c(O[C@@H]3O[C@H](C(=O)O)[C@@H](O)[C@H](O)[C@H]3O)c(=O)c2c1O,0
CCC/C=C1\OC(=O)C2=C1CC[C@H]1[C@@H]3C=C4C(=O)O[C@@H](CCCC)[C@]4(CC3)[C@@H]21,0
C[C@@H]1CC[C@@H](C)C12CC[C@@H]1C2=C[C@@]2(C)CCC(C)(C)[C@@H]12,0
Cc1cc(=O)oc2cc(O[C@H](C)C(=O)NCC(=O)O)ccc12,0
C[C@H](CCCc1ccccc1)C[C@H]1C#C[C@@H]2CCCC[C@@H]2C(=O)O[C@@H]2C[C@@H](C)[C@](O)(CCC3=CC(=O)OC3)C3([C@@H]1O)[C@@H]2[C@](C)([C@H]1CC[C@]24CC[C@@H]5C[C@]6(c7ccccc7)CCCC[C@@H]6c6ccc7cccc(c7c6[C@@H]52)[C@@H]4C1)CC[C@@H]3O,0
CSc1cc(=O)oc2cccc(C)c12,0
O=C1CC=CCCC1,0
CO[C@H]1[C@@H](O)[C@H](O[C@@H]2[C@@H](C)O[C@@H](O[C@H]3[C@@H](OC)C[C@H](O[C@H]4CC[C@@]5(C)[C@@H](CC[C@]6(O)[C@@H]5C[C@@H](OC(C)=O)[C@@]5(C)[C@]6(O)CC[C@@]5(O)[C@H](C)OC(=O)c5ccccc5)C4)O[C@@H]3C)C[C@H]2OC)O[C@H](C)[C@H]1O,0
CC(C)C[C@@H](C(=O)O)N(C)C(=O)[C@@H](C)NC(=O)[C@H](CCO)NC(=O)c1ccccc1,0
COc1ccc([C@H]2OC(C#N)=CC[C@H]2C)cc1,0
CC(=O)OC[C@@H](O)COC(=O)C(C)C,0
CC[C@H](C)C(=O)N1CCC/N=C(\O)CN(O[C@@H]2O[C@@H](C)[C@H](O)[C@@H](O)[C@H]2O[C@@H]2O[C@H](COC(=O)c3ccccc3)[C@@H](O)[C@H](O)[C@H]2O)CCC[C@@H](O)C1,0
CN1CCC2=C[C@H](O)[C@H]3OC(=O)c4cc5c(c(O)c4[C@H]3[C@@H]21)OCO5,0
CC[C@@H](C)[C@@H](CO)NC(=O)C1(c2ccccc2)CCOCC1,0
C=C1[C@@H](OC(C)=O)C[C@H](OC(C)=O)[C@]2(C)[C@@H]1C[C@]1(C(C)(C)O)C[C@H](OC(C)=O)C(C)=C1[C@@H](OC(C)=O)[C@@H]2OC(C)=O,0
[C-]#[N+][C@H](O[C@@H]1O[C@H](COC(=O)c2cc(O)c(O)c(O)c2)[C@@H](O)[C@H](OC(=O)c2cc(O)c(O)c(O)c2)[C@H]1OC(=O)c1cc(O)c(O)c(O)c1)c1ccccc1,0
CC(=O)OC(C)(C)/C(C)=C/C(=O)O[C@H]1C(=O)O[C@@H]2C[C@H]3C(C)=C(O)C(=O)C[C@]3(C)[C@H]3[C@@H](O)[C@H](O)[C@@]4(C(=O)O)OC[C@]32[C@@H]14,0
Clc1cccc(Cn2ccc(=NCc3ccccc3)cc2)c1,0
COc1cc(/C=C\C(=O)O[C@H]2CC[C@]34C[C@]35CC[C@]3(C)[C@@H]([C@H](C)CCC=C(C)C)CC[C@@]3(C)[C@@H]5CC[C@H]4C2(C)C)ccc1O,0
COC(=O)c1c(O)cc2cc3c(c(O)c2c1C)C(=O)CC[C@H]3O,0
NC[C@@H](O)c1ccccc1,0
CC(C)n1[nH]c(=O)c2c(-c3coc4ccccc4c3=O)c3oc4c(O)c(O)ccc4c3nc21,0
CC1CC2OC3(OC2C(C)(C)O)C1C1(C)CCC24CC25C=CC(=O)C(C)(C)C5CCC4C1(C)C3O,0
CC1(C)CCC[C@@]2(C)[C@@H]1CC[C@@]13O[C@H]1C1=C(CO)C(=O)OC1=C[C@H]23,0
C[C@H]1CO[C@@H]2[C@@H](O1)[C@H](O)[C@@H](O)O[C@H]2CO,0
O=C(C=Cc1ccoc1)C(C(=O)c1ccccc1)=C1SCCCS1,0
O=C(O)C1O[C@@H](Oc2cc(O)c3c(=O)c(O[C@@H]4OC(CO)[C@@H](O)C(O)C4O)c(-c4ccc(O)c(O)c4)oc3c2)C(O)[C@@H](O)[C@@H]1O,0
CC[C@@H](C)C(=O)O[C@@H]1[C@@H](O)[C@@H]2[C@@]3(C)CC[C@H](O[C@H]4C[C@@H](OC)[C@H](O[C@@H]5O[C@H](C)[C@@H](O)[C@@H](OC)[C@H]5O)[C@@H](C)O4)C[C@@H]3CC[C@]23O[C@@]32CC[C@@H](C(C)=O)[C@@]12C,0
C[C@]12CC[C@H]3[C@H](CC[C@]4(O)C[C@H](O)CC[C@]34CO)[C@@]1(O)CC[C@@H]2C1=CC(=O)OC1,0
CC1C(O)=CC(CCCCCCCCCCCCc2ccccc2)=CC1(C)O,0
O=C(/C=C/c1ccc(O)c(O)c1)OC[C@H]1O[C@@H](Oc2ccc(/C=C/C(=O)OC[C@H]3O[C@@H](Oc4cc5c(O[C@@H]6O[C@H](CO)[C@@H](O)[C@H](O)[C@H]6O)cc(O)cc5[o+]c4-c4ccc(O)c(O)c4)[C@H](O[C@@H]4O[C@H](COC(=O)/C=C/c5ccc(O)c(O[C@@H]6O[C@H](CO)[C@@H](O)[C@H](O)[C@H]6O)c5)[C@@H](O)[C@H](O)[C@H]4O)[C@@H](O)[C@@H]3O)cc2O)[C@H](O)[C@@H](O)[C@@H]1O,0
C=C1CC/C=C(\C)CC[C@@H]2C(=C(C)C)C(=O)C[C@@]2(C)C[C@@H]1O,0
C=C1[C@@H](O)[C@H](O)C[C@@H]2[C@@](C)(CC[C@@H](C)CC(=O)OC)[C@H](C)CC[C@@]12C,0
COC(=O)[C@@H](Cc1ccccc1)NC(=O)[C@H](N)CC(C)C,0
COc1cc(-c2oc3cc(O)cc(O)c3c(=O)c2O[C@@H]2O[C@@H](CO[C@@H]3O[C@@H](C)[C@H](O)[C@H](O)[C@@H]3O)[C@@H](O)[C@H](O)[C@@H]2O[C@@H]2O[C@@H](CO)[C@H](O)[C@@H](O)[C@H]2O)ccc1O,0
CC(=O)O[C@]1(C)[C@@H]2CC(=O)[C@H]3[C@@H](C)/C(=C/C(=O)OCCN(C)C)CC[C@@H]3[C@@]2(C)CC[C@@H]1O,0
Cc1c(C)c2cc3c(c(C)c2oc1=O)O[C@@H](c1ccccc1)CC3,0
O=C(O[C@@H]1Cc2c(O)cc(O)cc2O[C@@H]1c1cc(O)c(O)c2c(=O)c(O)cc([C@H]3Oc4cc(O)cc(O)c4C[C@@H]3O)cc12)c1cc(O)c(O)c(O)c1,0
C[C@@H]1CC[C@]2(C)C(C=O)=CCC[C@H]2[C@]1(C)CC1O[C@H](O)C(=O)[C@]12CO2,0
CCc1cccc2c1NC(=O)[C@]21N[C@H]([C@@H](C)O)[C@H]2C(=O)N(CCc3ccccc3)C(=O)[C@H]21,0
CC(C)CC(=O)O[C@@H]1/C=C\C=C\C(=O)O[C@H]2CC[C@@H]3[C@]2(O)[C@H](O)[C@@]2(CO)O[C@H]2[C@H]2[C@H]4OC5(c6ccccc6)O[C@@H]([C@@H](C)[C@@]23O5)C4(O)[C@](C)(O)C[C@H]2CC[C@H]1[C@H]2C,0
CC1(C)C(=O)C=C[C@@]2(C)C1CC(=O)[C@]1(C)C2CC[C@@]2(C)[C@H](c3ccoc3)OC(=O)[C@H]3O[C@]321,0
Cc1c(Cl)ccc2c1NC(=O)[C@@]21N[C@H](CC(N)=O)[C@H]2C(=O)N(c3ccc(C(N)=O)cc3)C(=O)[C@H]21,0
C#C[C@H](O)/C=C/CCCCCCCCC/C=C\CCCC/C=C\CCCCCCCCC/C=C/[C@@H](O)C#C,0
CCCCCCCC/C=C\C/C=C\C/C=C\CCCC(=O)O[C@@H](COC(=O)CCCCCCC/C=C\CCCCCCCC)COC(=O)CCCCCCCCCCC/C=C\CCCCCCCC,0
C=C1CC[C@H]2CO[C@H]([C@@H]3CCC=C(C)C3)[C@@H]1C2,0
COc1cc([C@@H]2OC[C@@]3(O)[C@H](c4ccc(O[C@@H]5O[C@H](CO)[C@@H](O)[C@H](O)[C@H]5O)c(OC)c4)OC[C@@H]23)ccc1O[C@H]1O[C@@H](CO)[C@H](O)[C@@H](O)[C@@H]1O,0
CC1=C(C(=O)OC[C@@H]2CCCO2)[C@H](c2ccccn2)C2=C(CC(C)(C)CC2=O)N1,0
COc1cc(Cc2nccc3cc(OC)c(OC)cc23)c([N+](=O)[O-])cc1OC.Cl,0
COCC(=O)N[C@H]1C[C@H]2C(=O)Nc3ccc(-c4ccsc4)cc3C(=O)N2C1,0
Cc1ccc(C)c(NC(=O)c2oc3ccc4c(c3c2C)C(=O)CC2(CCCC2)O4)c1,0
Cc1nc([C@H]2CC[C@@H](O)[C@H](NC3CCN(C)CC3)C2)n(-c2cccnc2)n1,0
CC(=O)OCC1=C2[C@H](C[C@H](C)[C@@H](OC(C)=O)CC[C@@]3(C)O[C@H]3[C@@H]2OC(C)=O)OC1=O,0
CCO[C@@H]1O[C@H](CO)[C@@H](O)C[C@@H]1NC(C)=O,0
CCCCCCCCCCCCc1ccc(S(=O)(=O)O)cc1,0
C[C@@H]1O[C@@H](O[C@H]2[C@H](O[C@H]3CC[C@@]4(C)[C@@H](CC[C@]5(C)[C@@H]4CC=C4[C@@H]6CC(C)(C)CC[C@]6(C(=O)O[C@@H]6O[C@H](CO[C@@H]7O[C@H](CO)[C@@H](O[C@@H]8O[C@@H](C)[C@H](O[C@@H]9O[C@H](CO[C@@H]%10O[C@H](CO)[C@@H](O[C@@H]%11O[C@@H](C)[C@H](O)[C@@H](O)[C@H]%11O)[C@H](O)[C@H]%10O)[C@@H](O)[C@H](O)[C@H]9O)[C@@H](O)[C@H]8O)[C@H](O)[C@H]7O)[C@@H](O)[C@H](O)[C@H]6O)CC[C@]45C)[C@]3(C)CO)OC[C@H](O[C@@H]3O[C@H](CO)[C@@H](O)[C@H](O)[C@H]3O)[C@@H]2O)[C@H](O)[C@H](O)[C@H]1O,0
CO[C@H]([C@H](C)/C=C/N(C)C=O)[C@@H](C)C(=O)CC[C@H](C)[C@H](O)[C@H](C)[C@H]1OC(=O)/C=C/C(C)=C/C[C@H](O)C[C@@H]2C=CC[C@@H](C[C@H](OC)[C@@H](CO)[C@@H](OC)C[C@@H](OC)[C@@H]1C)O2,0
C=C1[C@@H](OC(C)=O)[C@H]2[C@@H](OC(C)=O)[C@](C)(OC(=O)c3cccnc3)C[C@]2(OC(C)=O)C(=O)[C@@H](C)/C=C/C(C)(C)[C@H](OC(=O)c2cccnc2)[C@H](OC(C)=O)[C@H]1OC(=O)c1ccccc1,0
COCCNC(=O)[C@H]1CN2CC[C@@H]1C[C@@H]2Cn1cc(-c2ccccn2)nn1,0
CC[C@@](O)(CCO[C@@H]1O[C@H](CO[C@H]2OC[C@](O)(CO)[C@H]2O)[C@@H](O)[C@H](O)[C@H]1O)C(C)C,0
CC1=C(C(=O)NCCCN2C[C@H](C)C[C@H](C)C2)C2(CCCCC2)OC1=O,0
CCCCCC=CCC=CCCCCCC(C=O)=CCCCCCCCCCCCCCC,0
O=C1[C@@H]2Cc3c([nH]c4ccccc34)C(c3ccccc3)N2C(=O)CN1CC1CCCO1,0
O=C(/C=C/c1cccc(O)c1O)O[C@@H]1C[C@@](O)(C(=O)O)C[C@@H](O)[C@@H]1O,0
CCC(C)/C=C(\C)[C@H]1C(C)=C[C@]2(C)C[C@H](C)CC[C@H]2[C@@H]1C(=O)[C@H]1C(=O)NC(=O)[C@H]1Cc1ccc(O)cc1,0
CN(C)CCC(O)(c1ccccc1)c1ccccc1Cl,0
CCCC(=O)C(C)(C)C(=O)N[C@@H](CC(C)C)C(=O)N(C)[C@@H](Cc1ccccc1)C(=O)N[C@@H](Cc1ccccc1)c1nccs1,0
C[C@H](/C=C\[C@H]1[C@H](C)C[C@H](O)CC1(C)C)O[C@H]1O[C@H](CO[C@H]2O[C@@H](C)[C@H](O)[C@@H](O)[C@H]2O)[C@@H](O)[C@H](O)[C@H]1O,0
O=C(c1cccc([N+](=O)[O-])c1)[C@H]1[C@]2(C(O)=Nc3ccccc32)[C@@H]2CCCN2[C@@]12C(O)=Nc1ccccc12,0
C=C[C@@H]1c2cc3n(c(=O)c2[C@@H](OC)O[C@H]1O[C@@H]1O[C@H](CO)[C@@H](O)[C@H](O)[C@H]1O)Cc1cc2ccccc2nc1-3,0
CCCCCCCCCCCCCC[C@H]1O[C@@H]1CCCCCCCCCCCCCCCCCC1=C[C@@H](C)OC1=O,0
CC/C=C\C/C=C\C/C=C\C/C=C\C/C=C\CCCC(=O)O[C@H](COC(=O)CCCCCC/C=C\C/C=C\C/C=C\CCCCC)COC(=O)CCCCCCCCCCCCCCCCCCCCC,0
COc1cccc(C2c3[nH]c4ccccc4c3C[C@H]3C(=O)N(c4ccccc4C(=O)NCCCOC(C)C)C(=O)N23)c1,0
C=C1CC[C@H]2C(=C)CCC[C@H](C(C)C)[C@@H]12,0
C[C@H](CCCCCCCCCCCCCCCCCC[C@@H](O)CC(=O)O)O[C@@H]1O[C@@H](C)[C@H](O)C[C@H]1O,0
COc1cc(OC)c2c(=O)c3c(O)ccc(OC)c3oc2c1,0
CC(C)=CCC[C@](C)(O)[C@@]1(O)CC[C@]2(C)[C@H]1[C@H](O)C[C@@H]1[C@@]3(C)CC[C@@H](O)C(C)(C)[C@@H]3CC[C@]12C,0
C=CC1=CN2CCC3=c4ccccc4=NC3=C2C=C1C(=O)O,0
CC(=O)CNC1=C2[C@H](CC[C@]3(CCN=C(N)N)[C@@H]4[C@H](CC#C[C@@H]([C@@H]5COC(=O)[C@@H]5c5cc[nH]c5)C[C@@]56CC[C@@](O)(C[C@@H](C(O)O)[C@@H]5CC=C5CC[C@H](C)C[C@H]56)[C@]4(C)O)C[C@@]23O)[C@@]2(C)C[C@H](O)[C@H](O)C[C@H]2C1=O,0
C[C@H](CC[C@]1(O)O[C@H]2C[C@@H]3[C@@H]4CC[C@@H]5C[C@H](O)[C@@H](O)C[C@]5(C)[C@H]4CC[C@]3(C)[C@H]2[C@@H]1C)CO[C@@H]1O[C@H](CO)[C@@H](O)[C@H](O)[C@H]1O,0
C=CCSSC[C@H](C)SSCC=C,0
C=CC[C@@]12C[C@H](OC)C(=O)[C@@H]([C@H](c3cc(OC)c4c(c3)OCO4)[C@H]1C)[C@@H]2O,0
CC/C=C\C/C=C\C/C=C\CCCCCCCC(=O)O[C@H](COC(=O)CCC/C=C\C/C=C\C/C=C\C/C=C\CCCCC)COC(=O)CCCCCCCCCCCCC/C=C\CCCCCCCC,0
CO[C@H]1[C@@H](O)[C@@H](C)O[C@@H](O[C@H]2CC[C@@]3(C)[C@H](CC[C@@H]4[C@@H]3C(=O)[C@@H](O)[C@]3(C)[C@@H](C5=CC(=O)OC5)CC[C@]43O)C2)[C@@H]1O,0
CCO[C@H](c1cc(OC)ccc1OC(=O)[C@H](C)CC)[C@@H](C)O,0
CC(C)=CCC/C(C)=C/[C@H](O)C/C(C)=C/[C@H](O)[C@]12O[C@H]1[C@H](O)C(CO)=C[C@@H]2O,0
CC[C@]1(CNC(=N)NC)C#CC[C@@H](Cc2cc(O[C@@H]3CCN[C@H](CNC)C3)c(O)cc2CO)[C@@H](OC(C)=O)C[C@@H](O)CC1,0
CCCCc1cc(=O)oc2c(C)c3occ(-c4ccc(Br)cc4)c3cc12,0
COc1ccc(C2CC(=O)Oc3c(C(C)=O)c(O)c4c(C)cc(=O)oc4c32)cc1OCC(N)=O,0
COc1cc(O)c2ccc3c(c2c1O)OC(C)(CCC=C(C)C)C=C3,0
C/C(C=O)=C\CC[C@@H](C)[C@H]1CC[C@@]2(C)C3=C(CC[C@]12C)[C@@]1(C)CC[C@H](O)C(C)(C)[C@H]1CC3=O,0
Cc1ccc(NC(=O)[C@@H](NC(=O)C2CCN(C(=O)[C@@H](N)Cc3ccccc3)CC2)C(C)C)cc1,0
C=C1C(=O)OC2C1CCC(C=O)C1CCC(OC(C)=O)C12C,0
COC(=O)C1=C2Nc3ccccc3[C@@]23CCN2CCC[C@@](C(C)=O)(C1)[C@H]23,0
CCC(C)C1NC(=O)C(NC(=O)NC(CC(C)C)C(=O)O)CCCCNC(=O)C(Cc2ccccc2)NC(=O)C(CC(N)=O)N(C)C(=O)C(CCc2ccccc2)N(C)C1=O,0
O=C1CC(c2ccc(O)cc2)Oc2cc(O)c(O)c(O[C@@H]3OC(CO)[C@@H](O)[C@H](O)C3O)c21,0
COc1ccc2c(c1)c1nc3ccccc3nc1n2CC(C)=O,0
OC[C@@H]1COC[C@H](O)[C@H](O)[C@@H](O)[C@H]1O,0
COP(=S)(OC)Oc1nc(Cl)c(Cl)cc1Cl,0
NS(=O)(=O)c1ccc(NCc2ccccc2O)cc1,0
C=C[C@@]1(C)CC(=O)[C@]2(O)[C@@]3(C)[C@@H](O[C@@H]4O[C@H](CO)[C@@H](O)[C@H](O)[C@H]4O)CCC(C)(C)[C@@H]3[C@H](OC(C)=O)[C@H](OC(C)=O)[C@@]2(C)O1,0
CC[C@@]12C=CCN3CC[C@@]4(C(=C(C(=O)OC)C1)Nc1cc5c(cc14)[C@H]1[C@@H](O5)[C@H](O)[C@]4(CC)CC(C(=O)OC)=C5Nc6c(cc(O)c(OC)c6OC)[C@]56CCN1[C@H]46)[C@H]32,0
CC(C)NC(=O)[C@@H]1Cc2[nH]cnc2CN1Cc1ccc(Cl)cc1,0
Cc1nc2ccccc2c(=O)n1CCNC(=O)C=Cc1ccccc1,0
C/C=C/SS[C@@H](CC)[S@+]([O-])/C=C/C,0
Cc1noc(C)c1CN1C[C@@H]2C[C@H](NC(=O)NC(C)C)CN2C(=O)[C@@H]1CNC(=O)C1CC1,0
C=C/C(C)=C/C[C@]1(C)[C@H]2C[C@H](OC(=O)CC(C)C)C=C3[C@H](OC(C)=O)O[C@H](OC(C)=O)[C@@]32[C@H](O)[C@@H](O)[C@@H]1C,0
CC1(C)CCC[C@]2(C)[C@@H]1CC[C@@]13C[C@@H](CC[C@H]12)[C@@](O)(CCl)C3,0
C=C1[C@H]2CC[C@@]3([C@H](O)C[C@@H]4C5(C)CCC[C@@]4(C(=O)OC5)[C@@H]3C2)[C@H]1O,0
COc1cc([C@@H](O)[C@H](C)Oc2ccc([C@@H]3O[C@H](c4ccc(O)c(OC)c4)[C@H](C)[C@H]3C)cc2OC)ccc1O,0
CCCCCCCCCCCCCCCC(=O)OC[C@H](COC(=O)CCCCCCCCCCCCCCCC(C)C)OC(=O)CCCCCCCCC(C)CC,0
COc1cc2c3c(c1O)Oc1ccc(cc1)C[C@H]1c4c(cc(OC)c(O)c4Oc4ccc(cc4)C[C@@H]3N(C)CC2)CCN1C,0
CCN1CCc2[nH]c3ccccc3c2C1,0
COc1ccc(C(CN/C(C)=C2\C(=O)C=C3Oc4c(C(C)=O)c(O)c(C)c(O)c4[C@@]3(C)C2=O)c2c[nH]c3ccccc23)cc1,0
CC[C@H](CC[C@@H](C)[C@]1(C)CCc2c1ccc1c2ccc2cc(C)ccc21)C(C)C,0
CC(CO)C(=CCO)CCC(C)C1C(O)CC2C3=CC(O)C4CC(OC5OC(CO)C(O)C(O)C5O)CCC4(C)C3=CCC21C,0
C=C1[C@@H](OC(=O)/C=C/c2ccccc2)CC[C@@]2(C)[C@@H](O)[C@H](OC(C)=O)C34[C@H](C)C(=O)C[C@@H]([C@@H](OC(C)=O)C132)C4(C)C,0
COc1ccc(C=CC(=O)Oc2ccc(C=Nc3ccc(C)cc3)cc2)cc1OC,0
CSCCCC(=NOS(=O)(=O)O)S[C@@H]1O[C@H](CO)[C@@H](O)[C@H](O)[C@H]1O,0
C/C=C/C(=O)[C@@H]1C(C)=CC(=O)CC1(C)C,0
Cc1ccc(C(C)C)cc1CCC(=O)O,0
C=C(C)[C@@H]1CC[C@]2(C(=O)O[C@@H]3O[C@H](CO[C@@H]4O[C@H](CO)[C@@H](O[C@@H]5O[C@@H](C)[C@H](O)[C@@H](O)[C@H]5O)[C@H](O)[C@H]4O)[C@@H](O)[C@H](O)[C@H]3O)CC[C@]3(C)[C@H](C[C@@H](O)[C@@H]4[C@@]5(C)CC[C@@H](O)C(C)(C)[C@@H]5CC[C@]43C)[C@@]12C,0
CC(C)=CCC[C@@H](C)[C@H]1CC[C@]23C(=O)O[C@]4(CC[C@]12C)[C@]31O[C@H]1C[C@H]1C(C)(C)[C@@H](O)CC[C@@]14C,0
CCCCCc1cccc([C@@H]2CC[C@@H]3[C@H]2C[C@H]2[C@@H]4C(=CCCN2[C@@H]3[C@@H](O)CC)O/C(=C2/OC(=O)C(CO)=C2OC)[C@H]4C)c1,0
O=C(O)CC(O)C(=O)OCC1O[C@@H](Oc2cc(O)cc3[o+]c(-c4cc(O)c(O)c(O)c4)c(OC4O[C@@H](COC(=O)CC(O)C(=O)O)[C@H](O)C(O)[C@@H]4O)cc23)C(O)[C@@H](O)[C@@H]1O,0
C[C@]12CCCC[C@]1(C)[C@H]1CC[C@]3(C)[C@H](CC[C@@]3(O)C[n+]3c(-c4ccccc4)cc(-c4ccc(N5N=C(c6ccccc6)C[C@H]5c5ccccc5)cc4)cc3-c3ccccc3)[C@@H]1CC2,0
CCOC(=O)C1=C(C)[C@H]2OC(=O)[C@@]1(C)[C@H]1C(=O)N(c3ccccc3C)C(=O)[C@H]21,0
CC[C@@H]1NC(=O)[C@H](C)N(C)C(=O)C(C)(C)C(=O)[C@H](C)NC(=O)[C@@H](Cc2ccccc2)N(C)C(=O)[C@@H](C(C)C)N(C)C(=O)CNC(=O)[C@@H](CC(C)C)N(C)C(=O)CNC(=O)[C@H]([C@@H](C)CC)OC(=O)[C@@H]1C,0
CC(C)NC[C@@H](O)c1cccc(Cl)c1,0
Cc1cc(C)cc(Oc2ccc([N+](=O)[O-])cc2)c1,0
CCN(CC)[C@H]1[C@@H]2OCC(O2)[C@@H](NCc2ccc3c(c2)OCO3)[C@@H]1O,0
CCCCCCCCCCCCCCCC(=O)O[C@@H]1CC(C)=C(/C=C/C(C)=C/C=C/C(C)=C/C=C/C=C(C)/C=C/C=C(C)/C=C/[C@H]2C(C)=C[C@H](OC(=O)CCCCCCCCCCCCCCC)CC2(C)C)C(C)(C)C1,0
COc1cc(/C=C/C(=O)O[C@H]2CC[C@]3(C)C4=CC[C@@]5(C)[C@@H]6C[C@](C)(C(=O)O)CC[C@]6(C)CC[C@]5(C)C4=CC[C@H]3C2(C)C)ccc1O,0
COc1ccc([C@H]2OC[C@@H]3[C@H]2CO[C@H]3c2ccc(O[C@H]3O[C@@H](CO)[C@H](O)[C@@H](O)[C@@H]3O)c(OC)c2)cc1OC,0
C/C(=C\CC/C(=C/CO)CO)CC[C@@H]1C(C)(C)CCC[C@]12CO2,0
COC(=O)C[C@H](O)C[C@H](O)CC[C@@H]1[C@@H]2C(=C[C@H](C)C[C@@H]2O)C=C[C@@H]1C,0
COC(=O)Cc1c(C)c2ccc(OCc3cc([N+](=O)[O-])ccc3OC)cc2oc1=O,0
CC(=O)O[C@H]1[C@H](O)C[C@]2(C)[C@H]3CC=C4[C@@H]5[C@@H](C)[C@H](C)CC[C@]5(C(=O)O)CC[C@@]4(C)[C@]3(C)CC[C@H]2C1(C)C,0
CC(=O)[C@@]1(C)CC[C@]2(C)[C@H]1[C@@H](O)C[C@]1(C)[C@@H]2[C@H](O)C[C@H]2[C@]3(C)CC[C@H](O[C@H]4OC[C@H](O)[C@@H](O)[C@@H]4O[C@H]4O[C@@H](C)[C@H](O)[C@@H](O)[C@@H]4O)C(C)(C)[C@@H]3CC[C@]21C,0
CCC=CCC=CCC=CCCCCCCCC(=O)OC[C@H](CO)OC(=O)CCCCCCCC=CCC=CCCCCC,0
COc1cc2ccc(=O)oc2c(OC)c1OC[C@H]1C(C)=CC[C@H]2C(C)(C)C(OC(C)=O)CC[C@@]12C,0
CCCCCCCC(CCCC12OC(C(=O)O)C(O)(C(=O)O)C(C(=O)O)(O1)[C@H](OC(=O)CC/C=C/C(C)CCCc1ccccc1)[C@H]2O)OC(C)=O,0
CC(C)(O[C@H]1O[C@@H](CO)[C@H](O)[C@@H](O)[C@@H]1O)[C@@H]1CC[C@](O)(CO)[C@@H]2CC(=O)[C@](C)(O)[C@H]2C1,0
CCOC(=O)c1cccc2oc3cc(CCO)cc(O)c3c(=O)c12,0
C=C/C=C\CCC[C@H](C)O,0
C=C1C[C@@]23C[C@@H]1CC[C@H]2[C@@]1(C)CCC[C@](C)(C(=O)O[C@@H]2O[C@@H](CO)[C@H](O)[C@@H](O)[C@@H]2O)[C@H]1[C@H](O)[C@H]3O,0
CC(C)CCCCCCCC=CCC#N,0
COC(=O)[C@H]1[C@@H](OC(=O)c2ccccc2)C[C@H]2CC[C@@H]1N2C,0
CCCCCC=CCC=CCC=CCC=CCCCC(=O)O[C@@H](CO)COC(=O)CCCCCCCCCC=CCCCCCC,0
CC(N)C(=O)NC(C)C(=O)N1CCCC1C(=O)NC(C(=O)NC(C)C(=O)NC(C(=O)NC(C(=O)NC(C(=O)N1CCCC1C(=O)NC(CO)C(=O)O)C(C)O)C(C)C)C(C)O)C(C)O,0
CC[C@@H](C)[C@H]1NC(=O)[C@H](C(C)C)NC(=O)[C@@H](C)NC(=O)[C@H](C(C)C)NC(=O)[C@@H](CC(C)C)NC(=O)[C@@H](Cc2ccccc2)NC(=O)[C@H](C(C)C)NC(=O)[C@H](CCCCN)NC1=O,0
C/C=C(/C)C(=O)O[C@H]1[C@@H]2[C@@H](C=C(CO)CC/C=C(/C=O)[C@@H]1OCC)OC(=O)[C@@H]2COC,0
CC(=O)OC[C@@H]1O[C@H](O[C@@H]2CC[C@@](C)(OC(C)=O)[C@H](CC/C(C)=C/C[C@H](/C=C(\C)[C@H](C[C@@H]3C(C)=CCC(=O)C3(C)C)OC(C)=O)OC(C)=O)C2(C)C)[C@@H](O)[C@H](O)[C@H]1O,0
C[C@@H]1CC[C@@]2(OC1)O[C@H]1C[C@H]3[C@@H]4CC=C5C[C@@H](O[C@@H]6O[C@H](CO)[C@H](O[C@@H]7O[C@H](CO)[C@@H](O)[C@H](O)[C@H]7O)[C@H](O)[C@H]6O)CC[C@]5(C)[C@H]4CC(=O)[C@]3(C)[C@H]1[C@@H]2C,0
COc1cc2c(cc1OC)CN(C(=O)Cn1cc(C(C)=O)c3ccccc31)CC2,0
O=C1C[C@H](c2ccc(O)cc2)Oc2cc(O)cc(O)c21,0
CCC=CCC=CCC=CCCOS(=O)(=O)O,0
O=C(c1ccccc1)N1C[C@@H]2C[C@H](C1)c1ccc(/C=C/c3ccc(Cl)cc3)c(=O)n1C2,0
CCCCC/C=C\C/C=C\C/C=C\C/C=C\CCCCCC(=O)OC[C@H](COC(=O)CCCCCCCCCCC/C=C\C/C=C\CCCCC)OC(=O)CCCCCCCCCCCCC/C=C\CCCCCCCC,0
CC(C)CC(=O)O[C@@H]1[C@H](O)[C@@H](O[C@H]2[C@H](O)[C@H](O)[C@@H](Oc3ccc(C[C@H]4NC(=O)[C@H]([C@@H](C)c5ccccc5)NC(=O)CNC(=O)[C@H](CO)NC(=O)[C@@H]([C@@H](O)[C@@H]5CN=C(N)N5[C@H]5O[C@H](CO)[C@@H](O)[C@H](O)[C@@H]5O)NC(=O)C([C@@H](O)[C@@H]5CN=C(N)N5)NC4=O)cc3)O[C@@H]2CO)O[C@H](CO)[C@H]1O,0
CC(=O)[C@@H]1C[C@]2(O)[C@@]3(C)CO[C@]2(C)C[C@]1(O)C3,0
C=C1[C@@H]2[C@H](O)[C@H](O)[C@]3(C)[C@H]([C@H](O)C[C@@H]4[C@@]5(C)CC[C@@H](C(=C)C)[C@@H]5CC[C@]43C)[C@@]2(C)CC[C@@H]1O,0
C=C(C#Cc1cc(C(=O)O)ccc1O)CC/C=C(\C)CC[C@H](O)C(C)(C)O,0
CCCCCC/C=C\C[C@H](CCCCC)C[C@H](CCCC(=O)O)CNC,0
COc1cc(C(=O)OC/C(C#N)=C/CO[C@@H]2O[C@H](CO)[C@@H](O)[C@H](O)[C@H]2O)ccc1O,0
Cc1c(O[C@H](C)C(=O)c2ccccc2)ccc2c3c(c(=O)oc12)CCCC3,0
C[C@H](O)[C@H](O)C[C@H]1CC[C@H]([C@]2(C)C(=O)CC[C@]3(C)[C@H]2CC[C@@]2(C)[C@@H]3[C@H](O)[C@@H]3Cn4cc(Cc5cc(C6CCCCC6)cc(C6CCOCC6)c5)c5[nH]cc(c54)CC[C@@](C)(C[C@@H](O)[C@H]4OC4(C)C)C4=C3[C@]2(C)CC4=O)C1,0
CCCOc1ccccc1N1C(=O)[C@@H]2[C@H]3c4ccccc4[C@](Br)(c4ccccc43)[C@H]2C1=O,0
CC(=O)O[C@H]1CC[C@@]2(C)[C@@H](CC[C@]3(C)[C@H]2CC=C2[C@H]4[C@H](CC[C@@H](C)[C@@H]4C)CC[C@]23C)C1(C)C,0
CC(=O)O[C@@H]1[C@@]2(CO2)[C@@H]2CC[C@H]3[C@]45CO[C@H](CC4=O)C(C)(C)[C@H]5[C@H](O)C(=O)[C@@]31C2,0
CCCC/C=C\CCCCCCCC(=O)O[C@H](COC(=O)CC/C=C\C/C=C\C/C=C\C/C=C\C/C=C\CCCCC)COC(=O)CCCCCCCCCCCCCCCCC,0
C[C@H]1[C@@H]2[C@H]3OC(=O)[C@@H](C)[C@@H]3CC[C@@]2(C)CC[C@@H]1NC(=O)CC(C)(C)C,0
COc1cc([C@@H](O)CCO)cc2cc(-c3ccc4c(c3)OCO4)oc12,0
COCc1ccc(N[C@@H]2CC(=O)O[C@H]2/C=C/[C@H](C)O)cc1,0
C[C@@H](NC(=O)[C@@H](C)NC(=O)[C@H](N)CC[S@](C)(=O)=NP(=O)(O)O)C(=O)O,0
C[C@H]1CCC=C2C[C@H]3OC(=O)C(CN4CCN(CCOCCO)CC4)[C@H]3[C@H](O)[C@@]21C.O=C(O)C(=O)O,0
O=C1c2c(O)cc(O)cc2O[C@H](c2ccc(O)c(O)c2)[C@@H]1O[C@H]1O[C@@H](CO)[C@H](O)[C@@H](O)[C@@H]1O,0
C=C(C)CCCc1c(C)ccc2c1C(=O)C=C(C(C)C)C2=O,0
COc1cc(C[C@@H]2COC(=O)[C@@H]2Cc2cc(OC)c3c(c2)OCO3)cc(OC)c1OC,0
C=C(C)CCc1cc([C@@H]2CC(=O)c3c(O)cc(O)c(CC=C(C)C)c3O2)ccc1OC,0
CC[C@H](C)[C@H](NC(=O)CNC(=O)[C@H](C)NC(=O)[C@@H](NC(=O)[C@H](Cc1ccccc1)NC(=O)[C@H](C)NC(=O)[C@H](CCCNC(=N)N)NC(=O)[C@H](CCCCN)NC(=O)CNC(=O)[C@H](CCCNC(=N)N)NC(=O)[C@H](CC(C)C)NC(=O)[C@H](CC(=O)O)NC(=O)[C@@H](NC(=O)[C@@H]1CCCN1C(=O)[C@H](CC(C)C)NC(=O)CNC(=O)[C@H](CO)NC(=O)[C@H](CO)NC(=O)[C@H](C)NC(=O)[C@H](CCCCN)NC(=O)[C@H](CCC(=O)O)NC(=O)[C@H](CO)NC(=O)[C@H](CCC(=O)O)NC(=O)[C@H](CO)NC(=O)[C@H](CO)NC(=O)[C@H](CCC(=O)O)NC(=O)[C@@H](N)CO)[C@@H](C)CC)[C@@H](C)CC)C(=O)N[C@@H](C)C(=O)N[C@@H](CC(=O)O)C(=O)N[C@@H](CC(=O)O)C(=O)N[C@@H](CC(N)=O)C(=O)N[C@@H](C)C(=O)N[C@@H](Cc1ccc(O)cc1)C(=O)NCC(=O)N[C@@H](Cc1c[nH]c2ccccc12)C(=O)N[C@@H](C)C(=O)N[C@H](C(=O)N[C@@H](C)C(=O)N[C@@H](CCCCN)C(=O)O)[C@@H](C)CC,0
COc1ccc2[nH]c3c(c2c1)CCNC3C1CC=C(C)CC1C,0
O=C(c1ccc2nccn2c1)N1CCN2C(=O)OC3(CCN(C(=O)C4CC4)CC3)C2C1,0
C=C=CCc1ccoc(=O)c1,0
CC(C)CNC(=O)[C@H]1[C@@H]2CCCC[C@@H]2C=C[C@@H]1c1ccc2c(c1)OCO2,0
CC1=C(C(=O)NCCN2CCCC2)C2(CCN(S(C)(=O)=O)CC2)OC1=O,0
CC(=O)O[C@@H]1C[C@H]2C(C)(C)CCC[C@]2(C)[C@H]2CC[C@H]3C(=O)O[C@H]4O[C@@H](O)[C@@]21[C@H]43,0
CN[C@@H]1[C@@H](O[C@@H]2[C@@H](O[C@H]3[C@H](O)[C@@H](O)[C@H](NC(=N)N)[C@@H](O)[C@@H]3NC(=N)N)O[C@H](C)[C@@]2(O)CO)O[C@@H](CO)[C@H](O)[C@H]1O,0
C[C@H]1C=C[C@H]([C@@H](O)CC(=O)CCc2ccc3c(c2)OC2[C@@H](C#C[C@H](O)c4ccc5c(c4Cc4c[nH]c6cn2cc46)CCN[C@H]5N)C2(C#CO3)CCCC2)CC1,0
CC1=C[C@@H]2O[C@@H]3[C@@H](O)[C@@H](O)[C@H]([C@@]2(CO)CC1=O)[C@]31CO1,0
C[C@H](CC(=O)C[C@H](C)C(=O)O)C1=CC[C@@]2(C)[C@@H]3CC[C@@H]4C(C)(C)[C@@H](O)CC[C@]4(C)C3=CC[C@]12C,0
CC1=C(C)CCCCCC1,0
CCOC(=O)[C@@H](Cc1ccccc1)NC(=O)CCC(=O)c1ccc(OC)cc1,0
C=C(C)C(=C)C,0
O=C(C=Cc1ccc(O)c(O)c1)OCC1O[C@@H](Oc2ccc(/C=C/C(=O)OCC3O[C@@H](Oc4cc5c(O[C@@H]6OC(CO)[C@@H](O)[C@H](O)C6O)cc(O)cc5[o+]c4-c4ccc(O)c(O)c4)C(O[C@@H]4O[C@H](COC(=O)C=Cc5ccc(O)c(O[C@@H]6O[C@H](CO)[C@@H](O)C(O)C6O)c5)[C@@H](O)C(O)C4O)[C@@H](O)[C@@H]3O)cc2O)C(O)[C@@H](O)[C@@H]1O,0
C/C(=C\CCC(C)C)c1ccc(CO[C@@H]2O[C@H](CO)[C@@H](O)[C@H](O)[C@H]2O)cc1O,0
CSC1=C(N)C(=O)c2[nH]cc(CO)c2C1=N,0
Nc1nc(C2=CCNC(=O)c3[nH]c(Br)c(Br)c32)c[nH]1,0
C=C1CC[C@@H]2C(C)(C)CCC[C@@]2(C)[C@@H]1CC/C(C)=C\C(=O)O,0
O=S(=O)([O-])NC1CCCCC1.[Na+],0
CC1=CC[C@]2(O)C/C=C(\C)CC/C=C(/C)CC[C@H]1C2(C)C,0
CC[C@@H]1C=C[C@@]2(C3=CCN=C3)CSSC[C@H](c3ccc(O)c(OC)c3)CC(=O)C[C@H](OC(C)=O)[C@H]2C1,0
CC(O)C(=O)CCC(=O)OCCc1ccccc1,0
CC(=O)OCCCCCC=CC(=O)N[C@H](CO)Cc1ccccc1O,0
CCCCCCCCCCCCCCCCCCCCCCCCCC(=O)N[C@@H](CO[C@@H]1O[C@H](CO)[C@@H](O[C@@H]2O[C@H](CO)[C@H](O[C@@H]3O[C@H](CO)[C@H](O)[C@H](O)[C@H]3CC(C)=O)[C@H](O[C@]3(C(=O)O)C[C@H](O)[C@@H](NC(C)=O)C([C@H](O)[C@H](O)CO)O3)[C@H]2O)[C@H](O)[C@H]1O)[C@H](O)CCCCCCCCCCCCCCC,0
C=CCCCCCCCC=CCCCCCCCCCC(=O)O,0
CC(C)CC1SC(C)NC(C)S1,0
C/C=C1/CN2CC[C@]34C(=Nc5ccccc53)[C@@H]2C[C@@H]1[C@]4(COC(C)=O)C(=O)OC,0
CCC(C)C(=O)O[C@H]1C[C@](C)(O)[C@](C)(CCC2=CC(=O)OC2)[C@H]2CCC[C@]3(CO3)[C@]12COC(C)=O,0
C[C@@H](O)[C@H]1CC[C@H]2[C@@H]3C=CC4=CC(=O)CC[C@]4(C)[C@H]3CC(=O)[C@]12C,0
C=C(C)[C@@H](O)[C@@H](O)c1c(OC)ccc2ccc(=O)oc12,0
CCC[C@H](C)C[C@H](C)C[C@H](C)[C@H]1OC(=O)C(C)=C1C,0
CC(C)CCC[C@H](C)[C@H]1CC[C@@]2(C)C34CC[C@@H]([C@H](C)O)[C@](C)(CCC(=O)NCc5ccccc5)C3(CC[C@]12C)O4,0
COc1ccc(CCNC(=O)CN2C(=O)c3ccccc3N[C@H]2C(C)C)cc1,0
C=C1C(=O)O[C@@H]2C[C@@H](C)[C@@H]3[C@@H](O)C[C@@H](O)[C@@]3(C)C[C@H]12,0
O=C(O[C@H]1COC(=O)c2cc(O)c(O)c(O)c2-c2c(cc(O)c(O)c2O)C(=O)O[C@@H]1[C@H]1OC(=O)c2cc(O)c(O)c(O)c2-c2c(O)c(O)c(O)c3c2C(=O)O[C@H]1[C@H]3O)c1cc(O)c(O)c(Oc2cc3c(=O)oc4c(O)c(O)c(O)c5c(=O)oc(c2O)c3c45)c1,0
CC1(C)[C@@H]2CC[C@@]1(C)[C@H](OC(=O)/C=C/c1ccc(O)cc1)C2,0
CC/C=C\C/C=C\C/C=C\C/C=C\C/C=C\CCCC(=O)O[C@H](COC(=O)CCCCC/C=C\C/C=C\C/C=C\C/C=C\CCCCC)COC(=O)CCCCCCCCCCCCC/C=C\CCCCCCCC,0
O=C(Cc1cccc2ccccc12)N[C@H](NC(=S)N1C[C@@H]2C[C@H](C1)c1cccc(=O)n1C2)C(Cl)(Cl)Cl,0
C[C@H]1CC[C@@]2(OC1)O[C@H]1C[C@H]3[C@@H]4C[C@H](O)[C@H]5C[C@@H](O[C@@H]6O[C@H](CO[C@@H]7O[C@H](CO)[C@@H](O)[C@H](O)[C@H]7O)[C@@H](O)[C@H](O)[C@H]6O)CC[C@]5(C)[C@H]4CC[C@]3(C)[C@H]1[C@@H]2C,0
COc1cc2oc(=O)cc(C)c2cc1CCC(=O)NCc1nc2ccccc2n1C,0
COc1nc(O)c(C(=O)[C@@H](C)C[C@H](C)[C@@H](Cl)CCl)c(O)c1OC,0
CCOC(=O)[C@@H](CCc1ccccc1)N[C@@H](C)C(=O)N1CCC[C@H]1C(=O)O,0
CC(C)=CC(=O)O[C@@H]1CCN2CC=C(COC(=O)[C@@](O)(C(C)O)C(C)(C)O)[C@H]12,0
CCCCC/C=C\C/C=C\C/C=C\C/C=C\C/C=C\CCC(=O)OC[C@H](COC(=O)CCCCCCC/C=C\C/C=C\CCCCC)OC(=O)CCCCCCC/C=C\CCCCCC,0
CCC=CCC=CCC=CCC=CCCCCCCC(=O)OC[C@H](COP(=O)(O)O[C@H]1C(O)C(O)C(OP(=O)(O)O)[C@@H](OP(=O)(O)O)C1O)OC(=O)CCCCCCCCCC=CCCCCCC,0
O=C1C[C@@H]2CCN(C(=O)c3ccccc3)C[C@@H]2CCOc2ncccc2N1,0
CC(C)C[C@@H](C(=O)NC1CCCc2c1[nH]c1ccccc21)N1Cc2ccccc2C1=O,0
C=C1COC(=O)C12CC1(C)C(C)CCC(OC(=O)C(C)CC)C1C2OC(=O)C(C)C,0
COc1cc(C)c2c3c1CO[C@H]1OC(=O)c4c(O)c(C)c(c(c41)O3)OC2=O,0
N[C@@H](CO[P@@](=O)(O)OC[C@H](O)CO)C(=O)O,0
O=C1C=CC[C@@H]([C@@H](O)[C@H](O[C@@H](c2ccccc2)[C@H](O)[C@H]2CC=CC(=O)O2)c2ccccc2)O1,0
CCCC(=O)N[C@@H](c1ccccc1)[C@@H](O)C(=O)O[C@H]1C[C@@]2(O)[C@H](OC(=O)c3ccccc3)[C@@H]3[C@]4(OC(C)=O)CO[C@@H]4C[C@@H](O[C@H]4OC[C@H](O)[C@@H](O)[C@@H]4O)[C@@]3(C)C(=O)[C@H](O)C(=C1C)C2(C)C,0
O=C(c1ccc(O)cc1O)[C@H]1[C@@H]2[C@H](c3ccc(O)cc3)Oc3cc(O)cc(O)c3[C@@H]2O[C@H]1c1ccc(O)cc1,0
CN(C)CCCn1c(=O)c2c(ncn2C[C@@H](O)CO)n(C)c1=O,0
CSc1sc(SC)c(CO)c1C=O,0
COCc1cc(Br)c(O)c(O)c1Br,0
COc1ccc2cnn(CC(=O)N3CC4C[C@@H](C3)Cn3c4ccc([N+](=O)[O-])c3=O)c(=O)c2c1OC,0
NC(=O)[C@H](Cc1ccc([N+](=O)[O-])cc1)c1ccccc1,0
CC[C@@H](C)C(=O)Nc1nc2c([nH]1)C[C@@H](c1cnc(NC(=O)c3ccccc3)[nH]1)CC2,0
COc1ccc(CNC(=O)[C@@H]2Cc3[nH]cnc3CN2C(=O)NC2CCCCC2)cc1,0
Cc1ccc(S(=O)(=O)OCCN(C)S(=O)(=O)c2ccc(C)cc2)cc1,0
CCCCCCCCCCCCCC(=O)OC[C@H](CO)OC(=O)CCCCCCCCCCCCC(C)CC,0
CON[C@H]1C[C@H](C(=O)NO)N(S(=O)(=O)c2ccc(OC)cc2)C1,0
C[C@@H]1O[C@@H](O[C@H]2[C@@H](O[C@H]3CC[C@@]4(C)[C@@H](CC[C@]5(C)[C@H]4CC=C4[C@@H]6[C@@H](O)C(C)(C)CC[C@@]6(C(=O)O[C@H]6O[C@H](CO)[C@H](O)[C@@H](O)[C@@H]6O)CC[C@]45C)C3(C)C)OC[C@H](O)[C@@H]2O[C@@H]2O[C@@H](CO)[C@H](O)[C@@H](O)[C@@H]2O)[C@@H](O)[C@H](O)[C@H]1O,0
COc1c(C)c(OCC=C(C)C)cc2c1[C@H](OC)OC2=O,0
COC1C(=O)OC(C)C(C)C=C(C)CC(C)C(O)=NC(C)C(=O)N(C)C(Cc2c[nH]c3ccccc23)C(O)=NC1c1ccc(O)cc1,0
CC(=CC[C@]12O[C@H]1[C@H](O)C(C)=C[C@H]2O)CCC=C(C)CCCC(C)(C)O,0
COc1ccc(-c2cc(=O)c3c(O)cc(OC)cc3o2)cc1,0
CCC(C)[C@H](NC(=O)C1CCN(C(=O)[C@H](C)N)CC1)C(=O)O,0
CCCc1nc(NC)n2ncc(Cc3cccs3)c2n1,0
CCn1c(=O)c(-c2nc3ccccc3c(=O)[nH]2)c(O)c2ccccc21,0
CCOc1ccccc1CN1C(=O)[C@H]2[C@@H](C(=O)Nc3ccc(C(C)C)cc3)[C@H]3C=C[C@@]2(O3)[C@@H]1C(=O)NC1CCCCC1,0
CC(=O)OCC(=O)[C@H]1CC[C@@H]2[C@H]3CCC4=CC(=O)CC[C@]4(C)[C@@H]3CC[C@]12C,0
CCCCCCC=CCCCCCCCCCC(=O)OC[C@H](COP(=O)(O)O[C@H]1C(O)C(O)C(OP(=O)(O)O)[C@@H](OP(=O)(O)O)C1O)OC(=O)CCCCCCCCCC=CCCCCCC,0
CC[C@](C)(O)c1cnc(CC(C)C)c(=O)n1O,0
CC(C)C[C@@H]1NC(=O)[C@@H](C)N(C)C(=O)CNC(=O)/C(=C\c2ccccc2)N(C)C1=O,0
CCC1(CC)C(=O)C(C)(C)C(=O)O[C@H]1C(=O)c1ccc(Br)cc1,0
COCCNC(=O)C[C@@H]1O[C@H](CNS(=O)(=O)c2ccc(C)cc2)[C@@H](O)[C@H]1O,0
CC/C=C\C/C=C\C/C=C\C/C=C\C/C=C\CCCCCC(=O)OC[C@H](COC(=O)CCC/C=C\C/C=C\C/C=C\C/C=C\C/C=C\CC)OC(=O)CCCCCCCCCCCCC/C=C\CCCCCCCC,0
CCCC[C@@H](NC(=O)[C@H](C)NC(=O)[C@@H](Cc1ccc(OCc2ccccc2)cc1)NC(=O)OC(C)(C)C)C(=O)O,0
O=C(Cc1ccccc1)N[C@@H](CCCCCCP(=O)(O)O)C(=O)O,0
C=C[C@@](C)(O)CC[C@H]1C(C)=CC[C@@H]2C(C)(C)C[C@H](O)C[C@@]21C,0
CCN(CC)CCc1ncc(OC)c2c1[nH]c1c(O)cccc12,0
CC1(C)O[C@@H](CC[C@@](C)(O)[C@H]2CC[C@@H]3O[C@]4(C)CC[C@@H](Br)C(C)(C)O[C@H]4CC[C@@]3(C)O2)[C@@](C)(O)CC[C@H]1Br,0
CC(C)=CCc1cc(-c2cc(=O)c3c(O)cc(O)cc3o2)cc(CC=C(C)C)c1O,0
Cc1ccc2c(c1)[C@]1(N[C@@H](Cc3ccc(O)cc3)[C@H]3C(=O)N(CCc4ccccc4)C(=O)[C@H]31)C(=O)N2,0
CN[C@H]1Cc2c(cccc2CO)C#C[C@@]2(CC[C@H](Cc3ccccc3)C2)C[C@]23C[C@@H]4C#CC[C@@H]5[C@@H]6C[C@@H]7C[C@@H]8Cc9cccc(c9)C[C@@H]9CC[C@H](C9)[C@@H](C)[C@H]9CC[C@H]%10[C@@H](O8)[C@]7(C[C@]7(C=O)[C@@H]4[C@@](O)([C@H](O)[C@@H](C9)[C@]%107O)[C@@]2(O)C[C@@H]2C[C@@H]1[C@H]1OC(=O)C=C1[C@@H]23)[C@@H]6CC[C@H]5c1ccccc1,0
COc1ccc2c3c1OC1CC(=O)C=CC31CCCC2,0
C[C@@H]1[C@H](C)CCC[C@@H]1NC(=O)[C@@H]1N(Cc2cccnc2)C(=O)[C@H]2[C@@H](C(=O)Nc3ccc(Cl)cc3)[C@H]3C=C[C@@]12O3,0
CNC[C@H](C)CC1(CCCC(=O)CC(=O)/C=C/c2ccc(O)c(OC)c2)CCCC1,0
CO[C@H](/C=C\C=C\C=C/C=C/C=C\[C@H](C)[C@H](O)[C@H](C)[C@H]1O[C@@]2(C[C@@H](OC)[C@@H](C)[C@@H]([C@H](C)[C@@H](O)[C@@H](C)C/C(C)=C/CO)O2)[C@@H](O)C[C@@H]1C)CC(=O)O,0
C=C1C=CC=C2[C@H]3[C@@H](CCC[C@@H]2OCC#CCC(C)=CCC1)C[C@@]1([C@H](CCCO)/C(=C(\C)C(=O)Cc2cccc(C(N)N)c2)CC[C@@]1(C)O)[C@@H]3O,0
COc1cc(-c2oc3c(O)c(O)cc(O)c3c(=O)c2O[C@@H]2OC(CO[C@@H]3OC(C)[C@H](O)[C@H](O)C3O)[C@@H](O)C(O)C2O)ccc1O,0
CCCCCCC=CCCCC=CCCCCC(=O)OC,0
C=C1C[C@H]2[C@]3(C)CCC(=O)C(C)(C)[C@H]3C(=O)[C@@H](O)[C@]2(C)[C@H]2C(=O)O[C@](C)(C(=O)OCC)C(=O)[C@]12C,0
CC(C)CCCCCCCCCCCCCCCCCCC(=O)OC[C@@H](COC(=O)CCCCCCCCCCC(C)C)OC(=O)CCCCCCCCCCCCCCCCCC(C)C,0
CCc1ccc(NC(=O)[C@@H](NC(=O)C2CCN(C(=O)[C@@H]3CCCN3)CC2)C(C)C)cc1,0
C/C=C/C=C\CC/C=C/C=C/C(=O)NC[C@@H](C)CC,0
COCC1=C2/C(=C\[C@]3(C)CC[C@@](OC)(O3)[C@](C)(O)C[C@@H]2OC(C)=O)OC1=O,0
CCOC(=O)C1CCN(C[C@@H]2C(=O)O[C@@H]3C[C@@]4(C)CCC[C@H](C)C4=C[C@H]23)CC1,0
Oc1ccc(/C=C/c2c(CCc3ccc(CN[C@H]4CC5CC[C@@H]6CCC[C@@]78C[C@H](O)C[C@@H]7CC[C@H]4[C@@]68O5)cc3)c(O)c(O)c3c(O)cccc23)cc1O,0
Cc1ccc(-c2nc(C=CC(=O)c3ccc(O)cc3)cs2)cc1,0
O=C(O)c1ccc(CNC2(Cc3cc(COc4ccccc4)on3)COC2)cc1,0
Cc1cc(C(=O)NNCc2ccccc2)no1,0
CC(C)=CCCC(=CCCl)CCl,0
COc1ccc(C=CC(=O)CC(=O)C=Cc2ccc(O)c(OC)c2)cc1O,0
O=C(CCl)C(Cl)Cl,0
COc1ccc(CN2C(=O)N[C@@H](CC(=O)Nc3ccc(OC)cc3)C2=O)cc1,0
C=C(C)[C@@H](O)Cc1c(O)ccc2c1OC1c3ccc(O)cc3OCC21,0
CC(C)C(=O)NC1CCCN(C=Cc2ccccc2)C1=O,0
CCCCCCCCC/C=C\CCCCCCCCCCCCCC(=O)N[C@@H](CO[C@@H]1O[C@H](CO)[C@@H](O)[C@H](O)[C@H]1O)[C@H](O)/C=C/CCCCCCCCCC(C)CC,0
C[C@@]12C[C@@H](O[C@H]1O)[C@]1(C)CC[C@]3(C)C(=CC[C@@H]4[C@@]5(C)CC[C@H](O)[C@](C)(CO)[C@@H]5CC[C@]43C)[C@@H]1C2,0
COc1cc2c(cc1OC)[C@@H]1Cc3ccc(O)c(O)c3C[N@+]1(C)CC2,0
CC[C@@]1(O[C@@H]2C[C@@H](N(C)C)[C@@H](O)[C@@H](C)O2)Cc2c(O)c3c(c(O)c2[C@H](O[C@@H]2C[C@@H](N(C)C)[C@@H](O[C@H]4C[C@H](O)[C@H](O[C@H]5CC[C@H](O)[C@H](C)O5)[C@H](C)O4)[C@@H](C)O2)C1)C(=O)c1cccc(O)c1C3=O,0
NS(=O)(=O)c1ccc(O[C@@H]2O[C@H](C(=O)O)[C@@H](O)[C@H](O)[C@H]2O)cc1,0
CC(=O)c1cccc(N2C(=O)[C@@H]3C[C@@H](NC(=O)c4ccnc(Cl)c4)CCN3C2=O)c1,0
CC(C)=C(C)CC[C@](C)(O)[C@H]1Cc2cc(C(N)=O)ccc2N1,0
CC(C)=CCCC(C)=CCCC(C)=CCCC(C)=CCC1=C(O)C(=C2C(=O)Oc3c2cc(O)c(O)c3CC=C(C)CCC=C(C)CCC=C(C)CCC=C(C)C)OC1=O,0
CC(=O)c1c(C)cc(O[C@@H]2O[C@H](CO)[C@@H](O)[C@H](O)[C@H]2O)cc1O,0
CC(=O)O[C@@H]1[C@@H](O)[C@@H](O)[C@H](O[C@H]2[C@H](O[C@@H]3C[C@H](O)CC4=CC[C@@H]5[C@H](C[C@@H](O)[C@]6(C)[C@@H]7[C@H](C[C@@H]56)O[C@@]5(OC[C@@H](C)[C@H](O[C@@H]6O[C@H](C)[C@H](O)[C@H](O)[C@H]6O)[C@@H]5O)[C@H]7C)[C@]43C)O[C@H](CO)[C@@H](O)[C@@H]2O[C@@H]2OC[C@@H](O)[C@H](O)[C@H]2O)O[C@H]1C,0
COc1cc(C2NCCc3c2[nH]c2ccccc32)ccc1O,0
Oc1ccc(/C=C\c2c(CCc3ccc(CN[C@H]4CCO[C@@]5(C4)C4(CCCC4)CCC[C@]54CC[C@@H](O)C4)cc3)c(O)c(O)c3c(O)cccc23)cc1O,0
C[C@@H]1Cc2ccccc2[C@@](C)(CC[C@]23O[C@H](C(=O)O)[C@@](O)(C(=O)O)[C@](C(=O)O)(O2)[C@H](O)[C@H]3O)[C@H]1O,0
CC(C)(C)n1c(=O)[nH]c(O)c(C2NCCc3c2[nH]c2ccccc32)c1=O,0
COc1cc2ncn(CC(=O)NCCC(=O)Nc3nccs3)c(=O)c2cc1OC,0
CCN(CC)C(=O)Oc1ccc2c(C)c(-c3ccc(OC)cc3)c(=O)oc2c1,0
O=C(NC[C@H]1OC[C@@H](N(Cc2ccccn2)Cc2ccccn2)[C@@H]1O)C1CC1,0
CCCO[C@@H]1CC[C@@]2(C)[C@H](CC(=O)[C@@H]3[C@H]2CC[C@@]2(C)[C@@H](OCCC)CC[C@H]32)C1,0
C=C1C(=O)O[C@@H]2/C=C(/C)CC/C=C(/C=O)[C@H](OC(C)=O)[C@@H](OC(=O)[C@@]3(C)O[C@H]3C)[C@@H]12,0
CC1(C)CC[C@@]2(CO)[C@H](C1)C1=CC[C@@H]3[C@@]4(C)CC[C@H](O[C@@H]5O[C@H](C(=O)O)[C@@H](O)[C@H](O)[C@H]5O)C(C)(C)[C@H]4CC[C@@]3(C)[C@]1(C)C[C@@H]2O,0
O=C(O)C[C@@H]1CC(=O)O[C@@H]1C(=O)O,0
O=c1c(O)c(-c2ccc(O)cc2)oc2c(O[C@H]3O[C@@H](CO)[C@H](O)[C@@H](O)[C@@H]3O)c(O)cc(O)c12,0
COc1ccc2[nH]cc(CCNC(=O)C[C@@H]3N=C(O)N(Cc4ccc5c(c4)OCO5)C3=O)c2c1,0
CN[C@@H]1Cc2c(cccc2CO)C#CCC[C@]23C[C@H]4C#CC[C@@H]5[C@@H]6CC[C@]7(C[C@]8(C=O)[C@@H]4[C@@](O)(C[C@@H]4C[C@@H]9[C@H](C=CC[C@@H]9C9CCCC9)C[C@H]([C@H]7O)[C@@]48O)[C@@]2(O)C[C@H]2C[C@H]1[C@@H]1OC(=O)C=C1[C@@]23CO)[C@H]6CC[C@H]5c1ccccc1,0
O=C(O)CC[C@@]12CCCC[C@@]1(O)OC(=O)CC2,0
COCCNC(=O)[C@@H](C)[C@@H]1CC[C@@]2(C)Cc3sc(Nc4c(Cl)cccc4Cl)nc3[C@@H](C)[C@@H]2[C@H]1O,0
COC(=O)CNC(=O)COc1cc2c(c3oc(=O)c4c(c13)CCCC4)CCC(C)(C)O2,0
C[C@@H](O)[C@H]1CC[C@H](O)CC1,0
CC(C)CCC[C@@H](C)[C@H]1CC[C@H]2C3=C(CC[C@]12C)[C@@]1(C)CC[C@H](O)CC1=CC3,0
CC(=O)OCC[C@@]1(C)[C@@H]([C@H](C)/C=C/CC(C)C)CC[C@H]1C1=C[C@H](O)[C@H]2C[C@@H](O)CC[C@]2(C)C1=O,0
C#C[C@H]1CN2CC[C@H]1C[C@@H]2CNC(=O)c1ccc2ccccc2c1,0
COc1c(OC(C)C)cc2cc(O)c(C(=O)NC3Cc4ccc(c(Cl)n4)O[C@@H]4C=C5C#CC(=CC#C[C@H]6O[C@@]56[C@H]4OC4CC(C)(O)C(O)C(C)O4)C(OC4CC(O)C(N(C)C)C(C)O4)COC3=O)cc2c1OC,0
C=C(C)[C@H](CC=C(C)C)Cc1c(O)c(CC=C(C)C)c(O)c2c1O[C@@H](c1ccc(O)cc1O)[C@@H](O)C2=O,0
COC(=O)[C@]12C(O)=C(C)C(=O)[C@@]1(C)C(C)=CC1[C@@]34CC[C@@H](OC(C)=O)C(C)(C)C3[C@H](C[C@]12C)OC4=O,0
CNCc1cc(O)cc([C@H]2C[C@]3(C)[C@H]4[C@H](C[C@@]5(C)[C@@H]3CCC3=C([C@@H](C[C@@H](O)[C@H]6O[C@]6(C)[C@H]6CCC[C@@H]6c6cc(N)cc(CC(C)C)c6)C6CCCCC6)C(=O)C[C@@]35C)NC[C@](C)(O)CCCC[C@@]4(C)C2=O)c1,0
C[C@H](NCCC(=O)O)C(=O)O,0
CCCCC/C=C\C/C=C\CCCCCCCC(=O)O[C@H](COC(=O)CCCCCCCCCCCCCCCC)COP(=O)([O-])OCC[N+](C)(C)C,0
CC1(C)[C@H]2CC[C@]1(C)C(NNC(N)=O)=C2C=O,0
CCCCNC(=O)[C@@H](NC(=O)N1C[C@H]2C[C@@H](C1)c1cccc(=O)n1C2)C(C)C,0
CC(C)CCC[C@H]1C/C(O)=N/[C@H](Cc2c[nH]c3ccccc23)C(=O)N2CCC[C@H]2/C(O)=N/[C@@H](CCCNC(=N)N)C(=O)O1,0
O=C1NC[C@H]2CN(Cc3ccccn3)CCN12,0
COC(=O)[C@H]1CN(S(C)(=O)=O)CCN1S(=O)(=O)c1ccccc1,0
Cc1ccc(C2=NC3(CCN(C)CC3)N[C@H](c3cc(Br)ccc3O)C2)cc1,0
COCNc1cc2c3c(n1)-n1cc4cc([C@]56c7c8cccc7CC[C@H]5C5(CCCCC5)OC[C@H]6CC8)cc(c4c1)COc1c(O)cc(CO)c4c1CC[C@H](C4)[C@@H](O)C[C@H](CCC[C@@H](CCc1ccc(O)c(Cc4cccc(O)c4)c1)C#C2)OC3,0
CCC(=O)c1c(O)cc(O)c(C)c1O,0
COC(=O)C[C@@H]1NC(=O)[C@H](C(C)C)NC(=O)C(CC(C)C)NC(=O)[C@H](CC(C)C)NC(=O)[C@@H](CCC(=O)O)NC(=O)CC(CCCCCCCCC(C)C)OC(=O)[C@H](CC(C)C)NC(=O)[C@@H](CC(C)C)NC1=O,0
OC1(c2csc(CN3CCc4ccccc4C3)n2)CCN(C2COC2)CC1,0
CC(C)=CC=CC(C)C1CCC2(C)C3=CCC4C(C)(C)C(=O)CCC4(C)C3CCC12C,0
COc1c(O)cc2oc(-c3ccc(O[C@@H]4O[C@H](C(=O)O)[C@@H](O)[C@@H](O)[C@H]4O)c(O)c3)c(OC)c(=O)c2c1O,0
CCCCC[C@@H]1CCC[C@]12CC[C@@H]([C@]1(C)CC[C@H](O)[C@]34[C@H]1[C@H](OC(C)=O)C[C@](C)(C=C[C@]3(O)CC[C@H](C)CCCc1ccccc1)[C@]4(O)CCC1=CC(=O)OC1)C2,0
COc1ccc2oc(-c3ccccc3)c(C(=O)Nc3cccc(Cl)c3)c2c1,0
CC=C(CC)Cc1cc2c(c(O)c1C(=O)O)C(=O)c1c(O)cc(O)cc1C2=O,0
CCCCCC=CCC=CCC=CCC=CCC=CCCC(=O)OCC(COC(=O)CCC=CCC=CCC=CCC=CCC=CCCCCC)OC(=O)CCCCCCCCCCCCCC,0
C=C(C)[C@H]1Cc2c(C=O)cccc2C[C@@H]1O,0
COc1ccc(CNC(=O)[C@H](C)Oc2ccc3c(c2)c2ccnc4c5ccc(OC)c(OC)c5c(=O)n3c24)cc1OC,0
CO[C@H](O)[C@]1(C)CC[C@]2(C)CC(C)=C3C4=CC=C5C(=CC(=O)C(O)=C5C)[C@]4(C)CC[C@]3(C)[C@@H]2C1,0
CCCCCC(=O)N[C@@H](CCC(N)=O)C(=O)N[C@@H]1C(=O)N[C@@H](CC2C=CC(O)CC2)C(=O)N[C@H]2CC[C@@H](O)N(C2=O)[C@@H](Cc2ccccc2)C(=O)N(C)[C@@H](Cc2ccc(O)cc2)C(=O)N[C@@H](C(C)C)C(=O)O[C@H]1C,0
C[C@]12CC[C@@H]3c4ccc(O)cc4CC[C@@H]3[C@@H]1CC[C@H]2O,0
O=[N+]([O-])c1ccc(-c2nnc3n2CN(c2ccc([N+](=O)[O-])cc2)CS3)cc1,0
C=C1C(=O)O[C@@H]2C=C(CO)CC/C=C(/CC=O)[C@H](O)[C@@H](OC(=O)/C(C)=C\C)[C@@H]12,0
COc1cc(C=NNc2ccccc2)ccc1O,0
COc1cc2c3cc1Cc1c(O)c(OC)cc4c1[C@H](Cc1ccc(cc1)Oc1cc(ccc1O)C[C@@H]2NCC3)N(C)CC4,0
CC[C@H](C)[C@H]1NC(=O)[C@H](Cc2ccc(OC)cc2)NC(=O)[C@@H](NC(=O)[C@@H](NC=O)C(C)C)[C@H](C)OC(=O)[C@H](C(C)C)N(C)C(=O)[C@H](CC(C)C)NC(=O)[C@@H]2CCCNN2C1=O,0
CC(C)(C)C1c2ccccc2-c2ccccc21,0
CC(=O)Nc1cccc2c([N+](=O)[O-])cccc12,0
OCC1=C[C@H](N[C@H]2C[C@H](CO)[C@@H](O[C@@H]3OC(CO)[C@@H](O)[C@H](O)C3O)[C@H](O)[C@H]2O)[C@H](O)[C@@H](O)[C@@H]1O,0
CC(=O)N[C@@H](CCC(=O)C=[N+]=[N-])C(=O)O,0
CNC[C@H](C)CCCCCC(=O)CC(=O)/C=C(\CO)c1cc(OC)c(O)cc1Cc1cnc(N)c(Cc2cc(C)cc(C)c2)c1,0
CC(C)N1CCN2[C@H](CN(C(=O)c3ccc(Cl)cc3)CC2(C)C)C1,0
CCCCCCCCCCCCCCCCCCCCCC=CC(=O)O,0
CCOc1ccc2c(C)nc(NC(N)=NC(=O)CC)nc2c1,0
CC(=C/C=C/C=C(C)/C=C/C=C(C)/C=C/C=C(C)/C=C/[C@H](CCC(C)(C)O)C(C)(C)O)/C=C/C=C(C)/C=C/C=C(C)/C=C/[C@H](CCC(C)(C)O)C(C)(C)O,0
C[C@H]1CC=C[C@]2(C1)CC1(CCCC1)C[C@H]1[C@@H]3Cc4cc(O)cc(c4)Cc4ccccc4CN[C@@H](C)CSSC[C@@H](C3)C[C@@H]12,0
COc1cc2c3c4c1O[C@@]1(OC)C[C@]4(CC[C@@H]1O)C[C@@H]3N(C)CC2,0
C[C@@H]1O[C@@H](Oc2ccc(-c3oc4c(O)c(O)cc(O)c4c(=O)c3O)cc2)[C@H](O)[C@H](O)[C@H]1O,0
CC1(C)[C@@H]2CC[C@@]1(C)C(=O)[C@@H]2NC(c1ccccc1)(c1ccccc1)c1ccccc1,0
CCCC[C@@H](NC(=O)OCc1ccccc1)C(=O)Oc1ccc2c(-c3ccc(OC)cc3)cc(=O)oc2c1C,0
C=C1[C@H]2OC[C@H]3[C@@H]1C[C@H](O)[C@@]3(C)O2,0
COC(=O)CC[C@]1(C)C(=O)C=C[C@]23C[C@H]4C[C@H](O[C@@]4(C)C2)[C@H]31,0
COC(=O)C1=C(N)Oc2cc(C)n(CCc3ccc(OC)c(OC)c3)c(=O)c2[C@@H]1c1cc(OC)c(OC)c(OC)c1,0
COc1cc(C=CC(=O)OS(=O)(=O)O)cc(OC)c1O,0
CCC(C)CCCCCCCC[C@@H]1CC(=O)N[C@H](CC(N)=O)C(=O)N[C@H](Cc2ccc(O)cc2)C(=O)N[C@H](CC(N)=O)C(=O)N[C@@H](CO)C(=O)N[C@@H](CC(N)=O)C(=O)N[C@@H](CCC(N)=O)C(=O)N2CCC[C@@H]2C(=O)N1,0
COc1cccc(C(=O)N=c2oc3ccccc3c(O)c2-c2ccccc2)c1,0
O=c1cc(CO)occ1O,0
C[C@H](CCC(=O)Nc1nnc(C2CCCO2)s1)[C@H]1CC[C@H]2[C@@H]3[C@@H](O)C[C@@H]4C[C@H](O)CC[C@]4(C)[C@H]3CC[C@]12C,0
CC(=O)N1CCC(C(=O)N2CCN3C(=O)[C@H](Cc4cccs4)NC(=O)[C@H]3C2)CC1,0
Cc1ccc(S(=O)(=O)NC[C@H]2OC[C@@H](NC3COC3)[C@@H]2O)cc1,0
CC(=O)O[C@@H]1C[C@](O)(C(C)C)[C@H]2[C@@H](OC(=O)c3ccc(O)cc3)C=C(C)C(=O)C[C@@]12C,0
COc1cccc(C=C2Oc3cc(OCC(=O)NC(C)C)ccc3C2=O)c1OC,0
C=C[C@@H](/C=C(\C)COC(C)=O)C(C)C,0
CCC(C)[C@H](NC(=O)[C@@H](Cc1ccccc1)n1c(=O)[nH]c2ccccc2c1=O)C(=O)N[C@@H](C(=O)O)C(C)C,0
CN1Cc2cc(Br)ccc2OC1=O,0
C=C1CC23CC1CCC2C12CCCC(C)(C(=O)OC1O)C2C3C(=O)O,0
CC=C(C)C(=O)C1=C2C3=CN(CCCC(=O)O)C(C=C[C@@H](C)CC)=CC3=C(Cl)C(=O)[C@@]2(C)OC1=O,0
CN1[C@H](CO)c2c(ccc3c2OCO3)[C@@]2(C)[C@@H](O)Cc3cc4c(cc3[C@@H]12)OCO4,0
C=C(C)[C@H](CC)CC[C@@H](C)[C@H]1CC[C@@]2(C)[C@@H]3CC[C@H]4[C@H](C)[C@@H](OC(=O)CCCCCCC/C=C\C/C=C\C/C=C\CC)CC[C@@]45C[C@@]35CC[C@]12C,0
Cc1ccc2c(c1)NC1(CCN(S(=O)(=O)c3ccc(C4CCCCC4)cc3)CC1)c1cccn1-2,0
OC[C@H]1OC2O[C@H]3[C@H](O)[C@@H](O)C(O[C@H]4[C@H](O)[C@@H](O)C(O[C@H]5[C@H](O)[C@@H](O)C(O[C@H]6[C@H](O)[C@@H](O)C(O[C@H]7[C@H](O)[C@@H](O)C(O[C@H]8[C@H](O)[C@@H](O)C(O[C@H]9[C@H](O)[C@@H](O)C(O[C@H]1[C@H](O)[C@H]2O)O[C@@H]9CO)O[C@@H]8CO)O[C@@H]7CO)O[C@@H]6CO)O[C@@H]5CO)O[C@@H]4CO)O[C@@H]3CO,0
CCCCCCCCCCCCCCCCCCC(=O)OC[C@@H](COC(=O)CCCCCCCCCCCCCCCCCCCCC(C)C)OC(=O)CCCCCCCCCCCCC,0
CC1(C)CC[C@]23CC[C@]4(C)[C@@H](CC[C@H]5[C@@]6(C)CC[C@H](O)C(C)(C)[C@@H]6CC[C@]54C)[C@H]2[C@H]1OC3=O,0
C=C1[C@@H](O)[C@H]2O[C@@]2(C[C@H]2C(C)=CC[C@H]3C(C)(C)[C@@H](O)CC[C@]23C)[C@H](O)[C@H]1O,0
CCCCCCc1c(O)[nH]c2ccccc2c1=O,0
C[C@@H]1O[C@@H](O[C@H]2[C@H](Oc3cc(O)c4c(c3)O[C@H](c3ccc(O)cc3)CC4=O)O[C@H](COC(=O)C[C@@](C)(O)CC(=O)O)[C@@H](O)[C@@H]2O)[C@H](O)[C@H](O)[C@H]1O,0
CC(C)C[C@@H]1N[C@H](C(=O)NCc2ccc(C#N)cc2)Cc2c[nH]c3cccc1c23,0
O=C1[C@@H]2C(Cc3ccc(O)c(O)c3)NC3(C(=O)Nc4ccccc43)[C@@H]2C(=O)N1c1ccc(Cl)cc1,0
CN[C@H](C(=O)N[C@@H]1C=C(C(=O)N[C@H](Cc2ccccc2)C(N)=O)C[C@@H](O)[C@@H]1O)C(C)C,0
COC(=O)c1cc(OC)c(OC(C)=O)c2oc3cc(C)ncc3c(=O)c12,0
CCN1CCN(Cc2c(O)ccc3c2OC(=Cc2ccccc2C)C3=O)CC1,0
CC(C)[C@@H](C)[C@@H]1O[C@H]1[C@@]1(O)CC=C[C@@H]2C[C@H]3C4=CC(=O)[C@@]5(C[C@@H](O)[C@](O)(CO)[C@@]6(CC[C@H](Cn7ccnc7)C6)[C@]35C)C(O)SSC[C@H]3CCC[C@H](CO)[C@]35C(=O)N(C[C@@]53CCC[C@@H]3O)c3cc(O)cc(c3)CC[C@]23[C@@H]1CC[C@@]43O,0
CCCCCCCCCCCCCC(=O)OC[C@@H](COC(=O)CCCCCCCCCCCCCCC(C)C)OC(=O)CCCCCCCCCCCCC(C)CC,0
COC(=O)CC(c1oc(CN2CCCCC2)cc(=O)c1O)c1cc2ccc(OC)cc2n(C)c1=O,0
CC(C)=CC1CC=C(CO[C@@H]2O[C@H](CO)[C@@H](O)[C@H](O)[C@H]2O)C(=O)O1,0
CC(=O)O[C@@H]1[C@@H](OC(=O)c2ccccc2)[C@@H](O)[C@H](Oc2cc(O)cc(O)c2C(=O)c2cc(O)cc(O)c2)O[C@H]1C,0
C=C(CCC=C(C)C(=O)OCC(C)(C)CC1=C(O)C(=O)c2ccccc2C1=O)C(C)=O,0
COc1ccc(CCNC(=O)COc2cc(Cl)ccc2Cl)cc1OC,0
CCOC(=O)CSc1nc2c(c(=O)n1[C@H]1CCOC(C)(C)C1)C1(CCCCC1)Cc1ccccc1-2,0
CCCCCCCCCCCCCCCCCCCC(=O)OC[C@@H](COC(=O)CCCCCCCCCCC(C)CC)OC(=O)CCCCCCCCCCCCCCCCCC(C)C,0
COC(=O)C1=C2Nc3ccccc3[C@@]23CCN2C[C@@](O)([C@H](C)O)C1C[C@H]23,0
C=CC(C)/C=C/[C@H]1C(=C)CC[C@H]2C(C)(C)C[C@H](O)C[C@]12C,0
C/C=C1\C[N@@]2CC[C@@]34c5ccccc5N[C@@]23[C@H](O)C[C@@H]1[C@@]4(COC(C)=O)C(=O)OC,0
O=C1O[C@H]2C(OC(=O)c3cc(O)c(O)c(O)c3)OC(COC(=O)c3cc(O)c(O)c(O)c3)[C@@H](OC(=O)c3cc(O)c(O)c4c3[C@H]3C1=CC(=O)C(O)(O)[C@@]3(O)O4)[C@@H]2OC(=O)c1cc(O)c(O)c(O)c1,0
COC(=O)c1ccc(C=C(C#N)c2nc3ccccc3s2)cc1,0
CC(C)CC1N=C(O)C(CCCN)N=C(O)C(C(C)C)N=C(O)C(Cc2c[nH]c3ccccc23)N=C(O)C(CCC(N)=O)N=C(O)C(CC(N)=O)N=C(O)C(Cc2ccccc2)N=C(O)C(Cc2c[nH]c3ccccc23)N=C(O)C2CCCN2C(=O)C(Cc2ccccc2)N=C1O,0
O[C@@H]1[C@@H](n2cc(-c3ccccc3)cn2)[C@@H]2OCC(O2)[C@H]1NCc1ccc(Cl)c(Cl)c1,0
C/C(Cl)=C\C(=O)O[C@H]1CC[C@@]2(C)C(=CC[C@@H]3[C@H]4CC[C@H]([C@H](C)CCCC(C)C)[C@@]4(C)CC[C@@H]32)C1,0
COc1cc2c(c3oc4c(O)cccc4c(=O)c13)C[C@H]([C@](C)(O)CCl)O2,0
C[C@]12CCC3c4cc(O)c(OS(=O)(=O)O)cc4CCC3C1CCC2=O,0
CC(=O)O[C@H]1CC[C@@](C)(O)/C=C/[C@](O)(C(C)C)CCC2=CCC[C@@]1(C)OC2=O,0
C=C1C(=O)O[C@H]2C3=C(C)CCC[C@]3(C)CC[C@H]12,0
C=C1C(=O)O[C@@H]2C(=O)[C@@H](C)[C@H]3C=CC(=O)[C@H]3C[C@H]12,0
C=C1C(=O)O[C@@H]2[C@@H]1[C@H](O)/C=C(\C)CC/C=C(/C)[C@@H]2OC(=O)CC(C)C,0
N=CN1CCCCN(C(=O)/C=C/c2ccccc2)CCCNC(=O)C[C@@H](c2ccccc2)NCCC1,0
CO[C@H]1/C=C\O[C@@]2(C)Oc3c(C)c(O)c4c5c(cc(O)c4c3C2=O)NC(=O)[C@](C)(CC(=O)[C@@H]2C[C@@H]2[C@H](O)[C@@H](C)[C@@H](O)[C@@H](C)[C@H](O)[C@@H]1C)O5,0
CCCC/C=C\CCCCCCCC(=O)O[C@H](COC(=O)CCCCCC/C=C\C/C=C\C/C=C\CCCCC)COC(=O)CCCCCCCCCCCCCC,0
O=[N+]([O-])c1cccc(C=NNc2ccc(Cl)nn2)c1,0
COC(=O)c1ccccc1NC(=O)[C@H]1CC(C)=C[C@@H](C)[C@H]1C(=O)O,0
Cc1ccncc1,0
CCCCCCC(=O)CCC(=O)NCCc1cnc[nH]1,0
CCCc1cc(O)c(Cl)c2c1C(=O)Oc1cc(O)c(Cl)c(CCC)c1O2,0
CC#Cc1ccc(C#CC#C[C@@H](O)COC(C)=O)s1,0
CCC(=O)O[C@@H]1[C@@H]2[C@@H](OC(=O)C(C)C)[C@@]3(COC(=O)C(C)C)[C@@H]([C@@H]4[C@H](C[C@H]3OC(C)=O)C4(C)C)[C@](C)(OC(C)=O)C(=O)[C@@]2(O)C[C@@H]1C,0
CC[C@]12CN3C[C@](CC)(CN(C1)C3c1cccc(Br)c1)C2=O,0
CC1=[N+]([O-])[C@](Cc2c[nH]c3ccccc23)([C@H](CC(=O)[C@H](C)O)C(=O)O[C@@H](C)CC[C@@H]2C=CC(=O)O2)NC1=O,0
N=c1nc(O)c2ncn(C3OC(CO)C(O)C3N)c2[nH]1,0
CCc1cc(-c2csc(NC(C)C)n2)nc2cc(OC)ccc12,0
C[C@]12CC[C@@H](O)C[C@@H]1CC[C@@H]1[C@@H]2[C@@H](O)C[C@]2(C)C(=O)CC[C@@H]12,0
C[C@@]12C(=O)O[C@H]3C[C@@H]1C[C@@]14C3=CO[C@@H](O)[C@H]1CC[C@@H]24,0
C[C@@H]1CC[C@@]23COC(=O)C2=CC[C@H](O)[C@@H]3[C@@]1(C)CCC1=CC(=O)OC1,0
CCCCC/C=C\C/C=C\C/C=C\CCCCC(=O)OC[C@H](COP(=O)(O)OCC(O)COP(=O)(O)OC[C@@H](COC(=O)CCCCCCC/C=C\C/C=C\CCCCC)OC(=O)CCCC/C=C\C/C=C\C/C=C\CCCCC)OC(=O)CCCCCCCCCCC/C=C\CCCCCC,0
CCCCCc1cc([C@H]2Cc3cccc(c3)C3(CCCCC3)[C@H](C(=O)O)CC=CC[C@@H]2CCCCCC[C@@H]2C=C(CCN)CC2)ccc1O,0
COc1cc(C)cc(OC)c1C(=O)O,0
CC(C)CCC[C@@H](C)[C@H]1CCC2[C@@H]3C=CC4=CC(=O)CC[C@]4(C)C3CC[C@@]21C,0
CC1=C(C=O)C[C@@H]2[C@@](C)(CC/C(C)=C/C(=O)O)[C@H](C)CC[C@@]12C,0
O=c1c(O[C@@H]2OC(CO)[C@@H](O)C(O)C2O[C@@H]2OC(CO)[C@H](O)C(O)[C@H]2O)c(-c2ccc(O)c(O)c2)oc2cc(O)cc(O)c12,0
Cc1cc(=O)c2cc3c(cc2o1)O[C@](C)(C1CCCC1)[C@H](OOC[C@H](O)[C@](O)(C[N+]1=CC=C2N=CC=C21)[C@H](O)[C@H](O)CO)C3,0
O=C(N[C@H]1C[C@@H]2C(=O)N[C@H]3CCN(C(=O)Cc4cccs4)[C@@H]3C(=O)N2C1)C1CC1,0
C/C=C(/C)C(=O)O[C@H]1[C@H](OC(C)=O)[C@]2(CO)[C@H](O)C[C@]3(C)C(=CC[C@@H]4[C@@]5(C)CC[C@H](O[C@@H]6O[C@H](C(=O)O)[C@@H](O)[C@H](O[C@@H]7OC[C@H](O)[C@H](O)[C@H]7O[C@@H]7OC[C@@H](O)[C@H](O)[C@H]7O)[C@H]6O[C@@H]6O[C@H](CO)[C@H](O)[C@H](O)[C@H]6O)[C@@](C)(C=O)[C@@H]5CC[C@]43C)[C@@H]2CC1(C)C,0
CC[C@@H](C)[C@H]1NC(=O)[C@@H](NC(=O)[C@@H](C)NC(=S)[C@@H](C)NC(=S)[C@@H](C)NC(=S)[C@@H](C)NC(=S)[C@H](CCSC)NC(=S)[C@H](NC(=O)[C@](C)(O)CC(C)=O)C(C)C)CS/C=C/NC(=O)[C@H]([C@H](O)c2c[n+](C)cn2C)NC(=O)[C@H](CC(C)C)NC(=O)[C@H](C)NC1=O,0
O=C(c1ccco1)c1coc2ccc(O)c(CN3CCCCCC3)c12,0
CN1C[C@@H](NC(=O)c2cccnc2)C[C@H]1c1nc(-c2cccnc2)no1,0
CCCCCCCCCCCC(=O)O[C@H]1[C@H](O[C@H]2[C@@H](O)[C@H]3OCCCCCCCCCC[C@H](CCCCC)O[C@@H]4O[C@H](C)[C@H](O)[C@H](O)[C@H]4O[C@H]3C[C@@H]2C)O[C@@H](C)[C@H](O[C@@H]2O[C@@H](C)[C@H](OC(=O)/C=C/c3ccccc3)[C@@H](OC(=O)[C@@H](C)CC)[C@H]2O)[C@H]1O[C@@H]1O[C@H](CO)[C@@H](O)[C@H](O)[C@H]1O,0
CO[C@H]1C=C(COC(=O)c2ccccc2)[C@@H](O)[C@H](OC(=O)c2ccccc2)[C@@H]1O,0
CCC(C)C(=O)O[C@@H]1[C@@H]2C=C3C4=CC(=O)O[C@@H](c5ccoc5)[C@]4(C)CC[C@@H]3[C@@](C)(C2=O)[C@@H](C(O)C(=O)OC)C1(C)C,0
Oc1ccc([C@@H]2c3c(O)cc4c(c3[C@H]3[C@@H](c5ccc(O)cc5)c5c(O)cc6c(c5[C@@H]23)[C@@H](c2cc(O)cc(O)c2)[C@H](c2ccc(O)cc2)O6)[C@@H](c2cc(O)cc(O)c2)[C@H](c2ccc(O)cc2)O4)cc1,0
C[C@H]1CC[C@@]2(NC1)O[C@@H]1C[C@H]3[C@H]4CC=C5C[C@H](O[C@@H]6O[C@H](C)[C@@H](O)[C@H](OC[C@@H]7O[C@H](O)[C@@H](O)[C@H](O)[C@H]7O)[C@@H]6O)CC[C@]5(C)[C@H]4CC[C@]3(C)[C@H]1[C@H]2C,0
CCCCCCCCCCCCCCCCCCCCCC(=O)OC[C@H](COC(=O)CCCCCCCCCCCCCCCCCCCCC(C)CC)OC(=O)CCCCCCCCCCCCCCCCCC,0
C[C@@]1(CO)CN(Cc2ccccc2)C[C@@H]2CN(C(=O)NC3CCCCC3)CCN21,0
CCC(C)CCCCCCCCCCCCC(=O)O[C@@H](COC(=O)CCCCCCCCCCCCCC(C)C)COC(=O)CCCCCCCCCC(C)C,0
C/C=C/C(=O)NC1=CC=C2[C@H](O)CN2C(=O)O1,0
CCCCCC=CCC=CCC=CCCCCC(=O)OC[C@@H](O)CO,0
CCCCCC=CCC=CCCCCCCCCCC(=O)O[C@H](COC(=O)CCCCCCCCCCCCCCCCCCC)COP(=O)([O-])OCC[N+](C)(C)C,0
CCCCCCCCCCCCCCCCCCC(=O)OC[C@H](COC(=O)CCCCCCCCCCC(C)CC)OC(=O)CCCCCCCCCCCCC(C)CC,0
CCCCCC[C@@H]1CO[C@@H]([C@@H](O)[C@](C)(O)[C@H]2CC[C@@]3(O)C4=C(NC[C@H](C)O)C(=O)[C@@H]5C[C@@H](O)[C@@H](O)C[C@]5(C)[C@H]4CC[C@]23C)[C@H]1CO,0
C=C[C@]1(C)C=C2CC[C@H]3C(C)(C)[C@H](O)C[C@H](O)[C@]3(C)[C@H]2[C@H](O)C1,0
CCOC(=O)[C@@H](N)CS[C@H]1CC(=O)N(c2ccc(Br)cc2)C1=O,0
CCCCCCCCCCCCCc1cc(O)cc(OC)c1OC(C)=O,0
CN(C)c1ccc(NC(=S)N[C@H]2CO[C@H]3[C@@H]2OC[C@H]3OCc2ccccc2)cc1,0
CCC/C=C\C(=O)O[C@H]1CC(C)(C)C[C@H]2C3=CC[C@@H]4[C@@]5(C)CC[C@H](O[C@@H]6O[C@H](C(=O)O)[C@@H](O)[C@H](O[C@@H]7O[C@H](CO)[C@H](O)[C@H](O)[C@H]7O[C@@H]7O[C@@H](C)[C@H](O)[C@@H](O)[C@H]7O)[C@H]6O[C@@H]6O[C@H](CO)[C@@H](O)[C@H](O)[C@H]6O)C(C)(C)[C@@H]5CC[C@@]4(C)[C@]3(C)[C@@H](O)[C@@H](O)[C@@]12CO,0
COC(=O)c1ccccc1N=c1nc2[nH]c3ccccc3c(=O)n2cc1Br,0
CCOC(=O)c1ccc(N2C(=O)Cc3cc(OCC)c(OCC)cc3[C@@H]2c2ccc(OCC)c(OCC)c2)cc1,0
COc1cc2c(cc1OC)[C@H](c1c(O)oc3ccccc3c1=O)NCC2,0
O=C(/C=C/c1cccc(O)c1O)O[C@@H]1[C@H](O)C[C@@](O)(C(=O)O)C[C@H]1OC(=O)/C=C/c1ccc(O)c(O)c1,0
C=CCCCCC[C@@H]1O[C@@H]1CC=CCCCCC,0
C=CC1=C[C@@H]2[C@@H]3O[C@]4(CC[C@H](O4)[C@@H](C)C[C@@H](O)C3=O)C[C@H](O)C3=NCC[C@@]32CC1,0
CCCCC/C=C\C/C=C\C/C=C\CCCCCCC(=O)OC[C@H](COC(=O)CCCCCCCCCCCCCCCCCCCCC)OC(=O)CCCCCCCCCCCCCCCCC,0
COc1ccc(Cl)cc1NC(=O)[C@H]1C[C@H](CC(N)=O)N[C@]12C(=O)Nc1ccc(Br)cc12,0
CC[C@]1(O)C[C@@H](O[C@H]2O[C@H](CO)[C@H](O)[C@H](O)[C@@H]2O)c2c(O)c3c(c(O)c2[C@@H]1C(=O)OC)C(=O)c1cccc(O)c1C3=O,0
CCCCCCCCCCCCCCCCCCCCC[C@@H](O)C(=O)N[C@H](CO[C@@H]1O[C@H](CO)[C@@H](O)[C@H](O)[C@H]1O)[C@H](O)C[C@H](O)CCCCCCCCCCCCC,0
CSc1c(Cc2nc(C(=O)O)cc3c2[nH]c2ccc(O)cc23)[n+](C)cn1C,0
CCCCCCCCCC[N@+]12[C@H](O)[C@@H](CC)[C@H]3C[C@H]1[C@@H]1N(C)c4ccccc4[C@]14C[C@H]2[C@@H]3[C@@H]4O,0
COc1ccc(-c2cc(=O)oc3c(C)c(O[C@H](C)C(=O)NCc4ccccn4)ccc23)cc1,0
CC[C@H](C)CC(C)C,0
Cc1nn(C)c(C)c1[C@H]1C=C[C@@H](O)C1,0
O=C(Nc1ccc(Cl)cc1)[C@H]1[C@H]2C=C[C@]3(O2)[C@H](C(=O)NC2CCCCC2)N(Cc2ccccc2Cl)C(=O)[C@@H]13,0
Cc1ccc(C)c(CO)c1,0
CCNC(=O)N1CC[C@H](c2nnc(-c3ccc(OC)cc3)o2)C1,0
C/C(=C\CCc1ccoc1)CC/C=C(\C)CC[C@@H]1O[C@@]1(C)CC/C=C(\C)C(=O)O,0
CN1C(=O)[C@H](Cc2ccccc2)N=C(O)/C1=C/c1ccccc1,0
CCc1cc(O)cc(C2(Oc3c(O[C@@H]4O[C@H](C(=O)O)[C@]5(O)[C@H](C6=NC=NC6)C(Cc6ccnc(N)c6)=C[C@@]4(O)[C@@H]5O)cc4c(c3O)C(=O)CC(c3ccc(OC[C@H](O)[C+]5C=CC(N)=N5)cc3)=[O+]4)CCCC2)c1,0
CC(=O)O[C@]1(C)C[C@H](O)[C@]2(O)C(C)=CO[C@H](O[C@@H]3O[C@H](CO)[C@@H](O)[C@@H](O)[C@H]3O)[C@@H]21,0
CCCCCCCCCCCCCCCCCC(=O)O[C@H](COC(=O)CCCCCCCCCCCCCCCCCCCCC(C)CC)COC(=O)CCCCCCCCCCC(C)C,0
CCCCCC=CCC=CCCCCCCCC(=O)OC(COC(=O)CCCCCCCCCC=CCCCCCCCC)COC(=O)CCCCCCCCCC=CCCCCCCCC,0
C[C@H]1N[C@@H](CCCCN)C(O)=NN=C1O,0
COC(=O)[C@H]1CN(C(=O)NC(C)C)CCN1C(C)=O,0
CCC(=O)OC1C2(O)C(OC(C)=O)C3(C)CC24OC2(C)OC15C(CC(=O)OC)C1(C)CC(c6occc6C1=O)C5(O2)C41COC(=O)CC31,0
COc1cc2c(cc1OC)[C@H](C)N(C(=O)CSc1nc(O)c(C(C)C)c(O)n1)CC2,0
CC(=O)CCCCCCCCCC[C@H]1CC[C@H](O)[C@@H](CO)N1,0
C=C1C(=O)[C@]23C[C@H]1C[C@H](OC(C)=O)[C@H]2[C@]1(C)C[C@H](OC(C)=O)[C@H](O)C(C)(C)[C@H]1[C@@H](OC(C)=O)[C@@H]3O,0
O=c1cc(CCc2ccccc2)oc2c1C(Oc1cc3c(=O)cc(CCc4ccccc4)oc3cc1OC1c3c(oc(CCc4ccccc4)cc3=O)C(O)[C@@H](O)[C@H]1O)[C@@H](O)C(O)[C@H]2O,0
C[C@H]1[C@H]2[C@H](C[C@H]3[C@@H]4CC[C@@H]5C[C@H](O)CC[C@]5(C)[C@H]4CC[C@]23C)O[C@]12CC[C@@](C)(O)CO2,0
C[C@@H]1[C@@H]2C[C@H](O)C(C)(C)[C@]23O[C@]12CC[C@@H]1C[C@@]2(C[C@H]3O[C@@H]2O[C@H](CO)[C@@H](O)[C@H](O)[C@H]2O)C[C@@]1(C)O,0
O=c1ccc2ccc3oc4ccc5ccc(=O)oc5c4c3c2o1,0
C[C@@H](C(=O)O)N(C)C(=O)OCC1c2ccccc2-c2ccccc21,0
CCCCC/C=C\C/C=C\C/C=C\C/C=C\C/C=C\CCC(=O)OC[C@H](COC(=O)CCCCCCCCC/C=C\CCCCCC)OC(=O)CCCCCCC/C=C\CCCCCC,0
CCCCC/C=C\C/C=C\CCCCCCCC(=O)O[C@@H](COC(=O)CCCCCCCCCCCCCCCCC)COC(=O)CCCCCCCCCCCCCCCCCCC,0
CC1(C)CCC[C@@]2(C)C3C[C@@H]4[C@@H]5CC3(CC[C@H]12)C[C@]45C,0
CC1=CC[C@@]23[C@@H]([C@@H]12)[C@H](C(C)C)CC[C@H]3C,0
C[C@H]1CCCC(=O)CCC/C=C/c2cc(OCc3ccccc3)cc(OCC3CO3)c2C(=O)O1,0
C=CCSc1nc2c(c(=O)n1-c1cccc(Br)c1)C1(CCCCC1)Cc1ccccc1-2,0
Cc1cccc(OC[C@H]2C[C@@H](NC(=O)Nc3ccccc3)[C@H](O)[C@@H]2O)n1,0
Oc1ccc([C@H]2C=Cc3ccc(O)cc3OC2)cc1,0
CC1(C)CC(=O)C=C(C(=O)O)[C@]1(C)O,0
CN[C@H](CC(C)C)C(=O)N[C@H]1C(=O)N[C@@H](CC(N)=O)C(=O)NC2C(=O)N[C@H]3C(=O)N[C@H](C(=O)N[C@H](C(=O)O)c4cc(O)cc(O)c4-c4cc3ccc4O)[C@H](O)c3ccc(cc3)Oc3cc2cc(c3OC2OC(CO)C(O)C(O)C2OC2CC(C)(N)C(O)C(C)O2)Oc2ccc(cc2Cl)[C@H]1O,0
CC1=C[C@@]2(C)Oc3c(-c4ccc(O)cc4)c[nH]c(=O)c3[C@H]2[C@@H]1C,0
CC(=O)O[C@H]1[C@@H](O)[C@]2(CO2)[C@@H]2[C@H](OC(C)=O)[C@@]3(O)[C@H](/C=C(CO)\C=C/[C@H](OC(C)=O)[C@@]2(C)[C@H]1O)OC(=O)[C@@H]3C,0
COc1cccc(-c2ccc3c(c2)NC(=O)CN2CCN(C(=O)C4CC4)C[C@@H]2CO3)c1,0
CCc1cccc(C[C@H]2[C@@H](OC(=O)/C=C(\O)c3ccc(O)c(O)c3)[C@@]3(OC(=O)/C=C/c4ccc(O)c(O)c4)[C@@]4(C=C[C@@H](CO4)[C@]3(O)NC)C[C@]2(O)C(=O)O)c1,0
C=C[C@H]1CN2CC[C@H]1C[C@@H]2CNC(=O)Nc1ccc(Oc2ccccc2)cc1,0
CCCC(=O)c1ccccc1,0
O=C(O[C@@H]1O[C@@H]2COC(=O)c3cc(Oc4c(C(=O)O)cc(O)c(O)c4O)c(O)c(O)c3-c3c(cc(O)c(O)c3O)C(=O)O[C@H]2[C@H](OC(=O)c2cc(O)c(O)c(O)c2)[C@H]1OC(=O)c1cc(O)c(O)c(O)c1)c1cc(O)c(O)c(O)c1,0
CC1=C(C(=O)OC[C@@H]2CCCO2)[C@@H](c2cccc(O)c2)NC(=O)N1,0
CCC(C)CCCCCCCCCCCCCO,0
CCC(=O)O[C@H]1C(C)=C[C@]23C(=O)[C@@H](C=C(COC(=O)C(C)C)[C@@H](O)[C@]12O)[C@H]1[C@@H](C[C@H]3C)C1(C)C,0
C[C@@]12C=C[C@@]3(C1)[C@H](CC2)[C@]1(C)CCC[C@](C)(COC(=O)CCC(=O)O)[C@H]1C[C@@H]3O,0
C[C@H](CC(=O)C[C@H](C)C(=O)O)[C@H]1C[C@@H](O)[C@@]2(C)C3=C(C(=O)[C@@H](O)[C@]12C)[C@@]1(C)CCC(O)C(C)(C)[C@@H]1CC3=O,0
C=CC(C)(C)c1[nH]c2ccc(CC=C(C)C)cc2c1/C=C1\NC(=O)[C@](C)(OC)NC1=O,0
COc1ccc(COc2ccc3c(c2)oc(=O)c2cc(OC)ccc23)cc1,0
CNC(=O)c1ccccc1,0
COc1ccc([C@@H]2CC(=O)c3ccc(O)cc3O2)cc1,0
CC1=CC(=O)[C@@H]2[C@H]1[C@H]1OC(=O)[C@@H](C)[C@@H]1[C@@H](O)C[C@]2(C)O,0
COC(=O)CC(C)CC[C@@H]1C(C)=CC(=O)CC1(C)C,0
C=C(C)[C@H]1C[C@@]2(C)[C@H](CC(=O)C[C@@H]2C)[C@H](OC(=O)C/C(C)=C\C)[C@@H]1OC(=O)C/C(C)=C\C,0
CCCCC/C=C\C/C=C\C/C=C\CCCCC(=O)OC[C@H](COP(=O)(O)OCCN)OC(=O)CCCCCCCCCCC/C=C\CCCCCC,0
CC/C=C\C/C=C\C/C=C\C/C=C\CCCCC(=O)OC[C@H](COC(=O)CCCCCCCCCCC/C=C\CCCCCCCC)OC(=O)CCCCCCCCCCCCCCC,0
C=C1/C=C/C(=O)OC([C@@H](C)[C@@H](O)[C@@H](C)CC[C@H]2C[C@H](OC)C[C@H](C)O2)[C@@H](C)[C@H](O)C[C@H](O)[C@H](C)[C@@H](OC)C[C@@H]2CC=C[C@@H](C[C@@H](O)C/C=C(C)/C=C/C(=O)O[C@H]([C@@H](C)[C@@H](O)[C@@H](C)CC[C@H]3C[C@H](OC)C[C@H](C)O3)[C@@H](C)[C@H](O)C[C@H](O)[C@H](C)[C@@H](OC)C[C@@H]3CC=C[C@@H](C[C@@H](O)C[C@H]1O)O3)O2,0
C/C(=C\[C@H](O)[C@@H](C)O)[C@@H]1CC[C@H]2C3=CC(=O)[C@H]4CC(=CC[C@H](O)C4)[C@H]3CC[C@@]21C,0
Cc1ccc(NC(=O)[C@H](Cc2ccccc2)NC(=O)N2C[C@H]3C[C@@H](C2)c2cccc(=O)n2C3)cc1,0
COc1ccc(/C=C\C(=O)O[C@@H]2[C@H](OC(C)=O)[C@H](O)[C@H](C)O[C@H]2O)cc1,0
CCN(CC)CCC[C@H](C)Nc1nc(C)nc2ccccc12,0
O=C(N[C@H]1CO[C@H]2[C@@H]1OC[C@H]2OCc1ccccc1)C1CC1,0
COc1cc(O[C@H]2O[C@@H](CO[C@@H]3OC[C@@](O)(CO)[C@@H]3O)[C@H](O)[C@@H](O)[C@@H]2O)c2c(-c3ccc(O)c(O)c3)cc(=O)oc2c1,0
COc1cc2c3c4c1Oc1c(c(OC)cc5c1[C@H](Cc1ccc(cc1)Oc1cc(ccc1O)CC3N(C)CC2)N(C)CC5)O4,0
CO[C@H]1C[C@@H](C)C/C(C)=C/[C@@H](C)C(=O)C[C@H](O)[C@@H](C)[C@@H](/C(C)=C/[C@@H]2CC[C@@H](O)[C@H](O)C2)OC(=O)[C@@H]2CCCCN2C(=O)C(=O)[C@]2(O)OC1[C@@H](OC)C[C@H]2C,0
CC1(C)C=Cc2cc3c(cc2O1)O[C@H]1c2ccc(O)cc2OC[C@@]31O,0
COc1cc(C(=O)OC[C@@]2(O)CO[C@@H](O[C@H]3[C@H](Oc4ccc(O)cc4OC)O[C@H](CO)[C@@H](O)[C@@H]3O)[C@@H]2O)ccc1O,0
Cc1ccc([C@@H]2C[C@@H]2c2ccccc2)cc1,0
COc1cc2c3c(c1O)[C@]1(CCC(=O)[C@@H](OC)C1)C[C@@H]3N(C)CC2,0
CC(C)C/C=C/C=C/C(=O)N[C@H]1CCCNC1=O,0
C=C(C)[C@@H]1CC[C@]2(C(=O)O)CC[C@]3(C)[C@@H](CC[C@@H]4[C@@]5(C)CC[C@H](OC(C)=O)C(C)(C)[C@H]5CC[C@]43C)[C@@H]12,0
COc1ccc2c(c1)CN(C(=O)CC(C)C)CC[C@H]1COC(=O)N21,0
CC(C)NC(=O)C[C@@H]1O[C@H](CNC(=O)C2CCCC2)[C@@H](O)[C@H]1O,0
CCC(=O)N1CC[C@]23c4ccccc4N[C@H]4N(C)c5cccc6c5[C@]42CCN([C@H]6[C@@H]2OC2(C)C)[C@H]13,0
CNCC[C@H]1CC=C[C@H](CN[C@@H]2CSSC[C@@](C)(O)C[C@H]3CC#C[C@H]4C[C@H]5c6c(ccc(O)c6OC[C@H]5C5(CO)CCCC5)[C@H]4C4(CCNCC4)[C@H](OC(=O)[C@]45CCCC[C@H]4CCC(=O)N5)C[C@H](OC(C)=O)[C@H]3CC[C@H]2O)C1,0
COc1cc(O)ccc1[C@H]1Oc2cc3oc(=O)ccc3cc2[C@H]2C=C(C)C[C@@H](c3ccc(O)cc3OC)[C@@H]21,0
CCCCCCCCCCCCCCCCCCCC(=O)OC[C@H](O)COC(=O)CCCCCCCCC,0
C/C1=C/CC/C=C/C2OC(=O)[C@@H](C)[C@@H]2[C@H](OC(=O)CC(C)(C)O)C1,0
C=C1C(=O)O[C@@H]2/C=C(/C)CC/C=C(/C=O)C[C@@H](OC(=O)/C(C)=C/C)[C@@H]12,0
CC[C@@H](C)[C@@H]1C(=O)N(C)[C@@H](Cc2ccccc2)C(=O)N[C@@H]([C@@H](C)CC)C(=O)O[C@@H](C)[C@H](NC(=O)[C@@H](CCc2ccc(O)cc2)NC(=O)[C@H](COS(=O)(=O)O)OC)C(=O)N[C@@H](CCc2ccc(O)cc2)C(=O)N[C@H]2CC[C@@H](O)N1C2=O,0
CC[C@H](C)[C@H](NC(=O)[C@H](CC(=O)O)NC(=O)CNC(=O)[C@H](CC(C)C)NC(=O)CN)C(=O)N[C@@H](CC(C)C)C(=O)NCC(=O)N[C@@H](CC(C)C)C(=O)N[C@@H](CC(C)C)C(=O)NCC(=O)N[C@@H](CC(C)C)C(N)=O,0
CC1=CC[C@@]2(C)CC[C@H](C(C)C)C2=CC1,0
COc1cc(/C=C/C(=O)OC[C@H]2O[C@@H](O)[C@H](O)[C@H](O)[C@@H]2O)ccc1O,0
C=C1C(=O)[C@]23[C@H](O)[C@H]1CC[C@H]2[C@@]12C(OCC)OC3(O)[C@@H](O)[C@@H]1C(C)(C)CC[C@@H]2O,0
COc1ccc(S(=O)(=O)N2CCC3(CC2)Nc2ccccc2-n2cccc23)cc1,0
C[C@]12CC[C@@H]3c4ccc(O)cc4CC[C@H]3[C@@H]1CC[C@@H]2O,0
CC1(C)CC[C@]2(C(=O)O)CC[C@]3(C)C(=CCC4[C@@]5(C)CCC(O[C@]6(O)OC(CC(=O)O)[C@@H](O)[C@H](O[C@@H]7OC(CO)[C@@H](O)C(O)[C@@H]7O)C6O)C(C)(C)C5CC[C@]43C)C2C1,0
O=C(N[C@@H]1[C@@H](O)CO[C@@H]1Cn1cc(-c2ccccc2)nn1)N1CCOCC1,0
O=C(/C=C\c1ccc(O)c(O)c1)c1ccc(O[C@@H]2O[C@H](CO)[C@@H](O)[C@H](O)[C@H]2O)c(O)c1O,0
CC(=O)OCC12C3CC(C)C4(CC(c5ccoc5)OC4=O)[C@H]1CCCC2C(=O)O3,0
CCCCCC/C=C\CCCCCCCCCCCC(=O)OC[C@H](COP(=O)(O)OCC(O)COP(=O)(O)OC[C@@H](COC(=O)CCCCCCCCC/C=C\CCCCCC)OC(=O)CCCCCCCCCCC/C=C\CCCCCC)OC(=O)CCCCCCCCCCC/C=C\CCCCCC,0
COc1ccc([C@@H]2CC(=O)c3cnc(NC[C@H]4CCCO4)nc3C2)cc1OC,0
COc1ccc2[nH]c3c(c2c1)CN(C(=O)CC(C)(C)C)CC3,0
COc1cc2c(cc1O)CCN[C@]21CS[C@@H]2c3c(OC(=O)/C=C/c4ccccc4)c(C)c4c(c3[C@H](COC1=O)N1C2C2c3c(cc(C)c(OC)c3O)CC([C@@H]1C#N)N2C)OCO4,0
COc1cc(/C=C\C(=O)O[C@H]2C[C@@H]3C(C(=O)O)=CO[C@@H](O[C@@H]4O[C@H](CO)[C@@H](O)[C@H](O)[C@H]4O)[C@@H]3[C@H]2C)ccc1O,0
CC/C=C\C/C=C\C/C=C\C/C=C\C/C=C\CCCCCC(=O)OC[C@H](COC(=O)CCCCCCCCCCCCCCCCCCCCC)OC(=O)CCCCCCCCCCCCCCCCCCCCC,0
C=C(C)C(O)CC[C@@]1(C)[C@@H](O)C=C(CO)C(=O)/C(=C\C(C)=O)[C@@H]1/C=C/OC(=O)C=C(C)C,0
C[C@H]1O[C@@H](O)C[C@@](C)([N+](=O)[O-])[C@H]1O,0
C[C@@H]1O[C@H](O[C@@H]2[C@@H](O[C@H]3CO[C@H](O[C@H]4CC[C@@]5(C)[C@@H](CC[C@]6(C)[C@@H]5CC=C5[C@H]7CC(C)(C)CC[C@@]7(C(=O)O[C@H]7O[C@@H](CO)[C@H](O)[C@@H](O)[C@@H]7O)CC[C@]56C)[C@]4(C)CO)[C@@H](O)[C@@H]3O)O[C@@H](CO)[C@H](O)[C@H]2O)[C@@H](O)[C@H](O)[C@H]1O,0
C=C1C(=O)O[C@@H](CCCCCCCCCCCCC[C@H](C)OC2OC(COC3OC(CO)C(O)C(O)C3O)C(O)C(O)C2O)[C@@H]1C(=O)O,0
CCC(C)CCCCCCCCCCCCCCCCC(=O)OC[C@@H](O)COC(=O)CCCCCCCCCCCCC(C)C,0
C[C@@H]1O[C@@H](O[C@H]2C(=O)c3c(O)cc(O)cc3O[C@@H]2c2ccc(O)c(O)c2)[C@H](O)[C@H](O[C@@H]2O[C@H](CO)[C@@H](O)[C@H](O)[C@H]2O)[C@H]1O,0
COC1=CC(=O)N(C(=O)[C@@H](OC(=O)[C@@H]2CCCN2C(=O)[C@@H]2CCCN2C(=O)[C@@H](NC(=O)[C@@H](NC(=O)[C@H](C(C)C)N(C)C)C(C)C)C(C)C)C(C)C)[C@H]1Cc1ccccc1,0
CC(=CC(C)C1CCC2C3CCC4C(O)CCC4(C)C3CCC12C)C(C)C(C)C,0
CC/C=C\C/C=C\C/C=C\C/C=C\CCCCC(=O)O[C@H](COC(=O)CC/C=C\C/C=C\C/C=C\C/C=C\C/C=C\CCCCC)COC(=O)CCCCCCCCC/C=C\C/C=C\CCCCC,0
CCC(C)C(=O)O[C@@H](C[C@@]1(C)[C@H](C)C[C@H](O)[C@]2(CO)[C@@H]1CCC[C@]21CO1)C1=CC(=O)OC1,0
O=C(O[C@H]1O[C@@H]2COC(=O)c3cc(O)c(O)c(O)c3-c3c(cc(O)c(O)c3O)C(=O)O[C@@H]3C1OC(=O)c1cc(O)c(O)c(O)c1[C@@H]1C(=O)[C@@H](O)C[C@]1(O)C(=O)O[C@@H]32)c1cc(O)c(O)c(O)c1,0
CC(C)=CCC[C@]1(C)[C@@H](CC=C(C)C)C[C@]2(CC=C(C)C)C(=O)[C@@]3(CC=C(C)C)O[C@]2(O)[C@]1(C(=O)C(C)C)C3=O,0
C[C@@H](O)[C@H]1CC[C@H]2[C@@H]3CC[C@H]4C[C@@H](O)CC[C@]4(C)[C@H]3C(=O)C[C@]12C,0
Cc1cccc(OC[C@]2(CNCc3cccnc3)C[C@@H](O)[C@@H](O)C2)n1,0
C=C1C(=O)O[C@H]2[C@H]1[C@@H](O)C[C@@]1(C)O[C@@]13[C@@H]2C(C)=C[C@@H]3O,0
CCCCCCCCCCCCCCCCCCC(=O)OC[C@@H](COC(=O)CCCCCCCCCCCCC(C)CC)OC(=O)CCCCCCCCCCCCCCC(C)C,0
C/C=C(/CO)C(=O)O[C@@H]1Cc2c3c(c4oc(CO)cc(=O)c4c2O)[C@@H]2c4ccnc(N)c4[C@@H](CCc4ccc(O)cc4[C@H]2CO)[C@@H]2CCc4cc(N)[nH+]cc4C[C@@H]2[C@]1(C)O3,0
C=CCCCC[C@H](C)CCCCCC,0
C[C@@]1(CO)CC(=O)C[C@@]2(C)[C@@H]3CC[C@](C)([C@H](O)CO)C=C3CC[C@H]12,0
CC1=CCC[C@]2(C)C[C@H]3OC(=O)[C@H](CN4CCN(c5cccc(C)c5)[C@@H](C)C4)[C@H]3C=C12,0
CCNCC[C@@H](C)c1cc2ccc3c(c2oc1=O)[C@H]1OC(=O)C[C@@H](CCc2ccccc2)Cc2ccc(cc2)CCC(=C(C)C)C(=O)O[C@@H]1C(C)(C)O3,0
COc1ccc2c(C)c(CC(=O)NCCn3cccc3)c(=O)oc2c1OC,0
N#Cc1ccccc1NC(=O)N1CCOC12CCCCC2,0
CCSc1c(C[C@H](O)C(=O)[O-])[n+](C)cn1C,0
CCCCC/C=C\C/C=C\CCCCCCCCCCCC(=O)O[C@H](COC(=O)CCCCCCC/C=C\C/C=C\CCCCC)COC(=O)CCCCCCCCCCC/C=C\CCCCCCCC,0
C=C1C(=O)N[C@H](C)C(=O)N[C@@H](CC(C)C)C(=O)N[C@@H](C(=O)O)[C@H](C)C(=O)N[C@@H](Cc2ccc(O)cc2)C(=O)N[C@@H](/C=C/C(C)=C/[C@H](C)[C@H](Cc2ccccc2)OC)[C@H](C)C(=O)N[C@@H](C(=O)O)CCC(=O)N1C,0
CCC(C)C(NC(=O)NC1CCCCNC(=O)C(CO)NC(=O)C(CCc2ccccc2)N(C)C(=O)C(CCc2ccccc2)NC(=O)C(CCSC)NC1=O)C(=O)O,0
COc1cc(/C=C/C(=O)OC[C@H]2O[C@@H](OC[C@](C)(O)[C@@H](O)CO)[C@H](O)[C@@H](O)[C@@H]2O)cc(OC)c1O,0
O=c1c(O[C@@H]2OC(CO)[C@@H](O)C(O)C2O)c(-c2ccc(O)cc2)oc2cc(O[C@@H]3OC[C@@H](O)[C@H](O)C3O)cc(O)c12,0
COc1c(C)c(OC)c2oc(-c3ccc(O)cc3)cc(=O)c2c1O,0
O[C@@H]1C[C@@H](c2nc(-c3ccccc3)no2)N(Cc2cccs2)C1,0
COC(=O)c1c(NC(=O)CN2CC[C@]3(O)CCCC[C@@H]3[C@@H]2c2ccc(O)c(OC)c2)sc2c1CCCC2,0
O=c1cc(-c2ccc(O)c(O)c2)oc2cc(O[C@@H]3OC(CO[C@@H]4OC(CO)[C@H](O)[C@H](O)C4O)[C@H](O)[C@H](O)C3O)cc(O)c12,0
COc1ccc([C@@H]2CC(=O)c3c(OC)cc(OC)c(-c4cc([C@@H]5CC(=O)c6c(OC)cc(OC)cc6O5)ccc4OC)c3O2)cc1,0
CC[C@@H](C)[C@@H](C(=O)N[C@H](C(=O)N(C)[C@@H]([C@@H](C)CC)[C@@H](CC(=O)N1CCC[C@H]1[C@H](OC)[C@@H](C)C(=O)N[C@@H](Cc1ccccc1)c1nccs1)OC)C(C)C)N(C)C,0
CN(C)S(=O)(=O)c1cccc(C(=O)c2ccccc2)c1,0
C[C@H]1[C@H](O)CCC23C[C@@H]4[C@H](C[C@@]12C)[C@]4(C)C3,0
CC(=O)Oc1ccccc1C(=O)NCC(=O)O,0
CC(=O)N1C[C@H]2C[C@@H](O)CN2C2(C1)CN(C(=O)c1ccccc1)C2,0
C=C[C@@H]1CC(C)(C)C/C1=C1\COC(=O)C[C@H]1CO,0
CCOC(=O)C(C(=O)OCC)=C1C(=O)N(c2ccccc2)N(c2ccccc2)C1=O,0
O=C(N[C@@H](Cc1c[nH]cn1)C(=O)O)c1c[nH]c2cc(Br)ccc12,0
C/C1=C/CCCC(=O)C[C@H](c2ccccc2)C1,0
Oc1ccc2c(c1)O[C@H](c1cc(O)c(O)c(O)c1)[C@@H](O)[C@@H]2c1c(O)cc(O)c2c1O[C@H](c1cc(O)c(O)c(O)c1)[C@H](O)C2,0
COC1=C2c3ccc(OC)c(=O)cc3[C@@H]3CC[C@@]2(C=C(O)C1=O)N3C,0
CCCc1nc2ccccc2c(=O)o1,0
Nc1ncnc2c1ncn2[C@H]1OC2=C[C@@](CC(=O)O)(C(=O)O)O[C@H]2[C@@H]1O,0
CCCCCCCCCCCCCCCCCCCCCC(=O)O[C@@H](COC(=O)CCCCCCCCCCC(C)C)COC(=O)CCCCCCCCCC(C)C,0
NC1(c2ccccc2Cl)CCCCC1=O,0
O=C(CO)[C@@H](O)[C@@H](O)[C@@H](O)CO,0
Nc1ncnc2c1ncn2[C@@H]1O[C@H](COP(=O)(O)OP(=O)(O)OC[C@H]2O[C@@H]([n+]3cccc(C(=O)O)c3)[C@H](O)[C@@H]2O)[C@@H](O)[C@H]1O,0
C[C@H](NC(=O)CCCC[C@@H]1SC[C@@H]2NC(=O)N[C@@H]21)c1nc2ccccc2n1C,0
O=C(O)CCNC(=O)COc1ccc2ccc(=O)oc2c1,0
CC(C)[C@H](NC(=O)[C@@H](N)CO)C(=O)NCC(=O)N[C@@H](CCC(=O)O)C(=O)O,0
CCCCC[C@H]1CC[C@@H]2C=CC=C[C@@H]2[C@@H]1OC[C@]1(O)C[C@@]23C(=C1C(=O)O)C[C@@H](CC[C@H]2C)[C@@]31CN(C(=N)NC)C=C[C@@H]1CNCCO,0
COc1ccc(OCc2n(CC(=O)O[C@@H]3C[C@H](C)CC[C@@H]3C(C)C)c3ccccc3[n+]2C)cc1,0
CCOC(=O)CSc1nc2c(c(=O)n1CC1CCCCC1)C1(CCCCC1)Cc1ccccc1-2,0
COC(=O)c1cc(C)cc(O)c1C(=O)c1c(O)ccc(CC=C(C)C)c1O,0
c1ccc(OCc2nnc3sc(-c4cccc5ccccc45)nn23)cc1,0
N=Cc1c[nH]c2ocnc12,0
Cc1c(C(=O)NC2CCCC2)oc2ccc3c(c12)C(=O)CC1(CCCCC1)O3,0
CNCO[C@@H]1Cc2c3c(c4c(c2O[C@@H]1c1ccc(O)c(OC)c1)CC[C@H](CO)O4)-c1ccc(O)c2c1[C@H](C3)[C@@H](c1ccc3[nH]ccc3c1)C(CNC)=C2,0
C/C=C(/C)C(=O)O[C@H]1c2cc(OC)c(OC)c(OC)c2-c2c(cc3c(c2OC)OCO3)[C@H](OC(=O)CC)[C@H](C)[C@]1(C)O,0
CCCCCCCCCCCCCCCC(=O)O[C@@H](COC(=O)CCCCCCCCC)COC(=O)CCCCCCCCCCCCCCC(C)C,0
CC(=O)N1CCC(N2C[C@@H]3Oc4ccccc4C(=O)N(C)[C@@H]3C2)CC1,0
CC(=O)OC(O)CCCCCCCCCC=CC1CO1,0
CCC[C@H](NC(=O)Cc1c(C)c2cc3c(-c4ccc(Cl)cc4)coc3cc2oc1=O)C(=O)O,0
C[C@H]1CCC[C@]2(C)C[C@H]3OC(=O)[C@@H](CN4CCN(c5ccc([N+](=O)[O-])cc5)CC4)[C@H]3[C@@H]3O[C@@]132,0
C=C1[C@H]2[C@@H](CO)C[C@]3(C(=O)CCc4cccc(c4)[C@]4(CC[C@@H](O)C4)[C@H]4c5cc6cc(ccc6cc5C=C[C@@H]4O)C[C@]13C)[C@]2(O)OC,0
CC1=C2CC[C@@](C)(O)[C@@H]2[C@H]2OC(=O)[C@H](C)[C@@H]2CC1,0
CC(=O)Oc1ccc(N/C=C2\C(=O)[C@@]3(C)CC[C@@H]2C3(C)C)cc1,0
O=C1[C@@H]2[C@H]3C=C[C@@](c4ccccc4)([C@H]2C(=O)N1c1ccc(Cl)cc1)[C@H]1C(=O)N(c2ccc(Cl)cc2)C(=O)[C@H]31,0
CC[C@H](C)/C=C(\C)C(=O)/C(C)=C/C(C)/C=C(C)/C=C(\C)c1oc(=O)c(C)c(O)c1C,0
CC1=C(/C=C/C(C)=C/C=C/C(C)=C/C=C/C=C(C)/C=C/C=C(C)/C=C/C=C(C)/C=C/[C@H](O[C@@H]2O[C@@H](C)[C@@H](O)[C@@H](O)[C@@H]2O)C(C)(C)O)C(C)(C)[C@@H](O)[C@H](O)C1,0
C[C@]12CCC[C@]3(CO3)[C@@H]1C[C@@H]1[C@H](CN3C[C@H]4C[C@@H](C3)c3cccc(=O)n3C4)C(=O)O[C@@H]1C2,0
C[C@@H](CO)CCC[C@](C)(O)c1ccc(C(=O)O)cc1O,0
C=C1CC[C@H]2O[C@@]2(C)[C@H](O)C[C@@H]2[C@@H]1CC2(C)C,0
CC(=O)O[C@H]1CC(C)=CCC/C(C)=C/C(=O)CC2=C[C@@H](OC2=O)[C@@H]1C(C)C,0
COCCCN1C(=O)[C@H]2[C@H](C(=O)Nc3ccc(Cl)cc3)[C@H]3C=C[C@@]2(O3)[C@@H]1C(=O)N[C@@H]1CCC[C@H](C)[C@H]1C,0
Cc1cc(O[C@@H](C)C(=O)N2CC[C@@]3(O)CCCC[C@@H]3[C@@H]2c2ccccc2)c2c3c(c(=O)oc2c1)CCCC3,0
COc1ccc(CN2C(=O)[C@H]3[C@@H](C2=O)[C@@]2(N[C@H]3C(C)C)C(=O)Nc3c(Cl)cccc32)cc1,0
C[C@@H](CCCNCCCS(=O)(=O)O)[C@H]1CC[C@H]2[C@H]3[C@H](O)C[C@@H]4C[C@H](O)CC[C@]4(C)[C@@H]3C[C@H](O)[C@]12C,0
CCCCCCCCCCCCCCCCCCCCCC(=O)O[C@H](COC(=O)CCCCCCCCCCCCCCCC(C)C)COC(=O)CCCCCCCCCCCCCCC(C)C,0
CC(C)CC(=O)N[C@H](Cc1ccc(O)cc1)C(=O)N[C@H](C(=O)N[C@@H](C=O)Cc1ccccc1)C(C)C,0
C[C@H]1O[C@@]2(C[C@@H]3N4C(=O)[C@@]5(CO)SS[C@]4(C[C@]3(O)[C@@H]2O)C(=O)N5C)C(=O)C1(C)C,0
CCN(CC)C(=O)[C@@H](C)[C@H]1CC[C@]2(C)Cc3sc(NC(=O)CSC)nc3[C@@H](C)[C@@H]2[C@H]1O,0
C[C@]12CC[C@H]3[C@@H](C[C@H](O)[C@H]4C[C@@H](O)CC[C@@]43C)[C@H]1C[C@H](O)C2,0
COc1cc(/C=C/C(=O)OC[C@@H]2O[C@H](O[C@]3(CO)O[C@H](CO)[C@@H](O)[C@@H]3OC(=O)/C=C/c3ccc(O)c(OC)c3)[C@H](O)[C@@H](O)[C@@H]2OC(C)=O)ccc1O,0
CO/N=C/[C@@H](C)CCCCCCCCCCCc1cccnc1,0
CC(=O)CCC[C@@H](C)CCC[C@@H](C)CCCC(C)C,0
CNCCNC(=N)N1C=CC[C@@]2(C1)[C@@H]1CC[C@@H](C)[C@]23C[C@H](O)C(C(=O)O)=C3C1,0
C/C(=C\c1csc(C)n1)[C@@H]1C/C=C\CCC[C@H](C)[C@H](O)[C@@H](C)C(=O)C(C)(C)[C@@H](O)CC(=O)O1,0
C/C(=C/CC[C@@H](C)[C@H]1CC[C@@]2(C)[C@@H]3CC=C4[C@@H](CC[C@H](O[C@@H]5O[C@H](CO)[C@@H](O)[C@H](O)[C@H]5O)C4(C)C)[C@]3(C)C(=O)C[C@]12C)CO[C@@H]1O[C@H](CO)[C@@H](O)[C@H](O)[C@H]1O[C@@H]1O[C@H](CO)[C@@H](O)[C@H](O)[C@H]1O,0
CC(C)[C@@H]1[C@H](O)[C@@H]2[C@@]3(O)[C@@H]4O[C@@](O)(C[C@@]2(C)[C@@]2(O)CC[C@@H](C)[C@@H]42)[C@@]13C,0
CCCCCc1cc(O)c2c(c1)O[C@@](C)(CCC=C(C)C)C=C2,0
CC(=O)N[C@@H](Cc1c[nH]c2ccccc12)C(=O)N[C@H](C(=O)NC(C)(C)C(=O)NC(C)(C)C(=O)N[C@@H](C)C(=O)N[C@@H](CCC(N)=O)C(=O)N[C@@H](C)C(=O)NC(C)(C)C(=O)N[C@@H](CO)C(=O)NC(C)(C)C(=O)N[C@@H](C)C(=O)N[C@@H](CC(C)C)C(=O)NC(C)(C)C(=O)N[C@@H](CCC(N)=O)C(=O)N[C@H](CO)CC(C)C)C(C)C,0
CC(C)C(C)CC[C@@H](C)[C@H]1CC[C@H]2[C@@H]3CC=C4C[C@@H](O)CC[C@]4(C)[C@H]3C=C[C@]12C,0
CC(=O)Oc1ccc(O[C@H]2O[C@H](CO)[C@H](O)[C@H](O)[C@H]2O)cc1,0
CC1(C)[C@H](OC(=O)c2ccccc2)CC[C@]2(C)C3=CC[C@@]4(C)[C@@H]5C[C@](C)(OC(=O)c6ccccc6)CC[C@]5(C)CC[C@]4(C)C3=CC[C@@H]12,0
CCCCCCOc1ccc([N+](=O)[O-])cc1,0
COCCC(=O)N1C[C@H]2C[C@H](C1)c1ccc(NCCCc3ccccc3)c(=O)n1C2,0
CC1=C[C@H]2C=C(C)[C@H](C)[C@H]3[C@H](CC(C)C)NC(=O)[C@@]23C(=O)C=C[C@@H](O)[C@@H](O)CC1,0
C[C@@H]1CC[C@@]2(C(=O)O[C@H]3O[C@@H](CO)[C@H](O)[C@@H](O)[C@@H]3O)CC[C@@]3(C)C(=CC[C@@H]4[C@]5(C)C[C@H](O)[C@H](O)[C@@](C)(C(=O)O)[C@@H]5CC[C@@]43C)[C@@H]2[C@]1(C)O,0
COc1cccc2c(O[C@@H]3O[C@H](CO[C@H]4O[C@H](CO)[C@@H](O)[C@H](O)[C@H]4O)[C@@H](O)[C@H](O)[C@H]3O)c3c(c(O)c12)[C@@H](C)O[C@H](C)[C@H]3O,0
Cc1nn(CCC#N)c(C)c1[C@@H]1C=C[C@@H](NC(=O)Nc2ccc(Cl)cc2)C1,0
C=C[C@@]1(C)C[C@@H]2OC(=O)C[C@]3(C)[C@@H](C(C)(C)C(=O)OC)CC[C@](C)(O1)[C@@H]23,0
CCCCC/C=C\C/C=C\C/C=C\CCCCC(=O)O[C@H](COCCCCCCCCCCCCCCCCCC)COC(=O)CCCCCCCCCCCCCC,0
CC(C)[C@H](C)[C@@H](O)[C@H](O)[C@@H](C)[C@H]1CC(=O)[C@@H]2[C@@H]3[C@@H](OS(=O)(=O)[O-])[C@H](O)[C@H]4[C@H](O)[C@@H](O)CC[C@]4(C)[C@H]3CC[C@]12C.[Na+],0
C[C@H]1C(=O)CC[C@H]2[C@]3(C)CC[C@@]4(C)[C@@H]5C[C@](C)(CO)CC[C@]5(C(=O)O)CC[C@]4(C)[C@@H]3CC[C@@]21C,0
COc1cc(=O)oc([C@@]2(C)O[C@H]2/C(C)=C\C(C)=C\[C@@]2(C)O[C@@H](C)[C@]3(C)O[C@H]32)c1C,0
Cc1ccc(N2COc3c(cc4c(oc(=O)c5ccccc54)c3C)C2)cc1C,0
CC[C@]1(C)C[C@@](CCNC(=O)CCC(=O)O)(c2ccc(C)cc2)CCO1,0
CCCCP(C)(=O)CCCC,0
O=C(O)CCCCCCS,0
CC(=O)OC1C(O)C2C(C)(C)C(=O)C=CC2(C)C2Cc3c(cc(O)c(-c4ccoc4)c3C)C12C,0
O=C1C=C[C@H](OC(=O)/C=C/c2ccccc2)[C@@H]([C@H](O)[C@H](O)c2ccccc2)O1,0
C=C(CC[C@@H](C(=O)O)[C@H]1C[C@H](O)[C@@]2(C)C3=CC[C@H]4C(C)(C)C(=O)CC[C@]4(C)C3=CC[C@]12C)C(C)C,0
CC(C)CCCCCCCCCCCCCCCCC(=O)OC[C@H](COC(=O)CCCCCCCCCC(C)C)OC(=O)CCCCCCCCC(C)C,0
COc1ccc(C2CC(=O)c3c(O)cc(OC4OC(CO)C(O)C(OC5OC(CO)C(O)C(O)C5O)C4O)cc3O2)cc1O,0
Cn1ccnc1C(=O)c1ccc(NC(=O)C(=O)N2CCC[C@@H]2C(N)=O)cc1,0
CC(=O)c1ccc(O)c(C(=O)C=C(C)C)c1,0
C/C=C1/CN2[C@H]3C[C@@]45c6ccc(OC)cc6N(C)[C@H]4[C@@H]2C[C@@H]1[C@@H]3[C@@H]5O,0
CC/C=C\C/C=C\C/C=C\C/C=C\CCCCCCC(=O)O[C@H](COCCCCCCCCCCCCCCCCCC)COC(=O)CCCCCCC/C=C\CCCCCC,0
CC(=O)O[C@H]1C[C@](C)(O)C[C@H](OC(=O)c2ccc(O)cc2)[C@@H]2[C@@]1(C)C=C[C@]2(O)C(C)C,0
C/C=C(\C)C(=O)N[C@@H](c1ccccc1)[C@@H](O)C(=O)O[C@H]1C[C@@]2(O)[C@@H](OC(=O)c3ccccc3)C3[C@](C)(C(=O)[C@H](OC(C)=O)C(=C1C)C2(C)C)[C@H](O)C[C@H]1OC[C@@]31OC(C)=O,0
COC1=C(OC)C(=O)[C@]23C(=C1)C[C@@H](C)[C@]2(C)[C@@H](O)c1cc2c(c(OC)c13)OCO2,0
Cc1cc(C(C)C(C)O)c(C)c(O)c1O,0
COc1cc(OC)c(C2CC(=O)Oc3ccc4c(c32)OC2(CCCCC2)CC4=O)cc1OC,0
CCCCCCCCCCCCCCCCCCCCCC(=O)OC[C@H](COC(=O)CCCCCCCCCCCCCCCC)OC(=O)CCCCCCCCCCCCCCCCC(C)CC,0
CC(C)=CC[C@@H](OC(=O)c1ccccc1)C1=CC(=O)c2c(O)ccc(O)c2C1=O,0
CC1CCC2(C(=O)O)CCC3(C)C4(C)CCC5C(C)(C)C(O)C(O)CC5(C)C4CC(O)C3(O)C2C1C,0
COc1c2c(cc3c1[C@@H](CN/C=C1/C(=O)NC(=O)N(c4cccc(C)c4)C1=O)N(C)CC3)OCO2,0
COC(=O)CC(c1c(O)cc(C)n(CCc2ccc(O)c(O)c2)c1=O)c1cc2ccc(OC)cc2n(C)c1=O,0
NC(=O)CC[C@H](NC(=O)[C@@H](N)CC(N)=O)C(=O)O,0
Cc1ccc(S(=O)(=O)N2CCCC3(CCCCC3)C2)cc1,0
COC(=O)[C@@H](O)[C@H]1[C@@]2(C)C[C@]3(OC(C)=O)[C@@H]([C@@H](OC(C)=O)[C@@]4(O)[C@@H](C[C@H](OC(C)=O)[C@]5(C)[C@@H](c6ccoc6)OC(=O)C[C@@H]54)[C@]13C)[C@@H]2OC(C)=O,0
O=C1C(=Cc2cccc(Br)c2)Oc2cc(OC(=O)C3CCCCC3)ccc21,0
COc1ccc(-c2cc(=O)c3c(O)cc(OC)c([C@@H]4OC(CO)[C@@H](O)[C@H](O)C4O)c3o2)cc1,0
CC(C)C1=C[C@@H]2[C@H](CC[C@@]2(C)O)[C@](C)(O)CC1,0
COC(=O)[C@@H]1C[C@H](OC(C)=O)C(=O)[C@H]2[C@@]1(C)CC[C@H]1C(=O)O[C@H]([C@@]3(O)[C@@H](OC)O[C@@H](OC)[C@H]3O)C[C@]21C,0
COc1cc2c(cc1O)CN1CC[C@@]23C=C[C@@H](OC(C)=O)C[C@H]13,0
CN(Cc1ccccc1)Cc1c(O)c(=O)cc(CN2C[C@H]3C[C@@H](C2)c2cccc(=O)n2C3)n1C,0
[O-][S@@H+]1C[C@@H](O)[C@@H](CO)S1,0
O=C(O)[C@@H]1[C@H]2C[C@@H]3[C@@H](OC(=O)[C@@H]31)[C@@H]2Sc1ccccc1,0
O=C1C[C@H](O)[C@@H]2c3c(ccc(O)c31)-c1ccc(O)c3c1[C@]2(O)C=CC3=O,0
CC[C@H]1CN2CC[C@H]1C[C@@H]2CNS(=O)(=O)c1cccs1,0
CCOC(=O)c1ccc(NC(=O)[C@H]2C[C@H](CC(N)=O)N[C@]23C(=O)Nc2ccccc23)cc1,0
COc1cc2c3c(c1O)[C@]1(CC[C@@H](O)CC1)C[C@@H]3NCC2,0
C[C@@]1(O)CC(=O)c2c(Cc3cc(=O)cc(O)o3)cc(O)cc2O1,0
C=C1c2ccoc2C[C@@H]2[C@@H]1[C@H](OC(C)=O)C[C@]1(O)C(C)(C)CC[C@@H](OC(C)=O)[C@@]21C,0
CCCCCCCCCCCCCCCCCC(=O)Nc1c(C)c(CC)nc2ccccc12,0
CC/C=C\C/C=C\C/C=C\C/C=C\C/C=C\CCCCCC(=O)O[C@H](COC(=O)CCCCCCCCC/C=C\C/C=C\CCCCC)COC(=O)CCCCCCCCCCCCC,0
COc1cc(-c2oc3cc(O)cc(O)c3c(=O)c2O[C@@H]2O[C@@H](CO)[C@@H](O)[C@@H]2O)ccc1O,0
C=CC(C)(C)c1c(O)c(CC=C(C)C)c2c(c1O)C(=O)C1=C[C@@]3(OC)C[C@@H]4C(C)(C)O[C@](CC=C(C)C)(C3=O)[C@]14O2,0
CC[C@@H](C)C(=O)OC1=C2C3=COC(C)=CC3=CC(=O)[C@@]2(C)OC1=O,0
NC(=S)NN=Cc1ccccc1O,0
Cc1ccc(C(=O)CSC(N)=Nc2cccc([N+](=O)[O-])c2)cc1,0
N#CC1=C[C@@H](c2ccccc2)C[C@H](N2CCCC2=O)O1,0
C=C1CCC[C@]2(C)C[C@H]3OC(=O)C(CNCCc4c[nH]c5ccccc45)[C@H]3CC12,0
CCC(C)C1=C(O)[N+]2([O-])OC3CCC(C4C(O)C(O)C(C5CCC(O)CC5)C(OC(C)=O)C4OC(C)=O)CC3OC2(C(C)CC)C(=O)N1OC,0
CC=C1CN2C=Cc3c([nH]c4ccccc34)C2CC1C(C(=O)OC)C1NCCc2c1[nH]c1ccccc21,0
Cc1cc(=O)c2c(O)c3c(cc2o1)OC(C)(C)[C@H](OC(=O)[C@]1(CCCO)O[C@@H]1CCc1ccnc(N)c1)C3,0
CCCCCCCCCCCCCCCCC[C@@H](O)C(=O)N[C@@H](CO[C@@H]1O[C@H](CO)[C@@H](O)[C@H](O)[C@H]1O)[C@H](O)[C@H](O)CCCCCCCCCCCC(C)C,0
CC1=CC(CO)C(O)C(C)C(O)C(C)C(O)C(C)C(O)C(C)C=CC=C(CO)C(=O)NC2=CC(=O)c3c(cc(C)c(O)c3C1=O)C2=O,0
COc1ccc2[nH]cc(CCNC(=O)Cc3c(C)c4c(O)cc(O)cc4oc3=O)c2c1,0
CO[C@H]1C[C@H]2C[C@H]([C@]3(C)C[C@@H](C)[C@H](OC(C)=O)[C@]4(COC(C)=O)[C@H]3CC[C@H](OC(C)=O)[C@]43CO3)O[C@H]2O1,0
COc1ccc(Cn2c(O)nc(O)c(C3NCCc4c3[nH]c3ccccc43)c2=O)cc1,0
C1=C\CC[C@@H]2CN3CCCC/C=C\CCCC[C@H]4C[C@H](CN(CCCCCCCC/1)C4)[C@H]2CC3,0
C#C/C=C\C[C@H]1O[C@H](C(CC)OC(C)=O)C[C@@H](O)[C@H](OC(C)=O)C[C@H]1OC(C)=O,0
COC(=O)CCCNC(=O)[C@@H]1[C@@H](NC(=O)Nc2cccc(OC)c2)CCN1C(=O)CSC,0
C=C1C[C@@]23CC(=O)[C@H]4C5(C)CCC[C@]46[C@H]([C@H]2C[C@@H]1C(=O)[C@H]36)N(C)C5,0
Cc1ccc(CC(=O)NCCc2ccc(S(N)(=O)=O)cc2)cc1,0
CC1=CCOc2ccc(cc2)C=CC(=O)OC1,0
COc1cc(CCC(=O)C[C@H](O)CCc2ccc(O)cc2)ccc1O,0
C[C@@H]1O[C@@H](O[C@@H]2[C@@H](O)[C@H](OCCc3ccc(O)c(O)c3)O[C@H](CO)[C@H]2OC(=O)/C=C/c2ccc(O)c(O)c2)[C@H](O)[C@H](O)[C@H]1O,0
CCC(C)CCCCCCCCCCC(=O)OC[C@H](COC(=O)CCCCCCCCCCCCCCCCC(C)C)OC(=O)CCCCCCCCCCCCCCCCCCCCC(C)C,0
CC[C@@H](C)[C@H](Nc1ccc2c(cc1=O)[C@@H](NC(C)=O)CCc1cc(OC)c(OC)c(OC)c1-2)C(=O)Nc1nc[nH]n1,0
CC(=O)[C@](O)(C1=C(O)[C@@H]2C(=O)[C@@H](C)[C@@H](C)O[C@@H]2[C@](CC=C(C)C)(CC(CC=C(C)C)=C(C)C)C1=O)c1ccccc1,0
CCCCCCCCCCC=CC=CCCCC(=O)OCC(O)CO,0
CC[C@]1(C)C[C@]2(CCCN(CC#CCN(C)C)C2)CCO1,0
O=c1c(O[C@@H]2OC(CO)[C@@H](O)C(O)C2O)c(-c2ccc(O)c(O)c2)oc2cc(O[C@@H]3OC(CO)[C@@H](O)[C@H](O)C3O)ccc12,0
COc1cc2c(cc1O)CCN(C[C@H]1C(=O)O[C@@H]3C[C@@]4(C)CCC[C@@]5(CO5)[C@@H]4C[C@@H]31)[C@@H]2C,0
CCOc1ccc(C(=O)Nc2cc3oc4ccccc4c3cc2OC)cc1,0
N[C@H](Cc1ccc(Oc2ccc(O)cc2)c(I)c1)C(=O)O,0
C/[N+]([O-])=N\CO[C@@H]1O[C@H](CO)[C@@H](O[C@@H]2O[C@H](CO)[C@@H](O)[C@H](O)[C@H]2O)[C@H](O)[C@H]1O,0
CC1=CC=CC(C)C(O)CC(O)C(C)C(O)CCC(C)C(O)CC(=O)C(O)C(O)CC(O)CC(OC(=O)CC(=O)O)CC(O)CC(O)CC(O)C(C)=CC=CC(C)C(C(C)CCCC=CCCCNC(=N)N)OC1=O,0
