{
    "roc_auc": [
        0.8913043478260869,
        0.78743961352657,
        0.8405797101449276,
        0.9516908212560385,
        0.8599033816425121
    ],
    "thr": [
        0.7598137059214903,
        0.9088489687292083,
        0.9487691284098471,
        0.7984031936127746,
        0.7504990019960079
    ],
    "y_hat": [
        [
            0.9234863606121091,
            0.9760479041916167,
            0.9660678642714572,
            0.17764471057884232,
            0.8822355289421159,
            0.8968729208250167,
            0.9800399201596807,
            0.48702594810379246,
            1.0,
            0.9693945442448437,
            0.9587491683300066,
            0.9893546240851631,
            0.833666001330672,
            0.8230206254158351,
            0.8203592814371259,
            0.9940119760479043,
            0.8855622089155023,
            0.9707252162341983,
            0.6240851630073188,
            0.7917498336660014,
            0.9574184963406521,
            0.9760479041916167,
            0.9261477045908184,
            0.9574184963406521,
            0.0711909514304724,
            0.9973386560212907,
            0.9973386560212907,
            0.8862275449101796,
            0.5169660678642715,
            0.9634065202927479,
            0.9773785761809713,
            0.9980039920159681,
            0.324018629407851,
            0.940119760479042,
            0.9960079840319361,
            0.9367930805056552,
            0.9720558882235529,
            0.9600798403193612,
            0.8063872255489022,
            0.9447771124417832,
            0.9254823685961412,
            0.9640718562874252,
            0.9720558882235529,
            0.9554224883566201,
            0.9647371922821025,
            0.7059214903526282,
            0.8436460412508318,
            0.7598137059214903,
            0.7644710578842315,
            0.7717897538256819,
            0.9960079840319361,
            0.7717897538256819,
            0.3732534930139721,
            0.9900199600798403,
            0.9866932801064537,
            0.9261477045908184,
            0.8968729208250167,
            0.9228210246174319,
            0.9241516966067863,
            0.9700598802395209,
            0.9421157684630739,
            0.9041916167664671,
            0.9214903526280772,
            0.9707252162341983,
            0.9660678642714572,
            0.9773785761809713,
            0.9135063206919494,
            0.9720558882235529,
            0.9008649367930804,
            0.7771124417831006,
            0.8343313373253493,
            0.9407850964737193,
            0.7358616101131071,
            0.9560878243512975,
            0.9960079840319361
        ],
        [
            0.9241516966067863,
            0.897538256819694,
            0.9401197604790418,
            0.9920159680638722,
            0.9028609447771124,
            0.9660678642714572,
            1.0,
            0.7864271457085829,
            0.9620758483033932,
            0.9088489687292083,
            0.9846972721224218,
            0.8369926813040585,
            0.9088489687292083,
            0.7518296739853626,
            0.93812375249501,
            0.4198270126413839,
            0.9813705921490353,
            0.9434464404524285,
            0.9155023286759812,
            0.9394544244843646,
            0.9447771124417832,
            0.9587491683300068,
            0.874251497005988,
            0.9574184963406519,
            0.9567531603459747,
            0.9920159680638722,
            0.9740518962075848,
            0.46307385229540915,
            0.9866932801064537,
            0.978709248170326,
            0.22954091816367264,
            0.9328010645375914,
            0.9707252162341983,
            0.8236859614105123,
            0.9873586161011311,
            0.2228875582168995,
            0.9660678642714572,
            0.9780439121756487,
            0.9673985362608116,
            0.9833666001330671,
            0.7391882900864938,
            0.9660678642714572,
            0.9860279441117764,
            0.9174983366600133,
            0.49367930805056554,
            0.9527611443779108,
            0.9121756487025948,
            0.9767132401862941,
            0.9155023286759812,
            0.8835662009314703,
            0.9893546240851631,
            0.9733865602129074,
            0.870259481037924,
            0.9920159680638722,
            0.9986693280106453,
            0.9866932801064537,
            0.9414504324683964,
            0.9600798403193614,
            0.9407850964737192,
            0.9986693280106453,
            0.9434464404524284,
            0.8809048569527612,
            0.9580838323353293,
            0.9926813040585495,
            1.0,
            0.9554224883566201,
            0.9248170326014638,
            0.7731204258150366,
            0.9880239520958084,
            0.9447771124417832,
            0.9095143047238855,
            0.673985362608117,
            0.12441783100465735,
            0.9268130405854956,
            0.874251497005988
        ],
        [
            0.9960079840319361,
            0.978709248170326,
            0.9886892880904856,
            0.9487691284098471,
            0.9833666001330673,
            0.9693945442448437,
            0.9707252162341983,
            0.996007984031936,
            0.9860279441117763,
            0.9993346640053226,
            0.1603459747172322,
            0.9687292082501663,
            0.906187624750499,
            0.7651363938789087,
            0.9567531603459747,
            0.9773785761809713,
            0.9347970725216235,
            0.8496340652029275,
            0.8463073852295407,
            0.780439121756487,
            0.9614105123087159,
            0.9241516966067863,
            0.9540918163672654,
            0.09913506320691949,
            0.914836992681304,
            0.9500998003992015,
            0.9241516966067863,
            0.9840319361277444,
            0.914836992681304,
            0.9101796407185629,
            0.8536260811709914,
            0.9540918163672655,
            0.9820359281437127,
            0.9720558882235529,
            0.9554224883566201,
            0.8290086493679308,
            0.9021956087824351,
            0.9700598802395209,
            0.9980039920159681,
            0.9747172322022623,
            0.9527611443779108,
            0.8988689288090486,
            0.9800399201596806,
            0.7345309381237525,
            0.9281437125748502,
            0.5854956753160346,
            0.9913506320691949,
            0.9308050565535595,
            0.865602129075183,
            0.594810379241517,
            0.9886892880904856,
            0.9953426480372588,
            0.9953426480372588,
            0.9986693280106453,
            0.9827012641383899,
            0.980705256154358,
            0.9574184963406521,
            0.9913506320691949,
            0.9820359281437124,
            0.9407850964737192,
            0.8795741849634066,
            0.980705256154358,
            0.9860279441117764,
            0.9354624085163007,
            0.9753825681969395,
            0.8902195608782435,
            0.8596141051230871,
            0.9780439121756487,
            0.9640718562874252,
            0.9966733200266132,
            0.9567531603459747,
            0.9108449767132402,
            0.9900199600798403,
            1.0,
            0.9720558882235529
        ],
        [
            0.1284098469727212,
            0.9660678642714572,
            0.217564870259481,
            0.9347970725216235,
            0.5449101796407185,
            0.9993346640053226,
            0.9028609447771125,
            0.9334664005322688,
            0.9614105123087159,
            1.0,
            0.9654025282767797,
            0.8795741849634066,
            0.9793745841650033,
            0.9580838323353293,
            0.936127744510978,
