{
    "roc_auc": [
        0.6992753623188406,
        0.9903381642512078,
        0.9033816425120773,
        0.7789855072463768,
        0.9855072463768116
    ],
    "thr": [
        0.8270126413838988,
        0.7518296739853626,
        0.8043912175648703,
        0.8822355289421159,
        0.7365269461077845
    ],
    "y_hat": [
        [
            0.9813705921490352,
            0.9507651363938789,
            0.9880239520958084,
            0.7624750499001997,
            0.9461077844311377,
            0.9906852960745175,
            0.899534264803726,
            0.9733865602129076,
            0.842315369261477,
            0.9727212242182302,
            0.35595475715236197,
            0.9494344644045243,
            0.8516300731869594,
            0.9920159680638724,
            0.9587491683300066,
            1.0,
            0.8682634730538922,
            0.9920159680638724,
            0.9487691284098471,
            0.9108449767132402,
            0.6214238190286094,
            0.9780439121756487,
            0.886892880904857,
            0.9926813040585496,
            0.9447771124417832,
            0.8948769128409847,
            0.9427811044577513,
            0.9720558882235529,
            0.9214903526280772,
            0.9580838323353293,
            0.7378576180971391,
            0.9387890884896873,
            0.6453759148369927,
            0.8675981370592148,
            0.9880239520958084,
            0.9241516966067865,
            0.9554224883566201,
            0.9753825681969395,
            0.9481037924151696,
            1.0,
            0.6586826347305389,
            0.9454424484364603,
            0.9627411842980705,
            0.9461077844311377,
            0.9547571523619428,
            0.9673985362608116,
            0.906187624750499,
            0.959414504324684,
            0.9540918163672655,
            0.7797737857618098,
            0.976713240186294,
            0.8875582168995343,
            0.9740518962075848,
            0.5123087159015304,
            0.9567531603459747,
            0.9767132401862941,
            0.9680638722554891,
            0.9088489687292083,
            0.978709248170326,
            0.9141716566866268,
            0.9075182967398536,
            0.9873586161011311,
            0.9680638722554891,
            0.8270126413838988,
            0.9228210246174319,
            0.9301397205588823,
            0.9860279441117763,
            0.9554224883566201,
            0.974717232202262,
            0.9853626081170992,
            0.9660678642714572,
            0.9707252162341984,
            0.9780439121756487,
            0.7904191616766467,
            0.7265469061876247
        ],
        [
            0.780439121756487,
            0.8928809048569528,
            0.9560878243512972,
            0.9461077844311377,
            0.9627411842980705,
            0.9141716566866268,
            0.9135063206919494,
            0.8942115768463074,
            0.925482368596141,
            0.9507651363938789,
            0.9693945442448436,
            0.9427811044577511,
            0.9587491683300066,
            0.8809048569527612,
            0.850964737192282,
            0.9234863606121091,
            0.8349966733200266,
            0.7944111776447106,
            0.7531603459747173,
            0.9394544244843646,
            0.9048569527611443,
            0.9946773120425815,
            0.8216899534264804,
            0.9920159680638724,
            0.7165668662674651,
            0.6473719228210246,
            0.8895542248835663,
            0.9547571523619428,
            0.9121756487025948,
            0.9673985362608116,
            0.9374584165003327,
            0.7924151696606786,
            0.895542248835662,
            0.8622754491017964,
            0.9374584165003327,
            0.5462408516300732,
            0.934131736526946,
            0.8556220891550234,
            0.8868928809048571,
            0.9580838323353293,
            0.9773785761809713,
            0.8822355289421159,
            0.7944111776447106,
            0.7837658017298735,
            0.9507651363938789,
            0.9693945442448436,
            0.39121756487025944,
            0.9580838323353295,
            0.9081836327345308,
            0.8988689288090486,
            0.9028609447771124,
            0.9813705921490352,
            0.8642714570858283,
            0.929474384564205,
            0.8130405854956754,
            0.8196939454424484,
            0.9827012641383899,
            0.9713905522288755,
            0.8629407850964738,
            0.7504990019960079,
            0.18895542248835662,
            0.8882235528942116,
            0.9015302727877579,
            0.9407850964737192,
            0.7092481703260146,
            0.929474384564205,
            0.9494344644045243,
            0.8962075848303392,
            0.37258815701929476,
            0.8649367930805055,
            0.925482368596141,
            0.914836992681304,
            0.9434464404524284,
            0.7518296739853626,
            0.8083832335329341
        ],
        [
            0.9634065202927479,
            0.8263473053892215,
            0.8795741849634066,
            0.9780439121756487,
            0.9853626081170991,
            0.6560212907518296,
            0.8043912175648703,
            0.8862275449101795,
            0.8715901530272788,
            0.9514304723885562,
            0.7312042581503659,
            0.6859614105123087,
            0.9920159680638722,
            0.9780439121756487,
            0.7298735861610113,
            0.8988689288090486,
            0.8436460412508318,
            0.936127744510978,
            0.9361277445109781,
            0.3905522288755822,
            0.9321357285429142,
            0.5695276114437791,
            0.8290086493679308,
            0.3439787092481703,
            0.9880239520958084,
            0.9075182967398536,
            0.761144377910845,
            0.9713905522288756,
            0.8855622089155023,
            0.8649367930805058,
            0.7445109780439122,
            0.8609447771124418,
            0.9121756487025948,
            0.8569527611443779,
            0.9201596806387226,
            0.9747172322022623,
            0.9414504324683964,
            0.8762475049900199,
            0.9241516966067863,
            0.9141716566866266,
            0.9700598802395209,
            0.9727212242182303,
            0.9560878243512975,
            0.9753825681969395,
            0.9687292082501665,
            0.8117099135063207,
            0.8602794411177644,
            0.8842315369261478,
            0.3339986693280106,
            0.7910844976713239,
            0.9075182967398536,
            0.7910844976713239,
            0.89354624085163,
            0.9481037924151696,
            0.959414504324684,
            0.8196939454424483,
            0.8715901530272787,
            0.9713905522288756,
            0.9713905522288756,
            0.8855622089155023,
            0.9760479041916167,
            0.8556220891550232,
            0.799733865602129,
            0.9840319361277445,
            0.8303393213572855,
            0.9866932801064537,
            0.6640053226879573,
            0.17032601463739186,
            0.9088489687292082,
            0.9361277445109781,
            0.9414504324683964,
            0.9720558882235529,
            0.9494344644045243,
            0.9926813040585496,
            0.9174983366600132
        ],
        [
            0.33932135728542917,
            0.9727212242182302,
            0.946773120425815,
            0.9966733200266135,
            0.8522954091816368,
            0.9367930805056552,
            0.6473719228210246,
            0.9268130405854956,
            0.9640718562874252,
            0.9860279441117764,
            0.1497005988023952,
            0.9494344644045243,
            0.7358616101131071,
